gene,mean_effect,median_effect,n_samples_positive,n_samples_negative
STAB1,2.7146928,2.7079163,6,0
C1QA,0.8467968,1.0185187,6,0
DAB2,0.7504056,0.8072453,6,0
MSR1,0.70253277,0.6675581,6,0
TYMP,0.5557253,0.65806144,6,0
AP1B1,0.6629613,0.64712083,6,0
PLTP,0.5989334,0.63054484,6,0
RNF213,0.5947709,0.6192485,6,0
SLCO2B1,0.5946449,0.60348356,6,0
LRP1,0.76098347,0.5464846,6,0
ANKH,0.58560973,0.5321921,6,0
CAPZB,0.5665311,0.53185964,6,0
VSIG4,0.59505945,0.5262003,6,0
CTNNA1,0.5358487,0.52228403,6,0
ARHGAP4,0.72662807,0.51248723,6,0
ASPH,0.4138645,0.4888953,6,0
RHOB,0.43050328,0.4872469,6,0
GIT2,0.418398,0.47851136,6,0
MSN,0.4400243,0.47572318,6,0
KCTD12,0.6698856,0.4551641,6,0
LGALS9,0.45403185,0.4503227,6,0
DAPK1,0.48156783,0.43401247,6,0
ARHGAP21,0.5458991,0.41981286,6,0
LPAR6,0.4580442,0.41890705,6,0
TTYH3,0.45020732,0.4014793,6,0
ANXA5,0.5230164,0.39784276,6,0
ACTR2,0.5324643,0.39705995,6,0
RB1,0.4888935,0.39090058,6,0
EEF2,0.44552794,0.38104886,6,0
ARHGAP18,0.4038997,0.37599653,6,0
DNM1L,0.27906656,0.37523466,6,0
CLTC,0.38211074,0.37495142,6,0
HSP90B1,0.3430035,0.37333596,6,0
PLXND1,0.339821,0.36835054,6,0
STAT2,0.3979005,0.36650103,6,0
DDX17,0.369639,0.36481437,6,0
FRMD4A,0.37191132,0.36301026,6,0
SIPA1,0.38922143,0.3623492,6,0
F13A1,0.35274136,0.36171567,6,0
CLSTN1,0.33050504,0.36065808,6,0
CAPZA2,0.35025406,0.35726857,6,0
PPP1CB,0.28790265,0.3467056,6,0
MS4A6A,0.4861137,0.34580058,6,0
WDR91,0.3183113,0.34537673,6,0
ETS2,0.43084383,0.34500784,6,0
CD53,0.43311235,0.34433767,6,0
DST,0.3779463,0.34181225,6,0
CTSZ,0.33338585,0.33852953,6,0
NCKAP1L,0.380347,0.33467114,6,0
CTSB,0.5426947,0.33382106,6,0
GNAI2,0.5985257,0.33261162,6,0
CAB39,0.30414173,0.33211768,6,0
FMNL2,0.36849436,0.32421792,6,0
PDGFB,0.28226537,0.3194309,6,0
TMC8,0.3697232,0.3190745,6,0
SFPQ,0.38126302,0.3171417,6,0
FPR3,0.3364408,0.3162743,6,0
GYPC,0.5172827,0.31389248,6,0
DNM2,0.26949218,0.3120447,6,0
USP53,0.33472714,0.3111195,6,0
CCND1,0.32412437,0.30884546,6,0
PER1,0.3575151,0.30793774,6,0
RRBP1,0.29132318,0.3037849,6,0
KLC1,0.3728136,0.3015573,6,0
OGT,0.26904342,0.30046993,6,0
NR4A1,0.26103696,0.29907787,6,0
TPCN1,0.44417492,0.29811582,6,0
KANSL1,0.36303404,0.2959733,6,0
ARF6,0.34662667,0.29208678,6,0
TLE5,0.2827237,0.29089874,6,0
RPL27A,0.35448304,0.29078853,6,0
ARHGAP22,0.33860865,0.29061466,6,0
SCO2,0.33693984,0.28378484,6,0
AP2A2,0.35694006,0.28296226,6,0
PPP1R18,0.37530056,0.2814173,6,0
SRRM2,0.36271167,0.2810046,6,0
DYNLRB1,0.35171446,0.2797439,6,0
CD164,0.3386999,0.27906352,6,0
EIF2AK2,0.26769036,0.27271312,6,0
SPRED1,0.3037345,0.27070668,6,0
CARD11,0.299616,0.26993823,6,0
GAS6,0.29394937,0.26694256,6,0
TCEAL4,0.25823784,0.26536024,6,0
HSP90AA1,0.4695474,0.262147,6,0
COLGALT1,0.32964873,0.26172015,6,0
ATP6V1B2,0.28836408,0.26082903,6,0
GNB1,0.32879043,0.2598931,6,0
SAT1,0.3396032,0.25926077,6,0
PLEKHO2,0.32076773,0.2578739,6,0
MAP3K2,0.2283544,0.25773722,6,0
PRRC2B,0.33584574,0.25666887,6,0
C6orf62,0.40569004,0.25411087,6,0
MTA1,0.23203075,0.25408268,6,0
PCBP2,0.3051552,0.25239092,6,0
IFI44,0.39536417,0.2496657,6,0
FOXN3,0.31770298,0.24657711,6,0
BAZ1B,0.23261254,0.24482381,6,0
RMDN1,0.2479635,0.24437891,6,0
TUBA1B,0.5222721,0.24232495,6,0
TMC6,0.2580475,0.24155703,6,0
CSF3R,0.24716134,0.23841481,6,0
SLC40A1,0.2920092,0.2367848,6,0
PTPRJ,0.27094546,0.23076098,6,0
PTMS,0.46211505,0.22989053,6,0
DHX30,0.31210303,0.2298821,6,0
APOL6,0.3005292,0.22903262,6,0
DUSP6,0.26738778,0.22743063,6,0
GATM,0.28155887,0.22672053,6,0
LDLRAD4,0.17160706,0.2244918,6,0
RXRA,0.18710522,0.22098574,6,0
ETV5,0.37452984,0.21943083,6,0
SASH1,0.232652,0.21339998,6,0
FSCN1,0.29779834,0.21276504,6,0
LHFPL2,0.28329977,0.21168679,6,0
EGR1,0.22685969,0.21151851,6,0
SMARCC2,0.36077663,0.2105517,6,0
CD276,0.29028854,0.210275,6,0
APP,0.277608,0.20879176,6,0
ZRANB2,0.25149313,0.20838994,6,0
YTHDC2,0.321003,0.20818757,6,0
TNS3,0.360028,0.20717227,6,0
PTGS1,0.20757984,0.20675744,6,0
CHFR,0.19814366,0.20625946,6,0
ARHGAP12,0.1777627,0.20076475,6,0
MAF,0.30270955,0.19879068,6,0
ENSA,0.25047284,0.19742788,6,0
KMT2C,0.22505766,0.19712232,6,0
AMPD3,0.23766725,0.19690646,6,0
SREK1,0.17881943,0.19545092,6,0
TRPV2,0.2119658,0.19413684,6,0
ATF7IP,0.23538537,0.18913615,6,0
GAPVD1,0.27967146,0.18908852,6,0
NCK2,0.18159227,0.18833706,6,0
PARP9,0.23159169,0.18624339,6,0
PHKA2,0.21208268,0.18197162,6,0
RNF166,0.22648107,0.18175253,6,0
TMF1,0.20121829,0.18092631,6,0
EIF4G2,0.23549128,0.18011355,6,0
CDCP1,0.22308822,0.17758094,6,0
NEMF,0.20273185,0.17637041,6,0
LYSMD3,0.17699535,0.17610528,6,0
TBC1D14,0.17292047,0.17552511,6,0
RGL1,0.1939758,0.17199928,6,0
DDX60,0.17246868,0.17074215,6,0
MERTK,0.25285703,0.16999267,6,0
UBALD2,0.21019728,0.16996367,6,0
FMNL3,0.36641875,0.16849498,6,0
DNMT1,0.29316,0.1672761,6,0
FHOD1,0.22281961,0.16722202,6,0
PRKDC,0.20374012,0.16633463,6,0
XPO1,0.26093623,0.16593885,6,0
SLC25A24,0.2383718,0.16569206,6,0
HNRNPU,0.2192867,0.1652664,6,0
ABR,0.20917045,0.16515596,6,0
ACTN4,0.2200337,0.1648514,6,0
LMO2,0.15087159,0.16187145,6,0
ADPGK,0.2880194,0.16180444,6,0
MFN2,0.253206,0.15989874,6,0
APPL2,0.28500146,0.15855935,6,0
EFTUD2,0.17154713,0.15760152,6,0
PLAU,0.16394998,0.15710463,6,0
PPP6R2,0.24521084,0.15696001,6,0
USP32,0.2171771,0.15597083,6,0
ARAP1,0.17902768,0.15468736,6,0
FYTTD1,0.12826587,0.15298897,6,0
HK3,0.19777675,0.15292282,6,0
CEP290,0.15845612,0.14941588,6,0
UBL5,0.28052,0.14830714,6,0
CHST15,0.14783402,0.14741457,6,0
EFR3A,0.19302352,0.1458107,6,0
KIAA1109,0.20568316,0.14533749,6,0
GAS7,0.22173835,0.14473526,6,0
LGALS8,0.14927077,0.14371198,6,0
YEATS2,0.28314802,0.14363866,6,0
SMARCE1,0.1500717,0.14289027,6,0
EIF3J,0.16225144,0.14245534,6,0
ITGB5,0.2082543,0.14050496,6,0
CDK19,0.20210223,0.140475,6,0
UBA7,0.19523053,0.13864174,6,0
MPHOSPH9,0.1318145,0.1385257,6,0
RALGDS,0.26763973,0.13644998,6,0
TBXAS1,0.21397567,0.13640264,6,0
GNB2,0.22932322,0.1356027,6,0
GDE1,0.18177164,0.13487902,6,0
STK24,0.1848392,0.13461593,6,0
MBD1,0.13987008,0.13411224,6,0
SEL1L,0.14272748,0.13184036,6,0
ABHD18,0.15486957,0.13059136,6,0
SIRPA,0.2848718,0.13047111,6,0
ZNF106,0.20616639,0.13045129,6,0
RIN2,0.22567028,0.1300477,6,0
NLN,0.22344382,0.1294778,6,0
RBMS1,0.13799815,0.1290534,6,0
GANAB,0.14506987,0.12752776,6,0
UGGT1,0.19217336,0.12721749,6,0
SRSF10,0.1714483,0.1270159,6,0
AKT1,0.13936718,0.1267167,6,0
IRGQ,0.1288745,0.12664054,6,0
MYO1C,0.2675542,0.12594587,6,0
MBD4,0.17111032,0.12484437,6,0
CNST,0.1319377,0.12425259,6,0
HEBP2,0.098423205,0.124155164,6,0
XRN2,0.15289395,0.12271643,6,0
METAP2,0.18742867,0.12170534,6,0
HP1BP3,0.2146262,0.12144999,6,0
TCF4,0.17150134,0.12073964,6,0
TRA2B,0.23024714,0.12036288,6,0
CCDC88A,0.15936638,0.11918315,6,0
NRAS,0.2751234,0.11732182,6,0
PARVG,0.18077652,0.116448745,6,0
BEX3,0.1783294,0.11519873,6,0
MOB1A,0.29584756,0.11400668,6,0
MTDH,0.15076578,0.11359924,6,0
PITRM1,0.11488853,0.112476,6,0
KCNQ3,0.16523719,0.11200203,6,0
SH3GL1,0.21112883,0.11162291,6,0
MRFAP1,0.18778062,0.11079036,6,0
C1orf54,0.11916783,0.108520225,6,0
WDR13,0.1184513,0.106626876,6,0
PTBP1,0.15013157,0.106381126,6,0
NHLRC3,0.14683922,0.10462457,6,0
GOLIM4,0.08629134,0.10385565,6,0
CDK9,0.17374438,0.10138267,6,0
IER3,0.24315189,0.09948957,6,0
AP2A1,0.12715235,0.0980191,6,0
COA8,0.17767441,0.095548056,6,0
VEGFB,0.184056,0.095544845,6,0
SPTAN1,0.19985227,0.094774574,6,0
MED16,0.16114108,0.09282456,6,0
ACIN1,0.18807836,0.09188214,6,0
NRBP2,0.116983145,0.09121444,6,0
SLC25A46,0.087434225,0.09007721,6,0
TBC1D10B,0.11294061,0.08935676,6,0
UBA6,0.18429916,0.08866085,6,0
SDCCAG8,0.15955941,0.08498298,6,0
CERS6,0.0960863,0.08494596,6,0
ISG20L2,0.17944235,0.08437702,6,0
ERLEC1,0.1756882,0.084146604,6,0
KAT6A,0.14175963,0.08352125,6,0
VEZF1,0.07503364,0.08135481,6,0
NDUFB7,0.20299868,0.0801442,6,0
KDM2B,0.119030505,0.07993344,6,0
PARP4,0.15462226,0.07888069,6,0
PLA2G4C,0.11897227,0.077990994,6,0
RBM10,0.117991805,0.075332046,6,0
RERE,0.18391544,0.07386959,6,0
YIF1B,0.12591593,0.07298446,6,0
BHLHE40,0.08974624,0.0713519,6,0
NOP9,0.11707287,0.0711125,6,0
GIGYF2,0.15723221,0.070997216,6,0
UEVLD,0.10333234,0.066614114,6,0
PLEKHA2,0.09685311,0.0641757,6,0
MON2,0.20944573,0.06358096,6,0
CLCN7,0.17669894,0.05990409,6,0
TAOK1,0.27466455,0.04857567,6,0
IKBKG,0.10938687,0.047013015,6,0
XPO7,0.07681867,0.043230075,6,0
RNASE1,0.9352096,0.84323174,5,1
CD14,0.6740845,0.7111558,5,1
TGFBI,0.46660948,0.7073436,5,1
RPL18A,0.16246732,0.65847343,5,1
FCGR2A,0.6859266,0.6540086,5,1
SELENOP,0.4916394,0.62857926,5,1
AIF1,0.4025011,0.62421346,5,1
CD93,0.44392738,0.62255317,5,1
RPS18,0.32370907,0.60198665,5,1
TMSB4X,0.62458277,0.5991454,5,1
C1QB,0.5060479,0.5892615,5,1
SAMHD1,0.5557692,0.5673416,5,1
MFSD1,0.5363262,0.5671291,5,1
MT-ATP6,0.4151106,0.55081904,5,1
MT-ND4,0.35547242,0.5459236,5,1
CYBB,0.5659072,0.52686626,5,1
CD84,0.55408376,0.52541906,5,1
YWHAH,0.6382586,0.52292347,5,1
HTRA1,0.49941778,0.50968623,5,1
S100A4,0.30212227,0.5087785,5,1
FCGBP,0.65166026,0.50427586,5,1
MT-ND2,0.40734848,0.5025393,5,1
RPL38,0.42906272,0.49826735,5,1
PLD3,0.5207676,0.49185517,5,1
FCER1G,0.3084552,0.4884507,5,1
FCGRT,0.61631465,0.48510262,5,1
ADAP2,0.41126403,0.4850194,5,1
CD163,0.5119804,0.4799822,5,1
MT-ATP8,0.29620627,0.46125734,5,1
NRP1,0.45265087,0.45887813,5,1
RPS27,0.57729596,0.44534004,5,1
NEAT1,0.37096786,0.44474638,5,1
RPL32,0.25990254,0.43885744,5,1
RPSA,0.3842938,0.43759707,5,1
ARHGDIB,0.4012041,0.43241692,5,1
MARCKS,0.5091407,0.43138474,5,1
C3,0.47821102,0.4289413,5,1
GSN,0.41924968,0.42102104,5,1
CD81,0.49805626,0.41212523,5,1
ACTB,0.2131701,0.40777004,5,1
STAT1,0.49618998,0.40655792,5,1
APLP2,0.44408154,0.40032113,5,1
RAB10,0.3504537,0.38296852,5,1
PLXNB2,0.37332296,0.37856653,5,1
ITGAM,0.44304833,0.37675273,5,1
CD4,0.4438721,0.37440214,5,1
TPM3,0.41429326,0.36939257,5,1
SIGLEC1,0.58187574,0.36909658,5,1
IL17RA,0.42350182,0.3688363,5,1
LAPTM5,0.34422407,0.36861897,5,1
RPS6,0.24298768,0.36657465,5,1
LGALS1,0.3912808,0.3663267,5,1
PARP14,0.44810173,0.36344177,5,1
MEF2C,0.27058002,0.36229795,5,1
CYTH4,0.34540978,0.35978544,5,1
TLN1,0.2961754,0.355464,5,1
GIMAP5,0.2891135,0.34974343,5,1
CALR,0.3720646,0.34448007,5,1
HSPA5,0.37233624,0.3432306,5,1
EMB,0.3231512,0.3403917,5,0
MYH9,0.29971805,0.338543,5,1
RPS17,0.23559617,0.33816427,5,1
ANXA2,0.44623002,0.3370093,5,1
RAP2B,0.4101754,0.33435392,5,1
RBM39,0.41877553,0.33341393,5,1
EPB41L2,0.2731545,0.33101964,5,1
CTSC,0.52504385,0.32724822,5,1
CFL1,0.17889267,0.32209456,5,1
RHBDF2,0.30076328,0.32080263,5,1
RPL23A,0.33885613,0.31968677,5,1
CCL3L1,0.23530465,0.31849435,5,1
RPL37A,0.17029238,0.31444037,5,1
XAF1,0.44394913,0.31367487,5,1
INPPL1,0.32637194,0.31336534,5,0
BIN1,0.3198993,0.3132363,5,1
SEPTIN2,0.33585477,0.3128639,5,1
IRAK1,0.29113814,0.31152612,5,1
LGALS3BP,0.33415148,0.3089506,5,1
TCIRG1,0.50013524,0.307828,5,1
GIMAP4,0.35606936,0.30747986,5,1
A2M,0.44407114,0.30477977,5,1
MT-ND4L,0.34818316,0.30423737,5,1
CSF1R,0.33714476,0.3034778,5,1
SCAF11,0.4391322,0.30238283,5,1
MTSS1,0.46611866,0.29930735,5,1
ATRX,0.10736662,0.29900247,5,1
RPS16,0.27556098,0.29807615,5,1
ARL6IP4,0.1282826,0.29750606,5,1
NR4A2,0.3060822,0.29719377,5,1
NDUFS6,0.29170385,0.29615578,5,1
CAPNS1,0.31010386,0.2915464,5,1
LAIR1,0.41670313,0.29082286,5,1
TBC1D1,0.28570828,0.29042506,5,1
MOV10,0.27023593,0.2875338,5,1
EHBP1L1,0.29959965,0.28725693,5,1
SPPL2A,0.34516478,0.28346476,5,1
RPL37,0.19001241,0.28216243,5,1
RPLP2,0.10341668,0.2815063,5,1
SNX6,0.32410085,0.279703,5,1
BMP2K,0.40592495,0.27948016,5,1
PLXDC2,0.32441506,0.27946007,5,1
ATP5F1E,0.11202502,0.27769566,5,1
IFNGR2,0.15659644,0.27727687,5,1
MPP1,0.27849078,0.27706435,5,1
DOCK4,0.21077608,0.2769502,5,1
ZFP36L1,0.35265127,0.27675247,5,1
VAMP8,0.32219443,0.27627498,5,1
PFN1,0.22326119,0.27497256,5,1
MEF2A,0.33165598,0.27467948,5,1
GBA,0.26193568,0.27420142,5,1
RABGAP1L,0.29390588,0.2741202,5,1
TUBA1C,0.34580684,0.27326024,5,1
UQCRB,0.2814096,0.2729928,5,1
SDC3,0.4795835,0.2705542,5,1
BPTF,0.1731873,0.2697886,5,1
ITGB2,0.34123006,0.2674464,5,1
COLEC12,0.24313803,0.26641995,5,0
TBRG1,0.25404504,0.26529816,5,1
CIRBP,0.33608016,0.2641699,5,1
CSRP1,0.2962887,0.26184535,5,1
IGFBP4,0.24366146,0.26066297,5,1
SELPLG,0.27480662,0.2605028,5,1
WSB1,0.43055955,0.25909126,5,1
IWS1,0.22671843,0.25821155,5,1
SLC16A3,0.23311694,0.25810602,5,1
ISG15,0.3075223,0.25638786,5,1
RPLP1,0.08914582,0.2556163,5,1
EFHD2,0.22518738,0.2540495,5,1
COTL1,0.121269286,0.2531299,5,1
ENG,0.2691547,0.25262612,5,1
P4HB,0.24819513,0.25128037,5,1
PPIA,0.31169328,0.25028813,5,1
RGS10,0.1693191,0.25015956,5,1
SYNE1,0.32710302,0.24977154,5,1
PDIA4,0.18031664,0.2491341,5,1
CAP1,0.31594416,0.24897182,5,1
ST14,0.15440774,0.24893463,5,1
FAM49B,0.18882711,0.24740773,5,1
VPS37B,0.218612,0.24529079,5,1
FOSB,0.24325012,0.24324408,5,1
ARF1,0.39342967,0.24296781,5,1
TXNRD2,0.239464,0.24179584,5,0
IL1RAP,0.2480982,0.23787099,5,1
GNA15,0.28704777,0.23580182,5,1
JUND,0.24081652,0.23522782,5,1
SAMD9L,0.31315848,0.23444717,5,1
TMED5,0.228845,0.23434752,5,1
ZFP36,0.40719175,0.23227417,5,1
ARHGAP30,0.21824457,0.22915365,5,1
XIST,0.11830881,0.2287921,5,1
CCL4L2,0.39463583,0.22828127,5,1
RPS12,0.058102548,0.22795689,5,1
TIMM8B,0.18490921,0.22757894,5,1
SPP1,0.47621453,0.22571492,5,1
CHD4,0.23164745,0.22469391,5,1
TRPM2,0.17688127,0.22412056,5,1
NARS,0.18015854,0.222153,5,1
TLR2,0.25006893,0.22174445,5,1
PIK3AP1,0.29294756,0.2207281,5,1
SURF6,0.2607455,0.2203632,5,1
RNF145,0.25061324,0.21920286,5,1
CLASRP,0.22710116,0.2181029,5,1
SLC25A37,0.23589925,0.21600176,5,1
HK1,0.13181232,0.21343422,5,1
AAK1,0.27685994,0.21317632,5,1
TMX3,0.17427218,0.21254164,5,1
CMKLR1,0.250575,0.21230304,5,1
CTNND1,0.3497971,0.21206117,5,1
C6orf89,0.2238317,0.21134883,5,1
GAL3ST4,0.22076799,0.21074378,5,1
LAT2,0.15036659,0.21058413,5,1
SORBS3,0.17790954,0.20981412,5,1
MGAT4A,0.2425691,0.2093513,5,1
HADHB,0.28893337,0.20909029,5,1
HNRNPM,0.21295185,0.20861636,5,1
RGS2,0.19449992,0.20853028,5,1
PRPF40A,0.30765906,0.20833437,5,1
ATP8B4,0.19969623,0.20802045,5,1
TPT1,0.34746566,0.20754087,5,1
INPP5D,0.2794838,0.20685627,5,1
HNRNPA2B1,0.28390804,0.20633286,5,1
MACF1,0.3158113,0.20537809,5,1
XRCC6,0.24820185,0.20532666,5,1
B3GNT2,0.28903744,0.2045601,5,1
DNAJC10,0.281923,0.20358866,5,1
IFI44L,0.38386822,0.20336077,5,0
APPL1,0.26568896,0.2033508,5,1
JTB,0.2875437,0.20210165,5,1
TPGS1,0.15243824,0.20184146,5,1
DDX58,0.18430698,0.20142221,5,1
TOR1AIP1,0.24258332,0.2003638,5,1
FAM120A,0.17384489,0.20034268,5,1
SPI1,0.27228197,0.20012802,5,1
IDH1,0.34899533,0.19977164,5,1
RBM17,0.18182059,0.19898105,5,1
PRKCD,0.20007412,0.19854681,5,1
EMILIN2,0.1892228,0.19792643,5,1
SLC4A7,0.19043428,0.1979082,5,1
CDC27,0.25678527,0.19726609,5,1
FTX,0.30651525,0.19693793,5,1
ZEB2,0.23425758,0.19637954,5,1
GAA,0.24670933,0.19602406,5,1
IK,0.17405422,0.19600995,5,1
AC004687.1,0.15705022,0.19585025,5,1
SMG1,0.3080062,0.19575167,5,1
ZNF428,0.21282476,0.19518486,5,1
FOXJ3,0.18371989,0.19513923,5,1
YY1,0.21220444,0.19509934,5,1
PHKB,0.2549686,0.19463244,5,0
MPV17,0.1418807,0.19460233,5,1
METRNL,0.25153187,0.19445726,5,1
GPRIN3,0.22301966,0.19417384,5,1
GAB3,0.14235596,0.19407272,5,1
SH3BGRL3,0.24244471,0.1936003,5,1
NUP62,0.3949809,0.19349313,5,1
G3BP1,0.30461377,0.19328088,5,1
RAB3GAP2,0.2172777,0.19226208,5,0
GNPDA1,0.18837798,0.19173187,5,1
EPS15,0.1808656,0.1905824,5,1
ELOB,0.031047583,0.19044602,5,1
MVP,0.16159616,0.18962282,5,1
SUMO3,0.16983284,0.18960786,5,1
ZYX,0.29510215,0.18958357,5,1
CANX,0.22817941,0.18861344,5,1
RSAD2,0.28551266,0.18790603,5,1
PPP1R9B,0.090843566,0.18748622,5,1
MRPL17,0.13426504,0.18633288,5,1
SEC16A,0.24299718,0.18615595,5,0
HUWE1,0.20092122,0.18537253,5,1
WDR26,0.19387388,0.18521881,5,1
SRSF7,0.17127715,0.1850524,5,1
ARHGAP9,0.21048772,0.18475193,5,1
PLCB2,0.15974903,0.18450555,5,1
MILR1,0.2568035,0.1842356,5,1
LRRC58,0.21421544,0.18361345,5,0
SDCBP,0.15112469,0.18273532,5,1
MARCH1,0.21086003,0.18088152,5,1
BCL6,0.14105867,0.18080637,5,1
HSBP1,0.33495322,0.18055874,5,1
RESF1,0.18149622,0.18017286,5,1
PTCD1,0.16754979,0.18012875,5,1
PHF11,0.22895138,0.17957962,5,1
POLR2A,0.20160322,0.17952286,5,1
PIKFYVE,0.1877806,0.1778088,5,1
SUPT6H,0.14110781,0.17761989,5,1
FMNL1,0.15269352,0.17662889,5,1
CEP170,0.14227164,0.17660128,5,1
TSPAN15,0.19088902,0.1762742,5,1
CD151,0.23586123,0.17580052,5,1
FRMD4B,0.19103266,0.17564851,5,1
MDM4,0.20085299,0.17562047,5,1
MYO1F,0.13885444,0.17530082,5,1
ST6GAL1,0.1707796,0.17434892,5,1
IFI27,0.4047513,0.17420435,5,1
USP9X,0.21325977,0.17318505,5,1
SLAMF8,0.23229091,0.17311776,5,1
GPR34,0.16327114,0.17258936,5,1
ZNF451,0.18159318,0.17216669,5,1
PIN1,0.22704504,0.17197837,5,1
EXOSC10,0.20956302,0.17194274,5,1
IER2,0.2200532,0.1708371,5,1
MYO1E,0.21904226,0.17067716,5,1
FOLR2,0.19439636,0.17041212,5,0
GBF1,0.118902944,0.16996461,5,1
FBXO11,0.23881328,0.16963622,5,1
PSMD11,0.18099637,0.16917446,5,1
RAD23B,0.19818361,0.16876964,5,1
ARPC2,0.37445274,0.16863889,5,1
CYTH1,0.2417798,0.16810691,5,1
ITGA4,0.32047102,0.16791011,5,1
ITSN1,0.38768616,0.16749741,5,0
ARL14EP,0.17750758,0.16720596,5,1
YWHAB,0.10811926,0.1670075,5,1
TNFRSF11A,0.258682,0.16681515,5,1
SLC27A1,0.24861346,0.1667013,5,1
NAPA,0.18652289,0.16614988,5,1
SLC9A9,0.23166879,0.16530243,5,1
ANKFY1,0.19630076,0.16512448,5,0
NUBP2,0.21765436,0.1651136,5,1
ADCK2,0.14937697,0.16491055,5,1
ST3GAL6,0.2845445,0.16474578,5,1
THEMIS2,0.1492088,0.16469237,5,1
CCDC112,0.15582393,0.16464907,5,1
PLEKHM1,0.15756072,0.164054,5,1
NBR1,0.22728284,0.16397835,5,1
RPL27,0.2049315,0.1633619,5,1
DGKD,0.14964204,0.16232747,5,1
OAS3,0.24087535,0.16186741,5,1
SPARC,0.20044248,0.16102786,5,1
ICAM1,0.29725912,0.16028158,5,1
PNISR,0.28609157,0.15977678,5,1
ITPR2,0.088723265,0.15938063,5,1
BCL2L1,0.12482128,0.15875894,5,1
CCNI,0.24436684,0.15841708,5,1
ZC3HAV1,0.17131357,0.1581963,5,1
NAA38,0.13230602,0.15794405,5,1
ABCC3,0.15753832,0.1578064,5,1
NANS,0.15573876,0.15756387,5,1
IFIH1,0.2899877,0.15735956,5,1
GIMAP6,0.14552642,0.15582258,5,1
DYNC1H1,0.3324165,0.15565287,5,1
POU2F2,0.15161489,0.15463415,5,1
AC093895.1,0.14069775,0.15448922,5,1
UBE2V1,0.21703643,0.1544449,5,1
CLTA,0.29011497,0.15414172,5,1
MT1E,0.2602822,0.15336242,5,1
FASTK,0.12551315,0.15310907,5,1
DPYD,0.17527677,0.15261517,5,1
NCKAP5L,0.14663638,0.15250745,5,1
HNRNPK,0.16418356,0.1524998,5,1
INO80,0.15851553,0.151958,5,1
NAA60,0.12366141,0.15175118,5,1
OS9,0.12508266,0.15145594,5,1
MYL6,-0.005668322,0.15133667,5,1
ROCK1,0.2065777,0.15086907,5,1
KIF1B,0.22754838,0.15063813,5,1
MKNK1,0.2608937,0.15057734,5,1
DDX5,0.17207755,0.15044838,5,1
PHIP,0.1586741,0.15002851,5,1
EIF4ENIF1,0.14334315,0.14957291,5,1
IFFO1,0.27263784,0.14951448,5,1
PRPF38B,0.14027964,0.14935406,5,1
VCP,0.16411598,0.14934233,5,1
SELENOW,0.1606618,0.14901605,5,1
LDHB,0.014695416,0.14827517,5,1
TMEM8A,0.112397045,0.14824472,5,1
PCED1A,0.17903866,0.14795509,5,0
KCNAB2,0.15286654,0.14766738,5,1
SRGAP2,0.17889512,0.14762068,5,1
MFSD12,0.18721466,0.14747648,5,1
FAM111A,0.2411118,0.14650783,5,1
IKBKB,0.18138075,0.14643225,5,1
SRSF3,0.21428216,0.14637193,5,1
METTL21A,0.1471739,0.1463556,5,1
RPL4,-0.01917676,0.14635366,5,1
MYO15B,0.21862938,0.14628863,5,1
LTBP2,0.16958962,0.14608781,5,0
C2,0.21009123,0.14567345,5,1
SLC43A3,0.083357304,0.14510673,5,1
FCGR1A,0.15045701,0.14477527,5,1
SDF2L1,0.07648354,0.1441893,5,1
GPR137B,0.19968136,0.14415862,5,1
SASH3,0.08867049,0.14394994,5,1
MBD6,0.1613558,0.14350954,5,1
TLR6,0.16809024,0.14307174,5,0
FLCN,0.12230599,0.14297128,5,1
CDC42SE1,0.20304084,0.14257622,5,1
ARHGDIA,0.10080657,0.14232105,5,1
CD99,0.123163424,0.14229795,5,1
CXXC1,0.1808423,0.1418989,5,1
SLC6A6,0.2189533,0.14151186,5,1
CNOT1,0.2088837,0.14139313,5,1
TYK2,0.14769913,0.1412689,5,1
FRYL,0.11840209,0.14125228,5,1
DLEU1,0.14729732,0.14095205,5,1
CARD16,0.20715694,0.14053306,5,1
NCAPD3,0.11332386,0.1405027,5,1
RNASET2,0.09401836,0.14045835,5,1
CYFIP1,0.22626577,0.1402773,5,1
SLC25A3,0.14200792,0.14024425,5,1
MLLT6,0.16523762,0.13945472,5,1
AGPAT5,0.15465744,0.13943714,5,0
SH3TC1,0.1297434,0.13925268,5,1
TSTA3,0.121860474,0.13912821,5,1
SEC31A,0.13523567,0.1390715,5,1
ITCH,0.29354188,0.13877751,5,1
TXLNA,0.13403118,0.13872302,5,1
JPX,0.13534816,0.13841996,5,1
ZNF746,0.14882459,0.13826397,5,1
OGDH,0.12958722,0.13816783,5,1
LRRFIP1,0.24986987,0.13809821,5,1
SLC7A6,0.24595505,0.13804333,5,0
VPS13C,0.33248094,0.13785718,5,1
PIEZO1,0.16680348,0.13763961,5,1
BTF3L4,0.20405133,0.13750102,5,1
LZTS2,0.19755799,0.13739152,5,1
SGPL1,0.14747198,0.13735189,5,1
ATAD2B,0.11019311,0.1373065,5,1
ANKRD22,0.2243617,0.13687174,5,1
TAOK3,0.29036036,0.1366961,5,1
NME1,0.14119242,0.1365576,5,1
CWC22,0.15552819,0.13602039,5,1
MRPL23,0.2445348,0.13549587,5,0
CCNL1,0.19128686,0.1353415,5,1
VPS8,0.19567484,0.13527519,5,1
MTG1,0.19561458,0.13516915,5,0
DNAJC13,0.24316359,0.13514674,5,1
ATF6,0.22400735,0.13493055,5,0
SNX5,0.14095534,0.13424802,5,1
ATP2C1,0.12266027,0.13359831,5,1
GRAMD4,0.11058616,0.1332828,5,1
MAP3K5,0.16221857,0.13314182,5,1
COPS5,0.13933198,0.13294628,5,1
PNPLA6,0.08618031,0.13290554,5,1
TIMP2,0.14725061,0.13257334,5,1
KDM7A,0.13154058,0.13212523,5,1
TUT4,0.27199924,0.13179234,5,1
OLFML3,0.04138038,0.13174877,5,1
MAP3K1,0.24504149,0.1314874,5,1
NCOR2,0.03268228,0.13132422,5,1
ARRDC3,0.018758466,0.13119647,5,1
HEXA,0.13150877,0.13111836,5,1
MXD4,0.09976268,0.13097921,5,1
PARP8,0.18577357,0.1308804,5,0
DNAJB6,0.20825739,0.13064027,5,1
OAS2,0.123874776,0.12999889,5,1
WNK1,0.16098809,0.12984914,5,1
SLC31A2,0.13269584,0.1295387,5,1
PPP2R1A,0.14992823,0.12949434,5,1
CACNA2D4,0.16671486,0.12939239,5,1
ARHGEF1,0.06498801,0.12924615,5,1
GPR65,0.14309578,0.1288666,5,1
KMT2A,0.1597621,0.12876308,5,1
TCOF1,0.10878412,0.12873581,5,1
SLC23A2,0.15023963,0.1286988,5,0
MAML3,0.19047935,0.12861174,5,0
GTPBP1,0.19905834,0.12827908,5,1
DUSP23,0.18618006,0.12827486,5,1
PCYT1A,0.11595708,0.12816513,5,1
BCL2,0.09746539,0.12783581,5,1
STARD8,0.13472061,0.12768641,5,0
PSD3,0.07931644,0.12750135,5,1
DAGLB,0.26279432,0.12749806,5,1
TRMT1,0.18287776,0.1274026,5,1
AMDHD2,0.27710176,0.12724386,5,1
SH3BP2,0.3152444,0.12702598,5,1
GTF2I,0.20985848,0.12689915,5,1
CUTA,0.15397026,0.12648499,5,1
MRPS16,0.13761915,0.12640367,5,1
RIF1,0.115366735,0.12596288,5,1
WASHC4,0.12556405,0.12592451,5,1
NLRC5,0.2089001,0.12561134,5,1
UNC13D,0.15502112,0.12544863,5,1
ITPR1,0.14002489,0.12511426,5,0
TMEM176B,0.2788519,0.12501976,5,1
TFEB,0.22519149,0.12493601,5,1
RYR1,0.10870752,0.124882184,5,1
PTPN18,0.13692053,0.124623984,5,1
DHX58,0.13391769,0.12378006,5,1
VAV1,0.26506177,0.12363571,5,1
RAPH1,0.19730884,0.123631164,5,0
JAZF1,0.103114225,0.12327774,5,1
HACD3,0.114825405,0.12291355,5,0
TSPAN33,0.089222424,0.122345276,5,1
ATP6V1C1,0.1837966,0.1223408,5,1
DOCK7,0.13636847,0.122228354,5,1
NPTN,0.21915121,0.12187204,5,1
DENND1A,0.18523526,0.12175056,5,1
SULT1A1,0.09857262,0.121721916,5,1
TMEM258,0.18941689,0.121491075,5,1
RGS19,0.20703809,0.121294856,5,1
MAPK13,0.12500213,0.121165514,5,0
FECH,0.13447553,0.12094591,5,1
CARD9,0.22354771,0.120849244,5,1
PICALM,0.1828051,0.1208182,5,1
BOLA3,0.035385568,0.12068978,5,1
TRIP12,0.12933011,0.120334215,5,1
TRIM34,0.119251065,0.12029714,5,1
EIF4G3,0.17126042,0.12017604,5,1
ADAR,0.14847194,0.11992596,5,1
WDR81,0.12790519,0.11956317,5,1
MICAL1,0.15242572,0.11930467,5,1
CALU,0.14359324,0.1191601,5,1
WDFY3,0.18363513,0.11902779,5,1
RASGRP3,0.07068109,0.11892326,5,1
KCTD10,0.12565215,0.11886089,5,0
MCTP1,0.1749416,0.11828521,5,0
RUBCNL,0.13835217,0.11808849,5,0
ARHGEF10L,0.2237363,0.11756194,5,1
PSD4,0.112050295,0.11753861,5,1
ELP3,0.12952673,0.11740424,5,1
GIMAP7,0.086941086,0.11718628,5,1
FN1,0.04823598,0.11715031,5,1
GPI,0.042434376,0.11682689,5,1
CLK1,0.110202275,0.11660328,5,1
ARFGAP2,0.15835203,0.11597281,5,1
IRAK3,0.0019317567,0.11595037,5,1
SNX24,0.15167516,0.11582388,5,1
MYO7A,0.23846768,0.115759015,5,0
IRF5,0.15288527,0.11509413,5,1
CFDP1,0.11291642,0.11469152,5,1
MAPKAPK2,0.17282552,0.11451021,5,1
NUFIP2,0.20786674,0.114129126,5,0
NKTR,0.13659681,0.1139912,5,1
KAT2A,0.19908941,0.11379522,5,1
RGS1,0.055345874,0.11333656,5,1
COPS7A,0.16302876,0.1133354,5,1
RHOBTB3,0.16948421,0.11332239,5,1
UBE2W,0.24356711,0.112972796,5,1
MYSM1,0.20096783,0.112590015,5,1
CHURC1,0.16054125,0.112290755,5,1
ENO1,0.26072198,0.11220014,5,1
HCLS1,0.26483867,0.1121912,5,1
AGRN,0.13942291,0.112163305,5,0
TECPR1,0.14564265,0.11163456,5,1
SPAG9,0.10041986,0.11101197,5,1
MFN1,0.104406685,0.11070505,5,0
SETD3,0.11931711,0.11053939,5,1
KRI1,0.11111102,0.11041825,5,0
APBB1IP,0.053993803,0.11025903,5,1
RBBP5,0.17804843,0.109910116,5,0
GASK1B,0.101709805,0.10975116,5,1
SEC24B,0.12872069,0.109747395,5,1
ANKRD13D,0.19481133,0.10966581,5,1
CLEC2D,0.19502927,0.1095843,5,0
MPHOSPH10,0.08794439,0.10881787,5,1
RUNX1,0.13186191,0.10869148,5,1
FKBP8,0.11781069,0.10856411,5,1
TNFRSF1A,0.2543644,0.10817561,5,1
OIP5-AS1,0.08679378,0.108076185,5,1
HGSNAT,0.18595763,0.10803061,5,1
TIMMDC1,0.16353494,0.10794484,5,1
SMC3,0.08283425,0.10778299,5,0
DAAM1,0.13592981,0.10755636,5,0
HOOK3,0.10644182,0.107395805,5,1
ILF2,0.15745625,0.107373774,5,1
HRH2,0.11686531,0.10704291,5,0
STOM,0.21661395,0.106670275,5,1
SYMPK,0.15438925,0.10656835,5,1
CDC73,0.1923693,0.10645147,5,1
SRGAP2C,0.21694635,0.10617098,5,0
ATF6B,0.10142966,0.10604995,5,0
FAM193B,0.18905239,0.10602998,5,0
AL627171.2,0.13792573,0.10599019,5,0
SMU1,0.107723445,0.105881564,5,1
ARFIP1,0.17195821,0.105767846,5,1
EIF4G1,0.22098081,0.10576464,5,1
SPATS2L,0.21294075,0.10560919,5,1
TFE3,0.11290181,0.10552206,5,1
FGD5,0.15953706,0.10550122,5,0
UPF1,0.1496022,0.10504598,5,1
LINC01094,0.12921375,0.10492508,5,1
HDAC7,0.13075913,0.10480278,5,1
ANAPC4,0.16336562,0.10474789,5,1
GGA2,0.206216,0.10463401,5,1
TRIP6,0.116381496,0.10439865,5,0
RNF44,0.091599114,0.1041175,5,1
TNRC18,0.061100077,0.10390324,5,1
FTSJ1,0.050831378,0.103460595,5,1
NSA2,0.13122433,0.10342385,5,1
URGCP,0.13029261,0.103378475,5,1
PSME4,-0.015283485,0.10301332,5,1
SLC38A10,0.12888022,0.10297227,5,1
LONP1,0.094521224,0.10284249,5,0
C4orf48,0.102833055,0.102721006,5,1
TUT7,0.1968437,0.10261209,5,1
UQCC1,0.115469515,0.10260071,5,1
HDAC10,0.13053647,0.101792805,5,1
RPRD2,0.19336717,0.10163508,5,1
MFSD10,0.08456788,0.10134534,5,1
HIPK3,0.115864515,0.10129434,5,0
USP46,0.098465286,0.10076368,5,1
OSBPL9,0.11767926,0.10074989,5,1
NPLOC4,-0.0797199,0.10074244,5,1
RASSF5,0.13293529,0.100606956,5,1
ISCU,0.10943153,0.1004238,5,1
CDK5RAP3,0.13646692,0.09993826,5,1
HSP90AB1,0.0623686,0.0998213,5,1
SLC25A39,0.17581098,0.09967962,5,1
ZNF618,0.14712854,0.099593714,5,1
CCDC50,0.07413268,0.09958038,5,1
APOBR,0.090633154,0.09948996,5,1
ELMSAN1,0.10157344,0.099341035,5,1
FKBP1A,0.18753855,0.09933402,5,1
PRPF8,0.21805578,0.099075064,5,1
OGFR,0.27444288,0.098869964,5,1
RAP2C,0.14547823,0.09869744,5,1
SMIM30,0.17430794,0.09842827,5,1
XBP1,0.18148677,0.098379344,5,1
LYN,0.24500215,0.09834179,5,1
DICER1,0.15095894,0.097901076,5,1
CTDSP1,0.07223597,0.09773369,5,1
TMIGD3,0.23190153,0.09761304,5,1
HCFC1R1,0.0745719,0.09760679,5,1
RFXANK,0.12327573,0.09743905,5,1
TRIM27,0.07019609,0.09730081,5,1
CENPT,0.09836144,0.09708591,5,1
TMEM94,0.13533224,0.09654621,5,0
RCOR1,0.19546445,0.09644371,5,0
ATP6V0A1,0.08892145,0.09634363,5,1
CLN5,0.09153014,0.096099496,5,1
STK11,0.1361127,0.09607345,5,0
UTP20,0.19439685,0.09596174,5,1
SEPHS2,0.1581888,0.09594934,5,1
COPA,0.11298429,0.09574057,5,1
FAF2,0.07093551,0.095630825,5,1
CAMTA2,0.13344894,0.095482066,5,0
NXF1,0.1340008,0.095393255,5,1
PEAK1,0.13212465,0.09515874,5,1
PML,0.124178834,0.09512542,5,1
PSTPIP1,-0.03956522,0.094904244,5,1
SMC1A,0.13753279,0.09456595,5,1
TMEM14B,0.04537694,0.09444946,5,1
DOCK5,0.088659704,0.09444927,5,1
EML3,0.09060085,0.09430708,5,1
SIPA1L1,0.12768929,0.09427213,5,0
PDXK,0.16161498,0.09418556,5,1
CNOT6L,0.08435892,0.094061494,5,0
BANF1,0.10821286,0.09393665,5,1
CUX1,0.07343457,0.09391409,5,1
IDUA,0.0967577,0.093813255,5,1
ANTXR1,0.11311966,0.09381041,5,0
ACTN1,0.13227291,0.09362927,5,1
VPS35L,0.17644495,0.09353915,5,0
PRMT9,0.1946612,0.093142614,5,1
HNRNPL,0.09728976,0.092999354,5,1
NFKBID,0.08044241,0.09288606,5,1
NOC2L,0.08444539,0.09281839,5,1
ADAM8,0.13814397,0.09258823,5,1
PTPN23,0.10081499,0.09257822,5,0
ILRUN,0.11050578,0.09250031,5,1
CNPY2,0.097107194,0.09239997,5,1
CPSF1,0.1530607,0.09228822,5,1
ELL,0.1651432,0.091983706,5,1
TP53I13,0.1422342,0.09189981,5,0
NDUFB2,0.09548647,0.09188563,5,1
MMD,0.14985612,0.09170313,5,1
WLS,0.13810845,0.09135842,5,0
DCUN1D1,0.1214253,0.091316044,5,1
ZBTB8OS,0.10317803,0.09122062,5,1
TMEM251,0.055941448,0.09120503,5,1
CPNE1,0.15260099,0.09118613,5,1
MTOR,0.117476374,0.09117325,5,1
HES1,0.10821315,0.09093508,5,0
TASOR,0.0903287,0.09076836,5,1
VPS16,0.087036334,0.090423726,5,1
CAMKK1,0.090382434,0.09007923,5,0
SERPINB9,0.15835533,0.08998777,5,1
DHX35,0.1304099,0.089863375,5,0
COG4,0.187382,0.08978139,5,1
POLDIP3,0.10457056,0.08954632,5,1
RBPJ,0.03398908,0.08928763,5,1
ATP13A1,0.12574296,0.089200616,5,1
NRBP1,0.024493681,0.089191765,5,1
SLC38A6,0.11544645,0.08906735,5,0
MX1,0.12745929,0.08904983,5,1
WASHC1,0.14854005,0.0882922,5,1
ANAPC5,0.0635337,0.08813834,5,1
EPS8,0.21128388,0.08803047,5,0
ROGDI,0.16225229,0.08791836,5,1
CUL4B,0.105743855,0.08785418,5,0
NNT,0.15900879,0.08784373,5,1
USP7,-0.072222024,0.08759837,5,1
RCC2,0.1605827,0.08740918,5,1
HELZ2,0.09425951,0.087242335,5,1
FFAR4,0.12778269,0.08713636,5,1
HAVCR2,0.3858731,0.08686963,5,1
KIAA0100,0.22606991,0.086797595,5,1
QRICH1,0.13444321,0.08649505,5,1
HGS,0.18471323,0.08623905,5,0
MTA2,0.20754766,0.086016215,5,0
GSK3A,0.1588568,0.08598316,5,0
CCDC18,0.14776622,0.08594151,5,1
RITA1,0.082001805,0.08571594,5,1
AC110995.1,0.112549484,0.0856996,5,1
C19orf38,0.071202375,0.08560307,5,1
TRIR,0.13422066,0.08557072,5,1
STK17B,0.048378456,0.085532606,5,1
ZNF326,0.09923259,0.08542016,5,0
DCTN4,0.10205241,0.0850727,5,1
ZNF839,0.094104946,0.08507024,5,1
EHD4,0.106026255,0.08504215,5,1
NISCH,0.08246685,0.0848837,5,0
EMC9,0.008664395,0.08478277,5,1
RCOR3,0.03109409,0.08472077,5,1
KIAA0319L,0.10049349,0.084577054,5,1
TIMP1,0.120514534,0.08447474,5,1
ZNF638,0.15651138,0.084390804,5,1
PHRF1,0.14300461,0.084349416,5,1
IPO5,0.15198694,0.08429871,5,1
SMIM26,0.0069470555,0.08392057,5,1
SERPINB6,0.15900852,0.08390087,5,1
RASSF2,-0.0031214904,0.08385411,5,1
PTTG1,0.08529238,0.08384327,5,1
RPL6,-0.025231779,0.08347833,5,1
RUSC1,0.07657492,0.08331052,5,1
NASP,0.15968566,0.08324753,5,1
TRAF5,0.16423197,0.0832466,5,1
TRMT10C,0.1011559,0.083084196,5,1
TPM4,0.038146824,0.0828329,5,1
PIK3CG,0.04591969,0.082798734,5,1
TACC1,0.2159927,0.082770094,5,1
TSC2,0.048680555,0.082478605,5,1
ADAM9,0.20165996,0.08247416,5,1
IPO9,0.098761015,0.08196573,5,1
TRIM14,0.1023686,0.08163382,5,1
NPEPL1,0.085208446,0.0814684,5,1
OSBPL7,0.1551478,0.08145777,5,0
PABPC1L,0.07469874,0.08132788,5,1
SNRNP200,0.12075683,0.08097181,5,1
COPB2,0.024317717,0.08074332,5,1
PPFIA1,0.10970057,0.080393344,5,1
PI4KA,0.09005741,0.08034158,5,1
RAB1A,0.26682213,0.080320925,5,1
PARP15,0.1678416,0.08018938,5,1
AC118549.1,0.19755296,0.079916485,5,1
PSMC5,0.106832646,0.07927105,5,1
COG8,0.087664224,0.079053305,5,0
RO60,0.10755583,0.0782384,5,0
ABCA1,0.46147105,0.078116626,5,1
DELE1,0.2353911,0.07811325,5,1
SELENOO,0.10604551,0.07810433,5,1
TNFSF13,0.10162488,0.07793294,5,1
SHARPIN,0.07619227,0.0777898,5,1
SNRPD2,0.043636337,0.07767737,5,1
ATP13A3,0.22558974,0.077454954,5,1
GATAD2A,0.14467144,0.07738581,5,0
RNF141,0.10728762,0.07734976,5,1
MAVS,0.09493176,0.077316135,5,0
TMEM51,0.0094144745,0.07729919,5,1
YPEL2,0.19401498,0.07725488,5,1
ZFHX3,0.29522458,0.07724385,5,1
STAG2,0.034174185,0.07709701,5,1
BDP1,0.13845207,0.0769863,5,1
AHI1,0.1910096,0.07670745,5,1
SEMA4B,0.08966371,0.07656354,5,0
NIT1,0.06410452,0.07635394,5,1
PANK3,0.121937335,0.07622767,5,1
ERP44,0.1839207,0.076117456,5,1
PCM1,0.1249131,0.07604523,5,1
NCF4,0.092250146,0.075759664,5,1
PEPD,0.11395556,0.07546766,5,1
NUP107,0.10236061,0.07543605,5,0
FERMT3,0.10516915,0.07542741,5,1
ZDHHC21,0.15424125,0.075352356,5,0
YIPF2,0.10181319,0.075323015,5,0
ZNF700,0.08778027,0.07460487,5,0
SLC39A6,0.112036206,0.07448788,5,0
PIK3C2A,0.1629841,0.07443053,5,1
TRAF2,0.11900046,0.07433067,5,0
GLRX3,0.0799656,0.07417653,5,0
DENND1C,0.14122364,0.07381045,5,0
DTX3L,0.11757695,0.07377533,5,1
ABHD13,0.10004991,0.07360112,5,0
STAU2,0.1078696,0.07343088,5,1
NRIP1,0.10586486,0.07290982,5,1
EIF4A2,0.20084079,0.07286286,5,1
DNAJC5,0.06535844,0.07276775,5,1
MRPS15,0.16483529,0.0726617,5,1
TRIQK,0.111484505,0.07230441,5,1
PLEKHA1,0.10503724,0.07212201,5,0
TMEM65,0.16325285,0.07211112,5,1
PNPO,0.13588898,0.072011285,5,0
LMNB1,0.14260894,0.07190566,5,1
RPL12,-0.16778572,0.07186401,5,1
POLR2G,0.097235955,0.07185008,5,1
METTL23,0.112977125,0.07181026,5,1
PLCG2,0.06703166,0.07159493,5,0
FNDC3B,0.09343222,0.07158512,5,1
CPXM1,0.1120468,0.07155216,5,0
EXOC7,0.10744071,0.07122354,5,1
NCEH1,0.061714526,0.07110868,5,1
CMIP,0.1416291,0.070913285,5,0
ANO8,0.07559359,0.07090147,5,0
HNRNPUL2,0.083915554,0.07065186,5,0
RSRC2,0.107219666,0.070635065,5,1
ERMAP,0.11274632,0.07059184,5,0
CBR4,0.029916525,0.07041728,5,1
NME3,0.13894042,0.07041286,5,1
CARD19,0.11002976,0.07016093,5,1
GALNT6,0.056136608,0.06994979,5,1
MYL6B,0.11715144,0.069899574,5,1
DEPDC5,0.06891275,0.069748476,5,1
MAN1C1,0.0894699,0.069673404,5,0
PHF3,0.06257667,0.06962736,5,1
NSD2,0.16978912,0.069581434,5,1
LIMK2,0.10709735,0.069403514,5,1
GPS2,0.09004905,0.06903024,5,1
ADH5,0.11048737,0.06882982,5,1
RC3H2,0.113888085,0.06871976,5,1
PPP1CA,-0.016604671,0.068621516,5,1
GOLGA1,0.17352335,0.068548076,5,1
SLC16A1,0.10900321,0.06820033,5,1
SMAD2,0.14489955,0.068108186,5,1
ADORA3,0.16821776,0.06793556,5,1
KCTD18,0.08352671,0.067847975,5,1
CERS2,0.062358987,0.06751099,5,1
ANAPC1,0.12717305,0.06712537,5,0
CLPTM1,0.06556014,0.06704333,5,1
SEPTIN11,0.15781339,0.06699693,5,1
ERCC5,0.14819817,0.066181585,5,0
PTPA,0.20917182,0.066083804,5,0
FAM102B,0.09205166,0.06605672,5,0
TST,0.10676449,0.06592819,5,0
SENP7,0.09673468,0.06561211,5,1
RBM38,0.08139905,0.065358974,5,1
TMED3,0.05364849,0.06533939,5,0
PDCD7,0.12669033,0.065251514,5,1
FUS,0.16641296,0.06511581,5,1
CD180,0.07407218,0.06511228,5,1
RTN3,0.07825249,0.064886995,5,1
KPNB1,0.10173589,0.0645567,5,1
RASL10A,0.08484826,0.06451423,5,0
SMC6,0.092312634,0.06442438,5,1
PPHLN1,0.07815544,0.064417884,5,1
ZNF100,0.18183112,0.064237885,5,0
SLC25A36,0.070159145,0.06422487,5,1
NREP,0.09496864,0.06412582,5,1
CRAT,0.082777254,0.064005524,5,0
AREL1,0.12433183,0.06400116,5,1
DDX39A,0.09507223,0.063977264,5,1
PARP12,0.11858069,0.063871175,5,1
LINC00294,0.15493262,0.06385292,5,0
BIRC6,0.115191855,0.06380318,5,1
LRCH4,0.16789722,0.06360408,5,1
DOCK1,0.076776244,0.06347211,5,0
COASY,0.103527576,0.06331139,5,0
GAK,0.077607684,0.063251235,5,1
PCBP1-AS1,0.117934175,0.06316511,5,0
GOLGB1,0.11615386,0.06256482,5,1
EDEM1,0.06465107,0.062541984,5,0
HDAC9,0.07294261,0.062330645,5,1
KMT5B,0.12256148,0.062148362,5,1
WDR75,0.064381056,0.061750896,5,1
PHACTR4,0.25290692,0.06136269,5,0
MBD3,0.11454911,0.061185375,5,1
DTX2,0.1440387,0.06103698,5,1
SNHG17,0.093190074,0.061033152,5,0
HDDC2,0.023931274,0.06081844,5,1
HDAC6,0.08182009,0.060785737,5,0
AP2B1,0.1961828,0.06067892,5,0
CCDC28A,0.10500706,0.06054008,5,1
SENP6,0.10224404,0.06046407,5,1
GOLGA3,0.15669455,0.060215812,5,1
UBE3C,0.052487552,0.060106054,5,1
C2CD2L,0.09960086,0.060035475,5,0
SAFB2,0.095329605,0.06001085,5,1
HDGF,0.043266088,0.059317976,5,1
LYRM4,0.0735855,0.058903385,5,1
ARL4C,0.42541358,0.058504045,5,1
BAZ2B,-0.033851285,0.058324233,5,1
SEPTIN9,0.07327294,0.057937697,5,1
BRWD3,0.05855824,0.057901345,5,1
DPYSL2,0.10064005,0.05786118,5,1
HSPA6,0.1359455,0.057768736,5,1
GTPBP4,0.04472913,0.05769521,5,1
TMEM184C,0.12652336,0.057657357,5,0
AP3D1,0.13783142,0.057248257,5,1
SLC12A5,0.07435325,0.057134543,5,0
LRRC8B,0.11548048,0.056516673,5,1
CHD3,0.07544223,0.056348346,5,1
EHMT1,0.19777657,0.05594211,5,0
PAPSS1,0.0671866,0.05593857,5,1
NFYC,0.13059084,0.05527602,5,1
TNK2,0.07970512,0.055251393,5,0
CARD8,0.053203296,0.054922163,5,1
RIPOR1,0.03095656,0.05476162,5,1
NUS1,0.11931833,0.05472508,5,0
ARSD,0.11541303,0.05453863,5,1
PRPF4B,0.13806622,0.05453156,5,1
INTS1,0.09574586,0.054203045,5,0
ARRB1,0.07805375,0.054058462,5,1
ECPAS,0.040805113,0.05405087,5,1
DPF2,0.07897406,0.054042134,5,1
HELLS,0.069466695,0.054009106,5,1
B3GALNT1,0.07346348,0.05385983,5,0
CNOT3,0.11762756,0.05365517,5,0
TXNDC11,0.15179949,0.053565554,5,0
BTN2A1,0.09487763,0.05333008,5,0
PRDM4,0.15375274,0.053268287,5,1
ZNF407,0.14418885,0.05312594,5,0
STX16,0.074473225,0.05307784,5,1
ATXN2L,0.08827516,0.052641273,5,1
NDST2,0.10180128,0.052232336,5,0
PTBP3,0.18166457,0.05196482,5,0
CTTNBP2NL,0.12073936,0.051964007,5,1
PPP2R5C,0.03676337,0.05192988,5,1
CLIP1,0.060142636,0.051887378,5,1
MYO10,0.066111475,0.05188307,5,1
CTBP1,0.09102767,0.051825337,5,1
TUG1,0.11506655,0.051662832,5,0
STK10,0.24113487,0.051547855,5,1
SLAIN2,0.05927621,0.05146422,5,1
SMURF1,0.14068708,0.05133125,5,0
PRPF31,0.10156707,0.051259983,5,1
CS,0.068394214,0.050785795,5,1
USB1,0.10075301,0.050502013,5,1
ZNF22,0.049683154,0.050359033,5,1
POLR3GL,0.1098698,0.050183937,5,1
THAP12,0.09372402,0.05013656,5,1
C2CD3,0.099421,0.04984516,5,0
UBTF,0.07287511,0.04966311,5,1
TPM1,0.103815116,0.049135473,5,1
RAB29,0.1279196,0.04900886,5,1
ANO6,0.07657995,0.048589133,5,1
RAP1GDS1,0.120794654,0.048548456,5,1
INTS10,0.073471464,0.048474163,5,1
TMEM214,0.05359307,0.048005987,5,1
SRSF4,0.061776653,0.047777474,5,1
FAM199X,0.06816777,0.04739697,5,0
UBIAD1,0.13487716,0.047248937,5,0
PDPN,0.08862305,0.046962418,5,1
SLC26A2,0.028755479,0.04670362,5,1
EIF1AX,-0.016186202,0.04652001,5,1
VPS52,0.2199402,0.04640133,5,0
AFTPH,0.14265196,0.04609143,5,1
ZBTB7B,0.2051702,0.04602863,5,1
ARHGEF11,0.06399168,0.045546066,5,1
ZNFX1,0.15198612,0.045159616,5,1
PPP6R1,0.07484484,0.044221163,5,1
USP47,0.05502637,0.044092763,5,1
MED13,0.064419575,0.044085234,5,1
FCHSD1,0.11333054,0.04408261,5,1
LNCAROD,0.100276135,0.04365262,5,1
RFC4,0.06725109,0.043620057,5,1
CYP2S1,0.07829331,0.04361919,5,0
ITGB2-AS1,0.24095745,0.043600462,5,1
GNPTG,0.06905904,0.043570936,5,1
SLC8B1,0.11006383,0.04333142,5,1
CCNT2,0.1277197,0.043257713,5,1
CEP104,0.040596608,0.043147076,5,1
SORT1,0.06331407,0.04309596,5,0
TUBGCP6,-0.0014297143,0.0428095,5,1
CIAO1,0.0029137682,0.042718098,5,1
OSGIN2,0.0864428,0.04217086,5,1
TSEN15,0.04590815,0.042114545,5,1
CHKB,-0.00493257,0.04186689,5,1
CAPRIN1,0.084302075,0.04185377,5,1
ICE2,0.13788833,0.04182473,5,1
DRAM1,0.029689202,0.041807964,5,1
RANGAP1,0.033585563,0.04138972,5,1
SCAPER,0.19454558,0.04125324,5,0
CCDC84,0.1475166,0.041203845,5,0
ADNP,0.025473088,0.04067163,5,1
DIS3L2,0.08266258,0.04045214,5,1
HHEX,0.050229326,0.040406603,5,0
TBC1D12,0.09713933,0.040255032,5,0
BRF1,0.06273706,0.04025236,5,0
PPIP5K2,0.08850134,0.040222336,5,0
ABCD3,0.10173003,0.03994689,5,0
SEPTIN6,0.1274385,0.039491624,5,1
RBCK1,0.076652825,0.039489195,5,1
S100A9,0.25471827,0.039245486,5,1
NCKIPSD,0.06438104,0.039041616,5,0
LINC00623,0.10196183,0.038794722,5,1
SRCAP,0.062116712,0.038760655,5,1
PHTF2,0.072139874,0.038749076,5,1
HM13,0.20444508,0.038631424,5,1
ATP9B,0.1659291,0.038093865,5,1
C11orf1,0.06495444,0.03798391,5,1
AL390728.6,0.105804764,0.03777186,5,1
PIAS2,0.041025817,0.037712894,5,1
MCM5,0.1092755,0.03747938,5,1
SLC37A4,0.03587473,0.036653712,5,1
AQR,0.08429053,0.036614805,5,0
NFAT5,0.0426016,0.03661281,5,1
RBM12,0.0652014,0.036283277,5,0
ZMIZ2,0.119888596,0.036256343,5,1
CSNK1A1,0.008436198,0.036221325,5,1
MYO1D,0.08871189,0.03617025,5,0
RFX5,0.05964383,0.03613665,5,1
MED11,0.077844836,0.036014397,5,1
YKT6,0.059074804,0.035797656,5,1
PICK1,0.05442493,0.035410643,5,0
CERS5,0.15286648,0.03532022,5,1
TEX10,0.06518592,0.034402743,5,0
BUD23,0.110943966,0.0342435,5,1
BRAT1,-0.024386331,0.034226358,5,1
PDCD6,0.016095774,0.034190558,5,1
IMPDH1,0.14009447,0.03399908,5,0
LRRC57,0.08964875,0.03391762,5,0
DHX15,0.17573343,0.033624995,5,1
DENND6A,0.068392895,0.033614278,5,1
WIPF2,0.06795969,0.03340804,5,1
UBXN7,0.09010118,0.033398844,5,1
DPP3,0.04632163,0.03328876,5,1
TRIM26,0.067229845,0.03326885,5,1
SRSF8,0.07421401,0.033087753,5,1
ABHD14B,-0.0030276328,0.03282596,5,1
LSM10,0.089434564,0.03282173,5,1
PRXL2A,0.059971433,0.03278338,5,0
CLDN7,0.059605878,0.03273058,5,1
PLA2G12A,0.10029333,0.03195699,5,0
KPNA6,0.119674444,0.031917438,5,1
TRABD,0.060935304,0.03147403,5,1
KCNJ5,0.067307256,0.031396355,5,0
SHFL,0.13352445,0.030804366,5,1
PDS5A,0.06777735,0.030802667,5,1
PPP2R5B,0.10253743,0.030704018,5,0
WAC-AS1,0.08290585,0.02986031,5,1
UTP18,0.037598383,0.02965752,5,1
PCF11,0.021793852,0.02917625,5,1
RBM25,-0.08285758,0.028481722,5,1
FAM214B,0.06150511,0.028379992,5,1
SLC25A1,0.08018705,0.028144956,5,1
C9orf72,0.13566884,0.02796384,5,1
ZNF598,0.05626318,0.027536586,5,1
LINC01503,0.113292545,0.02739658,5,1
ACAD11,0.07781196,0.027232457,5,1
ILK,0.081156,0.027165502,5,1
FGD3,0.09859854,0.027075961,5,1
SIGIRR,0.058445364,0.026825316,5,1
SZRD1,0.0030547057,0.026561633,5,1
PRKAB1,0.118014716,0.026413117,5,0
FBXO7,0.039526314,0.026342183,5,1
IDH3G,0.04548944,0.025988355,5,1
IVNS1ABP,0.16577071,0.02580209,5,1
MRPL3,0.13391113,0.025166385,5,1
CNOT10,0.10388017,0.02515118,5,0
STX7,0.08799725,0.02458398,5,1
DNMBP,0.07872528,0.024581034,5,1
CPT2,0.01931222,0.024356486,5,1
TULP4,0.05823204,0.024234522,5,1
PPP6R3,0.053694595,0.023474231,5,1
CUL3,0.039000403,0.02340778,5,1
DERL1,0.053765524,0.023273334,5,0
ENTPD1-AS1,0.015451989,0.023226583,5,1
TRAPPC6A,-0.025712991,0.022882402,5,1
TTC23,0.08315312,0.022652555,5,0
HUS1,0.10102876,0.022590596,5,0
CC2D1B,-0.04477383,0.022564705,5,1
MRPL12,0.13283272,0.021705255,5,1
GIMAP8,0.12254914,0.021637566,5,0
CCDC137,0.022135084,0.021076456,5,1
WDR6,0.001297988,0.02075538,5,1
PCMTD1,0.051893,0.02024386,5,0
USF1,0.06632784,0.019921236,5,0
TM9SF3,0.054232825,0.019851603,5,0
UNC45A,0.12743194,0.019770734,5,1
EML2,0.044329938,0.016525494,5,0
ERC1,0.08691374,0.016473506,5,0
KIAA0040,0.07493896,0.01621895,5,1
AMFR,0.028712204,0.014343865,5,1
C2CD5,0.15137266,0.012853429,5,0
GPR132,0.005286012,0.009692483,5,1
SRRT,0.04253325,0.009063691,5,1
GALNT4,0.012962937,0.007890781,5,1
KIFC2,0.050624777,0.004130221,5,0
ACTR10,-0.0007773613,0.0040367544,5,1
CTSS,0.4821969,0.576773,4,2
C1QC,0.51296616,0.57522035,4,2
PSAP,0.48591104,0.48727095,4,2
MT-CO3,0.4060031,0.45488894,4,2
HLA-E,0.39879712,0.44980586,4,2
MT-ND3,0.31527993,0.43974674,4,2
MT-ND1,0.2872124,0.422099,4,2
MS4A7,0.352976,0.40429193,4,2
RPS2,0.28483105,0.38469148,4,2
FCGR3A,0.33626485,0.3783665,4,2
TUBB,0.48175874,0.37041157,4,2
RPL13,0.11707803,0.3610685,4,2
MT-ND5,0.32893124,0.35102642,4,2
RPS4X,0.19522272,0.35100448,4,2
RPS19,0.35722694,0.3479215,4,2
SON,0.30900377,0.3433096,4,2
BLVRB,0.3022084,0.33774257,4,2
EEF1B2,0.0302111,0.33423343,4,2
PLEC,0.3334295,0.33265704,4,2
RHOA,0.16164629,0.33099586,4,2
GZF1,0.31500748,0.33011836,4,2
ATP5F1D,0.39414915,0.32497033,4,2
RPS27A,0.22108842,0.31957817,4,2
SUMO2,0.22713585,0.31646046,4,2
CAPG,0.22262752,0.31411582,4,2
RPS25,0.23144023,0.30874872,4,2
SLA,0.28425524,0.3084909,4,2
TLR4,0.29764438,0.3077749,4,2
SRSF11,0.2555622,0.30420583,4,2
RAB5C,0.25130823,0.30299836,4,2
SCAND1,0.21163537,0.29911754,4,2
PSME2,0.15925016,0.29668942,4,2
ACTR3,0.25048438,0.29512316,4,2
ACTG1,0.38608837,0.2878303,4,2
RPL7A,0.03730039,0.28402984,4,2
ME2,0.26882815,0.28327173,4,2
PPP1R15A,0.33753958,0.2817605,4,2
MT-CYB,0.14624839,0.2769848,4,2
RAC1,0.19932206,0.27669382,4,2
ADCY7,0.2411222,0.27249303,4,2
RPL15,0.08008903,0.270441,4,2
IFI16,0.2989247,0.26503468,4,2
CCL3,0.12851709,0.26064906,4,2
LRRC25,0.1950685,0.25997454,4,2
DHX36,0.2574246,0.2563107,4,2
CD68,0.31964967,0.25545037,4,2
BRI3,0.28422204,0.25307897,4,2
PLIN2,0.3385067,0.25178516,4,2
CEBPB,0.252378,0.25104126,4,2
RPS11,0.08367893,0.25062996,4,2
COX5B,0.019950679,0.24841416,4,2
RPL29,0.0011317333,0.24419367,4,2
VASP,0.151896,0.24102908,4,2
MT-CO1,0.14302003,0.23664069,4,2
OSTF1,0.13910763,0.23627867,4,2
SHISA5,0.10960051,0.23521493,4,2
PRDX5,0.19478488,0.23425004,4,2
LY96,0.05188753,0.23172808,4,2
CALM2,0.1574504,0.22967714,4,2
CHAMP1,0.16854358,0.22855622,4,2
RPL36AL,0.07901595,0.22739923,4,2
EEF1A1,0.21963854,0.22659147,4,2
LIMS1,0.25314406,0.22577798,4,2
UNC93B1,0.34181976,0.22310263,4,2
HMOX1,0.34684178,0.22279522,4,2
FKBP15,0.28998312,0.22244722,4,2
IFITM3,0.38243803,0.22232139,4,2
HIST1H4C,0.19094642,0.21745476,4,2
GNAQ,0.2637168,0.21735087,4,2
RPL21,0.19513826,0.21423674,4,2
GTF3C6,0.15836282,0.21266614,4,2
SDF4,0.1970336,0.21260524,4,2
IFITM2,0.08682408,0.21252201,4,2
CYCS,0.16942841,0.20849392,4,2
C1orf43,0.06741763,0.20706032,4,2
NKIRAS2,0.27905488,0.20621324,4,2
ARPC1B,0.32352746,0.20555282,4,2
AP2S1,0.16860652,0.20404863,4,2
ATP5PF,0.25603783,0.20349583,4,2
HERC4,0.13596082,0.20245224,4,2
SNX27,0.22189517,0.20077899,4,1
TMSB10,0.31622836,0.20042586,4,2
GMPS,0.24165304,0.1992527,4,1
CHST11,0.24683921,0.19805193,4,2
OSBPL1A,0.17256774,0.19666547,4,2
ATP5MC3,0.01900368,0.19653812,4,2
CD44,0.12735976,0.196212,4,2
BIN2,0.24678886,0.1960473,4,2
THAP5,0.18462811,0.19567588,4,1
COX6C,0.19471382,0.19507813,4,2
DDX3X,0.21769927,0.19495893,4,2
MT-CO2,0.0718441,0.19481409,4,2
RPL24,0.1426782,0.19444096,4,2
RBM47,0.26216316,0.19288258,4,2
SLC11A1,0.21711086,0.19283232,4,2
NAIP,0.22387642,0.19161907,4,2
CHMP3,0.20935287,0.19158445,4,2
TMEM59,0.09481504,0.19066475,4,2
NUP58,0.17710395,0.19020683,4,2
TMEM123,0.20048648,0.18972668,4,2
MAPK1,0.12078386,0.18811584,4,2
GIMAP1,0.10900366,0.18794633,4,2
SSBP1,0.17207704,0.18665014,4,2
RPLP0,0.24434973,0.18512058,4,2
NDUFA1,0.20275497,0.18415481,4,2
JUNB,0.27343133,0.18407142,4,2
SNRPA1,0.1855337,0.18216726,4,2
LMO4,0.1326281,0.18201381,4,2
RPL13A,-0.03293526,0.18155354,4,2
ATP5PD,0.16082905,0.18051651,4,2
HECTD2,0.13024105,0.17932117,4,2
CORO1B,0.22319317,0.17927831,4,2
STMP1,0.1643307,0.1791974,4,2
TPD52L2,0.11311316,0.17913336,4,2
CREB3L2,0.20544057,0.17815337,4,2
ERGIC3,0.14535877,0.17814882,4,2
EXOC1,0.18092282,0.17811887,4,2
ERI3,0.14048503,0.17767566,4,2
FCGR2B,0.22191326,0.17726296,4,2
CREB1,0.22447425,0.17490925,4,2
SORL1,0.22614197,0.17424837,4,1
IRF9,0.19687843,0.17422783,4,2
BCAP31,0.16535474,0.17269336,4,2
MAP7D1,0.14154615,0.17171277,4,2
AP2M1,0.10671622,0.17138934,4,2
GNAS,0.27077565,0.17004424,4,2
KLHDC4,0.20015581,0.16964859,4,2
SNX10,0.13740139,0.16911641,4,2
RPS26,0.017410696,0.16869515,4,2
SP110,0.116451554,0.16857584,4,2
PPP4R3B,0.22135036,0.16837865,4,2
NAA50,0.17751165,0.16824323,4,1
RNF149,0.18327542,0.16753343,4,2
ALOX5,0.22595961,0.16681108,4,2
ARPC1A,0.20093127,0.16602086,4,2
RPL17,0.21074484,0.16466922,4,2
CCDC47,0.13352977,0.1638629,4,2
ANXA7,0.18929107,0.16332732,4,2
PLAAT3,0.12902515,0.16259444,4,2
CDK2AP2,0.16533504,0.16204771,4,2
CAST,0.09626988,0.16169307,4,2
ADAM28,0.24305268,0.16156937,4,1
CCDC186,0.17220312,0.16131361,4,2
TNRC6A,0.18232101,0.16062506,4,1
NIBAN2,0.19439696,0.159817,4,1
KIAA1143,0.117896914,0.15886995,4,2
TMED10,0.15297765,0.15829204,4,2
GRK2,-0.0015398959,0.15824002,4,2
SPG7,0.18529488,0.15819058,4,2
NDRG3,0.17188597,0.15792233,4,2
FLOT1,0.15065533,0.157015,4,2
JAK1,0.043599468,0.15661877,4,2
CSK,0.057736695,0.15655018,4,2
UQCR10,0.14633104,0.15650612,4,2
JMJD1C,-0.0132701,0.15629387,4,2
SH3KBP1,0.052149553,0.15604258,4,2
HCFC1,0.17691338,0.15491177,4,2
HERC2,0.098750345,0.15379825,4,2
RTN4,0.18824935,0.15370753,4,2
TRAPPC2L,0.053592067,0.1536048,4,2
EEF1D,0.117446505,0.15327466,4,2
TMEM176A,0.12964286,0.15248257,4,2
SLFN5,0.13536142,0.15201333,4,1
DNAJC7,0.13359524,0.15192062,4,2
SNAP23,0.1666079,0.15182354,4,2
RMND5A,0.13468061,0.15148777,4,2
HIF1A,0.22744574,0.15095943,4,2
USP15,0.2302093,0.15042564,4,1
DENND3,0.12159232,0.14999053,4,2
MRC1,-0.013098161,0.14996564,4,2
APH1A,0.1508909,0.14964683,4,2
ZNF655,0.1353755,0.14914621,4,2
CBR1,0.14031462,0.14914574,4,2
TMEM68,0.13652664,0.14814307,4,2
LTBR,0.13642871,0.14805433,4,2
COX8A,0.079138875,0.14748406,4,2
SYNRG,0.18155909,0.14679131,4,2
CYP2R1,0.13648486,0.14670658,4,1
UQCR11,0.11200724,0.14644295,4,2
SMARCA2,0.23191983,0.14603287,4,2
FNBP1,0.18140455,0.1458942,4,2
NDUFA2,0.21877271,0.14491633,4,2
EGR2,0.12750508,0.14433415,4,2
RPS15A,0.1406122,0.14412344,4,2
DDX39B,0.22375225,0.14412007,4,2
EEF1G,0.102388225,0.14406061,4,2
ARPC5,-0.10397452,0.14348033,4,2
DENND4B,0.21144606,0.14337665,4,2
ATP6V1E1,0.17044027,0.14313345,4,2
FCGR1B,0.15817708,0.14310515,4,2
LY6E,0.077638306,0.1430417,4,2
CHMP2A,0.133879,0.1428446,4,2
SYNCRIP,0.16603647,0.14245224,4,2
POLR2L,0.009267752,0.14192522,4,2
AP1S2,0.15548007,0.14163797,4,2
NDUFS2,0.13457544,0.14139828,4,2
TEP1,0.13737579,0.14071363,4,1
COX6A1,-0.03033773,0.14063254,4,2
ATP6V0A2,0.16340618,0.13993263,4,2
PPM1M,0.1496043,0.13963921,4,2
MAST3,0.12438888,0.1391314,4,2
UBB,0.16857634,0.13825616,4,2
RPS3,0.06422516,0.13798165,4,2
LIPA,0.2139896,0.13786379,4,2
NUCB1,0.14543666,0.13776663,4,2
TMOD3,0.17100632,0.13764545,4,2
PDLIM7,0.10444971,0.13729146,4,2
RIN3,0.1723125,0.13727899,4,2
CKLF,-0.07921388,0.13671619,4,2
METTL26,0.19180067,0.13651903,4,2
CTDSP2,0.19044153,0.13644622,4,2
MORF4L1,0.33943138,0.13602972,4,2
EIF4H,0.10050047,0.13549463,4,2
BZW2,0.11809503,0.13548449,4,2
SERF2,0.10941428,0.13517308,4,2
MRPL21,0.11867005,0.13499266,4,2
MYO9B,0.21059541,0.13463548,4,2
ANKRD9,0.11981031,0.13404062,4,2
TOMM22,0.12365612,0.1335535,4,2
AKAP13,0.1308974,0.13336772,4,2
EDEM2,0.13435487,0.13317898,4,2
PHF19,0.19958906,0.13315725,4,2
SPIDR,0.1831605,0.13280739,4,1
RMDN3,0.18179941,0.13221392,4,2
LARP7,0.021380581,0.13186902,4,2
ATP6AP2,0.12811263,0.13186143,4,2
CDK4,0.16132016,0.13185742,4,2
PSMA1,0.23110276,0.13165422,4,2
IL18,0.050805315,0.13160071,4,2
MAP3K11,0.15517695,0.13063908,4,2
H3F3B,0.22542287,0.13037437,4,2
SSR1,0.16755497,0.13018298,4,2
CCDC12,0.10280496,0.13014646,4,2
GGA3,0.12850036,0.12954776,4,1
BUB3,0.122863054,0.12948194,4,2
CCL2,0.265241,0.12896533,4,2
CALM3,0.19083755,0.12884986,4,2
MTAP,0.07796113,0.12864771,4,2
CCDC142,0.1096893,0.12793002,4,1
RIOK1,0.22045362,0.1275581,4,1
LUC7L3,0.16092986,0.12715346,4,2
UBA1,0.2692071,0.12665254,4,2
LPAR5,0.17978056,0.12551373,4,2
HLA-C,0.26356128,0.12550318,4,2
DOCK10,0.22150902,0.1252085,4,2
ARPC4,0.10089526,0.12507886,4,2
FOXP1,0.06136045,0.12488252,4,2
CMPK2,0.24854684,0.123912156,4,2
EPB41L3,0.3278347,0.12388885,4,2
RANBP2,-0.012851834,0.1234085,4,2
PLIN3,0.045116052,0.12263419,4,2
MAPRE3,0.14467026,0.12217809,4,1
NT5C2,0.22790515,0.12209535,4,2
PRELID3B,0.25499743,0.122002654,4,2
VPS4B,0.13492219,0.1216798,4,2
DNPH1,0.11318111,0.12142311,4,2
TARDBP,0.15484293,0.1213943,4,2
ZBED1,0.089996465,0.12119892,4,2
MYLIP,0.13963743,0.12097837,4,2
COX6B1,-0.024212956,0.12096724,4,2
DMXL1,0.20312572,0.120896265,4,2
POLR2I,0.05338351,0.1208597,4,2
IGF1,0.21872832,0.12072803,4,1
LSM4,0.017581454,0.120174825,4,2
GAPDH,0.10304638,0.12007463,4,2
NET1,0.109617256,0.119865976,4,2
LDHA,0.055025,0.11967605,4,2
SMIM19,0.085978486,0.11962978,4,2
SRP9,0.07355713,0.11902206,4,2
HOMER3,0.07164424,0.11880779,4,1
BTF3,0.006287525,0.11878309,4,2
TRIB1,0.12303642,0.118672185,4,1
GSTK1,0.09552637,0.11851755,4,2
PDIA6,0.11423162,0.11837506,4,2
CCR1,0.2833074,0.11827329,4,2
EIF2A,0.122742645,0.11793619,4,2
ZBTB44,0.12614362,0.117799744,4,1
EIF3H,0.08739799,0.11714244,4,2
BCAT1,0.12451569,0.117030755,4,1
NONO,0.11270574,0.11688064,4,2
IREB2,0.11414323,0.11676482,4,2
EXOG,0.09669226,0.11658937,4,2
POLR2K,0.09166193,0.11642398,4,2
MAP1LC3B,0.23684943,0.11642283,4,2
LCP2,0.23850079,0.11627972,4,2
EIF5B,0.15085092,0.116026476,4,2
SPINT2,0.20771426,0.11599521,4,2
LILRB1,0.09060679,0.11584833,4,2
ATXN1,0.22296178,0.11542492,4,1
U2AF1L4,0.07564991,0.11527158,4,2
SRPRA,0.13055697,0.11514564,4,2
TGOLN2,0.0858987,0.114464015,4,2
SRSF1,0.088210315,0.11405947,4,2
CDV3,0.14754649,0.113837056,4,2
PIK3R1,0.027722975,0.11377874,4,2
SEMA4D,0.087308444,0.112874635,4,2
MRPL52,0.10913543,0.112576514,4,2
PRRC2C,0.043157082,0.11256912,4,2
TGFBR1,0.23416917,0.112390906,4,2
WIPF1,0.16636944,0.112296164,4,2
PPRC1,0.12870185,0.11184431,4,1
CFAP298,0.15951346,0.11178314,4,1
PPT1,0.19095449,0.11159769,4,2
TCF25,0.17245412,0.11158988,4,2
LEPROTL1,0.07717791,0.11147179,4,2
TLE3,0.07730645,0.11121304,4,2
ZSWIM6,0.060840964,0.11114256,4,2
PRELID1,0.18373524,0.11112177,4,2
ITGA5,0.12099689,0.11089797,4,2
SNX14,0.14467472,0.11087711,4,2
LINC01678,0.06324769,0.110684484,4,2
LENG8,0.18082519,0.11063353,4,2
RPS6KA1,0.07852876,0.11060304,4,2
ARHGAP27,0.16027267,0.11047557,4,2
TMEM259,0.10864877,0.11021781,4,2
PLA2G15,0.055999815,0.11016092,4,2
MAML1,0.12319821,0.110059336,4,1
RPN2,0.11163924,0.109821424,4,2
ASPSCR1,0.14268535,0.10966269,4,2
IQGAP1,0.08994374,0.10952388,4,2
CRYZL1,0.14125358,0.10930646,4,1
EMP3,0.22069876,0.10880387,4,2
EPN1,0.16695784,0.10876796,4,2
ITFG1,0.20035543,0.10855442,4,2
NME6,0.17794931,0.10849959,4,1
SUSD6,0.088046946,0.10847166,4,2
SNX2,0.1447892,0.10837445,4,2
DPP7,0.21432503,0.10817748,4,2
CHID1,0.044721607,0.107864216,4,2
PRKCSH,0.11832956,0.107817575,4,2
SIK1B,0.07879623,0.10775568,4,2
CCDC88B,0.13457525,0.107692964,4,1
MCL1,0.014170021,0.10767853,4,2
IGSF21,0.16953616,0.10765846,4,2
NADK,0.25196823,0.107626244,4,2
JPT1,0.035132173,0.107563496,4,2
TAF10,0.042270858,0.10753667,4,2
CLEC16A,0.10214422,0.107238926,4,2
NR3C1,0.05231617,0.107188806,4,2
CD63,0.06004399,0.10718173,4,2
HSPA1A,0.42902637,0.106621906,4,2
TNFRSF1B,0.2454061,0.106545106,4,2
BCLAF1,0.16707383,0.10644038,4,2
MKNK2,0.046549987,0.106423765,4,1
ZNF234,0.20458521,0.10641761,4,2
CNBP,0.119936265,0.106397,4,2
GINM1,0.061183404,0.106322125,4,2
CMC2,0.12638997,0.10628994,4,2
ARIH1,0.16086465,0.10626586,4,1
HNRNPUL1,0.18571997,0.10549566,4,2
PTPN6,0.23800194,0.10544619,4,2
ETV6,0.34761345,0.10538231,4,1
LARP1,0.085303925,0.10529487,4,2
SNRPD1,0.07233562,0.10483706,4,2
KIFC3,0.08716304,0.104823574,4,2
TIMM17A,0.08246255,0.10480046,4,2
SIRT7,0.12589867,0.1047129,4,1
S100A13,0.0836732,0.10449135,4,2
PTEN,0.10870576,0.104459524,4,2
APBB3,0.035628766,0.104396135,4,2
STUB1,0.08109778,0.104161374,4,2
ARMC10,0.105207466,0.10397881,4,2
CHPF2,0.05453804,0.10392593,4,2
IGF2R,0.17082475,0.10340702,4,2
TENT2,0.121463776,0.103278875,4,2
GPAA1,0.12018036,0.10319206,4,2
CSNK1G2,0.16640772,0.10303751,4,2
DOCK2,0.04641494,0.1030338,4,2
COPS9,0.07992885,0.10286467,4,2
MFNG,0.114093594,0.10281854,4,2
NTMT1,0.09032904,0.10267842,4,2
AKT1S1,0.04543041,0.10267152,4,2
CLEC7A,-0.16246696,0.1026302,4,2
C1orf162,0.18312389,0.10234809,4,2
CPNE8,0.1432304,0.10224801,4,1
CLEC5A,0.055885077,0.10211696,4,2
CGAS,0.0917348,0.10201068,4,2
MOB3A,0.07359627,0.10184189,4,2
PDCD4,0.08213708,0.1017858,4,2
SYTL3,0.15584797,0.101701185,4,2
MRPL24,0.04900158,0.101586916,4,2
CTNNBIP1,0.04529601,0.10158544,4,2
BISPR,0.09714826,0.10153085,4,2
COPE,0.26104274,0.10108748,4,2
VPS39,0.06382859,0.101085275,4,2
C3AR1,0.09102156,0.10095671,4,2
ZNF24,0.09981678,0.10084654,4,2
WDFY1,0.15074402,0.100808755,4,1
AKAP9,0.169069,0.10072981,4,2
MAN2C1,0.12406614,0.10062952,4,2
GOSR2,0.1500508,0.1002398,4,2
NFIC,0.049689442,0.10016756,4,2
KLF3,0.14891602,0.0998863,4,1
ZC3H13,0.17115569,0.099685654,4,2
ADK,0.20959882,0.0996286,4,1
PALD1,0.22644949,0.09956111,4,2
P4HA1,0.08849555,0.099547856,4,2
RPL7,0.08739159,0.09932804,4,2
COX4I1,0.18588482,0.09922063,4,2
SF3B5,0.07134444,0.09918803,4,2
DDX60L,0.104155384,0.09907663,4,1
NEDD8,0.12210258,0.09898898,4,2
ADAM15,0.09431144,0.09887765,4,2
ATP5ME,0.12851483,0.09840843,4,2
SLC2A3,0.13103546,0.09838624,4,2
MMP9,0.15110968,0.09828018,4,2
ING5,0.07496227,0.09810479,4,2
ACTR1B,0.11383351,0.09803256,4,2
EIF3K,-0.00019952655,0.097850055,4,2
HERPUD1,-0.0526873,0.09719294,4,2
TET2,0.22478093,0.09694044,4,1
DENND1B,-0.009419613,0.09683227,4,2
PUM1,0.15975572,0.09681568,4,2
PTPN7,0.18101716,0.09669247,4,1
EVL,0.08544388,0.096608326,4,2
SKAP2,0.16647983,0.096560284,4,2
C6orf136,0.1142354,0.09652151,4,1
NFATC2,0.17427123,0.09648118,4,2
PFDN6,0.1432355,0.096462846,4,2
MAP4K2,0.15236992,0.096277475,4,2
COMT,-0.023474833,0.09619862,4,2
NPC2,0.09476324,0.09603572,4,2
AIG1,0.088865854,0.096017405,4,1
LYPLAL1,0.10464791,0.09599528,4,2
ERCC6,0.1407099,0.095960714,4,1
ZGPAT,0.08560104,0.095902994,4,2
HSPA1B,0.3425951,0.095851935,4,1
NOL7,0.00659506,0.095792174,4,2
ASL,0.090355106,0.095647156,4,2
TNS1,0.28737992,0.095636144,4,2
MAPKAPK5,0.06947319,0.09553468,4,2
MRPL14,0.10257894,0.09534122,4,2
NDUFB9,0.11299521,0.09506658,4,2
ALCAM,0.093788125,0.094778225,4,2
SF3B1,0.20282872,0.094736874,4,2
AP5Z1,0.0717156,0.094722986,4,2
ITSN2,0.050881088,0.094678,4,2
MLEC,0.05742232,0.09459593,4,2
RNPEPL1,0.106975995,0.0945331,4,2
FAAP20,0.118908234,0.0945037,4,2
SPG21,0.059153076,0.09437883,4,2
YBX1,0.13528867,0.09392959,4,2
EFHC1,0.14489,0.093743354,4,1
LTC4S,0.021869889,0.093595445,4,2
ANKRD11,0.046720836,0.09344013,4,2
SARS2,0.14742035,0.093408875,4,1
OSTC,0.097351946,0.09334614,4,2
ACSL4,0.22126429,0.09324245,4,1
TAZ,0.12528855,0.09321145,4,1
DGLUCY,0.114006676,0.09318099,4,2
HERC1,0.15105003,0.09306954,4,2
QKI,0.26531085,0.09298137,4,2
AC022098.1,0.096845776,0.092752986,4,1
FNBP4,0.010440742,0.09265721,4,2
RAN,-0.11644394,0.09232083,4,2
MPEG1,0.14750873,0.092192486,4,2
C12orf49,0.060826868,0.092134565,4,2
MARVELD1,0.106124036,0.09198601,4,2
FPR1,0.10088136,0.09177143,4,2
RTF1,0.04810227,0.09175204,4,2
SSNA1,0.0848882,0.09173621,4,2
RABL6,0.11615021,0.091725744,4,2
DCAF6,0.054686323,0.091704465,4,2
TOMM20,0.021042356,0.09162082,4,2
ALDH3A2,0.097771905,0.091511995,4,2
ANKRD36C,0.10804943,0.091317594,4,1
THRAP3,0.12412393,0.091256976,4,2
GM2A,0.16067098,0.09112376,4,2
LINC00963,0.09003925,0.09111978,4,1
COA6,0.09619683,0.09103658,4,2
RAB8A,0.081683196,0.09080027,4,2
BTN3A2,0.061086804,0.0907463,4,2
MYL12B,0.0556782,0.090720266,4,2
PKM,-0.048128266,0.09027398,4,2
COX20,-0.023428058,0.090240285,4,2
DNAJB11,0.084558755,0.09022131,4,0
LRMDA,0.14354672,0.09002714,4,2
PGK1,-0.12554267,0.089987636,4,2
HNRNPH1,0.014867927,0.08987419,4,2
AIP,0.027283384,0.089866765,4,2
ERAP2,0.071255006,0.089823,4,2
SLC2A4RG,0.124940276,0.08981064,4,2
AKIRIN2,0.08477268,0.08954978,4,2
KMT2D,0.032779228,0.08952351,4,2
ITGAV,0.044447143,0.08951609,4,2
GGNBP2,0.1434427,0.08947803,4,2
KDM5C,0.071921,0.08943826,4,2
ITPRIP,0.07233267,0.08912891,4,2
UBE2K,0.065970056,0.0891242,4,2
ATM,0.15222818,0.08895761,4,2
SP100,0.1328177,0.0887163,4,2
SF3B4,0.068365104,0.08831511,4,2
CFAP410,0.08369269,0.088264406,4,1
HDLBP,0.15896393,0.08824688,4,2
MAN2B1,0.23893331,0.088053584,4,2
ZFX,0.13018888,0.08798477,4,1
EIF2S3,0.054485917,0.08772464,4,2
GPR108,0.17105107,0.08771772,4,1
NTHL1,0.07606322,0.0875885,4,2
LTN1,0.091754854,0.08737345,4,2
APOC1,-0.03374062,0.08737099,4,2
MNDA,0.12770599,0.08726871,4,2
EIF4A1,0.16004439,0.08719236,4,2
NDRG2,0.12882292,0.087173745,4,2
ARGLU1,0.081341855,0.08695321,4,2
CLPTM1L,0.08857224,0.08690846,4,1
RPS13,-0.23698111,0.086892605,4,2
TPP2,0.1650105,0.086820714,4,2
APOBEC3G,0.09062981,0.08619318,4,2
MRPL54,0.0926196,0.08598626,4,2
ARSA,0.105547,0.08587851,4,0
TSPAN4,0.10040625,0.08573024,4,2
SRPRB,0.12039978,0.085730135,4,2
TMEM192,0.057411198,0.08566995,4,2
PAXX,0.12347717,0.08560623,4,2
RASSF4,0.38688982,0.085485846,4,2
AC090559.1,0.08466963,0.08537631,4,2
HNMT,0.113227844,0.08532715,4,2
MROH1,0.115570225,0.08528152,4,2
NOL10,0.12361809,0.08512932,4,1
WWP1,0.15491924,0.08495947,4,2
VIRMA,0.06529244,0.08488976,4,2
SAMSN1,0.12186023,0.08482891,4,2
PACS2,0.087395914,0.08475428,4,2
NR4A3,0.17312576,0.084670186,4,2
ADD1,0.20024365,0.08455424,4,2
ERH,0.082817145,0.08433969,4,2
DISC1,0.110333115,0.08430292,4,1
IKZF1,0.005784502,0.08421347,4,2
BLVRA,0.07987455,0.08376716,4,2
ST8SIA4,0.13567892,0.08365846,4,2
PHF10,0.11674836,0.08351628,4,2
P2RY13,0.018432815,0.083379395,4,2
TTC37,0.16678697,0.083364226,4,1
POC1B,0.05010699,0.08322671,4,2
THOC2,0.029914692,0.0831116,4,2
RBM4,0.11673509,0.08288181,4,2
HCP5,0.107278,0.08273277,4,2
TTLL4,0.12661098,0.082706474,4,2
SLC8A1,0.03722598,0.08263761,4,2
SMG9,0.11471286,0.082528934,4,2
UROS,0.08253938,0.08247408,4,2
PRKACA,0.12336367,0.08243894,4,2
EVA1B,0.0820036,0.0821554,4,1
LAGE3,0.043025646,0.08214103,4,2
ANKRD12,0.11962869,0.08195236,4,2
COX7B,0.106456585,0.08189601,4,2
WWP2,0.08094985,0.08186642,4,2
TPR,0.12603848,0.08177965,4,2
ATP5MF,0.06301283,0.08168262,4,2
SPTLC2,0.16957188,0.081299156,4,1
UBR3,0.047310557,0.0812608,4,2
SNF8,0.07169514,0.08117871,4,2
DESI2,0.0414666,0.081054136,4,2
LARP4B,0.10710787,0.08100989,4,2
WWC3,0.13153899,0.08094144,4,1
MZT2B,0.10298962,0.080924004,4,2
MIOS,0.035896614,0.080915436,4,2
PQBP1,0.07298898,0.08089684,4,2
TSPYL1,0.07497824,0.08089023,4,2
PSMB6,0.01862812,0.080632925,4,2
PSMD13,0.05694155,0.08059743,4,2
MBNL1,0.14211,0.080545545,4,2
ETFB,0.062990084,0.080185905,4,2
HBS1L,0.10208722,0.08016941,4,1
ABHD17A,0.10251089,0.08010337,4,2
CPNE3,0.07453164,0.08005981,4,2
RNPS1,0.09877924,0.08001174,4,2
TMEM41B,0.17740726,0.079973444,4,2
SLC2A5,0.03749697,0.079847544,4,2
PMEPA1,0.07054424,0.079836205,4,1
UBR4,0.10226909,0.07973181,4,2
SMIM20,0.044116605,0.07972033,4,2
PLEKHO1,-0.14549683,0.07970148,4,2
VGLL4,0.05016363,0.079611376,4,2
DHX9,0.105723105,0.07917276,4,1
ACADVL,0.21126358,0.07917242,4,2
UBE2D3,0.095615596,0.0791024,4,2
TBL1XR1,0.13015331,0.07884443,4,2
PARP10,0.13121304,0.0787389,4,2
FAM118A,0.10455044,0.078676775,4,2
EPS15L1,0.112770446,0.07862844,4,2
MESD,0.035038702,0.078388035,4,2
C9orf16,-0.030678034,0.07830554,4,2
TBK1,0.085642315,0.077842906,4,2
ZFR,0.13506266,0.07773831,4,2
RSU1,-0.019722238,0.077673,4,2
BMPR2,0.18203817,0.0776294,4,2
DAP3,0.07993108,0.07760795,4,2
DCLRE1C,0.043148,0.077363685,4,2
DSC2,0.060360715,0.077303335,4,2
ARFGAP1,0.053332973,0.077049024,4,2
ARHGEF2,0.1898253,0.077005155,4,2
TMEM138,0.09991174,0.07699951,4,2
PAIP1,0.060634896,0.07659873,4,2
LCOR,0.12597178,0.07657071,4,1
DRG2,0.17756681,0.07642768,4,1
DNAJC14,0.08320328,0.076416716,4,1
AC005261.1,0.15494832,0.07616628,4,1
WBP1L,0.13649018,0.0761055,4,2
FAM20C,0.12713361,0.07606716,4,2
HSF4,0.10276117,0.07598019,4,2
TUFM,0.06250381,0.07592502,4,2
MMP2,0.062411904,0.07564905,4,2
PNMA1,0.09878979,0.07564271,4,2
SKIL,0.018230265,0.075614214,4,2
DYNLT3,0.086366236,0.07557753,4,2
ZBED5,0.13995193,0.07556985,4,1
MED13L,0.08859316,0.07551183,4,2
COQ8A,0.101015665,0.075481065,4,2
NELFE,0.004945735,0.07525504,4,2
TAF6L,0.078348815,0.07516414,4,2
ABI2,0.16654703,0.07507318,4,1
MARS,0.085921995,0.07479391,4,2
SOD1,-0.013822173,0.07478845,4,2
NORAD,-0.005513797,0.074661255,4,2
CABIN1,0.1420488,0.07450561,4,1
TWF2,-0.10352471,0.07442406,4,2
TRPV4,0.14975427,0.07421664,4,1
REEP5,0.09187916,0.074171275,4,2
KCNMB1,0.0035630167,0.07406744,4,2
TRAPPC4,0.08870709,0.07395509,4,1
WASL,0.10549613,0.07381411,4,2
DOK5,0.04878659,0.07373346,4,2
RABAC1,-0.05261424,0.07372628,4,2
LRRC59,0.026890434,0.07367892,4,2
EXOSC9,0.0299645,0.07367145,4,2
LINC02611,0.11108333,0.073522694,4,2
PSMA5,0.16840829,0.073478274,4,2
SLC39A9,0.08504785,0.07342199,4,2
PTPRN2,0.0727596,0.07328124,4,2
NUTF2,-0.016171033,0.073249996,4,1
GPR82,0.094258755,0.073170155,4,1
H3F3A,0.09035041,0.07308972,4,2
NDUFV1,0.09752878,0.07305643,4,2
CSRNP1,-0.016428301,0.07299133,4,2
PYGL,0.12111589,0.0728533,4,2
JARID2,0.033710852,0.07279213,4,2
F11R,0.08679557,0.07278462,4,1
ATP5MD,0.1942687,0.07226038,4,2
DCXR,0.1205618,0.072231434,4,2
SRSF6,-0.0027007014,0.0721901,4,2
HEBP1,0.047912683,0.07210246,4,2
PAFAH1B2,0.12714678,0.07204652,4,2
MOB1B,0.084489316,0.071891,4,2
ICA1,0.07732593,0.071678646,4,2
FAM219B,0.05869997,0.07167807,4,2
FAM126A,0.059239846,0.07165103,4,2
ADNP2,0.08187976,0.071616545,4,1
BOP1,0.066370465,0.071542285,4,2
MAPK8IP3,0.11663411,0.071452364,4,2
RBM3,0.09984224,0.07113294,4,2
SPACA9,0.08451102,0.07103895,4,1
HLA-DOA,0.05510213,0.07100191,4,1
PRKCA,0.04720096,0.070853725,4,2
PLOD1,0.05380604,0.07082971,4,2
SH3BP1,-0.013625194,0.07080183,4,2
SMG7,0.05236389,0.07077193,4,1
MICOS10,-0.05165744,0.07075298,4,2
RAB8B,0.09617437,0.070635594,4,2
TDG,0.12635204,0.07050945,4,1
LONP2,-0.066361435,0.07048336,4,2
UBE2B,0.0534035,0.07040317,4,2
R3HDM4,0.06221242,0.07030484,4,2
MX2,0.11806936,0.07019123,4,2
LEPROT,0.10412165,0.070173904,4,2
MIDN,0.18065898,0.069891416,4,2
SNAPC4,0.063373834,0.069851674,4,1
AC092821.3,0.09928343,0.0697517,4,1
TRAPPC2,0.0825639,0.06958249,4,1
MT1X,-0.08063024,0.06930345,4,2
NOSIP,0.04765594,0.06924689,4,2
SLC30A1,0.082488865,0.069195464,4,1
KDM4B,0.111925066,0.06917137,4,2
EIF3B,0.09181895,0.06911631,4,0
RAB3IL1,0.17735736,0.06896423,4,0
ZYG11B,0.059829697,0.06895417,4,1
DDX27,0.06544987,0.06869001,4,2
GLG1,0.023064634,0.06868607,4,2
KHDRBS1,0.099744834,0.068464145,4,2
TGFB1,0.13783212,0.068403244,4,2
CIB1,-0.013001065,0.06820157,4,2
PAFAH1B1,0.130781,0.06819305,4,2
SCRN1,0.12776025,0.06809872,4,1
NOL3,0.06506849,0.06795279,4,2
ACO2,0.078680344,0.06766965,4,2
MAP4K5,0.11879463,0.06766249,4,2
MEF2D,0.07959458,0.06754733,4,2
MRPL41,0.0941521,0.067433715,4,2
FKBP4,0.07497843,0.06725055,4,1
TRA2A,0.10415641,0.06713842,4,2
ENTPD6,0.21180631,0.06706413,4,2
DNAJC3,0.08809342,0.06703723,4,1
SNHG29,0.017360082,0.0667423,4,2
TPP1,0.121762365,0.06673935,4,2
MIF,-0.18087287,0.06672835,4,2
CTSA,0.040039882,0.06665629,4,2
VPS36,0.15945509,0.06664996,4,2
UQCRQ,0.011044134,0.06660354,4,2
C11orf54,0.07473861,0.06657748,4,2
ZNF281,0.071754664,0.06656301,4,2
RAB1B,0.009153023,0.0665369,4,2
PCNP,0.09015829,0.066457294,4,2
PLEK2,0.003647839,0.06638397,4,1
RBM22,0.13630778,0.06628413,4,1
BRWD1,0.011326551,0.06627768,4,2
GALNT10,0.093378,0.06616212,4,1
UBE2G2,0.05556734,0.06614031,4,2
METTL9,0.098735355,0.06609248,4,2
HERC5,0.12617424,0.06606297,4,1
SRP19,0.057785016,0.06605996,4,2
GALC,0.023645498,0.066016994,4,2
GALNT11,0.13640243,0.06599841,4,1
SENP3,0.08833543,0.065859735,4,2
SHISA4,0.0942553,0.06581384,4,2
USP33,0.09617024,0.06580962,4,1
YIPF6,0.09757144,0.065673746,4,2
TFPT,0.043195587,0.06548056,4,2
N4BP2L2,0.31056032,0.06547758,4,2
SPART,0.033314113,0.06544144,4,2
EBLN3P,0.042915363,0.065399505,4,2
PRDM2,0.08612606,0.065342225,4,2
TLR1,0.110696115,0.06527297,4,1
PTGES3,0.26079926,0.06509739,4,2
CCDC125,0.10404333,0.06497602,4,1
FILIP1L,0.03292321,0.06484118,4,1
DYNC1I2,0.06795617,0.064836636,4,2
RALGAPA2,0.09635902,0.06479903,4,1
UBAC2,0.0026553571,0.06467465,4,2
DGKZ,0.11974583,0.06464417,4,2
CCNDBP1,0.030794725,0.064480364,4,2
UBA3,0.039696455,0.064385295,4,2
NECAP2,0.0642113,0.06436795,4,2
VOPP1,0.24851565,0.064320296,4,2
TMEM167A,0.045729186,0.06426588,4,2
ARHGAP25,0.08525168,0.06421996,4,1
HK2,0.1062237,0.064191334,4,2
AP4E1,0.1260384,0.064141154,4,1
SSH1,0.010174692,0.064093605,4,2
MYCBP2,-0.0015121201,0.06387144,4,2
IRF7,0.20445605,0.06378037,4,2
TLK2,0.054988295,0.063758366,4,2
SMC5,0.074599534,0.06370597,4,2
LYPLA2,0.0802447,0.06362558,4,2
CCDC115,0.06865124,0.06357454,4,2
USP8,0.1066527,0.06356904,4,2
MTMR14,-0.033891708,0.06353879,4,2
STRN4,0.10158491,0.063522756,4,0
CNTRL,0.14030059,0.06352073,4,2
HAUS6,0.012924875,0.06350463,4,2
SMAP1,0.20860963,0.063178174,4,2
DCTN1,0.0420028,0.06310865,4,2
MGAT1,0.08109366,0.062943876,4,2
PACSIN2,0.07521137,0.06290926,4,2
ANP32E,0.121370286,0.06282804,4,2
SNHG14,0.048726767,0.062716715,4,2
THBD,0.030360654,0.06270468,4,2
ZBTB4,0.07281292,0.062665775,4,2
CDK10,-0.022005692,0.062663496,4,2
DCAF11,-0.020564288,0.062301405,4,2
ORAI2,0.06502226,0.06223456,4,2
STX12,0.116071105,0.06213717,4,2
SUPT5H,0.113239266,0.062124617,4,2
DAZAP1,0.14412074,0.06209325,4,2
TMCC1,0.05390198,0.062015288,4,2
RBBP4,0.1742581,0.061930507,4,2
YTHDF2,0.0675863,0.061861817,4,2
ETHE1,-0.023687892,0.06179727,4,2
LUC7L,0.11437287,0.06175247,4,2
DHRS4,0.15084629,0.061743595,4,2
EWSR1,0.058230877,0.061708048,4,2
SRI,0.13085844,0.0616559,4,2
ATN1,0.12435969,0.06162457,4,1
TMEM222,0.06628337,0.061614554,4,2
TMEM86A,0.054349273,0.061608538,4,1
CD2AP,0.08800066,0.061517343,4,1
HDAC5,0.07782989,0.0614483,4,2
ATL3,0.09785271,0.06132089,4,2
TUSC2,0.06588458,0.061200794,4,2
KIAA2013,0.059850458,0.06114325,4,2
PBXIP1,0.022851015,0.06107929,4,1
MAML2,0.05827437,0.061001495,4,2
ABCC4,0.12187352,0.06099809,4,1
DNASE1L1,0.07591689,0.060972184,4,1
PREX1,0.0981336,0.060792774,4,2
UHRF2,0.07737699,0.060790133,4,2
IGHG1,0.102211036,0.060705926,4,2
YWHAQ,0.19095612,0.060653225,4,2
WDR1,-0.02424406,0.06064686,4,2
IFIT3,0.10319104,0.06061887,4,2
ABHD3,0.09141893,0.060538094,4,2
CACUL1,0.06936045,0.06048432,4,2
RGL2,0.06580848,0.060471095,4,1
ZNF710,0.031174744,0.06040988,4,1
TRIO,0.1311147,0.060346644,4,2
RC3H1,0.16869195,0.06021074,4,2
AKNA,0.038145714,0.060085163,4,1
NIPAL3,0.06532826,0.060084455,4,1
FBXO30,0.08922414,0.06007657,4,2
CDKN2C,0.12537138,0.06002575,4,1
NCOA6,0.1560712,0.059943125,4,2
ZNF580,0.03374497,0.059919804,4,2
PTK2B,0.033677187,0.059769258,4,2
PLXNA2,0.07298614,0.05975187,4,2
PKN1,0.17923449,0.059628755,4,2
DCTN3,0.05673511,0.059486546,4,2
KLF7,0.096244395,0.059469577,4,2
SCOC,0.07829996,0.059463095,4,2
SMC4,0.06218596,0.05941961,4,1
PLEKHB2,0.20384844,0.059365176,4,2
SCAF4,0.068958245,0.059189796,4,2
KIAA1211L,0.08030719,0.059152465,4,1
NXPE3,0.08302071,0.058929224,4,2
POLR2J,0.1157191,0.058922812,4,2
NUP42,0.08578464,0.05886422,4,2
FOS,0.26775065,0.058813214,4,2
ZNF33A,0.103505336,0.05880648,4,1
TXNL4A,0.10904417,0.05873181,4,2
SEMA4C,0.059217393,0.058443274,4,1
PNN,-0.0007710755,0.058406927,4,2
NUDT3,0.10689279,0.05837117,4,2
GUK1,0.16411935,0.058208883,4,2
USP22,0.078465946,0.058187123,4,2
ZNF585B,0.05943208,0.05811049,4,1
TOX4,0.091445774,0.05810362,4,1
PPP2R5E,0.06607308,0.057914786,4,1
SETX,0.19341345,0.057820544,4,2
HTT,0.1115611,0.057806402,4,2
LPCAT2,0.1668815,0.057798833,4,2
SHOC2,0.08451987,0.057757534,4,2
QARS,0.032905336,0.05775194,4,2
NRDC,0.09017224,0.05771786,4,2
APEH,0.10501626,0.057674583,4,2
IRS2,0.07074899,0.05756654,4,1
STX18,0.07132161,0.057490703,4,2
SLC12A7,0.03923554,0.057262063,4,1
TAF12,0.06671243,0.05725093,4,2
POGK,0.053812873,0.057071052,4,2
PSMD9,0.055046942,0.0570162,4,2
PECAM1,0.04352118,0.056884423,4,2
MYO1G,0.09650778,0.056702465,4,2
SELENON,0.085282445,0.056666605,4,2
WDR82,0.080970705,0.05662643,4,2
SLC30A6,0.11286295,0.056572363,4,1
RPS6KA3,0.06493003,0.05653552,4,2
ARIH2,0.053980183,0.056504723,4,1
ACAP2,0.053691227,0.056412652,4,2
KIF20B,0.09368243,0.056399256,4,1
TBC1D9B,0.12739952,0.056269467,4,2
LIAS,0.028260082,0.056050178,4,2
CD59,0.058020715,0.05579847,4,2
MRPS22,0.0071609914,0.055725735,4,2
NMNAT1,0.075270705,0.05568045,4,1
PUM3,0.05051745,0.05567327,4,1
TP53INP1,0.0739685,0.055643633,4,2
TPMT,0.012123172,0.055604473,4,2
CPT1B,0.10631176,0.05555444,4,0
XPO6,0.080845706,0.055407077,4,2
SEC61A1,0.019938411,0.05530913,4,2
FAM177A1,0.0032093052,0.055280656,4,2
TUBB2A,0.06463184,0.055230062,4,1
GGCX,0.024765281,0.05509583,4,2
DZIP1L,0.04867069,0.054935314,4,1
AP3S2,-0.0155949,0.05462379,4,2
STX10,-0.0215485,0.054592505,4,2
FAM234A,0.07279151,0.054514635,4,1
RUNX2,0.093763135,0.054416448,4,1
ADPRH,0.057671215,0.05441472,4,1
ECI2,0.021954328,0.053937927,4,2
DNAJC4,0.1325713,0.053816974,4,2
EID1,-0.037018646,0.053792477,4,2
SAFB,0.041154433,0.053756014,4,2
FGD4,0.0648056,0.05351933,4,1
TK2,0.17340297,0.053430934,4,0
MYO18A,0.11877266,0.053399637,4,0
ZNRF2,0.039815217,0.053346965,4,2
ATP5MPL,-0.014000043,0.053263932,4,2
C12orf43,0.0897739,0.053177066,4,2
NDUFA6,-0.018248567,0.05302292,4,2
SLC36A1,0.010348976,0.053004712,4,2
MRO,0.054487836,0.052880958,4,1
HNRNPD,0.14669824,0.05277008,4,2
RBM19,0.07464751,0.052684806,4,1
PHF1,-0.002928694,0.0526701,4,2
CLUH,0.03603545,0.052594084,4,2
TOP1,0.10985828,0.05244802,4,2
SNX18,0.121877976,0.052429266,4,2
PAPSS2,0.08360404,0.05218696,4,2
BNIP2,0.07124739,0.052141882,4,2
MMP14,-0.03389551,0.05213079,4,2
UHMK1,0.01905995,0.052106887,4,2
EIF2AK1,0.025970777,0.052060224,4,2
SMIM4,-0.0011657128,0.051919043,4,2
APEX2,0.038860917,0.05183135,4,2
ETNK1,0.17739095,0.051778138,4,2
AP5B1,0.071650736,0.05164703,4,2
FBXO6,0.057975683,0.051586214,4,2
EIF4B,0.0026423484,0.051582173,4,2
HAUS2,0.056397527,0.0515285,4,1
LILRB2,0.13505304,0.051468603,4,2
DNAJB1,0.14602907,0.05146851,4,2
PARP1,0.10864986,0.05132678,4,2
IQGAP2,0.2104225,0.05112701,4,2
AP1AR,0.011867245,0.051065743,4,1
KLF10,0.13321988,0.05105225,4,2
DCP2,0.018191103,0.050698634,4,2
MIIP,0.08654797,0.050666958,4,0
GMFG,0.07138899,0.050604224,4,2
ESYT1,0.025401056,0.0505101,4,2
ZFAND2A,0.050934274,0.050350863,4,2
RPL36,0.12752311,0.05031395,4,2
KMT2B,0.05612578,0.05031384,4,2
RABGGTA,0.024369335,0.05029346,4,2
STAT6,0.11564914,0.050199516,4,2
NPRL3,0.03999811,0.050148547,4,1
HSD17B10,0.02266673,0.049944833,4,2
ARHGAP15,0.0128829405,0.049944717,4,2
PLEKHJ1,0.0964373,0.049769416,4,2
GNL2,0.011088322,0.04975065,4,2
BRAP,0.044471446,0.049696915,4,2
PIK3CD,0.109440506,0.049673732,4,1
CTCF,0.008479922,0.04962984,4,2
RYBP,0.09668053,0.04942793,4,1
HEATR6,0.17099594,0.049298313,4,1
SLC1A4,0.018666478,0.04918785,4,1
AC103591.3,0.046526,0.048927117,4,1
SYK,0.07191727,0.048786104,4,2
DAXX,0.08250616,0.04870179,4,2
HIST1H1E,-0.024659745,0.048581682,4,2
CRTC2,-0.012815346,0.04857995,4,2
MFAP1,0.0034122963,0.048517782,4,2
ADAMTSL4,0.16936584,0.048472747,4,1
FUNDC1,0.06087294,0.048428692,4,1
SLC7A8,0.14992593,0.048422895,4,2
PLBD1-AS1,0.07491013,0.048407342,4,1
C1orf35,-0.03046202,0.04839921,4,2
AC100849.1,0.0850737,0.04836149,4,2
LRPAP1,0.09459106,0.048338383,4,2
STK40,0.04088961,0.048338212,4,1
CCDC107,0.04970595,0.04825695,4,2
ARL8A,0.02774457,0.04824852,4,2
RBM26,0.010155755,0.048158154,4,2
NEK6,0.0010712991,0.04813537,4,2
NME4,0.035758253,0.04809217,4,2
DNAJC21,0.07272995,0.048075557,4,1
CASP1,0.0406238,0.048001096,4,2
CLASP2,0.06519703,0.047907136,4,2
ZFYVE26,0.13702218,0.047771312,4,1
PCED1B,-0.048271697,0.047482036,4,2
DEF6,0.031869978,0.04743416,4,2
SLPI,0.05799277,0.047397554,4,2
GIT1,0.050284505,0.047354512,4,0
PTPN1,0.03340731,0.04726421,4,2
CSTF2T,0.11281612,0.04724819,4,1
ZNF431,-0.1258229,0.04723241,4,2
CWF19L2,0.058674615,0.04717511,4,1
FARSA,0.06977412,0.04713893,4,2
DENR,0.08810747,0.047083884,4,1
DHTKD1,0.00493746,0.046943687,4,1
MRAS,0.049802084,0.046939276,4,2
EZR,0.07240658,0.04692468,4,2
SOS1,0.07992943,0.04689597,4,2
SDHD,0.0089342045,0.046872236,4,2
DHX38,0.03811078,0.046861608,4,2
MRPL51,-0.028067857,0.04676254,4,2
C16orf70,0.09810868,0.046755835,4,2
RASGRP4,0.059502825,0.04670042,4,0
IFT122,0.07527596,0.046655588,4,0
ATXN2,0.04160751,0.04665478,4,2
MAN2B2,0.06210498,0.046485506,4,2
MAPK14,0.017419385,0.0464833,4,2
C8orf33,0.11065811,0.04642101,4,1
MYO5A,0.19781572,0.046318293,4,2
METRN,0.054008912,0.046238158,4,0
MRM2,0.07520459,0.046195004,4,2
YLPM1,0.072591186,0.046184633,4,2
DIAPH1,0.098385096,0.046164345,4,1
CELF1,-0.008691107,0.04602629,4,2
LZTR1,0.1264586,0.04601436,4,2
TOR1AIP2,0.11224868,0.045977842,4,1
RENBP,0.05317843,0.045940712,4,2
IL4R,0.0924188,0.045903772,4,2
SGSM3,0.12763648,0.045880087,4,2
GTF3A,0.0061213225,0.045851573,4,2
RFK,0.047927033,0.045796227,4,0
FUBP1,0.109458566,0.045777425,4,1
RNF214,0.045402158,0.04572376,4,2
AHNAK,0.21512206,0.045708835,4,2
CCDC85B,-0.04137187,0.045675397,4,2
PPP1R12C,0.11683094,0.045647718,4,1
SGK1,0.1449428,0.045609653,4,2
SLC17A9,0.017894588,0.045352668,4,1
GLO1,0.06184617,0.045226097,4,2
CHTOP,0.079937644,0.04513965,4,2
CAMSAP2,0.10663378,0.045050055,4,1
C20orf194,0.14641315,0.04501848,4,1
PHACTR2,0.043679148,0.04501251,4,2
XIAP,0.06696332,0.044970643,4,1
SFSWAP,0.111942776,0.04492791,4,1
AC093627.4,0.07487287,0.04491619,4,1
ATXN10,0.066133946,0.044834062,4,2
ZADH2,0.10807705,0.044757176,4,1
KPNA4,0.08315893,0.044732064,4,1
COMMD2,0.038497582,0.044708386,4,2
LMBRD1,0.06953262,0.04469502,4,2
WDFY4,0.07648462,0.04438509,4,2
CKAP5,0.07494902,0.044369727,4,2
MTRNR2L12,0.13063985,0.044365227,4,0
MLXIP,-0.006205196,0.044308886,4,2
STYX,0.11488602,0.044283457,4,1
GPS1,-0.049726058,0.044260837,4,2
PTK2,0.056829,0.044228714,4,1
DDX18,0.11809435,0.044195324,4,2
ZNF292,0.28534073,0.04415951,4,2
NECAP1,0.10893621,0.044138074,4,1
ASAP1,0.060213182,0.04407549,4,2
CATSPER1,0.027035443,0.044073213,4,2
CBFB,0.020977452,0.044035394,4,2
PSMB3,-0.0036524732,0.044001073,4,2
RAC2,-0.106505275,0.043934606,4,2
WAC,0.09329131,0.04385896,4,2
RAB21,0.11846026,0.043835383,4,2
NAP1L4,0.09900552,0.043810196,4,2
CLPX,0.04713209,0.043781947,4,2
GLUL,0.12109586,0.043655813,4,2
RREB1,0.15173778,0.043605573,4,1
CUL1,0.06451127,0.043575212,4,1
HIKESHI,0.05692361,0.043560915,4,2
GPAT4,0.034754504,0.04354515,4,2
TAF15,0.047900584,0.04344964,4,0
ZSWIM8,0.028012639,0.043396108,4,2
GON4L,0.046619672,0.043381445,4,2
SART1,0.15858911,0.0433184,4,1
RBMS2,0.08131177,0.04324973,4,1
ZMYND15,0.051217806,0.043240912,4,2
OTUD1,0.022729954,0.04323126,4,2
DDX46,-0.012855108,0.043183744,4,2
ZDHHC7,0.03579892,0.04302469,4,2
USP19,0.08781192,0.04301453,4,2
FBXO3,0.05470486,0.04296729,4,0
CD47,0.060485765,0.04295653,4,2
ERVK3-1,0.024823321,0.04283189,4,2
OST4,-0.13676693,0.04282689,4,2
FES,0.07686594,0.042821072,4,2
RECQL5,0.054185953,0.042770334,4,1
CRBN,0.10718873,0.04276503,4,1
U2AF2,-0.020251935,0.042621545,4,2
GART,0.08479381,0.042460732,4,2
TMEM185B,0.046023067,0.042396095,4,1
NFE2L1,0.058023144,0.042390764,4,2
TAF3,0.0401678,0.042357665,4,1
ARRB2,0.1264543,0.04226774,4,2
SPECC1L,-0.021024833,0.042252664,4,1
PIK3CA,0.12700664,0.04215572,4,1
ZNF276,0.13944472,0.042113118,4,0
POLD1,0.08878674,0.04205585,4,1
RSRC1,-0.05823545,0.042010248,4,2
GRB2,0.030994842,0.041940093,4,2
SLC1A3,0.28805915,0.04192868,4,2
E2F3,0.074494824,0.041904006,4,1
MAFK,0.081621096,0.04185206,4,0
RAB35,0.027356753,0.041734844,4,1
ZMAT3,0.042019714,0.041713625,4,2
POLR2M,0.07866281,0.041638017,4,2
ETF1,0.09291347,0.041580953,4,2
HDGFL3,0.05328393,0.041570626,4,1
HCST,-0.11872216,0.041549772,4,2
MAPK3,0.13674237,0.041513152,4,1
PLEKHA7,0.076838695,0.04149491,4,2
CDK13,0.028598264,0.04121839,4,2
RRP12,0.020619288,0.041145973,4,2
STRADA,0.057086352,0.041134253,4,1
ZNF664,0.075042084,0.0409588,4,2
OTUB1,0.09921195,0.040905297,4,2
C18orf25,0.04544708,0.04087688,4,1
METTL17,0.06312183,0.040840045,4,0
RPL35,0.16754039,0.040804982,4,2
UBE2E2,0.16261595,0.04072094,4,2
SKI,0.06736932,0.04072012,4,2
ACOX1,0.06363687,0.040719643,4,2
HIVEP3,0.0067812405,0.040680565,4,2
BTK,0.12547015,0.040658243,4,1
ACER3,-0.0035339843,0.040639773,4,2
PSMG2,0.11522447,0.040604666,4,2
DECR2,0.05521107,0.040599797,4,0
QSOX1,0.099695444,0.04057125,4,1
MRE11,0.010668963,0.04056743,4,2
SPRY2,0.010987207,0.040540848,4,1
CCDC97,0.010751844,0.04049744,4,1
ITGA6,0.13181724,0.040444504,4,2
USP10,0.039331947,0.040397428,4,2
POLR1A,0.063175686,0.04020532,4,0
UQCC3,0.012518529,0.04019816,4,2
TNRC6B,0.022296578,0.04013589,4,2
TOPBP1,0.05760258,0.040092625,4,2
CREBRF,0.0075341263,0.04004629,4,2
AL118516.1,-0.030411288,0.03991954,4,2
CHD9,0.02675361,0.039913088,4,2
TYROBP,0.18282086,0.039900303,4,2
PLP2,0.12616806,0.039880455,4,2
MFSD14B,0.12684059,0.039835617,4,1
AFF4,-0.13909636,0.03979948,4,2
CDC14A,0.02657939,0.03977887,4,1
UBAP2,0.09227699,0.039537568,4,2
GNPTAB,0.06835389,0.039509773,4,2
IKBIP,0.0017269751,0.039504156,4,2
TKFC,0.115748994,0.03940181,4,1
KCTD5,0.042693783,0.039387263,4,0
MTHFR,-0.004024744,0.039378334,4,2
TRIM8,0.026788404,0.039270505,4,2
SLC44A1,0.07665444,0.039254192,4,2
ENGASE,0.16723351,0.039194122,4,1
ATG13,0.0584943,0.03917762,4,2
EPHB2,0.09672758,0.039139736,4,2
PPP2R3C,-0.014472276,0.039105758,4,2
SCAP,0.031707063,0.039051324,4,2
CPEB4,0.11034144,0.03902843,4,1
PDP1,0.07383973,0.039003693,4,1
STK11IP,0.05391303,0.03895126,4,0
SEC24D,0.0966795,0.038946927,4,2
ATP13A2,0.11646814,0.038933553,4,1
NVL,0.06475449,0.03887214,4,1
ARHGAP26,0.17731272,0.03876812,4,1
SGMS1,0.06172478,0.038749702,4,1
PPP1R37,0.044458468,0.038726725,4,1
CLN8,0.014836207,0.03870944,4,2
GRASP,0.00569411,0.038611036,4,1
C7orf26,0.07434764,0.038571298,4,1
TPRA1,0.047189955,0.038335763,4,2
COX7A2L,0.020776607,0.038270816,4,2
KCTD9,0.05190602,0.03822475,4,0
NDE1,0.04686011,0.03822281,4,1
NDUFB5,0.035678066,0.03822159,4,2
R3HDM1,0.0842788,0.038179018,4,1
PTDSS2,0.061419647,0.03806954,4,1
SNX19,0.071866795,0.037970703,4,2
RHOU,0.078633904,0.037965924,4,1
TMEM129,0.10233641,0.037855875,4,2
AP3M1,0.047017395,0.037834525,4,1
ZMYND8,0.087320335,0.03778407,4,1
ETFRF1,0.054105405,0.0376948,4,2
D2HGDH,0.066752516,0.03761135,4,2
OTUD4,0.023508066,0.03755835,4,2
SBNO2,-0.061602432,0.037555076,4,2
NCAPH2,0.06953611,0.037546553,4,0
DNAJC2,-0.057002682,0.037516907,4,1
PRR5,0.14813918,0.03748595,4,1
VENTX,0.054218847,0.03748484,4,1
FCGR3B,0.10274195,0.03745371,4,1
SPCS3,-0.0054285973,0.037445426,4,2
LBH,0.06832638,0.037290312,4,1
ABL2,0.03141376,0.0372644,4,2
C19orf48,0.11285811,0.037182402,4,2
CPNE2,-0.006669124,0.037151814,4,2
TRAPPC3,0.12571864,0.037139416,4,2
CCNC,0.09535625,0.037051313,4,1
YEATS4,0.13544008,0.037021447,4,1
WDR20,0.078639396,0.03700351,4,2
DMXL2,0.14220469,0.036946163,4,2
FBRS,0.03587641,0.036924355,4,1
ATP5PO,0.07463009,0.036903024,4,2
PRPF18,0.02275172,0.036889523,4,2
EEF2K,0.04142004,0.036877558,4,2
RBM6,0.07443882,0.036840707,4,1
SCRN2,0.0060603567,0.036817867,4,1
IFIT5,0.0024314672,0.036806896,4,2
SZT2,0.08524045,0.036709808,4,2
CCAR2,0.048423212,0.03669336,4,2
TIA1,0.060834408,0.03667736,4,0
MRPL19,0.0657145,0.03664002,4,2
SLC25A28,0.14594606,0.036519065,4,1
NCK1-DT,0.06309729,0.036515407,4,2
PHLDB1,0.051242396,0.03644138,4,0
FOXK1,0.078167066,0.036350798,4,1
TRPS1,0.16636261,0.03633005,4,2
PLXDC1,0.09427821,0.036314335,4,1
CREBBP,0.0028822895,0.036309034,4,2
TNNI2,-0.01223965,0.036263563,4,2
MICAL2,0.0850414,0.03625408,4,0
KLF4,-0.016754752,0.036223426,4,2
CRELD2,0.09293895,0.036139473,4,1
MAZ,0.09151852,0.036089607,4,2
DERA,0.004726296,0.036066897,4,2
VPS37C,0.048263684,0.036033876,4,2
LMF2,0.070596926,0.036021963,4,2
ALDH9A1,0.0219005,0.035981514,4,2
PGGT1B,0.051519886,0.03596519,4,1
RECQL,-0.01660786,0.035950206,4,2
PRR12,-0.025646346,0.035871074,4,2
VPS53,0.07994559,0.035844952,4,1
TCERG1,0.062274825,0.035793953,4,2
GLS,0.12742135,0.0357482,4,2
SF1,0.18476407,0.03569776,4,2
SEM1,0.0027938087,0.035660267,4,2
HMGA1,0.049235255,0.035565555,4,2
PTPN9,-0.014423321,0.035524853,4,2
PDCL,0.0652171,0.0354902,4,1
TOMM70,0.06475888,0.035455164,4,0
PARN,0.05543222,0.03545387,4,0
CISD3,-0.07256356,0.0354196,4,2
GALNT1,0.048535552,0.035372876,4,2
ZNF330,0.052257746,0.03521969,4,2
SLC30A9,0.10979507,0.03517478,4,1
STT3A,0.0383482,0.03514016,4,2
COQ2,0.14491524,0.03512823,4,1
ATP5IF1,0.13687918,0.035119355,4,2
CLPB,0.11901161,0.0350799,4,2
ARMC8,0.032532495,0.035029035,4,2
CELF2,0.16911526,0.035024256,4,2
LIPE-AS1,0.11090332,0.0350112,4,1
PARP6,0.034404244,0.035002213,4,2
EFCAB13,0.08960706,0.034979,4,1
NAA10,0.056514412,0.034957618,4,2
TUBGCP2,0.030455083,0.034949377,4,2
AMPD2,0.046923503,0.034949116,4,2
TNFSF8,0.058339473,0.03492413,4,2
TXNDC5,0.08304877,0.034899652,4,1
KLHL18,0.016061904,0.034885764,4,2
MTHFSD,0.0708091,0.034861002,4,1
PDPR,0.09643093,0.034848794,4,2
DDX19B,-0.0064086863,0.034799747,4,2
NAT10,0.05995169,0.03479594,4,1
AC245407.2,0.058227267,0.03477652,4,0
EVI5,0.050484296,0.03477025,4,1
PRKAR2A,0.07561315,0.034759596,4,2
ABCD1,0.00035003075,0.034750216,4,2
RNASE6,0.018068844,0.03472638,4,2
CHD1,0.09985876,0.03471361,4,1
CASP8AP2,0.09221556,0.03469481,4,2
TMEM160,0.15203694,0.03458467,4,2
OXSR1,0.1843872,0.034581803,4,1
CXADR,0.09375737,0.034552798,4,1
CIDEB,0.036008094,0.03442622,4,1
MTF1,0.039862934,0.034369297,4,1
TRAFD1,0.09071594,0.034369193,4,2
GCN1,0.017149465,0.034316696,4,2
TRIP4,0.05440968,0.034181684,4,1
IGKC,0.026931023,0.034091096,4,1
PIK3R6,0.032017943,0.0340895,4,2
UBE2J2,0.04083656,0.034075253,4,1
JOSD2,-0.010392611,0.03406802,4,2
SEC23IP,0.03186027,0.03387504,4,2
DIS3L,0.10739127,0.033869486,4,0
HMGXB3,0.056685522,0.03377514,4,2
PLBD1,0.06259077,0.03371179,4,2
TFG,0.07763037,0.03368093,4,2
PISD,-0.060447738,0.03367272,4,2
MED19,0.06808631,0.033665247,4,1
HBEGF,0.0078878505,0.033649743,4,1
MOSPD2,0.035620805,0.033607252,4,2
PGAP2,0.029478928,0.03346864,4,0
PTPRO,0.106837414,0.033462107,4,2
ZNF611,0.016665379,0.033384554,4,2
RNASEH1,0.001294295,0.033341464,4,2
NSMCE1,0.06254242,0.033340015,4,2
CASC3,0.010026139,0.03330707,4,2
RNGTT,0.048177954,0.03330509,4,2
PLEKHM2,0.023586938,0.03327567,4,2
NCOA3,0.081157535,0.033174127,4,1
CHSY1,0.20576973,0.033160117,4,1
RRP36,0.061880525,0.033115115,4,1
IRAK2,0.06076282,0.032950938,4,1
ZBTB37,-0.015660616,0.032945864,4,2
FBXO38,0.052788798,0.032923896,4,1
ABLIM3,0.06639949,0.032919846,4,0
TMEM87B,0.07383702,0.032855853,4,0
FLI1,0.030567465,0.032796063,4,2
STOML2,0.07833457,0.03274931,4,2
UHRF1BP1L,0.03520323,0.03254115,4,2
IMPDH2,0.07909163,0.032531865,4,2
PGM2L1,0.1222207,0.03252329,4,1
AC090204.1,0.057535466,0.032449584,4,0
C20orf96,0.06242318,0.032362025,4,1
PSME3,-0.00076269853,0.03229259,4,2
TSPAN32,0.07205901,0.0322828,4,0
HLTF,0.056610316,0.032256715,4,0
STXBP2,-0.044795156,0.032240257,4,2
PLEKHG2,0.0710685,0.032156676,4,1
JMJD6,0.03409462,0.032145455,4,2
ZNF467,0.04913965,0.032115437,4,1
CCM2,0.028322453,0.032061666,4,1
SLC43A2,0.03233717,0.032058135,4,2
GBP3,0.043162275,0.031985126,4,0
GEMIN5,0.046778757,0.03193526,4,1
MAP2K3,0.14752989,0.031888977,4,1
VTI1B,0.10468461,0.031858906,4,2
B3GNT5,0.062232275,0.03185124,4,2
RABL3,0.051378194,0.03185095,4,1
SCAF1,0.04959193,0.0317903,4,2
KMT2E-AS1,0.005734963,0.031717483,4,2
MAN1B1,0.033457283,0.031706385,4,2
CD86,0.1552415,0.03169612,4,2
TMEM106B,0.066373564,0.031688027,4,0
MRPS18C,0.04762366,0.031667247,4,2
GLYCTK,0.06916088,0.031662956,4,0
KCNK6,0.052260894,0.0316556,4,2
TARBP1,0.06032308,0.031648077,4,0
PPP1R16A,0.07147222,0.03154519,4,1
CHPT1,0.12772994,0.03153082,4,2
TMEM126A,0.07834975,0.031494774,4,2
AATK,0.102965176,0.031394303,4,0
AC147651.4,0.052128475,0.031352,4,0
CCDC9,0.043578684,0.03128819,4,1
LPAR2,0.037469182,0.031271935,4,0
ARMT1,0.069977134,0.031270035,4,1
ZDHHC4,0.07348624,0.03125204,4,2
PAK1,0.050226655,0.031242982,4,2
CMTR1,0.07855325,0.03123347,4,1
ARID1A,-0.033081573,0.031223036,4,2
NDEL1,0.068207316,0.031216793,4,0
MTMR2,-0.010711297,0.03113218,4,1
SLC49A3,0.068254106,0.031126805,4,1
MLKL,0.09465819,0.030901123,4,0
HADHA,-0.015770912,0.030891776,4,2
GMDS,0.080047585,0.030819546,4,1
CORO7,0.03547551,0.030774146,4,2
XRN1,-0.063233845,0.030559659,4,2
SUN1,0.04670587,0.030555675,4,2
EXTL3,0.05219734,0.03054619,4,2
TMED8,0.043715764,0.030482177,4,0
TRAPPC12,0.005448257,0.03035649,4,2
DEDD,0.11828604,0.030315105,4,2
TM9SF4,0.010187929,0.030313104,4,2
CARS,0.026862422,0.030168109,4,1
CCAR1,0.013182994,0.030076489,4,2
AC009120.2,0.085796244,0.030070066,4,1
USF2,0.0020008285,0.030048847,4,2
MARCH2,0.069137044,0.0299825,4,2
NFAM1,0.015882203,0.029905036,4,2
R3HCC1,-0.022855476,0.029865608,4,2
ADI1,0.09031558,0.029822946,4,2
TENT4A,0.08183723,0.029815728,4,0
IRF3,0.09011879,0.029786535,4,1
Z97192.3,0.09623844,0.029731203,4,0
MAST2,0.107397355,0.029686937,4,1
KIF13A,0.022454666,0.029615393,4,1
WDTC1,0.04181535,0.029540623,4,2
ERAP1,0.035576824,0.02952462,4,1
SPNS1,-0.041471392,0.029502355,4,2
SIRPB2,0.08018876,0.029492442,4,2
ARID3B,0.09976387,0.029466055,4,1
NCOR1,0.024988135,0.029463544,4,1
ADAM10,0.04735443,0.029434398,4,2
FMN1,0.10501003,0.02943134,4,2
NOL8,0.044317394,0.029306062,4,2
IL21R,0.0979487,0.029304884,4,0
ATAD3B,0.093676634,0.029303538,4,1
TATDN2,0.083022885,0.029294506,4,1
SRRM1,-0.13697593,0.029197961,4,2
ISYNA1,0.0840202,0.029190931,4,1
DHX37,0.014940166,0.02915718,4,2
HLA-DMB,0.26733446,0.029099315,4,2
SIPA1L3,0.07706651,0.029072197,4,0
HAGH,0.024475368,0.02903048,4,2
SRFBP1,0.07828054,0.029010333,4,1
MGAT5,0.04095911,0.0289976,4,0
HNRNPLL,0.09239298,0.028992623,4,1
PLAGL1,0.04494375,0.028929211,4,2
GIPC1,0.032514397,0.028923884,4,2
APMAP,0.047840774,0.028792113,4,2
IPO7,0.039461028,0.028788693,4,2
CEP135,0.09481484,0.028777432,4,2
CSE1L,0.07936251,0.028768988,4,2
SMG8,0.060814407,0.028718945,4,1
RUFY4,0.07607243,0.028666984,4,1
NUP43,0.05105455,0.028578576,4,0
LAMB2,0.058984127,0.028472152,4,0
NBL1,0.16051711,0.028411992,4,1
F8A1,0.05624875,0.028368358,4,1
FBH1,0.13153957,0.028232776,4,0
ANTXR2,0.079646826,0.028227344,4,0
ZZEF1,0.018527353,0.028199583,4,2
PIGQ,0.006646067,0.028188117,4,2
NDUFV3,-0.00060907006,0.028181463,4,1
MSH6,0.015463707,0.028148936,4,2
UBE2G1,0.0723761,0.028134763,4,1
GTPBP6,0.04905677,0.028121192,4,1
EIF2D,-0.012225233,0.028114567,4,1
BOD1,0.094640404,0.02802986,4,1
C18orf32,-0.020156587,0.028018832,4,2
H2AFX,0.054234535,0.027966136,4,2
TRIM41,0.027007097,0.027935486,4,1
CSF2RA,0.030923776,0.027935386,4,2
MRPL47,0.0013375506,0.02789396,4,2
DCAF7,-0.035611752,0.027875043,4,2
IMPAD1,0.118975736,0.027841516,4,1
G0S2,0.09689184,0.027688444,4,2
PAN3,-0.088925324,0.02763571,4,1
PI4K2A,0.21764858,0.027596124,4,2
MAPK1IP1L,0.058679864,0.027590286,4,2
ZNF236,0.06841656,0.027574157,4,0
RAB18,-0.051160768,0.02757281,4,2
DHDDS,0.05846134,0.027548647,4,2
RNF40,0.07116828,0.027469449,4,0
DBNL,0.031965006,0.027401939,4,2
SLC39A7,0.05419929,0.027333006,4,1
VSIR,0.12202314,0.027286917,4,2
USP34,0.015879503,0.027234487,4,2
GSK3B,0.045057625,0.027207285,4,2
SESN3,-0.021890134,0.027140887,4,2
RAPGEF1,-0.059691105,0.02708748,4,2
BAG6,0.09808239,0.02700609,4,2
TSNAX,0.03958828,0.026994713,4,0
P2RY6,0.043758664,0.02683989,4,2
MVB12A,-0.018091073,0.026813187,4,2
PRMT2,0.20226447,0.026735753,4,1
RND3,-0.0115318345,0.026712846,4,1
TMBIM1,0.0715161,0.026700385,4,2
KCTD17,0.06435899,0.026578622,4,1
USP14,0.03887897,0.026536956,4,1
PITPNB,0.0576895,0.026531547,4,2
PIP5K1C,-0.018709114,0.026491709,4,1
NICN1,0.052365106,0.02647639,4,0
PREB,-0.0059407814,0.0264596,4,1
SEC23A,0.109294295,0.026433066,4,2
PPP1R14B,0.03978184,0.026386097,4,2
GTF2H3,0.04168288,0.026287656,4,2
NYNRIN,0.06399407,0.02623446,4,0
TOR4A,0.032367546,0.026211388,4,1
JKAMP,0.018572584,0.02621086,4,2
SLC12A9,-0.021380702,0.026175983,4,2
ITGB3,0.024426127,0.026138905,4,1
IARS2,0.07102724,0.025936633,4,2
RFNG,-0.049534213,0.02591591,4,2
TMPO,0.032699097,0.025790788,4,2
RPS10-NUDT3,-0.016952211,0.025772486,4,2
FNTA,-9.1825925e-05,0.025735766,4,2
PCGF6,0.10197779,0.025685422,4,0
WDR12,0.01209304,0.025640406,4,2
PCLAF,0.08532691,0.025603754,4,1
HECTD1,0.041692626,0.025512777,4,2
EMILIN1,0.06225629,0.02547161,4,0
LFNG,-0.0021161735,0.025441185,4,2
SET,0.028664848,0.025421187,4,2
MCM7,0.12796268,0.025410738,4,2
OPA1,0.074697435,0.025397934,4,1
ITGA9,0.07105584,0.025368268,4,0
CRYZ,0.08579027,0.02535462,4,1
DGKA,-0.0008779441,0.025327422,4,2
PARP2,0.039994407,0.025317203,4,1
PRKD3,0.0695555,0.02527297,4,1
RP2,0.041410267,0.025260478,4,0
HDAC2,0.059122268,0.025259688,4,2
EDEM3,0.020151127,0.025238257,4,1
MKRN2,0.11614612,0.02522136,4,1
VPS26B,0.11566471,0.02515626,4,2
PIGO,0.10387226,0.02514729,4,0
CDC34,0.02876086,0.02513434,4,2
KLRK1,0.065848425,0.025125096,4,0
PTPMT1,0.023450328,0.025114939,4,2
FBXO33,0.057789188,0.025084162,4,1
ZNF609,0.08847032,0.025051478,4,2
ANAPC10,-0.019227525,0.025022434,4,2
TIMM10B,0.00041007748,0.024989597,4,2
NARF,-0.01114254,0.02498664,4,2
TP53,0.06542946,0.024954986,4,1
COPS4,0.036561776,0.024940293,4,2
AZIN1,-0.025514083,0.024886511,4,2
YTHDC1,0.08426682,0.024862781,4,2
COPS8,0.09663982,0.024843782,4,1
INTS7,0.057373207,0.024839452,4,1
UHRF1BP1,0.08476722,0.024712535,4,1
PNPLA2,0.09273905,0.024609476,4,2
DEAF1,0.047366615,0.02459263,4,1
ZBTB17,0.037237536,0.024383508,4,2
CEPT1,0.035205353,0.024371363,4,2
RCHY1,0.05400942,0.024342444,4,1
TMEM126B,0.06966377,0.024262838,4,2
CHMP4B,-0.031124124,0.024251789,4,2
LRSAM1,-0.036841765,0.024224285,4,2
THADA,0.040872935,0.024194498,4,1
EPG5,0.10839703,0.02413069,4,1
SLC16A10,0.03305322,0.024068058,4,2
FTO,0.05410421,0.02395906,4,0
BTG3,-0.0049785427,0.023906287,4,2
TTC9C,0.06062075,0.023880154,4,2
ABCC5,0.09472608,0.023838341,4,2
MAP7,0.059880372,0.023818538,4,0
UFSP2,0.04667153,0.023811981,4,0
AGPAT3,-0.0014762977,0.023796737,4,2
NUP153,0.01804687,0.02379445,4,2
TBC1D17,0.1414018,0.023752753,4,1
FAM160B2,0.029466942,0.02367619,4,1
NEK9,0.052307833,0.023642503,4,2
DENND6B,0.15229239,0.023621574,4,2
PHF6,0.021613898,0.023604698,4,2
UBXN6,0.055885047,0.023590252,4,2
CEP78,0.08738526,0.023558129,4,0
CHMP1A,0.110293664,0.023542464,4,1
Z93930.2,0.002002205,0.023520483,4,1
ERCC1,-0.029382264,0.02351448,4,2
CBX4,0.0015542954,0.023514038,4,1
CAPRIN2,0.22296984,0.023450967,4,0
TSPYL2,0.002642418,0.023443121,4,2
PIP5K1A,0.03054515,0.02344199,4,2
PRPS1,0.0034373503,0.02338728,4,2
CRACR2B,0.084731035,0.023359017,4,1
C19orf53,0.18190849,0.023320079,4,2
MRPS18A,0.016761167,0.023306232,4,2
MED22,0.03743176,0.023261186,4,0
SUPT20H,0.0789073,0.023252517,4,1
ZNF768,0.060029436,0.023218337,4,1
TSPO,0.06859329,0.023114651,4,2
COL8A2,0.0154230585,0.02305467,4,1
ZNF720,0.075823605,0.022996476,4,1
SLC7A7,-0.0032510136,0.022990994,4,2
TBC1D4,0.08576297,0.022918332,4,0
THBS3,0.061784998,0.022903204,4,1
FZD1,-0.012656982,0.02288281,4,2
ARSB,-0.011644919,0.02286403,4,2
SP2,0.028428664,0.02284973,4,1
SLC46A3,0.072235726,0.0228411,4,1
DCLRE1B,0.10851947,0.022822436,4,1
SIRT1,-0.01056623,0.022795117,4,2
MAGEF1,0.12042264,0.02278342,4,1
SPATA20,0.06519134,0.02278224,4,1
SLC4A2,0.009573025,0.022774309,4,2
ZNF397,0.07645827,0.022732241,4,1
UTP6,0.04523951,0.02270975,4,0
GSTM2,0.10718259,0.02270525,4,1
WDR45B,0.014318724,0.022700869,4,1
SLC30A7,0.08548403,0.022612523,4,2
ARFGEF1,0.075188614,0.022593237,4,1
RSKR,0.064216815,0.022580776,4,1
ACSL1,0.05599429,0.022480577,4,2
SNX30,0.047683705,0.022371717,4,2
RPA3,0.08820298,0.022359371,4,2
HPGDS,0.073899545,0.022333272,4,2
API5,0.082490206,0.022327328,4,1
ANKRD33B,0.05087408,0.02232647,4,0
CDKN1A,0.034885373,0.02231656,4,2
SPTBN5,0.07300935,0.022305395,4,0
GORASP2,-0.060036134,0.02229403,4,2
SUPT7L,0.055092994,0.022281341,4,2
KDM4C,0.008903167,0.02226476,4,1
PCGF3,0.08283803,0.022246309,4,2
CSF2RB,0.10425154,0.022242747,4,1
AAAS,0.11858764,0.022242118,4,0
PTPRE,-0.036319416,0.022218019,4,2
LRRK2,0.010142863,0.022122256,4,2
ZFYVE27,0.03292642,0.022098301,4,1
TCEAL9,0.040121395,0.022077518,4,2
ULK3,0.08494737,0.022064064,4,1
MFF,0.016241858,0.022056773,4,2
GATAD2B,0.04788175,0.021975275,4,1
LINC02256,0.016119013,0.021967456,4,2
ATXN3,-0.0019077795,0.021937422,4,2
ZNF268,0.0923068,0.02193503,4,1
RINL,0.04243615,0.021920977,4,1
KANK2,0.045242593,0.021917354,4,1
SLC25A12,0.13069993,0.021903919,4,0
LRRK1,0.07500374,0.021903805,4,2
FAM13B,0.0970895,0.021878295,4,2
VPS54,0.034212362,0.021835368,4,0
PTGS2,0.069096714,0.021823626,4,1
DEGS1,-0.055925697,0.021818295,4,2
BSDC1,-0.041936826,0.021794252,4,2
MCM3AP,0.102196716,0.021775149,4,2
EFL1,0.07654348,0.021772759,4,1
CUEDC1,0.008825024,0.021770477,4,2
C9orf78,0.06973958,0.02171442,4,2
OGFOD1,0.02198687,0.02168318,4,1
TP53I3,-0.019314298,0.021659203,4,2
UBLCP1,0.054321866,0.021627951,4,2
IL1RN,0.10154391,0.021542817,4,0
ALG11,0.1313924,0.02153209,4,0
RPL7L1,0.07790959,0.021500677,4,2
STYXL1,0.05196032,0.021450602,4,0
RPS10,-0.088840984,0.021415621,4,2
NIPBL-DT,0.004006654,0.021378089,4,2
MED14,0.058005482,0.021357318,4,0
CPED1,0.064561896,0.021342915,4,2
SLC25A4,0.046427514,0.021298978,4,0
PDHX,0.06932426,0.021284299,4,1
NOP2,0.11425608,0.021282993,4,2
AC018529.2,0.06682216,0.021195926,4,0
NUAK1,0.1194847,0.021183124,4,0
HEXD,0.049017042,0.02102822,4,0
GRK3,0.22028776,0.021026663,4,1
DTL,-0.0020784412,0.020991083,4,1
STAT5A,-0.06912515,0.020927645,4,2
C20orf27,0.11815859,0.020840831,4,2
BNC2,0.107095055,0.020823725,4,0
OFD1,0.070524186,0.02076716,4,1
ANKHD1,-0.012106369,0.020762071,4,2
OSBPL2,0.13303891,0.02068771,4,0
NEU1,0.018313127,0.020673584,4,2
HACE1,0.038681936,0.020652218,4,0
NELFCD,0.040385876,0.02060331,4,1
NDOR1,0.0739856,0.020500986,4,1
EEA1,0.035941716,0.020476207,4,1
RTL8B,0.05637646,0.020441525,4,0
STAG1,0.019819384,0.020417772,4,1
NFKBIL1,0.021661341,0.020357016,4,2
TOLLIP,0.023679942,0.020335801,4,2
RARRES2,0.052892104,0.020330314,4,0
EXOC6,0.16029617,0.02032869,4,2
LZIC,0.06205244,0.020309426,4,1
NFYB,0.055686474,0.020285763,4,1
EIF2B5,0.04699081,0.020278923,4,1
IFI35,0.16202219,0.020236045,4,2
NFS1,0.04298712,0.020184044,4,1
MYZAP,0.061934832,0.020157365,4,0
PHF23,-0.03412362,0.020086182,4,1
MTREX,0.039064687,0.0200827,4,1
SH3BGRL,-0.06637171,0.020080954,4,2
STK16,0.108707465,0.020069513,4,2
IFT52,0.06473365,0.020042166,4,1
LRFN4,0.050471943,0.020028215,4,2
CD163L1,0.056109846,0.019988772,4,0
BRMS1,0.08705471,0.019951418,4,1
GNL1,0.006470479,0.019931927,4,1
PGM1,0.008096772,0.019929511,4,2
TFAP4,0.029662497,0.019918181,4,2
RAB30-DT,0.01893439,0.019873247,4,2
PKD1,0.09727752,0.019844426,4,1
GLI4,0.023085942,0.019828722,4,1
GTF2IRD2B,0.034211446,0.019821312,4,2
UBAC1,0.063871466,0.019796759,4,1
BTN2A2,0.038362257,0.019767864,4,1
ZCCHC9,-0.009995043,0.019767258,4,2
NF2,-0.04224202,0.019726519,4,2
KLF16,0.048072975,0.019720035,4,1
PPP3R1,0.030102195,0.019709915,4,2
SSBP3,0.011600107,0.019677974,4,2
GMFB,-0.013256897,0.019654945,4,2
UBE2Q1,0.07443449,0.019637587,4,1
BAHD1,0.04908892,0.019623743,4,0
SIRT2,-0.00972638,0.019561917,4,2
SUGP2,0.025083812,0.019558586,4,1
ZNF274,0.066217706,0.019548217,4,0
CYB561D1,0.03296039,0.019536272,4,0
FAM135A,0.0062435963,0.01944039,4,2
SPECC1,0.076359026,0.019390203,4,0
SMARCB1,0.033306975,0.019361533,4,2
LINC00891,0.039294187,0.01926525,4,1
CPSF6,0.08881482,0.019223936,4,2
UBE2D2,-0.04200338,0.019183531,4,2
PACS1,0.07215362,0.019182928,4,2
ABHD2,0.1609519,0.01913064,4,2
ASH2L,0.038838804,0.019130407,4,0
B4GALT1,-0.032459516,0.019027188,4,2
TRAPPC6B,-0.04708462,0.01901086,4,2
TRAPPC1,-0.2373773,0.018974423,4,2
TMEM50A,0.076155424,0.018939942,4,2
UVSSA,-0.01148354,0.01893124,4,1
CLEC11A,0.016282856,0.018914577,4,2
POLI,0.06387661,0.01889755,4,1
MCM3,0.07451019,0.018863067,4,2
LPGAT1,0.06651267,0.018825635,4,2
RPS14,-0.14377154,0.018725038,4,2
DAPK3,0.10646963,0.01869443,4,1
INPP5B,0.05570789,0.018686505,4,1
DPY19L1,0.042954013,0.018655222,4,1
RRM2B,0.041517872,0.018631026,4,0
INO80B,0.051356714,0.01860318,4,0
EXOC5,-0.013669435,0.018601317,4,1
MAP3K6,0.022666052,0.01846943,4,1
PIK3IP1,-0.014121741,0.018448513,4,2
MFSD8,0.07438242,0.018419087,4,1
TCAF1,0.045718297,0.018414836,4,1
CRNKL1,0.08427337,0.018363409,4,1
HSD3B7,0.034451254,0.018288124,4,0
MED21,0.045224052,0.018273886,4,1
ADAT2,0.04663618,0.018224094,4,1
PXN,0.06716662,0.018195018,4,2
ANGEL1,0.03227292,0.018110652,4,1
WDR7,-0.043058157,0.018085632,4,2
RNF8,0.011873757,0.017966062,4,1
TRIM44,0.0004659643,0.017946497,4,2
RPRD1A,0.0482063,0.017930204,4,1
EGR3,0.07133687,0.017905194,4,0
BCL3,0.04607275,0.017844237,4,2
NR2C2AP,0.03912856,0.01780566,4,0
RILP,1.2807548e-05,0.017647132,4,2
ODF3B,-0.004418897,0.01763922,4,2
NUP98,0.039668266,0.017638877,4,1
GNG2,-0.047864545,0.01761853,4,1
RBM42,-0.006874077,0.01760377,4,2
MEGF6,0.0055751554,0.017546952,4,1
DGCR6L,0.095552795,0.017536335,4,2
STAC3,0.023399463,0.0175194,4,2
STX8,0.05236192,0.01743894,4,2
HOXB7,0.060727015,0.017430749,4,2
TBL3,0.031624094,0.017421529,4,2
PAFAH1B3,0.012340635,0.01741175,4,2
MED23,0.052583467,0.017376965,4,1
RPN1,0.110292494,0.017344415,4,2
SPATA2L,0.04711862,0.017216802,4,0
FIZ1,0.050533876,0.017200071,4,2
ALG6,0.068904884,0.017196221,4,0
AL137186.2,0.03710459,0.017159116,4,0
RALB,0.010999438,0.01715666,4,2
HMGXB4,0.01634545,0.017151337,4,2
TRAPPC9,0.110205,0.017105242,4,1
PAK4,0.072143115,0.017087732,4,0
AC024060.2,0.06851214,0.017034935,4,0
MSL2,0.018721098,0.016937003,4,1
PELI1,0.15267582,0.016902655,4,1
USE1,-0.06697232,0.016884018,4,2
PCID2,0.042236954,0.016864238,4,1
GYS1,0.121375024,0.016831327,4,1
MAP3K10,0.072703615,0.016683973,4,1
NUDCD3,0.07446507,0.01663214,4,1
STARD13,0.029499112,0.01662255,4,1
SH3D21,0.047880266,0.016503472,4,2
TP53BP1,-0.0003793699,0.016490567,4,2
TMED7,0.015362647,0.016404577,4,1
C2orf76,0.039238412,0.01638248,4,2
UBR1,0.049453586,0.01630632,4,0
C2CD2,0.013026168,0.01627334,4,1
TNFAIP1,0.05551972,0.01623499,4,0
FAM200B,0.014462014,0.016204908,4,2
SUMF2,-0.010230725,0.016194738,4,2
RAB33B,0.032135654,0.016190264,4,0
KPTN,0.07576,0.016173404,4,0
ZNF574,0.05042387,0.016172169,4,0
MCUB,-0.022259034,0.016171604,4,2
THOP1,0.024679197,0.016141152,4,1
FLT3LG,0.036098465,0.016078012,4,0
UBE3B,0.041133378,0.016021132,4,1
COG3,0.11890339,0.015917996,4,2
MIA3,-0.011459182,0.015902095,4,2
NACC1,-0.013568615,0.015890844,4,2
CFAP36,0.052258078,0.01588158,4,0
UNK,0.029386709,0.015855707,4,0
PGS1,0.058067456,0.015813267,4,2
LINC01003,0.043325823,0.015775418,4,0
TXLNB,0.058745485,0.015764978,4,0
BX255925.3,0.1989408,0.015738692,4,0
GRPEL1,-0.028933952,0.015731841,4,2
OAT,0.06519005,0.01567322,4,1
AMBRA1,0.07297328,0.015591025,4,0
KLF9,0.06877788,0.015573651,4,1
AKR1B1,0.07365518,0.015564978,4,2
LINC00539,0.05834408,0.01551235,4,0
CYBRD1,0.061766833,0.0154451225,4,1
AURKAIP1,0.10347556,0.015422106,4,2
SPRYD3,0.04546417,0.015391152,4,1
FADS1,0.03840537,0.015295625,4,1
SLC66A3,0.026661545,0.015288271,4,2
GPR180,-0.031507056,0.015262486,4,2
DBR1,0.07755255,0.015260495,4,1
MAPK6,0.039990805,0.015230082,4,1
PFAS,0.07340416,0.015225109,4,0
RHBDD2,0.08266687,0.015209787,4,1
PRELID3A,0.007461438,0.01517331,4,1
MOB2,0.05192241,0.015169641,4,0
DDB1,0.041434113,0.015147671,4,2
SLC20A2,0.060793858,0.015147248,4,1
SNAP47,0.047296125,0.015132634,4,0
BRD7,0.011710532,0.015019186,4,1
LINC01578,0.13583514,0.0149899125,4,1
TNRC6C-AS1,0.06442684,0.01498136,4,1
N6AMT1,0.03411376,0.014917945,4,1
UBE2Q2,0.06152752,0.014900535,4,1
TBC1D20,0.010658895,0.014839467,4,2
MAEA,0.04092769,0.014807068,4,2
DHX33,0.09480112,0.014638076,4,1
P2RY1,0.08887268,0.014586763,4,0
LIG1,0.024514874,0.01457208,4,1
ALDH4A1,0.06446022,0.014502972,4,0
PXK,-0.010742221,0.014450099,4,1
STK3,0.07147427,0.014406297,4,0
DTNA,-0.0059475056,0.014235072,4,1
VAV3,0.08043176,0.0141669195,4,1
CNNM4,0.14322989,0.014158258,4,1
HDGFL2,0.017051186,0.014121588,4,1
MINDY1,0.033524014,0.0140939215,4,0
IST1,0.029381216,0.014067292,4,2
ZNF263,0.06674556,0.013972949,4,1
ACSS1,0.027718902,0.013647836,4,2
CTBP2,0.08711243,0.013609897,4,2
STIMATE,0.022227505,0.013588898,4,1
COMMD8,-0.015666917,0.013553582,4,1
PWWP3A,0.08344496,0.013539389,4,1
PIGW,0.09066256,0.013530983,4,0
PCNX4,0.029085195,0.013517868,4,2
ZMIZ1,0.10687784,0.013461232,4,2
GOLPH3,0.07739285,0.0133937895,4,1
MFHAS1,0.06033893,0.013368905,4,1
BMPR1A,0.05504248,0.013355531,4,0
RHOC,-0.08928155,0.013344973,4,2
SLX4IP,0.026407396,0.013322132,4,0
WDR33,0.08053718,0.013296317,4,2
MPST,0.020371944,0.013281817,4,2
SNTB2,-0.007036172,0.013241766,4,1
LUC7L2,0.0279314,0.013227373,4,2
LASP1,0.064740635,0.013179041,4,2
CDC25B,0.042535935,0.013157111,4,1
SLC35B4,0.013080567,0.013145566,4,2
PRR22,0.07549105,0.013132796,4,0
TRIM25,0.029693907,0.013077844,4,2
PUDP,-0.004513681,0.0130751915,4,2
OPHN1,0.08076301,0.013063598,4,1
ZBTB14,0.059617873,0.0130465375,4,1
PACRGL,0.03662388,0.01301312,4,0
FN3K,-0.0013470054,0.013009533,4,1
TOP2A,0.05627857,0.012999318,4,1
CRLS1,0.048572287,0.012965873,4,0
ATAT1,0.06931153,0.012928941,4,0
TOP3B,0.064128496,0.012908591,4,0
NBPF19,0.0717432,0.012821361,4,1
FBN2,0.07943996,0.012755525,4,0
HSDL1,-0.0017595552,0.012580423,4,2
CPQ,0.058061827,0.012478791,4,1
KLHL17,-0.04383034,0.012386006,4,1
TAMM41,0.08276704,0.012354892,4,1
PPP2R2A,-0.046950642,0.012342803,4,2
MRPS25,-0.013011652,0.0123402625,4,2
RFX1,0.069019645,0.012276847,4,1
POFUT1,0.1024819,0.012206884,4,0
SLFN12,0.05689582,0.012161378,4,1
CCNG2,-0.0033212106,0.01208926,4,1
PLA2G4B,0.03409369,0.012038775,4,0
WDR44,0.012234843,0.012029696,4,0
UBXN2A,0.08133869,0.012005901,4,0
PUM2,0.079071395,0.011981845,4,2
BRD4,0.014729287,0.011981636,4,2
ZNF26,0.048804298,0.011950457,4,1
OSBP,-0.012170772,0.011927392,4,1
CRHBP,0.039776012,0.011906024,4,0
UGDH,0.06782207,0.011816548,4,0
ZBED3,0.058550853,0.011785075,4,1
SWI5,0.05355701,0.011750098,4,1
SUOX,0.036123775,0.011743622,4,1
SERBP1,-0.115017414,0.011738539,4,2
MFSD13A,0.06314708,0.011735691,4,0
ATF4,0.06581328,0.011646748,4,2
AGO3,0.048927177,0.0116347,4,2
VPS13D,0.0286809,0.011607416,4,0
FBXO41,0.07545325,0.0115809515,4,0
CAPZA1,0.010119696,0.011535108,4,2
KATNAL1,0.05596925,0.011451337,4,1
AGAP3,0.044861853,0.011437692,4,2
HES4,0.09371733,0.011420641,4,0
NFX1,0.009827395,0.011345141,4,2
ZNF449,0.07416641,0.011326056,4,1
TRAF6,-0.032036576,0.011270879,4,2
AC006230.1,0.025568455,0.011238852,4,1
KIFAP3,0.08823481,0.011201087,4,1
CA11,0.02658167,0.011065915,4,0
LYVE1,0.06895212,0.010976045,4,0
SLC17A5,0.13785471,0.010875694,4,1
PSTPIP2,0.088596195,0.0108277425,4,1
AC026471.1,0.074346505,0.010822489,4,0
METTL22,0.096993,0.010786038,4,1
GOT2,0.038119357,0.010777626,4,1
DCAF12,0.0034659754,0.010722429,4,2
PYROXD1,0.03454442,0.01064338,4,1
CYTL1,0.03677574,0.0106047485,4,0
RFC5,0.043123465,0.010535534,4,0
TMX4,-0.0058463416,0.010522492,4,1
ARMH3,0.09144646,0.01051385,4,1
MTMR3,-0.0038439732,0.010488667,4,1
RPF2,0.085055105,0.010470234,4,1
ZNF548,0.08058401,0.010424414,4,0
HGH1,-0.030810473,0.010412138,4,1
ABHD12,0.08272342,0.010402992,4,2
THOC1,0.015678661,0.010388602,4,2
AL161785.1,0.0382545,0.010350568,4,0
TTN-AS1,0.085397184,0.010301126,4,0
STRIP1,0.08719977,0.01028946,4,1
HELQ,0.04620501,0.010258708,4,0
SNX8,0.0720643,0.010048807,4,2
RALGAPA1,0.079807535,0.009976648,4,2
GCNT2,0.054650452,0.0099734645,4,1
PAAF1,0.03105999,0.009949615,4,1
ELAC2,0.0027330816,0.009897092,4,2
TOMM40,0.014210236,0.009878613,4,2
PSEN1,0.055373758,0.009796396,4,1
SYT17,-0.009528431,0.009781517,4,2
ME1,0.06722268,0.0097566955,4,1
ZNF641,0.043595772,0.009747678,4,0
ZFC3H1,0.016673913,0.009725023,4,1
MCM9,0.0626885,0.009670259,4,0
CXCL1,0.09284991,0.0096208565,4,0
FAAP100,0.045779448,0.009604607,4,1
PEX5,0.033885974,0.009588549,4,0
UVRAG,0.20362242,0.009551451,4,1
SLC9A6,0.062007796,0.009415394,4,0
FEM1C,0.0054446906,0.009356331,4,2
CYTH2,0.02587033,0.009345442,4,1
SSR3,-0.06602375,0.009333417,4,2
CAMKK2,0.062920615,0.009318693,4,2
PPP1R10,0.021807766,0.00930259,4,2
DLST,-0.02365773,0.009171378,4,2
DGKQ,0.05432631,0.0091505535,4,0
GRHPR,0.025573978,0.00908998,4,2
LRRC37A2,-0.02409122,0.009070271,4,1
EMSY,0.016315525,0.0090435445,4,1
RPGR,0.06947601,0.008995052,4,0
GNAI3,0.031731457,0.008911423,4,2
NAGA,0.037696525,0.00888449,4,2
MXRA7,0.03989638,0.008812841,4,1
RXRB,0.016661383,0.008762477,4,1
RASA4B,0.01858499,0.008688655,4,1
RNF11,-0.026245499,0.008648202,4,2
AMT,0.05017974,0.0086349975,4,0
TTBK2,0.0132378945,0.00857259,4,1
ARID1B,-0.09553183,0.008417927,4,2
AC006480.2,0.10073952,0.00841311,4,0
DENND11,0.018619759,0.0082577355,4,0
PBRM1,-0.10028788,0.00822901,4,2
MED1,-0.012572522,0.008181922,4,2
HCK,0.1824951,0.008142382,4,2
DDX52,-0.06247424,0.008114159,4,2
AC093525.6,0.05955704,0.008050433,4,0
FAHD1,0.017831126,0.007954024,4,1
HILPDA,0.035077974,0.007950618,4,1
SPOUT1,0.063841306,0.007938897,4,0
RUVBL1,0.014088519,0.007893609,4,1
LRMP,0.05879881,0.007867899,4,0
PRPS2,0.011693445,0.0078076944,4,1
MARCH9,0.054763433,0.0076250583,4,1
RNF111,0.05693932,0.007552892,4,1
SETD7,0.1667925,0.007495448,4,2
INPP5E,0.038940933,0.007402961,4,0
WBP11,-0.060904026,0.0073755234,4,1
RAB13,0.08563838,0.007374853,4,2
DPP9,-0.055803984,0.0073480383,4,2
TMEM52B,0.046205718,0.00734739,4,0
AC090517.5,0.043294832,0.00734492,4,0
UAP1L1,0.014470379,0.007343523,4,2
TET3,-0.020441093,0.0073244944,4,1
SART3,0.010429372,0.0072674863,4,2
AMN1,0.035282977,0.007246852,4,0
KMT5C,0.040754795,0.007242454,4,0
ZWILCH,0.050271142,0.007185611,4,1
LINC00339,0.019803958,0.007165825,4,1
CTSO,0.0024466563,0.0071610063,4,2
BET1,0.005956322,0.00712562,4,1
ZNF770,-0.010175495,0.007116642,4,1
EGFL8,0.10124893,0.0071111466,4,0
ACO1,0.076677665,0.006999301,4,0
ERI1,0.044317123,0.006974317,4,0
TERF2,0.043051753,0.0069178995,4,0
INAFM2,0.09052936,0.006913729,4,1
NCBP3,-0.022904202,0.0067275204,4,1
TARS,-0.13105005,0.006695356,4,2
ZNF23,0.055788103,0.006570838,4,1
FAM160A2,0.073546045,0.0065550637,4,0
CD28,0.077397,0.006518297,4,1
TMEM181,0.04992273,0.0064998753,4,0
SYNE3,0.12106333,0.006346589,4,0
PRC1,0.07595711,0.006345827,4,1
NMNAT3,0.094329774,0.006292597,4,0
CTBP1-DT,0.08117674,0.0061556106,4,0
PPAN,0.0013443778,0.0061444305,4,2
NAXD,-0.04878831,0.006062515,4,1
PMF1,0.027177302,0.0060574636,4,2
MSH2,0.05542959,0.0060212314,4,0
C12orf29,0.05837026,0.0059103766,4,0
DUS2,0.025073864,0.005868882,4,1
KPNA5,0.035854086,0.0057809968,4,1
C1orf122,0.019397154,0.00569202,4,2
IFITM10,-0.030763915,0.0056422353,4,2
MSANTD2,0.05560262,0.0055799335,4,2
ZNF813,0.06277713,0.005528619,4,0
IFRD2,-0.017676929,0.005499251,4,2
DCK,-0.036603708,0.00545875,4,2
BRD9,-0.014856771,0.0054264367,4,2
GLB1L,0.100149274,0.0053486777,4,0
ARF3,0.037107076,0.0053289905,4,2
AC097376.3,0.12026871,0.0052371845,4,0
RPL22L1,0.016901026,0.0052331686,4,2
MTX2,0.04830991,0.0052204877,4,2
TNFAIP8L2,0.023257874,0.005161941,4,2
PLK3,0.11317853,0.0051337034,4,2
ZNF420,0.047958974,0.0051007518,4,0
MGAT4B,0.046056774,0.0050549284,4,1
TRAM2,0.03162345,0.0050432635,4,1
ZFAND6,-0.13659415,0.0050348267,4,2
VPS25,-0.0015257001,0.0050138645,4,2
ARSG,0.061814293,0.005003512,4,1
CCL13,0.11550501,0.00481743,4,0
AC015813.1,0.057914436,0.004790391,4,0
SERPINB9P1,0.08972537,0.0047795717,4,1
TRAF3IP1,0.0736712,0.004482747,4,0
APPBP2,0.041301426,0.0044802576,4,1
NUP133,0.0728317,0.004418362,4,1
ADAMTS10,0.028725108,0.004352415,4,0
AHDC1,0.035309203,0.0043127453,4,0
YAF2,-0.036524337,0.00429523,4,1
MIEF1,0.012358244,0.004290074,4,2
XPO5,0.06697101,0.004229335,4,2
SLC38A2,-0.077394,0.0041499287,4,2
SGMS2,0.030150628,0.004136903,4,0
C12orf65,0.030329218,0.004131917,4,2
TIMM8A,0.054014742,0.0038475264,4,1
SATB1,0.03165532,0.0038347542,4,2
NNMT,0.11529052,0.0037910715,4,1
MYEOV,0.054519136,0.0037332298,4,0
ATRN,-0.057477113,0.0036968477,4,2
COL1A1,0.11627176,0.0036959583,4,0
MIR503HG,0.08019399,0.0036557144,4,0
GPATCH2L,0.06906142,0.0036409497,4,2
NOL11,0.054595903,0.003639195,4,2
SNAPIN,0.03253538,0.0036166944,4,2
RCBTB2,0.09729656,0.003550157,4,2
NTAN1,0.086740725,0.003549695,4,2
FAM228B,0.030275673,0.003433113,4,2
SETMAR,0.061718155,0.0033621492,4,0
CLIP2,0.019412441,0.0028444007,4,1
PHF14,0.030715803,0.0028416961,4,2
RBM28,0.14090765,0.0023196414,4,0
TCTA,0.099001326,0.0021226853,4,0
PRH1,0.049223974,0.0019329013,4,0
ERI2,0.054065634,0.001889186,4,2
AP4M1,0.06267808,0.0017207004,4,0
COX10,0.08527273,0.0013424028,4,0
DCAF4,-0.008411062,0.0010947417,4,1
RPS29,0.23420025,0.335055,3,3
RPS24,0.22534563,0.29432452,3,3
PLD2,0.3146133,0.26360077,3,3
RPL26,0.2163276,0.25308764,3,3
UBA52,0.3766725,0.23673612,3,3
CYBA,0.31089193,0.22406971,3,3
SRGN,0.17923029,0.22317743,3,3
IFIT2,0.25009403,0.19082074,3,3
GADD45G,0.1716159,0.18381014,3,3
RNF130,0.071427464,0.18241566,3,3
CLIC1,0.2078337,0.18152082,3,3
MAP3K8,0.2430343,0.18095344,3,3
ALOX5AP,-0.053031623,0.17971933,3,3
LGMN,0.22791432,0.17128465,3,3
EIF4A3,0.13232897,0.16057959,3,3
BLOC1S1,0.1958824,0.1569831,3,3
REX1BD,0.07696688,0.15457565,3,3
RPS23,0.12691355,0.15247118,3,3
CCL4,0.17720886,0.15034449,3,3
APRT,-0.017899355,0.14603435,3,3
IRAK4,0.15483506,0.14266148,3,2
RPL31,0.07809782,0.14142197,3,3
MYL12A,0.16844194,0.13622254,3,3
TOMM5,0.08472823,0.13557515,3,3
COX7C,0.077436894,0.13556835,3,3
AAMP,0.17009234,0.13520935,3,2
VDAC3,0.2287848,0.13145766,3,3
STX6,0.07233835,0.13144173,3,3
PTPRA,0.21791154,0.13098463,3,3
CDC42,0.22622056,0.12937978,3,3
RPL18,0.07168484,0.12696964,3,3
CHD2,0.20873803,0.12650691,3,3
ZNF385A,0.1251119,0.125077,3,3
CRTAP,0.16171752,0.12401512,3,3
HMGB1,0.102423854,0.12380105,3,3
RPL36A,0.18486975,0.12111819,3,3
TTC19,0.10124651,0.118512504,3,3
PSMG4,0.140368,0.118438706,3,3
SOCS3,0.22361867,0.116258144,3,3
FTL,0.47456077,0.114230394,3,3
VAMP3,0.053209033,0.11356592,3,3
NPEPPS,0.10296514,0.11214382,3,3
SREBF1,0.07113265,0.11133592,3,3
SEC61B,0.08823899,0.11058676,3,3
SGK3,0.08645851,0.10684006,3,2
TOMM7,-0.028614124,0.10591614,3,3
RAB7A,0.19313002,0.10538125,3,3
CD302,0.13026802,0.10515028,3,2
PGAM1,0.067014225,0.10487391,3,3
STAT3,0.10553893,0.10380857,3,3
TAF1D,0.09609148,0.10374783,3,3
EDF1,-0.026236057,0.10163587,3,3
UQCRC2,0.1375596,0.09984658,3,3
ATP5PB,0.2465756,0.09766093,3,3
CTDNEP1,0.21581878,0.09720056,3,3
CERT1,0.15933195,0.0968732,3,3
RNF144B,0.045940686,0.096729085,3,3
PFDN5,0.027089039,0.09588772,3,3
TMBIM6,-0.008513689,0.09587258,3,3
PLEK,0.07306977,0.09473121,3,3
NEK4,0.081117935,0.09468941,3,3
TNFSF10,0.20583169,0.09442809,3,3
NINJ1,0.03875025,0.094024464,3,3
SFT2D1,0.021015277,0.09383015,3,3
NLRP3,-0.07903102,0.093282774,3,3
STAMBP,0.120476805,0.09325017,3,3
IMP4,0.0018342435,0.092916206,3,3
GBE1,0.071030386,0.09242791,3,3
SLC25A6,-0.03584523,0.09231371,3,3
NAGPA,0.09017559,0.09207702,3,3
RPS15,0.26202998,0.091405034,3,3
MIER1,0.12218553,0.09132009,3,2
RPL8,-0.06374023,0.09094679,3,3
HSPE1,0.10427197,0.09079678,3,3
ATP6AP1,0.0916016,0.09066272,3,3
EIF1,0.16210194,0.09025943,3,3
RFFL,0.10416152,0.089542866,3,3
RPL10,-0.007858634,0.08943319,3,3
TREM2,0.13147171,0.08880898,3,3
AFF1,0.1354466,0.088227294,3,3
DDX21,0.1779712,0.08779749,3,3
POMP,0.0655798,0.08760163,3,3
LRCH3,0.08814311,0.087597236,3,3
PI4KB,0.14603059,0.087505795,3,3
RPS7,-0.18193305,0.08743584,3,3
RPL19,-0.03154983,0.08711767,3,3
ATP6V1A,0.06375032,0.08642834,3,3
CORO1A,-0.08896481,0.08619392,3,3
PPIB,0.02694264,0.08543438,3,3
ARHGAP6,0.11798816,0.084694035,3,2
UQCRFS1,-0.017807325,0.08386423,3,3
HLA-A,0.30824122,0.08380091,3,3
GBP4,0.18699677,0.083353795,3,3
ANAPC11,0.070704125,0.083209395,3,3
GNB4,0.14541906,0.08268686,3,3
SIAH2,0.11523912,0.08260713,3,3
RPL10A,0.02096806,0.08210975,3,3
BAG1,0.13958694,0.08186893,3,3
PPP4R3A,0.08062686,0.08112623,3,3
RPS5,-0.06595435,0.08107549,3,3
VEGFA,0.15462254,0.0809623,3,2
PRAM1,0.12508701,0.08094025,3,2
RPS21,-0.18847896,0.079782784,3,3
GPX4,0.06830565,0.079164684,3,3
TMEM109,0.02039735,0.0790429,3,3
HMGN1,0.03292444,0.07813296,3,3
PARK7,0.09431678,0.07799399,3,3
EMD,0.16559844,0.077973306,3,3
CCDC90B,0.14469492,0.07724331,3,3
TM9SF2,-0.07845157,0.077233545,3,3
SUZ12,0.03597523,0.076373465,3,3
TAP2,0.15038109,0.07618901,3,3
HLA-DMA,0.05426072,0.07549745,3,3
MICOS13,0.06808022,0.07545054,3,3
FYB1,0.16622598,0.07534677,3,3
DUSP22,0.1388018,0.075294785,3,2
MB21D2,0.086895555,0.07454945,3,2
TARS2,0.085025735,0.07454945,3,2
USP3,0.09356975,0.07454945,3,2
TAX1BP1,0.06525052,0.07415809,3,3
DNAJC1,0.02938591,0.07412163,3,3
RBMX,0.080310695,0.073789865,3,3
TMED9,-0.055058476,0.07377988,3,3
SMCHD1,0.123816885,0.07331269,3,3
SBNO1,0.015899604,0.073055565,3,2
ZNHIT1,0.016139537,0.072852924,3,3
CACYBP,0.13246053,0.07283965,3,3
STX5,0.08882951,0.07277277,3,3
ZBTB1,0.16155519,0.072646126,3,3
RPL9,0.11394296,0.072630405,3,3
ZMYM3,0.07053784,0.072586,3,2
TSTD1,0.06405267,0.07199517,3,3
MAP4,0.09306634,0.07179235,3,3
PRDX1,0.13219614,0.07177949,3,3
TNFSF13B,0.15969084,0.07147083,3,3
TMEM33,0.021612452,0.07118312,3,3
GPR160,0.089406095,0.06984213,3,2
ZNRD1,0.06130929,0.06951189,3,3
TNIP2,0.07075433,0.0695053,3,3
ORMDL1,0.04684496,0.06924566,3,3
SYNGR2,0.16191024,0.06913391,3,3
RPS28,0.033029716,0.069001555,3,3
GALK2,0.07749962,0.06842183,3,2
UBC,0.014356971,0.068234205,3,3
FEZ2,0.1394998,0.068212,3,3
SNX17,0.10231421,0.06767622,3,3
HIGD2A,0.069253415,0.067527235,3,3
ATP2B1,0.08211993,0.06705334,3,3
TFEC,0.15779556,0.06704613,3,3
MTIF2,0.09595398,0.066791214,3,2
EIF2S2,0.074359626,0.066419184,3,3
RNF181,0.090087615,0.06638238,3,3
PCK2,0.059347365,0.06620155,3,3
TNIP1,0.0927035,0.06587259,3,3
RAB5A,0.033949535,0.06551755,3,3
PTGR1,0.07782138,0.06548914,3,3
MAP3K3,0.08194192,0.065032415,3,3
PRR13,0.044048578,0.06491023,3,3
TOMM6,0.010021727,0.06490037,3,3
CDC23,0.14216788,0.06452387,3,2
GSKIP,0.072236046,0.06452387,3,2
REPS2,0.069160454,0.06452387,3,2
TBPL1,0.05815343,0.0643971,3,2
SEC11C,0.030751904,0.06423983,3,3
PFDN2,0.10582604,0.06421873,3,3
UQCRH,-0.015744,0.06388742,3,3
CAPN7,0.10213032,0.063859805,3,3
MAPKAPK3,0.037535697,0.0637504,3,3
LAMP2,0.13297227,0.06337917,3,3
PJA2,0.08523238,0.06336258,3,3
AZI2,0.0010172675,0.063045576,3,3
NUDT21,0.08306649,0.062959336,3,3
PUF60,0.07295314,0.062596105,3,3
KDM3A,0.09413164,0.06248209,3,3
COMMD1,0.049896147,0.06244111,3,3
ATP5MG,-0.013761272,0.062390864,3,3
UBE2L3,0.17095603,0.061531752,3,3
RNF138,0.05405436,0.06105028,3,2
ABCG1,0.12869792,0.060812637,3,3
RNF125,0.11213345,0.0606921,3,2
CDC37,0.10875789,0.060655504,3,3
PPIL3,0.085671015,0.060493592,3,1
RAB9A,0.022111982,0.060484193,3,3
DYNC1LI1,0.082737826,0.060385585,3,3
STRN3,0.10227913,0.06013973,3,2
CCL5,0.14349064,0.059721157,3,3
NDUFS7,-0.0069509395,0.05960746,3,3
SLIRP,0.19102971,0.059572965,3,3
L3MBTL2,0.062827796,0.05943949,3,2
CTR9,0.113604195,0.059373714,3,2
CALCOCO2,-0.027386555,0.059279412,3,3
PRKRIP1,0.05179782,0.059014156,3,3
MAP2K2,0.034691658,0.05833654,3,3
BLNK,0.0319403,0.058228523,3,3
PRKAG2-AS1,0.069321625,0.058218714,3,2
ZNF394,-0.030413836,0.05806791,3,3
CTSD,0.19680464,0.057844758,3,3
BBX,0.07462715,0.057487875,3,2
SLC37A2,0.08772552,0.05747129,3,3
MRPL33,0.09583464,0.056605414,3,3
LAMP1,0.029245274,0.056569383,3,3
TM9SF1,0.07634731,0.056373972,3,3
RPS6KB2,0.09151751,0.056186914,3,3
GABARAP,0.1918125,0.056055605,3,3
RNF38,0.033803042,0.05602157,3,3
TMEM199,0.0662541,0.05584094,3,2
SEC22B,0.10304444,0.055839866,3,3
MCFD2,-0.008273731,0.055630233,3,2
TCEAL3,0.09695623,0.055628434,3,3
DDB2,0.04145236,0.05559984,3,3
SCLT1,0.08410442,0.05549688,3,2
DKC1,0.050938975,0.055463843,3,3
FNDC3A,0.17426752,0.05537419,3,3
NIP7,0.08891449,0.055321407,3,3
UGP2,0.0034242272,0.05510048,3,3
SLMAP,0.032259464,0.05485662,3,3
CAPN2,0.04442485,0.054826543,3,3
SIMC1,0.047572285,0.054534018,3,3
TTC1,0.07298723,0.054451667,3,1
NFATC3,0.077891216,0.054435916,3,2
ENTPD1,0.06494501,0.05436851,3,2
PIAS1,0.098098755,0.053434692,3,3
NOB1,0.14156285,0.053342875,3,2
RPS8,-0.052021664,0.053323984,3,3
PRPF6,0.046008214,0.053164184,3,3
KLF6,-0.10847237,0.053148627,3,3
RPL41,-0.09835263,0.05282849,3,3
SFMBT2,0.028655061,0.052574076,3,3
NDUFS5,0.06496426,0.052458435,3,3
PGM2,0.05852878,0.05240048,3,3
RPS20,0.08319286,0.05235839,3,3
LYRM2,0.048130106,0.052315585,3,3
KRCC1,0.09050415,0.052258715,3,3
ATOX1,0.029242426,0.052064925,3,3
BRD3,0.08224606,0.051998783,3,2
PRKACB,0.010591358,0.051508754,3,3
KLHL36,0.08883654,0.05147649,3,3
CWC15,-0.113426626,0.051475048,3,3
CCT3,-0.017316187,0.051345542,3,3
DNAJB12,0.2175587,0.051255316,3,3
RPTOR,0.11368743,0.05100623,3,2
ITPK1,0.070071906,0.051001877,3,3
RHOT1,0.114640854,0.050891064,3,3
AHCYL1,0.064586945,0.050617665,3,3
DHX29,0.078306,0.050393242,3,2
CNTLN,0.078301884,0.050361272,3,3
SF3A1,0.03627118,0.050292432,3,3
DHX16,0.040963244,0.050182316,3,3
ALDH1A1,0.08458909,0.050163463,3,2
LINC00667,0.06998157,0.050071973,3,3
RASSF7,0.061025757,0.04980152,3,3
DYNLL1,0.2448285,0.049409807,3,3
RPL28,0.009705822,0.049342632,3,3
RRAGC,0.069132,0.049235746,3,2
ASB3,0.06476386,0.049170256,3,2
TRIM23,0.11501032,0.049170256,3,2
MAP4K3-DT,0.0034792796,0.04907614,3,3
TMEM91,0.07398293,0.048874885,3,3
SUMO1,0.10729919,0.04874666,3,3
BSCL2,0.075828485,0.048679166,3,2
ATL2,0.08737031,0.048530944,3,2
SDHA,0.08623502,0.0484232,3,2
UBR2,0.08789157,0.048292205,3,2
SCNM1,0.03159705,0.04798101,3,3
DSTN,0.00071042776,0.047431663,3,3
EIF2B1,0.01654507,0.047204815,3,2
RPS9,0.1280192,0.047010183,3,3
NCL,0.17639475,0.046782166,3,3
LINC01357,0.05330352,0.046677087,3,3
ADGRG1,0.08824152,0.046379447,3,1
ENY2,0.136407,0.046352714,3,3
SMURF2,0.1125562,0.04614497,3,3
MRPL13,0.008868419,0.046055958,3,3
SEH1L,0.09544196,0.045955535,3,2
RBX1,0.05456607,0.045927837,3,3
SCARB2,0.14982337,0.0458574,3,3
ZMYM5,0.06641187,0.045851674,3,1
PRMT3,0.14563821,0.04582603,3,2
POLL,0.15283765,0.04564162,3,2
ZNF226,0.04562199,0.045571413,3,3
YWHAZ,0.11133396,0.045527607,3,3
PTP4A2,0.048832115,0.045519263,3,3
RTF2,0.078954235,0.045483947,3,3
CHCHD7,0.074319325,0.045237314,3,3
TAGAP,0.07118327,0.044963494,3,3
ITGAX,-0.10655928,0.04460925,3,3
SCO1,0.068063475,0.044437647,3,1
UBAP1,0.07691582,0.04440607,3,3
ZPR1,0.008291899,0.044316355,3,3
MRPS17,0.032494724,0.04422501,3,2
ABHD14A,0.02523756,0.044196997,3,2
PRKX,0.14113997,0.044068947,3,3
SEC61G,0.03631882,0.044009775,3,3
AKR1A1,0.1737978,0.04386866,3,3
HSPH1,0.14294426,0.04382754,3,3
NAA15,0.041604802,0.043594193,3,3
AOAH,0.13484453,0.04356143,3,3
COX17,0.077643774,0.043558627,3,3
MELTF,0.06004997,0.043551236,3,2
TDP2,0.018994534,0.04354297,3,3
RSL24D1,0.0045154095,0.043504007,3,3
MARK2,0.046447467,0.043410107,3,2
SEC62,0.009269576,0.043154597,3,3
EPB41,0.07958735,0.042959586,3,3
C8orf82,0.07082566,0.042917304,3,2
PRPF4,0.036727153,0.0429096,3,2
AC020912.1,0.067035936,0.04273636,3,2
RLIM,0.05170987,0.04273636,3,2
SLC35F6,0.09298953,0.04243146,3,3
CENPB,0.1902171,0.042411387,3,3
GOPC,0.009614949,0.042223368,3,2
RELCH,0.039989784,0.042204857,3,2
BOD1L1,-0.0010991693,0.04219027,3,3
TAGLN2,0.14629444,0.042131543,3,3
ARHGAP45,0.01875653,0.041968927,3,3
PCBD1,0.06504657,0.041888893,3,3
GPSM3,0.09615255,0.04183188,3,3
HPRT1,0.014122737,0.04178878,3,3
DAZAP2,0.102689765,0.04157272,3,3
NSUN5,-0.010376814,0.041558377,3,3
SF3A3,0.043845255,0.041470848,3,3
BNIP3,-0.054182883,0.041356284,3,3
ACLY,0.02323913,0.041324303,3,3
UACA,0.022082737,0.04128004,3,2
IFIT1,0.028577337,0.041218504,3,3
CCNG1,0.08010063,0.04112947,3,3
ARHGAP1,0.03768325,0.041116633,3,2
TTC5,0.13752538,0.041014437,3,2
SMYD5,0.09320712,0.040993664,3,1
ADSL,0.056543853,0.04098047,3,3
GLT8D1,0.06301578,0.040977634,3,2
AMZ2,0.069502994,0.040734246,3,3
DUT,0.044468373,0.04071866,3,3
PDHB,0.044897985,0.040556747,3,3
MT-ND6,-0.045446128,0.04046592,3,3
TMCO1,0.17018919,0.04038416,3,3
UTRN,0.026144834,0.039929934,3,3
PARVB,-0.0062979185,0.039870232,3,3
TRIM28,0.09294045,0.03976229,3,3
POR,0.063355334,0.039751936,3,3
NACA,-0.040353995,0.039708138,3,3
PLPBP,0.10042823,0.039670467,3,3
NUDT5,0.04504043,0.039428934,3,3
HERC3,0.13066562,0.03942295,3,1
ZMAT5,0.045253653,0.03925748,3,2
NIFK,0.04892388,0.03915219,3,3
IL13RA1,0.043982368,0.039143696,3,3
AL392172.1,0.087382145,0.039142776,3,2
EPHX1,0.052158803,0.03894364,3,3
IL10,0.029452572,0.038924936,3,2
CYB561D2,0.020050967,0.038708806,3,3
AVL9,0.080235034,0.038611844,3,3
NPAT,0.087014236,0.038511626,3,2
NDUFA13,0.112608135,0.0384672,3,3
BLCAP,0.14901455,0.038420342,3,3
ATP6V0D1,0.090533994,0.03822425,3,3
CNPPD1,0.035799876,0.038194146,3,3
SLC15A4,0.028591739,0.038178876,3,3
ALG1,0.04060376,0.0381774,3,2
KBTBD2,0.09384102,0.038112838,3,3
ADGRE5,0.039882276,0.03808981,3,2
AGPAT2,0.07576179,0.038033687,3,3
BMI1,0.036154136,0.038004454,3,3
PRMT1,0.061727326,0.037910298,3,3
PDCD2,0.06388584,0.03785833,3,3
PSMD2,0.005867988,0.037735187,3,3
SERPINH1,0.078900635,0.037727147,3,2
GOLGA4,-0.0695817,0.03768632,3,3
PSMB8,0.008031736,0.03746792,3,3
FAM122B,0.030771717,0.037466217,3,3
SLC66A2,0.02527105,0.037441984,3,3
SLC50A1,0.0926361,0.037302,3,3
PPP1R2,0.04209299,0.037284464,3,3
HAUS4,0.066136315,0.037226576,3,2
TMEM183A,0.10968992,0.037225723,3,2
PEX26,0.056965422,0.03719049,3,2
CDC16,0.28862658,0.037184805,3,2
BCAS2,0.037522193,0.037136078,3,2
RMC1,0.04899849,0.03703062,3,1
FBL,-0.11868758,0.036912724,3,3
ZBTB20,0.06116898,0.036876015,3,1
SHLD2,0.06377288,0.036874454,3,2
ARL1,-0.02241335,0.03662478,3,3
SIPA1L2,0.035815824,0.03658961,3,2
ARMCX6,0.0050808094,0.03652414,3,3
RNASEK,-0.09200845,0.036495626,3,3
DPM3,0.028588584,0.036377244,3,3
NSF,0.113874525,0.036283776,3,3
DDX50,0.079840206,0.03626194,3,3
MAN1A2,0.14233817,0.036255326,3,3
SH3YL1,0.054046977,0.03605678,3,2
ZNF524,0.027787857,0.036015436,3,3
MPDU1,0.050593656,0.035981774,3,2
CHCHD6,0.034418236,0.03594176,3,3
EZH1,0.06030491,0.035922013,3,3
SNAP29,0.06427381,0.035867505,3,3
ILF3,0.06767202,0.035785973,3,3
NSUN4,0.064458005,0.035780616,3,1
DERL2,0.121243216,0.035590284,3,2
APC,0.06836023,0.03533154,3,1
NFU1,0.0826303,0.035315167,3,3
SRPK2,0.12934013,0.035196587,3,3
LRPPRC,0.032182064,0.03501899,3,3
MECP2,-0.12381944,0.035000928,3,3
NAPRT,0.012704049,0.034972116,3,2
MAPRE1,0.10161919,0.034909002,3,3
SCFD2,0.0115669025,0.034908455,3,2
EPB41L4A-AS1,0.08046171,0.034828544,3,2
LATS2,0.057807386,0.03481015,3,2
SCPEP1,0.07131944,0.034683228,3,3
PLBD2,0.11656324,0.03455569,3,2
SMARCD2,0.1047034,0.0344157,3,2
UPK3BL1,0.018186375,0.034268457,3,2
HECTD3,0.036757875,0.034192193,3,3
ARF5,0.09871459,0.034056038,3,3
VAT1,0.0067802616,0.033961996,3,3
AC100810.1,-0.020607432,0.033915743,3,3
ERAL1,0.06860967,0.033749126,3,2
MDH2,0.009383395,0.03369853,3,3
NDRG1,-0.036672387,0.033565506,3,3
TCF20,0.07012449,0.03340602,3,1
ETV3,0.19123054,0.033382498,3,3
LST1,-0.017718693,0.033230424,3,3
PSMB2,0.08383218,0.033157498,3,3
SIL1,-0.041404556,0.03309208,3,3
WIPI2,0.022921761,0.033003807,3,2
RGS16,0.0029787098,0.032813422,3,3
GBP1,0.032607347,0.03268382,3,3
KDM4A,0.03649198,0.03264416,3,3
RIOK2,0.07299458,0.032529727,3,3
ADA2,0.06764978,0.032501727,3,3
GSTP1,0.18915331,0.032492757,3,3
PGD,-0.025478533,0.032484442,3,3
GLA,0.05642587,0.032388926,3,2
EPC1,-0.022347033,0.032385014,3,3
EIF3D,-0.003899932,0.03237517,3,3
TMEM219,0.063030474,0.032307476,3,3
TMEM70,-0.001738665,0.032229237,3,3
SFXN3,0.09524014,0.032047153,3,3
CD46,0.10749877,0.031970166,3,3
PYCARD,0.105495006,0.031949073,3,3
REXO2,0.014924132,0.031936225,3,2
ZNF107,0.07440738,0.03183505,3,3
TCF12,0.09414811,0.031755753,3,3
NUDC,0.16288504,0.031671017,3,3
ZNF438,0.14791839,0.03162153,3,3
KIF13B,0.04926184,0.0314982,3,1
IPMK,0.049131107,0.031363104,3,1
TMEM161B-AS1,0.1533901,0.03121199,3,1
WDR11,0.0011832515,0.031168409,3,3
LMAN1,0.06984672,0.031160876,3,3
CAMTA1,0.059574228,0.031116739,3,3
KCNN4,0.06610472,0.031107306,3,2
TRAK1,0.049210895,0.030910872,3,2
THAP11,0.050198544,0.030785697,3,2
CBX1,0.06298535,0.03076049,3,3
UBE2N,-0.002632603,0.030738156,3,3
GTF2H5,-0.03352375,0.030656904,3,3
LYPLA1,0.018623278,0.030656323,3,2
UBP1,0.06578895,0.030656323,3,1
EIF3M,0.023305306,0.030633792,3,3
ORC3,0.053223178,0.03061996,3,2
DDAH2,0.02042224,0.030574866,3,3
ARID3A,0.06293346,0.030526746,3,3
GPR141,0.025860662,0.030515946,3,2
MRPL18,0.047720373,0.030486695,3,3
TTC17,0.1209434,0.030431852,3,2
MAP2K1,-0.0052377186,0.030282617,3,2
STAM2,0.047883987,0.030248895,3,3
SCD,0.06938914,0.030225419,3,3
CMTM6,0.104450844,0.030214325,3,3
ARPIN,0.1469297,0.030167364,3,2
LSM3,-0.01693988,0.030088425,3,3
ZNF37A,0.043785628,0.030003384,3,2
HMGB2,0.06971468,0.029929146,3,3
RTCB,0.06280806,0.029899418,3,3
SURF4,0.032089893,0.029848434,3,3
TENT5A,0.057301234,0.02970568,3,3
CCDC91,0.056873735,0.029683571,3,2
TCEAL1,0.0665772,0.029473092,3,3
PNPLA4,0.04729068,0.029450396,3,1
ERGIC1,0.0063909343,0.029446118,3,3
ARL16,0.094628505,0.029440079,3,3
EXOC3,0.046743292,0.029369473,3,1
FEM1B,0.07159501,0.029343206,3,2
PTTG1IP,0.027169665,0.02929917,3,3
ZNF414,0.06691146,0.029205933,3,3
OSTM1,0.0068094083,0.029199868,3,3
RAB6A,0.039072268,0.02915255,3,3
UGCG,0.08415123,0.029145785,3,3
PAGR1,-0.033998843,0.029013053,3,3
IL15RA,0.024937376,0.028599977,3,2
ZNF362,0.03307629,0.02857278,3,2
ZNF629,0.056495886,0.02857278,3,2
TSC22D4,-0.045436367,0.028489478,3,3
SERPING1,0.13605583,0.028477758,3,3
TBCA,0.086334206,0.028418541,3,3
RPS3A,-0.0005126993,0.02837181,3,3
FBXL17,0.09919708,0.028361201,3,1
TMEM9B,0.13907741,0.028311089,3,3
NDUFS3,-0.076540284,0.02829352,3,3
ACAT1,0.08070993,0.028181091,3,3
NUP54,0.035399787,0.028128717,3,3
GEMIN6,0.0028756857,0.028072681,3,3
CCDC170,0.05226022,0.028056517,3,1
SLC39A1,0.061497923,0.028037082,3,3
RAB43,0.047038432,0.027962897,3,2
PHC2,-0.0754047,0.0278427,3,2
SERTAD2,0.048852574,0.02782613,3,2
WFDC2,0.04838335,0.027794793,3,3
SNHG16,-0.05235502,0.027722813,3,3
EIF3F,0.092498384,0.027568355,3,3
PSMB9,0.0771248,0.027520776,3,3
MRPS26,0.08252875,0.027464598,3,3
ASCC2,0.12124319,0.027291462,3,2
LCP1,-0.07319706,0.027237684,3,3
RPA2,-0.00088421506,0.027194463,3,2
VPS35,0.02466234,0.02716595,3,3
TLR7,0.045914624,0.027056731,3,2
WDR83OS,-0.030425915,0.026999533,3,3
NCLN,0.041636724,0.026980614,3,2
SIGLEC10,0.03341536,0.02696009,3,2
RRP7A,-0.07664526,0.02684556,3,3
RBBP7,0.09430557,0.026837684,3,2
TACSTD2,-0.025107041,0.026764452,3,2
FNIP1,0.12623584,0.02671785,3,3
JAGN1,0.028665192,0.02671232,3,2
SLC38A9,0.1437624,0.026373718,3,1
VPS37A,0.036111966,0.026360787,3,2
WAS,0.048169866,0.026244596,3,3
MRPS33,-0.022526024,0.026219815,3,3
PPP1CC,-0.03668044,0.026190452,3,3
NCOA7,0.027550496,0.026062682,3,2
MEAK7,0.058041703,0.026042772,3,3
ID3,0.024665663,0.0260164,3,2
GMPR2,0.086971104,0.026004821,3,2
TAP1,0.14587788,0.025896326,3,3
KCTD21,0.039762452,0.02576941,3,2
CHCHD2,0.13618885,0.025735319,3,3
KIF21B,-0.012647045,0.025564259,3,2
FCHSD2,-0.004551346,0.025562622,3,3
TUBA1A,0.006957367,0.025327384,3,3
C12orf4,0.07099974,0.025283393,3,2
TGIF2,0.08748769,0.024946015,3,2
PITPNC1,0.047989417,0.024939943,3,2
SNRNP25,0.024019575,0.024845678,3,3
HLA-B,0.119195975,0.024840832,3,3
MPHOSPH8,0.06900177,0.0248169,3,3
CITED2,-0.013313413,0.024664328,3,3
VAMP5,0.048061877,0.024649419,3,3
ELP5,0.0043220944,0.02459472,3,3
TAB2,0.003793617,0.024554625,3,3
ERLIN2,0.05027293,0.02449262,3,2
CYB5B,0.037401836,0.024486734,3,3
TINF2,0.02123774,0.0244603,3,2
FAR1,-0.04810384,0.024347857,3,3
LARS,0.015837142,0.02434405,3,3
ZNF277,0.047240585,0.024321448,3,2
KLHL7,-0.025406867,0.024315951,3,2
CDK17,0.0780767,0.024258964,3,1
EEPD1,-0.0133499345,0.024144936,3,3
UBE2Z,0.017500645,0.02410391,3,2
RTL8C,0.07148984,0.02399677,3,3
USP36,0.053476978,0.02396635,3,2
ATF7,0.14385928,0.023963068,3,2
SEC24C,0.07716637,0.023840256,3,2
RPAP3,0.079734124,0.023800366,3,2
NBPF1,0.11020806,0.023760509,3,2
PRORP,0.021495432,0.023640146,3,3
VDAC1,-0.12728827,0.023639709,3,3
NUCKS1,0.0892893,0.0235634,3,3
HLA-DRB1,0.10011387,0.02354443,3,3
MAT2B,0.022755215,0.023436747,3,3
RNF19B,0.060134258,0.023410432,3,2
MSRA,0.08634458,0.023401044,3,3
PSMA7,0.12519784,0.023375064,3,3
EIF4EBP3,0.023046771,0.02332586,3,1
NDUFB1,0.1527295,0.023265034,3,3
FBXL3,0.021216325,0.023225643,3,3
CD2BP2,0.052950095,0.02320882,3,3
OXA1L,0.026408574,0.023138493,3,3
TMEM254,0.08082459,0.023096405,3,1
POLRMT,0.047965348,0.023039732,3,2
ACYP2,0.030707335,0.023004636,3,3
PAIP2,0.1288467,0.022925407,3,3
IL6R,-0.031175539,0.022825137,3,3
ENTR1,0.048808847,0.022815134,3,2
VCPIP1,0.05858961,0.022795372,3,2
SNX7,0.034399614,0.02272682,3,2
XPNPEP1,-0.022303969,0.022655688,3,3
TM2D3,0.08857725,0.02263438,3,1
RSBN1,0.06967503,0.022496562,3,3
MED29,0.02232027,0.022492565,3,2
UPF2,0.050341934,0.022416845,3,2
FAM204A,0.035663474,0.022381559,3,3
COA1,0.053943533,0.022379927,3,3
ABCA7,0.12141949,0.022300158,3,2
PA2G4,0.02935712,0.022288337,3,3
GPD2,0.06328463,0.022252277,3,3
TRIOBP,0.05380724,0.022225894,3,3
PSMB4,0.10863312,0.022140175,3,3
RASA3,-0.014246208,0.022106431,3,2
COMMD9,0.091384806,0.022033408,3,3
RNF31,0.082866885,0.022031553,3,3
RCN3,0.0350583,0.021997005,3,2
SLC11A2,-0.120424666,0.021991722,3,3
CHUK,0.05926959,0.021967348,3,2
LTB,0.01499239,0.021942578,3,2
ARHGEF9,0.0014696717,0.021938212,3,2
SSBP2,0.0666606,0.021938212,3,1
METTL3,0.1052647,0.021937985,3,2
TSC1,-0.035422366,0.021925703,3,3
MOSPD1,0.045422122,0.02192288,3,1
UBE2R2,0.008006561,0.021914221,3,3
SAP30BP,0.031083437,0.021853894,3,3
LPCAT3,0.086809374,0.021801377,3,3
FBXL15,0.100230865,0.021764264,3,2
S100PBP,0.07571113,0.021762766,3,3
CHM,0.08901324,0.021759726,3,2
NR2C2,0.065620095,0.021756992,3,2
CCDC124,0.0812267,0.021750689,3,3
DEF8,0.049569804,0.021607757,3,3
GMPPB,0.07778579,0.021437129,3,1
PNRC1,0.048224438,0.021396339,3,3
ZNF787,0.06720347,0.021395357,3,1
AKAP17A,0.02871921,0.021365076,3,1
TMEM128,0.034751143,0.02133672,3,2
C8orf76,0.011574131,0.021305092,3,2
TSPAN17,0.044137686,0.021184636,3,1
DHRS3,0.10522703,0.02117455,3,3
ANKRD52,0.03790978,0.021120338,3,2
CES2,0.10317844,0.021115575,3,3
MPC1,0.03322419,0.021073118,3,3
MAP3K4,0.08766357,0.021044135,3,3
ELMOD2,0.13157792,0.02103189,3,2
CD72,0.03395353,0.020953774,3,2
SP1,0.048709255,0.02094026,3,2
SETD5,0.064770035,0.020936474,3,2
CIZ1,0.03801087,0.020889811,3,2
ZNF28,0.054975644,0.020878227,3,2
SLCO3A1,0.06544663,0.020872753,3,3
TMEM101,0.06624645,0.020844549,3,2
RABEP1,0.047240037,0.020733632,3,3
JAK3,0.12051659,0.020682573,3,1
STX3,-0.026779303,0.0206677,3,3
PMS1,0.07856875,0.020657599,3,2
DIAPH2,-0.0469069,0.020631641,3,3
CCT6A,0.0125465095,0.020624295,3,3
FAM210B,0.06103838,0.020621128,3,2
REXO1,0.078905195,0.020616712,3,1
RHOH,-0.00236095,0.020609273,3,2
PPIG,0.10453395,0.020589367,3,3
ZC3H12D,-0.0019690667,0.020555327,3,1
NDC1,0.10121411,0.020495784,3,1
MGRN1,0.0060660043,0.020468667,3,2
CCL8,0.2157575,0.0204679,3,3
MTRR,0.06734731,0.020397607,3,1
ANXA4,0.17081381,0.020333037,3,3
CASP10,0.045028944,0.020232987,3,1
ERF,0.09978137,0.020214096,3,1
RASA1,-0.08284663,0.020198688,3,2
MBTPS1,-0.050144523,0.020193517,3,2
TP53INP2,0.027628051,0.020164203,3,2
DOT1L,-0.016236946,0.020156052,3,3
RRP1B,-0.0067014247,0.020148259,3,3
FXR1,-0.01515301,0.02013427,3,2
DOCK8,0.17955714,0.020109922,3,3
POMGNT1,0.03693973,0.02007564,3,2
CCR5,0.08461084,0.020074511,3,1
SIGLEC7,0.053880587,0.020055428,3,2
METTL2B,-0.008770604,0.020050555,3,3
SKP1,-0.0047448673,0.019875467,3,3
S100Z,0.06560502,0.01985787,3,2
HIST2H2AA4,0.07810428,0.019841164,3,2
AC020916.1,-0.062159013,0.019809127,3,3
PURB,0.017493693,0.019792154,3,2
TTC32,0.033944096,0.019751541,3,1
RAP1A,-0.0014585903,0.01966463,3,3
GMIP,0.03249837,0.019604564,3,2
HYOU1,0.041797355,0.019527096,3,2
CFAP97,0.08189657,0.019522145,3,2
MMADHC,0.0064577907,0.019504443,3,3
TIMM17B,-0.0048242263,0.019502006,3,3
NEK8,0.05569608,0.019452836,3,1
CCT7,-0.0066515603,0.019425116,3,3
SYNJ2BP,0.041722167,0.019396458,3,3
MTPN,0.051709432,0.019386142,3,3
SH3PXD2A,0.039908554,0.019354124,3,1
TATDN3,0.06677943,0.019350268,3,2
TOB1,0.119595386,0.01934734,3,2
BCL2L13,0.0731426,0.019297734,3,3
TMEM208,0.03391543,0.019291557,3,2
NFIL3,0.037053328,0.019224782,3,3
ATG5,-0.0061175823,0.019080639,3,3
STX2,0.112470806,0.019005721,3,2
NME2,-0.12998913,0.01897639,3,3
GHDC,0.050916184,0.018967658,3,2
LYSMD2,-0.063313566,0.018956654,3,2
VNN1,-0.013566191,0.018878657,3,2
SRM,-0.07368975,0.018838525,3,3
NSUN2,0.06780801,0.018802911,3,2
ZBTB33,0.048271988,0.018729817,3,1
EIF3G,-0.10030711,0.018725842,3,3
PSMA6,0.027751511,0.018669724,3,3
TUBB6,-0.03216931,0.0185946,3,2
VPS9D1,0.020961722,0.01850627,3,3
SNRNP40,0.024464047,0.018470488,3,3
XRRA1,0.06039172,0.018383905,3,1
LRRC8C,0.04856363,0.01830411,3,1
TRUB1,0.05967414,0.018300252,3,2
NFKB1,0.021963954,0.018285602,3,3
AC245014.3,0.089729466,0.018277043,3,1
UROD,0.051697355,0.018269781,3,3
PCIF1,0.023996042,0.018197998,3,2
ATP11B,0.09037847,0.018197402,3,2
TMEM69,0.030623185,0.018139564,3,1
PPIC,0.063026585,0.018134704,3,2
RAB22A,0.046702843,0.018110303,3,3
BX890604.2,0.09407147,0.018056292,3,2
CDADC1,0.124999374,0.018056292,3,2
INTS14,0.06259409,0.018056292,3,2
SLC35A2,0.024035638,0.018056292,3,2
TMEM11,0.022037834,0.018056292,3,2
ZNF821,0.07495726,0.018056292,3,2
CISD2,-0.057327937,0.018042907,3,3
HEATR5B,0.08617153,0.017991856,3,2
KANSL3,0.012921627,0.01797305,3,2
ERCC6L2,0.08612207,0.017971005,3,2
AL035587.2,0.04468037,0.017962689,3,1
CYREN,0.04876086,0.017950526,3,3
ZSCAN29,0.029649964,0.017944347,3,2
P2RX4,0.024613446,0.017901704,3,3
AMACR,0.03474122,0.017896887,3,2
MTIF3,0.011817865,0.017880455,3,3
IGFLR1,0.07970673,0.017877579,3,3
MR1,-0.04539154,0.017875917,3,2
CUTC,0.07324197,0.017801944,3,3
TRAP1,0.07327161,0.01779475,3,2
NDUFA8,0.09348313,0.017786484,3,3
CYC1,-0.023531491,0.017784476,3,2
SURF1,0.07346195,0.01778102,3,1
AP1G1,0.035730656,0.017774925,3,2
ZNF701,0.07656873,0.017772555,3,2
SIGLEC11,0.04431802,0.017739765,3,1
RNF212,0.049678627,0.01773228,3,1
SAC3D1,0.028616404,0.01773228,3,2
VPS45,0.002622402,0.01772932,3,2
PAFAH2,0.070059426,0.017715985,3,1
ARL2,0.0576583,0.017661557,3,3
CDIPT,0.012352675,0.017489254,3,3
HS3ST1,0.057697397,0.017481986,3,2
FTSJ3,0.15530838,0.017452374,3,3
CHROMR,0.055970106,0.01741761,3,3
PMFBP1,0.08514154,0.01737144,3,1
PCBD2,0.057034593,0.017311491,3,1
SPINT1,0.051507413,0.017299805,3,3
GPX3,0.03464918,0.017252654,3,2
CRKL,0.13584304,0.017244652,3,3
KCMF1,0.029497629,0.017241148,3,3
TRPC4AP,0.013704258,0.0172256,3,1
PITHD1,-0.028848872,0.017201483,3,3
VTA1,0.012435216,0.017153252,3,2
IL16,-0.02871416,0.017152391,3,2
ISOC2,0.044843525,0.017108314,3,3
GALK1,0.0085697295,0.017106548,3,3
TXNRD1,0.0034808915,0.017090555,3,3
REST,-0.029221334,0.017078452,3,3
YWHAG,-0.02753217,0.017050967,3,3
FLNA,0.07545586,0.017006025,3,3
DLD,0.13595487,0.017000586,3,2
FCHO2,0.051830593,0.016964108,3,3
GEMIN8,0.039392527,0.016954493,3,1
GLIPR1,0.009235104,0.016942218,3,3
WDR36,0.061138723,0.016879827,3,1
DCAKD,0.025152663,0.01687533,3,3
SMYD2,0.042658802,0.0168489,3,2
SRP72,-0.03983831,0.01678481,3,3
POLR2J3,0.04252863,0.016760439,3,3
PXDC1,0.033803698,0.01667345,3,2
RABL2B,0.03517397,0.016659565,3,2
SNAPC2,0.047780413,0.016514948,3,2
FAM78A,-0.009922534,0.01651454,3,2
FAR2,0.008161242,0.016489267,3,3
RAB11A,0.08757919,0.01644674,3,3
MARCH7,0.012561143,0.016406372,3,3
KLHL5,-0.02744676,0.016400289,3,3
DDT,0.19700219,0.016387999,3,3
RRAGD,0.032881934,0.016376369,3,3
TNPO1,0.0613064,0.016278498,3,2
TSHZ3,0.046840385,0.01626435,3,1
NQO2,0.009459297,0.016187683,3,3
E2F4,-0.02443043,0.01612968,3,3
GTF2F2,0.041687507,0.016124919,3,2
FAM217B,0.03807131,0.016066592,3,2
GPR155,0.019107321,0.016023882,3,3
YTHDF1,0.061816763,0.01600752,3,2
PLAAT4,0.026700027,0.015936218,3,3
ZNF282,0.054632742,0.015918177,3,2
COMTD1,0.072489515,0.015865356,3,1
CTNS,0.007989292,0.015801925,3,1
PRKRA,0.026219053,0.0157538,3,2
FOPNL,0.043869182,0.015721224,3,2
ITFG2,0.040838923,0.015707824,3,3
BUB1,0.03680004,0.015692834,3,1
DPAGT1,0.029044734,0.015692834,3,2
EOGT,0.097560756,0.015692834,3,2
MRI1,0.009413384,0.015692834,3,2
QPRT,0.053867474,0.015692834,3,2
TFIP11,0.054163024,0.015692834,3,2
ZNF71,0.09136456,0.015692834,3,1
SLC36A4,0.028073361,0.015685469,3,1
PDZD11,-0.035272386,0.015643291,3,2
TMEM134,-0.0076123476,0.015560329,3,3
NUTM2B-AS1,0.13331436,0.015444025,3,2
AKAP11,-0.013969581,0.015414692,3,2
VPS51,-0.016743338,0.0154120475,3,3
PDE7A,0.097064696,0.015360822,3,3
PRIMPOL,0.035450444,0.015305033,3,1
AL096870.8,0.06084512,0.015302945,3,1
MRPS6,-0.009467351,0.015287809,3,3
BEST1,-0.020305535,0.015286356,3,3
RIT1,0.13653606,0.015178077,3,3
GSTM4,0.0082530705,0.0151495095,3,1
ATG4B,0.00835571,0.015090086,3,2
TARBP2,0.062215973,0.015065748,3,1
ACAD10,0.04745697,0.015049513,3,1
KIAA0586,-0.020485496,0.014957733,3,2
MIB1,0.047943268,0.014955167,3,1
PKD2,0.011953156,0.0149477385,3,2
ATP6V1F,0.06314435,0.014947653,3,3
CHMP2B,0.011322561,0.014940076,3,3
FBXO45,0.042884007,0.014927618,3,2
PIAS3,0.057667315,0.014927048,3,1
AGPS,0.05030934,0.0149097815,3,1
ITIH4,0.0089589255,0.014836792,3,2
NPIPB5,0.10069398,0.014812019,3,2
WBP4,-0.029719802,0.01480291,3,2
ILVBL,0.047106247,0.014800753,3,2
DRAM2,0.07210968,0.014785439,3,3
CR1,0.087437846,0.014741624,3,2
PIGG,0.03902412,0.0147271715,3,1
PFKFB2,0.07895739,0.0147179905,3,2
RNF121,0.08536259,0.014669996,3,1
EBAG9,0.04694663,0.014656991,3,3
NSMAF,-0.117309324,0.014642328,3,2
RPL14,-0.08750578,0.014535546,3,3
GABPA,0.079402715,0.014493773,3,2
PLEKHA3,-0.058313634,0.014484897,3,2
RCC1,0.0154853165,0.014433913,3,3
RAB31,0.01497079,0.014362216,3,3
RING1,0.050660998,0.01434271,3,3
EMC1,0.038941745,0.014339071,3,2
BST1,0.040145967,0.014325034,3,2
FBXO9,0.033369083,0.014248222,3,2
AKAP10,0.059809666,0.01422213,3,1
DNAJC11,0.057169184,0.014219794,3,2
RNF14,0.077364855,0.014215305,3,2
LTB4R,0.06538079,0.014195275,3,2
ZNF721,0.041183002,0.014158875,3,3
HERC6,0.04913895,0.014095314,3,1
FUCA1,0.04957354,0.014054356,3,2
UBR5,0.0037540297,0.013944484,3,2
ARAF,-0.010464579,0.01388175,3,3
PPP2CA,0.11903038,0.013857231,3,3
SMARCAL1,0.02641934,0.01385057,3,1
CRCP,0.025082221,0.013848644,3,2
NIT2,0.06604952,0.013848644,3,2
NF1,0.046808004,0.013796546,3,2
DNASE1,0.064457476,0.0137960855,3,0
PER3,0.02564642,0.013793109,3,1
PIK3R2,0.014774934,0.013768472,3,2
MYNN,0.027982859,0.013739452,3,2
HMG20B,0.0923455,0.013714977,3,2
KPNA3,0.020352386,0.013710754,3,3
ZNF532,0.09712211,0.013677381,3,1
WDSUB1,0.06398336,0.013628243,3,2
XPO4,0.04372248,0.013613053,3,2
POLDIP2,0.0039402074,0.013579376,3,3
L3MBTL4-AS1,0.05367398,0.013446959,3,2
C16orf72,-0.032989714,0.013428088,3,2
SNRNP70,0.02370736,0.013375372,3,3
ADRB2,0.023836946,0.0133494735,3,3
TSC22D2,0.1095713,0.013343904,3,1
CNOT7,0.052820932,0.01330547,3,3
MDM2,0.014375806,0.013281681,3,3
FBXL19,-0.0032913263,0.01326968,3,3
HSDL2,0.014668837,0.013265781,3,2
ZMYND11,0.14098512,0.013253149,3,1
MAP11,-0.041717958,0.013248578,3,2
PPP1R15B,0.109081924,0.013238467,3,2
APOL2,-0.025284559,0.013232209,3,3
GSTZ1,0.06774667,0.013216816,3,3
ATP11A,0.058208857,0.013194617,3,1
MTX1,0.0013787573,0.013165407,3,3
PRSS36,0.034812283,0.013130248,3,0
BORCS7,0.025578188,0.01310236,3,2
PUS1,-0.015077278,0.013063213,3,2
CRLF3,0.08337427,0.013049185,3,3
TAGLN,-0.04218513,0.013028037,3,1
CPEB3,0.018203052,0.0129765505,3,2
PTRHD1,-0.056420494,0.01295688,3,3
EXOC6B,0.035645366,0.012925944,3,0
CLTB,0.120566785,0.012920737,3,3
C20orf197,0.013800435,0.012915509,3,2
LLGL1,0.020109074,0.012909978,3,2
SELENOH,0.1658013,0.012898833,3,3
ZNF688,0.07040419,0.0128721595,3,2
SGTA,-0.011156221,0.012823895,3,2
UBE4B,0.05626102,0.012803208,3,1
CDK8,0.066089116,0.012768798,3,1
CDKAL1,-0.024295146,0.012760853,3,2
TUBG2,0.06717933,0.012757206,3,2
IPO8,0.025210584,0.012751147,3,0
INTS9,0.033358496,0.012737948,3,1
C19orf81,0.04797669,0.012697478,3,2
YTHDF3,0.021755114,0.012665447,3,3
FOXO3,-0.02103427,0.012658,3,3
AC087239.1,0.050733704,0.012629572,3,3
ATP6V1D,0.045094844,0.012613982,3,3
YME1L1,0.07890228,0.01260975,3,3
GPN3,0.015432552,0.012582995,3,3
CEP295,0.026557097,0.012582086,3,0
ZMAT1,0.08572742,0.0125797875,3,1
KNTC1,-0.029974924,0.012517354,3,2
HARS,0.045273934,0.012515172,3,2
FAM174A,0.08175907,0.012481086,3,2
PDLIM2,0.03319963,0.012480576,3,2
C1GALT1,-0.004549002,0.012439985,3,3
ADIRF,-0.040336348,0.012423232,3,2
PEX10,-0.0060999445,0.012383413,3,3
STIP1,-0.045055192,0.012372293,3,2
DENND10,0.04763228,0.012369245,3,1
NAA25,0.06403359,0.012335509,3,2
C11orf24,0.04194279,0.012307722,3,3
BSG,-0.018396536,0.01229541,3,3
MRPL1,-0.008509527,0.012287606,3,2
RBSN,-0.022272617,0.012282798,3,1
SLF2,0.043379147,0.012212217,3,2
MZF1,0.04061268,0.012195244,3,2
COMMD4,0.009714815,0.012186643,3,2
CASS4,0.029366417,0.012139067,3,2
ATG9A,0.02398519,0.012138536,3,3
USP24,0.0061254487,0.012102153,3,1
SQOR,0.06719891,0.012086272,3,3
CYTOR,-0.0076169274,0.012081124,3,3
AK1,0.009169295,0.012057044,3,2
RETREG2,0.117477596,0.012006078,3,2
CREBZF,0.05474033,0.011998035,3,2
BBC3,0.02827499,0.0119605735,3,1
ZCCHC24,0.03359942,0.011951028,3,0
SND1-IT1,-0.015473458,0.0119227655,3,1
GTF2IRD2,0.044189584,0.011880044,3,1
WAKMAR2,0.0439745,0.011869771,3,1
ECM1,0.12770249,0.011868384,3,1
MCPH1,0.010940355,0.011863546,3,2
SCYL1,0.052675348,0.011842988,3,3
ZFP62,0.0722369,0.011825268,3,1
NACC2,0.04083467,0.011816092,3,2
MGA,0.12004844,0.011813164,3,1
SNRPE,-0.107243955,0.011805609,3,2
UBE2M,-0.023808083,0.011729933,3,3
SERPINA1,0.09435976,0.011701345,3,3
FAM135B,0.04431275,0.011671525,3,0
DFFA,-0.030548096,0.011670101,3,2
HEXB,0.018886363,0.011643574,3,3
SHKBP1,0.08448098,0.011636272,3,3
KLHL12,0.037565332,0.011631206,3,3
TSEN34,0.0027035747,0.011608414,3,3
TASOR2,0.05217595,0.011545222,3,1
GALNT7,0.021656176,0.011538234,3,2
MRPL20,0.061968166,0.0115201175,3,3
OLFML2B,0.024922103,0.011486538,3,2
MRPL50,0.009179592,0.01146739,3,2
SNUPN,0.000693849,0.011467323,3,2
RNF168,0.10863925,0.011442624,3,3
RPL30,-0.09701872,0.011427999,3,3
PRRC2A,-0.009943634,0.011408992,3,3
MAD1L1,0.015093098,0.011399757,3,3
DGAT1,0.05417038,0.011395488,3,0
ACBD5,-0.00019205113,0.011394624,3,3
MINK1,0.025038391,0.011386305,3,3
RAD54L2,0.046405155,0.011380911,3,0
XXYLT1,0.043494254,0.011376711,3,2
BICD2,-0.014544309,0.011342905,3,2
UBE2E3,0.07630669,0.011342682,3,3
XRCC5,0.04152664,0.01130864,3,3
SOCS4,0.048917156,0.011267571,3,1
MRPS27,0.038100827,0.011240659,3,0
JMJD8,-0.016439259,0.011231059,3,1
CAND1,0.0048926175,0.0112170875,3,2
AC079781.5,0.025674537,0.011213075,3,2
AGTRAP,0.0006064375,0.011187073,3,3
BATF2,0.04513405,0.011157869,3,2
PSMG3,0.008933472,0.011155814,3,2
FAM110B,0.029142365,0.01111849,3,0
ELMOD3,0.00977165,0.011088587,3,2
SNRPG,-0.03702716,0.011074156,3,3
LMNTD2,0.061756283,0.011067843,3,1
CLNS1A,0.019715613,0.0110587925,3,3
TGIF1,0.035024647,0.011011526,3,3
DOP1B,0.13856108,0.011009142,3,2
SLC46A1,0.04313153,0.010959294,3,1
TYW3,-0.019857844,0.010948792,3,1
ATG16L2,-0.08406603,0.010936305,3,2
PER2,0.024830876,0.010907263,3,2
MVB12B,0.120754816,0.010907251,3,1
EVI2B,-0.10315534,0.0109071955,3,3
MT1G,-0.083487295,0.0108996965,3,3
OTUD6B-AS1,-0.0077391467,0.010899071,3,3
SBDS,-0.03193433,0.010869563,3,3
FRMD8,0.017921215,0.010858472,3,2
GSDME,-0.024785563,0.010849021,3,2
HIC2,0.030341871,0.010804871,3,1
ULK2,0.033109125,0.010795785,3,0
TNFRSF21,0.02778735,0.010775007,3,1
AL121933.2,0.020264953,0.01075457,3,2
SP3,0.0062638274,0.010754518,3,1
CC2D1A,0.06377574,0.010735389,3,2
RAB11FIP1,0.031988423,0.010724135,3,3
GPBP1L1,0.06308568,0.010712601,3,3
RRP8,-0.006404201,0.010706671,3,3
CASC4,-0.002964909,0.010704383,3,3
KNOP1,0.07899091,0.010665223,3,2
PAPOLG,-0.02227887,0.010660257,3,2
PWP1,-4.8230093e-05,0.010644492,3,3
ELOF1,-0.028092377,0.010638393,3,3
NXT1,-0.055992186,0.010584652,3,3
EXOSC6,-0.007988635,0.010584112,3,1
CCT5,-0.036546785,0.010575637,3,3
ZNF253,0.08184076,0.010562068,3,1
ZNF583,0.072482765,0.010560846,3,1
CREB5,0.017755648,0.010558128,3,3
MYOZ2,0.058597624,0.010542648,3,0
TMEM189,-0.0111555755,0.01052358,3,3
CETN2,0.05084086,0.010501485,3,1
KLHDC3,-0.04744344,0.0104995,3,3
DHRS7B,0.042681303,0.0104772765,3,1
PGPEP1,0.03232921,0.010470767,3,1
TRIB2,0.062097784,0.010426122,3,1
AIDA,0.12998009,0.01042027,3,3
DHFR,-0.00056001666,0.010358388,3,2
PGGHG,-0.02273949,0.010327313,3,2
RIC8B,0.010827755,0.010310592,3,2
ACTL6A,0.07455038,0.0103016365,3,3
ARFGAP3,-0.07181623,0.010260701,3,3
KIF1C,0.052120894,0.01023297,3,1
ZC3H7B,0.03244662,0.010230102,3,1
MAP3K14,0.058232587,0.010191824,3,2
TMEM184B,-0.014362733,0.010180863,3,3
ICOSLG,0.013175175,0.010177437,3,2
VPS50,0.0074918927,0.010163721,3,2
GPN2,0.05404659,0.0101569295,3,1
ACAT2,0.053683087,0.010151906,3,2
ZNF623,0.06933528,0.010138581,3,1
HSPA14-1,-0.042459607,0.010129689,3,1
MPZL1,-0.012371675,0.010124296,3,1
RBBP8,0.08379861,0.010064315,3,3
TCAF2,0.025886456,0.010008722,3,1
TMEM161B,0.059110727,0.010007409,3,1
VPS13B-DT,0.034666665,0.00997108,3,1
PLXNA3,0.048715632,0.009959526,3,2
PHACTR1,-0.018205738,0.009900108,3,2
PSMD10,0.06999419,0.009871639,3,2
MSH3,-0.035908442,0.0098493025,3,2
WASHC2C,0.1403097,0.009845555,3,3
PIGN,0.093298025,0.009842731,3,0
TMED4,0.017933624,0.009835571,3,3
ETS1,0.0024183474,0.0098010935,3,1
PBX3,-0.0062881806,0.0097935945,3,3
HOOK2,0.0018910716,0.009773646,3,2
NAGLU,0.011023506,0.009752881,3,2
PREP,0.08009399,0.009745972,3,2
NUP93,0.045844924,0.009740073,3,2
PDCD11,0.008030945,0.009719638,3,2
CRYBG3,0.031437248,0.009705696,3,1
GCNT1,0.057706002,0.009662896,3,2
POGZ,0.0014353693,0.009628803,3,2
AC092803.1,0.15590774,0.009580269,3,1
GTF2H2,0.028959975,0.009562183,3,2
THAP1,0.007944693,0.009525906,3,2
VAMP2,0.13589036,0.009510741,3,3
LSM2,-0.063321166,0.009433836,3,3
RRN3,0.069273956,0.009431686,3,3
ANOS1,0.09314448,0.009416647,3,1
CPSF3,-0.015273168,0.009408627,3,3
MTMR10,0.0008135494,0.009400809,3,1
POLE,0.033622995,0.009397695,3,1
CTPS2,0.03845566,0.009351811,3,1
KLHL24,0.13292558,0.009348206,3,2
FBXL6,-0.02978648,0.009339204,3,2
SCARF1,0.049438816,0.009333253,3,1
ATPAF1,0.016628657,0.009315643,3,1
CRTC1,0.05257124,0.009303201,3,1
HSPD1,0.089769356,0.00929974,3,3
FABP3,0.028597081,0.009264041,3,2
ZNF384,0.075750105,0.009250641,3,1
FKBP9,-0.007193374,0.009233354,3,1
FAM207A,0.048314396,0.0092200525,3,3
SLC35E2A,0.06901984,0.009217138,3,2
CLPP,0.0735497,0.009165131,3,3
EXOSC2,0.072183914,0.009162115,3,2
PTGER4,-0.001489838,0.009146616,3,3
CEP120,0.003032631,0.00914561,3,2
CLCC1,0.018031292,0.009111917,3,2
INTS3,0.015202713,0.009109978,3,2
GARS-DT,0.1692736,0.009090088,3,2
VAMP7,0.036225326,0.009077026,3,2
ZRSR2,-0.07429912,0.009068988,3,2
PYGO2,0.024828488,0.009067323,3,3
ERCC3,0.13671611,0.009039439,3,2
SLC29A3,0.0382517,0.009032592,3,3
ZNF141,0.043894146,0.00902614,3,2
SLC9A7,0.043218255,0.009015238,3,2
FAM98A,-0.0039503872,0.009010609,3,1
PBX2,0.026627338,0.008990526,3,1
PPP1R35,0.03158412,0.008975456,3,2
NUCB2,-0.008524728,0.008943319,3,2
INSIG1,-0.010196898,0.008909471,3,2
EME2,0.1063525,0.008908784,3,1
VPS13A,0.05157882,0.008904997,3,2
AL353807.5,0.031651814,0.008898946,3,2
CIC,0.03405538,0.008882169,3,2
PSMF1,0.022120034,0.008855671,3,3
SEC31B,0.018727513,0.008850933,3,1
C2orf68,0.06887213,0.008850373,3,1
FUBP3,0.016634647,0.008802462,3,1
FAM92A,0.03391853,0.008800339,3,0
AP003307.1,0.024078375,0.0087960325,3,1
GNG7,-0.009940714,0.008772846,3,2
AK2,0.02754873,0.0087476075,3,3
DIMT1,-0.056625366,0.008735318,3,2
CHMP6,0.05455367,0.008730922,3,2
ACSF3,0.0016579429,0.008706257,3,2
TRMU,-0.0038310674,0.008701224,3,2
TANK,0.07237208,0.008697256,3,2
LRFN3,0.026682168,0.00866016,3,0
FAM104B,0.076620065,0.008631941,3,1
FAM104A,-0.044417575,0.00863139,3,3
ARMCX3,-0.0046571023,0.0086244345,3,3
BCOR,0.010920852,0.008615801,3,2
CDR2L,0.024306104,0.00860961,3,1
SH3RF3,0.027278857,0.008604421,3,2
SIN3A,-0.021904437,0.008584376,3,2
C19orf12,0.040871877,0.008583169,3,1
SEC16B,0.073699154,0.008580923,3,0
LCLAT1,0.054457914,0.008570034,3,1
PRR5L,0.025280314,0.008567892,3,2
IDH2,0.025927722,0.008562192,3,3
SEPTIN7,0.020131936,0.008560777,3,3
SMC2,-0.005221054,0.008553581,3,2
BRCC3,0.004471503,0.008541433,3,2
CDC42BPB,0.0048263087,0.008541433,3,2
RAB3D,-0.0006978065,0.008541433,3,2
LNPK,0.0054453327,0.008535303,3,1
SMIM13,-0.025406808,0.008531634,3,2
RAP2A,0.009266083,0.008520655,3,2
GFM2,0.018428735,0.00851614,3,1
TUBGCP3,0.06892151,0.00850749,3,1
THBS2,0.03343765,0.008503401,3,0
PTPRM,0.08090422,0.00848797,3,2
HECTD4,0.048479065,0.008457558,3,2
TBCD,0.01758545,0.008457042,3,1
DAG1,0.027603956,0.008449467,3,2
LOXL3,-0.009567288,0.008442964,3,2
AGFG1,-0.062955536,0.008433625,3,2
CAVIN3,0.028243562,0.008430183,3,2
OASL,0.042100836,0.008418471,3,2
MYO19,-0.02141276,0.0084074065,3,2
SND1,0.0165309,0.008406639,3,3
FMR1,0.006657018,0.008395929,3,2
ZFAND3,-0.014038707,0.008393943,3,2
TNFRSF12A,-0.066782646,0.0083912425,3,2
CNTROB,0.029393854,0.008378498,3,1
RAB11FIP2,0.0014729096,0.008345524,3,1
TTLL3,0.010793819,0.008345462,3,2
PAN2,0.022848582,0.008295219,3,2
PARG,0.04380593,0.008288514,3,2
TTC3,0.05962423,0.008272454,3,3
MLLT10,-0.0005934934,0.008263484,3,2
ALDH16A1,0.060327366,0.008262698,3,2
PARP11,0.030926859,0.008251052,3,1
CAMK2G,0.033550743,0.008234236,3,2
REV1,-0.02501077,0.008230425,3,2
AC008124.1,0.044200134,0.008224417,3,1
NDUFAF8,0.06568141,0.008222669,3,2
AC104695.4,0.055773113,0.008207016,3,1
GAB2,0.14157507,0.008203793,3,2
RAF1,0.0375382,0.008168697,3,2
RFT1,0.04461646,0.008159995,3,0
CNRIP1,0.007720893,0.008157417,3,1
HIST1H1C,0.031241914,0.00812602,3,3
GNG10,0.10543966,0.008103952,3,3
TRANK1,0.042137016,0.008090794,3,1
NCOA1,-0.022233665,0.008088134,3,2
DLG1,-0.04292563,0.00808114,3,2
ADAP1,0.0154621685,0.008075096,3,2
TCF3,0.030805474,0.0080446545,3,1
NDST1,0.06226563,0.008031882,3,2
DHX57,0.004562056,0.008008945,3,1
PLCB3,-0.013886263,0.0079655815,3,3
LCORL,0.0551995,0.007937152,3,2
PRNP,-0.040751297,0.007895529,3,3
MAP3K20,-0.017800385,0.00789284,3,2
NFKB2,-0.013319656,0.007887557,3,3
GGCT,0.02453845,0.007865287,3,2
GTF2H1,0.07388728,0.007847849,3,2
ATG2A,0.07184661,0.007846553,3,1
SMAD6,0.008413103,0.007837267,3,1
HPS5,0.0567468,0.00783062,3,2
COA4,-0.011798501,0.00783053,3,3
ASCC3,0.0329477,0.007830523,3,3
ALAD,0.0042103217,0.007829275,3,1
ESD,0.06799227,0.007828876,3,3
TTC7B,0.028245827,0.007817518,3,0
FAM53C,-0.019902593,0.007805433,3,3
NPL,-0.043942872,0.0078015476,3,3
UBQLN4,0.06183846,0.007788539,3,1
SRPK1,-0.023139143,0.007774651,3,2
CAPN3,-0.029052915,0.0077727456,3,2
CBLL1,0.07545963,0.007738592,3,3
TMEM260,-0.018462388,0.0077318847,3,2
SSR4,-0.204663,0.0076898932,3,3
POLR2E,0.071388505,0.0076652765,3,3
IFT20,0.09495074,0.007641524,3,2
PTAR1,-0.048802167,0.0076299645,3,2
NTPCR,-0.028461412,0.007624671,3,3
MACC1,0.06967075,0.0075937044,3,2
SS18L1,0.03752381,0.0075825043,3,1
GSDMA,0.0735413,0.007576229,3,1
NIN,0.039018173,0.007575728,3,2
ACE,0.019309426,0.007571688,3,1
ACTR8,0.025553534,0.0075653642,3,1
KCNQ1,0.082998455,0.0075416565,3,2
PPP2CB,0.050970014,0.0075258296,3,2
CELF6,-0.056292117,0.007518094,3,2
ADAT1,0.037449118,0.007516872,3,1
PMS2,0.04191916,0.007501535,3,0
CHD1L,0.03793622,0.0074928105,3,1
DENND2D,0.028951317,0.0074892454,3,2
DTNB,0.025009153,0.007475402,3,2
TTL,0.04066719,0.0074591637,3,2
ODF2,-0.01640226,0.0074528903,3,2
SLC1A5,0.073859185,0.0074425675,3,3
DROSHA,0.003761012,0.00743632,3,3
TIGAR,-0.019692255,0.0074042305,3,3
C8orf31,0.062388465,0.0073975855,3,2
TAB1,0.07361024,0.007377631,3,1
KIAA0232,0.0018405517,0.007342074,3,3
RPRD1B,0.013691361,0.007335881,3,2
YIPF1,-0.0049796016,0.0073313974,3,3
SMIM14,0.022532815,0.0073280074,3,3
MALAT1,0.2768402,0.0073263645,3,3
TMEM39B,-0.02792797,0.007322356,3,1
SAP25,-0.011986763,0.0073125362,3,2
CYB5R1,-0.015987376,0.007307738,3,2
PRKAB2,0.010377063,0.0072928867,3,1
MRPL27,0.053641926,0.007286474,3,3
POLG,-0.016851617,0.0072764866,3,3
ILKAP,0.085999854,0.0072714314,3,2
SREBF2,0.068827786,0.0072666425,3,2
OSBPL3,0.15231784,0.0072608963,3,3
LEMD3,0.012666688,0.0072509088,3,1
GLRX5,0.106953144,0.0072484054,3,3
SEPTIN8,0.0023353535,0.00724661,3,2
FANCI,0.0018889805,0.0072275046,3,2
DNAL4,0.035241302,0.0072255344,3,2
TAF1,0.050234426,0.0072249286,3,3
TMEM135,-0.020522432,0.0072227083,3,1
ODR4,0.016868426,0.0072079264,3,1
C12orf73,0.017734224,0.007202535,3,2
TMEM245,0.036949698,0.007184677,3,2
FHIT,-0.058315378,0.007146001,3,2
ZNF146,0.007967944,0.0071396492,3,2
PIM1,0.122642934,0.007110786,3,2
ARNT,0.03541505,0.007103212,3,2
ZNF140,-0.020777246,0.0070880614,3,2
PDLIM5,0.10173903,0.0070760474,3,3
HLA-DQA2,0.02306102,0.007072024,3,1
SDHC,-0.05407775,0.0070677996,3,3
ADGRG6,-1.3417254e-05,0.00703812,3,2
SPAST,0.017342063,0.0070305336,3,2
MIR4435-2HG,0.032021288,0.0070263557,3,2
TNKS,-0.0404474,0.006994605,3,2
UBXN11,0.009898092,0.006984649,3,2
LINC02642,0.04119301,0.00697439,3,0
MED18,0.052456383,0.006973861,3,1
DEK,0.102647625,0.0069702268,3,3
APBA1,0.086837016,0.0069597224,3,1
NGDN,-0.02832558,0.0069236085,3,2
TIAF1,0.025623864,0.006912751,3,0
FAM72A,0.02822877,0.006911194,3,2
BCAM,-0.06262228,0.0069078673,3,2
RACGAP1,0.042015534,0.006902788,3,0
SMARCAD1,-0.010087312,0.0068758912,3,2
KATNB1,0.013010527,0.0068371017,3,2
SARM1,0.021856584,0.006827768,3,2
PREPL,0.025967965,0.006823471,3,2
RTCA,0.07436779,0.0068129227,3,2
GPATCH11,0.011276151,0.0068050735,3,2
SNHG15,0.008270137,0.0067849457,3,3
TWISTNB,0.03585915,0.0067761075,3,1
NCOA2,-0.032747734,0.0067690313,3,2
ZDHHC13,0.028818442,0.0067645945,3,2
LIG4,0.01156805,0.0067539867,3,1
ZBTB34,-0.018252462,0.0067508584,3,1
KHDC4,0.11838078,0.0067413077,3,1
TBCC,0.07665846,0.0067360885,3,2
NPHP3,-0.018487155,0.0067109168,3,2
LHPP,-0.04015619,0.006705299,3,2
ZBTB7A,0.013758205,0.006682582,3,2
DGKH,0.0727041,0.006670585,3,1
TIMELESS,0.0712057,0.0066692103,3,1
LSM12,-0.013467948,0.0066535696,3,2
PSMA3-AS1,-0.05643329,0.0066436827,3,2
MGME1,0.05337879,0.0066359714,3,1
DDX56,0.017061673,0.0066296756,3,2
FAM3C,0.04547974,0.0066053756,3,2
DVL3,0.011586051,0.0066034086,3,1
WDR24,0.06777067,0.006602958,3,1
XPNPEP3,0.0278224,0.006590929,3,2
TMEM230,0.0748047,0.0065722167,3,3
SYNGR1,0.013451949,0.006571347,3,2
SPATA6,-0.0057407194,0.006558407,3,2
GAS2L3,0.018605629,0.006546844,3,1
ZNF627,0.105942555,0.006519324,3,0
CARD6,0.08626968,0.00651652,3,1
KLC4,0.01816509,0.0064956117,3,1
DNAAF4,-0.0042214594,0.006485317,3,3
ADA,0.03841552,0.006478127,3,1
BRD8,-0.07388583,0.006478127,3,2
MDC1,-1.7416975e-05,0.006478127,3,1
WASF2,0.085164726,0.006468594,3,3
BCKDHA,-0.016612394,0.006464407,3,2
CYP2U1,0.043286487,0.0064540245,3,1
INSIG2,-0.0184267,0.0064492263,3,2
ZNF865,0.027094983,0.0064423075,3,1
ARL11,0.075014,0.0064355955,3,1
CCDC149,0.04738137,0.0064283144,3,2
APOBEC3H,0.09646601,0.006423684,3,1
MRPL15,-0.021052064,0.0064155683,3,3
TNFRSF10D,0.039716933,0.006400559,3,1
SUCLA2,0.066368654,0.006396506,3,1
NES,0.029174676,0.0063934857,3,0
BBIP1,-0.033565998,0.006390024,3,3
TMEM170A,0.013764688,0.0063850135,3,2
SOCS7,0.031236017,0.0063821995,3,0
AKAP1,0.013529908,0.006369071,3,0
GGACT,0.052956548,0.0063601285,3,1
OTULINL,-0.0038087417,0.0063598603,3,2
SELL,-0.0021600313,0.0063540787,3,2
PSMC4,-0.091856755,0.0063533857,3,3
F8A3,0.06322024,0.0063468507,3,1
RPS6KL1,0.03666376,0.0063450243,3,0
TESK2,0.02780295,0.0063385163,3,0
PNKP,0.065397926,0.006332744,3,2
FLYWCH1,0.053991843,0.006307412,3,3
LIX1L,-0.008337215,0.0063060336,3,3
PHF5A,-0.031543437,0.0063017756,3,3
SMPD4,0.04155777,0.0062973574,3,1
ACVR2B,0.029553378,0.006274818,3,0
ZNF32,-0.050783616,0.006273452,3,3
LINC02391,0.028546162,0.0062715,3,1
AC072061.1,0.07572061,0.0062526017,3,1
CMTR2,0.022766097,0.006247252,3,1
CHAF1A,0.024727607,0.0062341755,3,2
PDLIM4,0.014734543,0.00623195,3,0
NEDD9,-0.02458263,0.0061841905,3,1
SUGP1,0.01732625,0.0061807428,3,1
TELO2,-0.020324873,0.0061741993,3,2
IQSEC1,0.013004658,0.006158456,3,2
PIP4K2A,0.037356023,0.0061564744,3,3
AATF,0.04726852,0.0061532333,3,3
PDE12,-0.0027972963,0.00613999,3,1
AKAP8,-0.0024443045,0.006132327,3,1
MTMR12,0.0842925,0.0061054267,3,3
MRTFA,0.07663271,0.0060972646,3,1
FAM111A-DT,0.044407565,0.0060966886,3,0
ARMCX1,-0.02090977,0.0060702376,3,2
DNAJB2,0.051774293,0.006069675,3,2
SMARCD1,0.0064128363,0.0060575604,3,3
LYST,-0.016817683,0.006054193,3,2
DNAJC30,0.005191224,0.0060539693,3,1
AP001029.2,0.016670318,0.006051359,3,0
EFEMP2,0.012851686,0.006051359,3,0
ATXN7L1,0.06784255,0.006033186,3,1
SLK,-0.02446724,0.006021768,3,1
NMD3,0.030064715,0.0060160756,3,2
PDK1,-0.023868,0.005995203,3,1
FAM106A,-0.0060727,0.0059922896,3,2
ZNF747,0.029578967,0.0059741046,3,1
SMG6,0.0448014,0.0059635527,3,2
CXorf21,0.027713895,0.0059574023,3,2
RPS6KA5,0.03990456,0.0059488527,3,2
PPARA,0.042446192,0.00594284,3,2
FAM221A,0.07819388,0.005914921,3,1
SMAD4,0.020751169,0.005909018,3,2
RNMT,-0.008898258,0.005893871,3,2
GPBP1,0.07702967,0.0058876052,3,3
ADAT3,0.025136312,0.0058829994,3,1
ERRFI1,0.060814694,0.0058829994,3,1
ARMC2,0.05670819,0.0058801556,3,1
TPGS2,0.017981268,0.0058733225,3,3
CLCN5,0.072216764,0.0058648875,3,0
FADS3,0.010017492,0.0058635566,3,2
ARVCF,0.018792778,0.005820672,3,0
ZNF529,0.093394615,0.005811427,3,1
EYA2,0.07766231,0.0058005154,3,2
SMCR8,0.058629066,0.005794164,3,2
RWDD3,0.11197772,0.0057910793,3,2
RBM27,0.0627651,0.0057337955,3,2
AC020915.2,0.036984798,0.005732257,3,2
TBX19,0.025340602,0.0057252413,3,1
COQ6,0.003897703,0.00571651,3,1
DACT3,0.04919563,0.0057096756,3,1
ARRDC2,0.052719876,0.0057073757,3,2
AFMID,0.045424063,0.005704418,3,1
TRMT2B,0.032893505,0.005682328,3,2
TMEM106C,0.022025168,0.005673066,3,1
NAV1,0.15244181,0.005672969,3,3
EXOC2,0.12719868,0.0056686066,3,1
ULK4,0.009679382,0.00565999,3,2
RTEL1,0.048568264,0.0056582065,3,1
GATD1,-0.043176636,0.0056458116,3,2
CSNK1E,0.017090807,0.0056428313,3,2
TRIM47,0.08078851,0.0056259595,3,1
ZNF528-AS1,-0.025157057,0.005613582,3,2
OGFOD2,0.018227609,0.00559118,3,1
PIK3C2B,0.06879386,0.0055909716,3,0
EYA3,0.01891256,0.0055825673,3,2
SLC25A45,0.006748525,0.0055782013,3,0
GOLGA2,-0.040505547,0.005567938,3,2
DTD2,0.01017769,0.005548347,3,2
NDUFB10,-0.08956113,0.0055461973,3,3
JAG1,0.07777422,0.0055407854,3,1
MBIP,-0.061497707,0.005538933,3,2
HADH,0.116566025,0.0055281594,3,2
APAF1,-0.023134455,0.0055263676,3,2
DUSP7,0.038971443,0.005504978,3,1
MAMDC2,0.06985934,0.0055033322,3,0
SP140L,0.09240583,0.005491577,3,2
PPP1R26,0.024271348,0.0054651424,3,1
ZNHIT2,0.074480295,0.0054578437,3,1
GPATCH4,0.03270666,0.0054460578,3,3
OCEL1,0.07293663,0.0054299384,3,1
RBBP9,0.022698754,0.005427595,3,2
PPP2R5D,0.008716422,0.0054223444,3,1
VPS13B,-0.042578336,0.005420357,3,3
DIP2A,-0.008883958,0.00541988,3,3
STAM,0.019372946,0.0054190755,3,1
TRIP11,-0.0077542737,0.0054062754,3,3
ATAD3A,0.0018714865,0.0053665414,3,1
P2RX7,0.039161813,0.0053432584,3,3
UBTD1,0.12627758,0.005339898,3,1
NUP214,0.020487158,0.0053205565,3,1
TNF,0.025138134,0.00532037,3,2
DCAF15,-0.02008959,0.00531891,3,2
SAMM50,-0.057794895,0.005314529,3,2
PHF12,0.017046109,0.0053140707,3,2
CROT,0.04226535,0.005311437,3,1
PUS7,0.07219093,0.0053114304,3,2
DAGLA,0.056535613,0.005306429,3,1
HEATR5A,0.013635717,0.005305633,3,1
TMEM121B,0.0527314,0.005294649,3,1
SSR2,-0.18859309,0.005273089,3,3
PLCL2,-0.0569049,0.005272884,3,1
FAM71A,0.05960162,0.0052712634,3,0
RETSAT,0.038752962,0.005270023,3,1
AK3,0.11098152,0.005255429,3,2
ZNF766,0.090629466,0.005253963,3,3
AGAP5,0.012944095,0.0052470146,3,0
LILRB5,0.18536973,0.005246644,3,1
VPS4A,0.008540799,0.0052441508,3,3
PET117,0.025051765,0.005239276,3,2
RFX2,-0.009621379,0.00523274,3,1
ZNF500,0.09485391,0.005210015,3,1
ATP23,-0.0031688213,0.0052051656,3,2
BRD3OS,0.046377182,0.005190315,3,2
TNFRSF25,0.0892629,0.005190315,3,1
AC012368.1,0.026504213,0.005188763,3,2
UNC13B,0.03172115,0.00517915,3,1
RAB4A,0.019312384,0.00516022,3,3
ZNF91,0.0043354793,0.005152274,3,1
FAM13A-AS1,0.049131785,0.005146548,3,1
ZNF621,0.01750986,0.005135428,3,1
TTC21B,0.041236464,0.0051269075,3,1
CLK4,0.014313738,0.00512377,3,2
CARS2,-0.043226633,0.005122952,3,2
CEP85,-0.033040315,0.00511829,3,1
QTRT1,0.014909322,0.005118169,3,3
FRA10AC1,-0.040469933,0.005112894,3,2
IGFBP5,0.08302147,0.005106006,3,1
GLMN,0.034356784,0.005090532,3,1
ZNF350,0.06448322,0.0050576385,3,3
AL135999.1,0.012429667,0.0050348737,3,1
NOTCH2NLC,0.076676935,0.005032231,3,3
VPS18,0.0011918818,0.005026724,3,2
RIPK1,0.036815815,0.0050213262,3,3
NUDT16,0.058638155,0.0050073117,3,3
NAA20,0.04033306,0.004992172,3,3
ZNF66,0.038725577,0.004991131,3,1
AL591895.1,0.009696391,0.0049803713,3,0
SLC39A11,-0.003830921,0.004971534,3,2
ZNF131,0.027832711,0.0049620606,3,2
CLU,-0.015605581,0.0049495026,3,2
UBQLN1,0.048431467,0.0049391985,3,3
BTG2,0.020970026,0.004937738,3,3
TP53BP2,-0.04576089,0.004928831,3,1
SOGA1,0.03295396,0.004921768,3,0
ELMO3,-0.020948762,0.0049217017,3,1
FAM193A,-0.0010629011,0.0049149804,3,3
TMEM140,-0.04834196,0.004911473,3,3
ACBD6,0.08230322,0.004908696,3,2
FKBP3,-0.050378006,0.004904501,3,3
TCTN1,0.027333692,0.004902251,3,1
CRY1,0.012224086,0.0048821475,3,0
AC002059.1,0.066794,0.0048818504,3,0
PMP22,0.072827004,0.004852377,3,2
ST6GALNAC4,-0.034349468,0.004851505,3,2
GOLGA8A,0.049812213,0.0048494264,3,1
FAM122A,0.008566146,0.0048472937,3,0
KIAA1328,0.05322339,0.0048461463,3,1
GUCD1,0.013874747,0.00484249,3,1
ZNF516,0.038740207,0.004835829,3,1
C22orf39,-0.053519536,0.0048353747,3,3
FNTB,0.05707903,0.0048072543,3,2
RAB12,0.024346428,0.004804222,3,1
AC135457.1,0.040302146,0.004796179,3,1
ABCB8,-0.00039370172,0.004794119,3,1
MT1M,0.08107079,0.0047884737,3,1
MRTO4,-0.026883692,0.004766371,3,2
PUS7L,0.05702525,0.0047555715,3,2
MIER2,0.04617844,0.004748836,3,2
ATP7A,0.07111843,0.0047478676,3,2
ASS1,-0.011175643,0.0047402475,3,2
IFT27,-0.015593336,0.0047314353,3,2
CREM,0.07876231,0.00472416,3,3
HMG20A,0.13127649,0.0047208704,3,3
CYBC1,0.09792855,0.0047207475,3,3
AC002558.3,0.040263493,0.0047184005,3,0
PSMB10,0.008868073,0.004704803,3,3
CLCN6,0.06647245,0.004694674,3,2
ATIC,-0.0071594566,0.0046899617,3,3
CDT1,0.03049702,0.0046895472,3,2
TMEM86B,0.040584907,0.0046846084,3,1
ZNF569,0.042783037,0.0046600825,3,2
FKTN,0.036112238,0.00465421,3,2
MROH6,0.024791867,0.004648503,3,0
C19orf54,0.008340731,0.0046453103,3,1
EIF2B4,0.02393879,0.004644148,3,2
THOC5,0.011184824,0.004633082,3,1
SLC35E2B,-0.034470398,0.0046236254,3,2
HSD17B11,0.056395244,0.0046192706,3,2
PIF1,0.056324244,0.004618233,3,1
TRAPPC11,0.017709633,0.004617177,3,3
RNF146,0.029614558,0.004615873,3,2
PIK3R3,0.016135843,0.004596771,3,1
GINS2,-0.0053596497,0.004585021,3,2
CDK18,0.036109027,0.004584715,3,3
MAN1A1,0.009384088,0.0045650043,3,2
IVD,0.020328969,0.0045375153,3,3
GTF3C5,-0.04602292,0.004528152,3,3
C16orf46,0.06280909,0.004525979,3,0
SLFN11,0.03844145,0.004523352,3,3
TRDMT1,-0.0054213307,0.0045228265,3,1
KATNBL1,-0.0002973353,0.0045179054,3,3
KIF17,-0.026729448,0.0045121014,3,2
RBM33,0.017568996,0.0045051947,3,3
CRADD,-0.007032022,0.004501164,3,1
KDM6A,-0.03669328,0.0044915453,3,2
FAM200A,0.04948166,0.0044813324,3,1
RMND1,0.1074293,0.004474595,3,1
RHOBTB1,0.049178045,0.004471872,3,0
BAHCC1,-0.019506492,0.0044706916,3,1
GEMIN7,0.015914645,0.0044577867,3,2
ZW10,0.035911884,0.004423296,3,1
AC004918.1,0.054910194,0.004420931,3,0
CDC14B,0.053159475,0.004420931,3,1
NUDT12,0.013733084,0.0044181664,3,2
RRS1,0.017678203,0.004408283,3,2
TYW1,0.007093817,0.0044060796,3,0
IGLV2-14,0.06837359,0.0043982943,3,1
SLC35F5,0.055316105,0.0043948367,3,1
POFUT2,0.0041326373,0.0043947715,3,2
WDR47,-0.03644663,0.0043915864,3,2
TBC1D15,0.06860573,0.0043718293,3,2
C17orf80,0.021040171,0.0043691676,3,1
MOB3C,-0.044582978,0.004363302,3,2
CASKIN2,0.04224002,0.0043616714,3,0
GOT1,-0.018050514,0.0043589193,3,1
ANPEP,-0.015283325,0.004350111,3,2
UXT,0.14327239,0.0043497235,3,3
LIN52,0.032020885,0.0043495037,3,2
CEP68,0.047348022,0.0043454804,3,2
RANBP9,0.015570668,0.0043414086,3,2
AGPAT1,-0.017616348,0.0043398067,3,1
GOLGA5,0.0037821818,0.0043172576,3,2
PYM1,0.016898494,0.0043143407,3,2
ABCB7,0.095402695,0.004312236,3,2
WDR77,0.0042904206,0.0042986535,3,2
CRYBB1,0.03985441,0.0042975545,3,3
BX537318.1,0.06221165,0.0042955764,3,1
MDN1,-0.0410195,0.0042924695,3,2
PYGB,0.09359994,0.004279617,3,0
MZT1,0.03420613,0.0042694323,3,3
ZCCHC2,0.016380511,0.0042202547,3,1
MCUR1,0.049891908,0.004219085,3,3
ZNF639,-0.014788334,0.0042180913,3,2
TUBGCP4,-0.018427068,0.004174441,3,1
REPIN1,-0.03302227,0.0041704364,3,3
IDE,0.025447791,0.0041697677,3,2
BACE1,0.037390362,0.004168894,3,1
PSRC1,0.013067064,0.004168244,3,0
C9orf139,0.04619807,0.0041571907,3,2
WDR70,0.03791548,0.0041527823,3,2
SMTN,0.027632846,0.0041513117,3,1
MMP19,0.14508232,0.004140936,3,2
KAT5,0.0276812,0.004137246,3,3
AC139887.2,-0.02306906,0.004136702,3,1
GABPB1-AS1,-0.058101024,0.004134394,3,2
KIAA1841,0.076281495,0.0041309632,3,2
AC026979.2,0.039406013,0.004126096,3,2
TOM1,-0.033730578,0.004110858,3,3
BX664615.2,0.026263619,0.0040963036,3,0
TDP1,-0.019534722,0.0040908474,3,2
EXOC4,0.055395905,0.0040875003,3,2
POM121C,-0.02773189,0.0040842444,3,2
STAG3,0.02614189,0.00407866,3,0
ZNF765,0.024696052,0.0040728394,3,1
FAM122C,0.008691481,0.0040680515,3,2
BNIP1,0.008019067,0.0040666107,3,0
CDC42EP3,0.055885244,0.0040631965,3,3
GPD1L,0.042983532,0.0040507996,3,1
FZR1,0.030616796,0.004050527,3,2
ZNF469,0.01611508,0.0040360996,3,1
AC138207.4,-0.0062505305,0.004033857,3,1
PANX1,0.021454029,0.004031336,3,0
SLC16A6,-0.025445119,0.004029804,3,2
TAF2,0.03832623,0.004022291,3,1
SOX4,-0.009556311,0.004020747,3,2
LARP4,0.0037709076,0.004008591,3,2
ZCWPW2,0.007712498,0.0040078373,3,1
CD27-AS1,-0.067937925,0.003985949,3,1
LGALS12,0.0073138997,0.0039828573,3,2
B3GNT7,0.035176504,0.003974907,3,1
ZNF805,0.057009827,0.00395362,3,1
ST6GALNAC6,-0.0018475726,0.003935177,3,2
SPPL2B,0.08992506,0.003933236,3,2
DCAF10,0.10197556,0.0039262213,3,2
RCAN3,0.009864586,0.003924696,3,2
PATZ1,0.058990676,0.0039227027,3,1
CBX6,-0.05251867,0.0039149746,3,2
FHAD1,-0.11638382,0.003890561,3,2
EEF1E1,0.014593877,0.0038892403,3,3
SLC12A6,0.0778181,0.0038803332,3,2
KAT6B,0.01347741,0.0038786605,3,2
PYCR2,-0.036817092,0.0038742386,3,3
MBOAT1,0.062632434,0.003873948,3,2
MPND,-0.072519176,0.0038548913,3,2
ZNF519,0.047669243,0.0038278177,3,1
MACORIS,-0.023180908,0.0038238969,3,2
GPALPP1,0.04273397,0.0038143434,3,1
SLC39A8,0.006669125,0.0038140416,3,2
ADARB1,0.011435558,0.0038118502,3,1
NUP155,-0.01930681,0.0038088076,3,1
LINC02802,0.027735835,0.0037972569,3,1
ENO2,0.048693504,0.0037804898,3,2
AP003486.1,0.030940145,0.003779605,3,0
IFFO2,0.019064387,0.0037782276,3,1
RALGAPB,-0.036500186,0.0037724823,3,2
ST7L,0.022840077,0.0037635937,3,0
ZNF124,0.016926186,0.0037582032,3,2
NEURL2,0.041761685,0.0037459785,3,1
SERINC3,0.021390175,0.0037416443,3,3
AARS2,0.026218519,0.0037378091,3,2
PARPBP,0.040693033,0.003729699,3,0
AL391069.2,0.041925784,0.0037293648,3,0
PHB2,-0.08652544,0.0037282854,3,3
TMEM175,0.065939955,0.0037223622,3,2
KLHL11,0.04073798,0.0037202698,3,0
PDGFC,-0.030056572,0.0037155375,3,1
PLB1,0.047162324,0.0037109777,3,2
CD200R1,0.030522868,0.003703051,3,1
OLA1,-0.06317163,0.0037012026,3,3
RSPRY1,0.04925848,0.0036911182,3,2
PHF2,0.050193146,0.0036902092,3,1
MGP,0.11228626,0.0036865696,3,1
KLHL28,0.013457172,0.003686346,3,2
COP1,0.06014039,0.0036860555,3,2
POGLUT3,0.01684275,0.0036857333,3,0
ANKRD42,0.019008247,0.0036801007,3,0
MALT1,-0.01139887,0.0036794543,3,2
DUS1L,0.10315054,0.0036669448,3,2
LRBA,0.019562842,0.0036649387,3,2
CPSF2,0.0063985637,0.0036615133,3,2
FNBP1L,0.015628394,0.0036588125,3,1
ZNF41,0.03518984,0.0036582637,3,2
PRKAR2B,0.028781107,0.0036548115,3,1
MT1F,-0.03623138,0.0036541969,3,2
ANKRD50,0.00988635,0.0036362363,3,0
CEACAM19,0.040378664,0.003633902,3,0
OPLAH,0.04062861,0.0036304705,3,1
DCAF8,-0.040928762,0.0036263242,3,3
TRPV1,0.01908821,0.0036178427,3,1
ERVK13-1,0.04384443,0.0036078328,3,1
ELF4,0.00428622,0.0036031883,3,1
TECR,-0.007921994,0.0036031008,3,3
CES4A,-0.027869789,0.003599857,3,2
KANK1,0.091785006,0.0035991278,3,1
ADAM12,-0.011440557,0.0035866555,3,1
ARID2,-0.013251494,0.0035820268,3,2
FGR,0.012947452,0.0035749078,3,2
RPP40,0.00048397234,0.0035716705,3,2
AP3B1,0.10294292,0.0035642087,3,3
NUDT13,0.025953343,0.0035637151,3,0
CRABP2,-0.047707748,0.0035619172,3,2
AC020911.2,0.038198043,0.0035596672,3,0
ASPM,0.09104264,0.0035583097,3,1
TNPO3,0.057571527,0.0035543628,3,2
ZNF160,0.031764735,0.0035362653,3,3
FBXO4,0.010922422,0.0035278704,3,0
NUP188,-0.0071313623,0.0035259873,3,1
IDNK,0.0012121113,0.0035207327,3,1
ZSCAN21,0.009905684,0.0035199095,3,0
NOL12,-0.04851606,0.0035148226,3,2
AL021155.5,-0.050149295,0.0035134722,3,1
SHPRH,0.05328354,0.003507983,3,0
RAPGEF2,0.05716714,0.0035076495,3,1
AC008105.3,0.023785206,0.003507521,3,2
AC104530.1,0.057392105,0.0034998013,3,0
TOE1,0.014155594,0.0034974227,3,1
MAP7D3,0.01955499,0.003496725,3,1
CMC4,0.02006772,0.0034950534,3,0
SPIN1,-0.0054398193,0.0034893118,3,3
MSANTD3,0.0028434272,0.003488698,3,2
ABCD4,0.02949007,0.0034823492,3,2
CDKL5,0.014408137,0.0034761038,3,0
ANKZF1,-0.0118656205,0.0034648255,3,2
OXR1,-0.006624253,0.0034584776,3,2
LINC00926,0.027223995,0.0034506666,3,0
NRIP3,0.08151542,0.0034286217,3,1
AL137127.1,0.06750084,0.0034223811,3,0
ERBB2,0.006605162,0.0034223811,3,0
EDRF1,0.108997196,0.0034116749,3,1
KIF11,0.0247277,0.0033958189,3,0
CSTF1,0.06225446,0.0033880435,3,2
C11orf74,0.04567754,0.0033862703,3,1
NBEA,0.024723442,0.0033838912,3,1
HEATR3,0.06849102,0.003382044,3,1
POMK,0.08816754,0.0033805654,3,1
CAD,2.0282343e-05,0.0033753775,3,1
SLC4A1AP,0.05879577,0.003370829,3,2
EAF1,0.07027265,0.0033604763,3,2
CATIP-AS1,0.04804324,0.0033568302,3,1
LINC01970,0.016843753,0.003310977,3,1
CCNF,0.01454657,0.003306605,3,0
FH,-0.01702386,0.0032966174,3,2
APOE,0.24855667,0.0032883286,3,3
PTPN11,0.050570965,0.0032868981,3,2
TNPO2,0.005047884,0.0032868981,3,2
ZNF607,0.016891493,0.003283961,3,0
ZNF527,0.046594974,0.0032806606,3,0
BCCIP,-0.06886961,0.0032779202,3,3
E2F6,-0.021413526,0.003262395,3,2
SOCS6,0.054665018,0.003260523,3,2
MED8,0.08028808,0.0032586902,3,2
ABCC1,0.01377211,0.00323591,3,2
VPS41,-0.14666356,0.00323537,3,2
AP002807.1,0.051793408,0.0032347757,3,0
GPR183,-0.04938127,0.00321877,3,3
TP53TG1,0.13584997,0.0032178462,3,1
AC016747.1,0.07750917,0.0032075066,3,1
TAF5L,0.047999144,0.0032044388,3,3
POMT1,0.027905213,0.0032014325,3,0
IFT43,0.023122394,0.0031994805,3,2
SLC22A23,0.020609288,0.003189976,3,0
ARHGEF12,0.033535827,0.0031888746,3,1
RASGRP2,0.027540809,0.003185656,3,2
RTTN,0.02010472,0.0031792298,3,2
ARHGAP35,0.024347896,0.0031663626,3,3
IFT88,0.0065306784,0.0031653307,3,2
TROAP,0.029695973,0.003161754,3,0
TOP1MT,0.05471793,0.0031577647,3,1
GRAP,0.036477476,0.003155524,3,0
MMACHC,0.016815377,0.0031544827,3,0
SAMD10,-0.03985031,0.0031351757,3,1
GPT2,0.04866365,0.0031272783,3,1
HCN2,0.035044853,0.003124084,3,0
ANKIB1,-0.018746324,0.0031142086,3,2
RBMXL1,0.0146327885,0.0031117015,3,1
ALG9,0.027271567,0.0030855667,3,2
REC8,0.014695815,0.0030820314,3,1
MAIP1,0.01788793,0.003074795,3,0
POT1,0.054205734,0.0030747317,3,2
AMMECR1,0.12913595,0.003072857,3,2
GTPBP8,0.012434195,0.0030693635,3,1
CYTH3,-0.004402634,0.0030650366,3,2
YRDC,0.032851476,0.0030586459,3,1
ZNF84,0.07139377,0.003049571,3,1
AC092279.1,0.106506385,0.0030435044,3,1
AHNAK2,0.016620802,0.0030398685,3,0
GDI1,0.068808764,0.0030384958,3,3
TADA2B,0.021175975,0.003035752,3,0
STEAP3,-0.006027881,0.0030349642,3,2
MTA3,0.017193815,0.0030290335,3,0
HSPB11,-0.007846418,0.003025271,3,3
CASTOR2,0.01604347,0.0030249946,3,1
ERGIC2,-0.018750852,0.0030243918,3,2
LIMK1,0.051964115,0.003022939,3,3
AL451165.2,0.024181848,0.0030122995,3,1
HSCB,0.02222466,0.0030091666,3,3
AC079209.1,0.025332348,0.0030063996,3,0
ZNF558,0.033651177,0.0030057756,3,1
PTPDC1,0.07379923,0.003000373,3,2
MNAT1,-0.031840038,0.002999805,3,1
KIF9-AS1,0.045149144,0.0029953062,3,1
HCFC2,0.04041876,0.0029950337,3,0
DARS,0.029972827,0.002987042,3,3
ETFDH,0.043973405,0.0029864218,3,1
CMSS1,-0.06747983,0.002984237,3,2
USPL1,0.058720667,0.002969645,3,2
SHLD1,0.016948504,0.0029689781,3,2
CDPF1,-0.01978168,0.0029630736,3,2
AC016821.1,0.022229021,0.0029566083,3,0
TRIM3,0.029555125,0.0029483633,3,1
SLC22A18,0.017389983,0.0029474609,3,3
POLD2,0.00090674806,0.0029450655,3,1
CWC25,-0.013757537,0.0029428378,3,2
LDAH,0.09923849,0.0029428331,3,2
IGHM,0.03543751,0.0029357644,3,1
UFD1,0.07680505,0.0029343367,3,2
SEMA3C,-0.020438388,0.0029278165,3,1
BAZ2A,-0.033452045,0.0029239878,3,2
MRPL43,0.118644595,0.0029207543,3,3
DUSP27,0.089096956,0.002917689,3,0
THAP9-AS1,0.06056573,0.0029033832,3,3
ELK3,0.012254645,0.002893895,3,2
AASDHPPT,0.05283014,0.002889499,3,2
SPACA6,-0.027064914,0.0028865281,3,3
AFDN,-0.055729363,0.0028691385,3,2
LETM1,0.02702459,0.0028662458,3,1
CUEDC2,0.033608597,0.0028651804,3,3
TXNDC15,0.010014062,0.0028560609,3,2
AXL,-0.059464112,0.0028538406,3,3
Z83843.1,0.09133196,0.0028516352,3,1
THUMPD1,0.038530625,0.002837263,3,2
RNF220,0.0054890127,0.0028368682,3,2
CCNY,0.0420986,0.0028290115,3,1
DISP1,0.034561623,0.002825451,3,0
IGLV2-11,0.06648133,0.0028210385,3,1
NBPF11,-0.022945816,0.0028130654,3,1
GLE1,0.038696505,0.0028105099,3,2
CXCL9,0.084433384,0.002799986,3,1
SETD4,0.0061950088,0.0027980385,3,1
UBFD1,0.056663066,0.002797287,3,1
HS2ST1,0.027971901,0.002791617,3,2
WRN,0.039218675,0.0027814899,3,1
NEK10,-0.02892659,0.0027805935,3,1
SCLY,0.0075469785,0.002779074,3,1
POLN,0.025367944,0.002755565,3,0
LILRA1,0.037313033,0.0027370024,3,1
CHN2,0.06776633,0.0027349237,3,2
CFAP20,0.015021036,0.0027339235,3,2
ESS2,-0.01789205,0.0027288217,3,2
URB2,-0.0026991025,0.0027204496,3,1
BMS1,-0.0027721215,0.0027150325,3,3
BIVM,-0.011726007,0.0027125655,3,1
NADK2,0.05601965,0.0027023144,3,1
BANP,-0.060023263,0.0026876293,3,2
SELENOT,-0.09316973,0.0026852489,3,3
SNTB1,0.007906052,0.002680445,3,2
SAAL1,0.07725888,0.0026795547,3,2
BCLAF3,0.017947117,0.0026765661,3,1
CSNK2A2,-0.060070843,0.0026730672,3,3
EPB41L1,0.03186181,0.002672147,3,2
CH25H,-0.11279792,0.0026677847,3,2
PAM,0.034717496,0.0026655886,3,1
DDN-AS1,0.017437963,0.0026563243,3,1
LYRM7,0.016696258,0.0026499126,3,3
PCSK5,0.010015442,0.0026450367,3,0
FMO5,0.027229229,0.0026163927,3,0
ABITRAM,0.08437965,0.00261263,3,2
PXN-AS1,0.014721084,0.0026092678,3,0
CPT1A,0.057171732,0.0026056822,3,1
MFSD3,0.012619863,0.002596777,3,1
TTC31,-0.0037673202,0.0025709197,3,1
SPATA5,0.05689921,0.0025705956,3,1
ALKBH3,-0.030654043,0.0025704373,3,3
TTLL1,0.012867554,0.0025610141,3,1
PI4K2B,0.012451523,0.0025593452,3,1
GSS,-0.04233079,0.0025465153,3,2
BCO2,0.025804022,0.002544188,3,0
ZSCAN12,0.029490413,0.002540435,3,0
SFR1,0.040511522,0.002540037,3,1
C1orf21,0.035779778,0.002537774,3,1
RNF169,-0.056431513,0.0025368296,3,2
ADAMDEC1,0.049376536,0.002532009,3,2
BASP1,-0.055479478,0.002505293,3,3
TIAL1,-0.049135163,0.0025008619,3,3
ATP8B3,0.011988117,0.0024994425,3,0
IFNLR1,0.008691936,0.0024930965,3,2
CCNT1,0.142057,0.002487436,3,2
NLRP2,-0.02783507,0.0024845134,3,1
CENPM,0.039977532,0.0024822475,3,1
TMEM209,0.014769497,0.0024799686,3,1
LAMTOR5,-0.0016226918,0.0024687797,3,3
ESRRA,-0.040092174,0.0024672933,3,2
AL132709.8,0.028024053,0.0024658963,3,2
TRIM37,0.008975159,0.0024616234,3,1
KIF2A,-0.026618531,0.0024568178,3,3
RPAP1,0.050269857,0.0024473127,3,2
CYP1B1,0.07567871,0.0024467404,3,1
PCDHGA10,0.024410835,0.0024467404,3,0
RAI14,0.027168736,0.0024467404,3,0
ENOPH1,-0.010691489,0.0024432912,3,3
ABCA5,-0.1052272,0.0024352502,3,2
C1orf216,0.034043975,0.0024308302,3,2
AC132192.2,0.022093559,0.0024147406,3,1
REEP4,-0.050332278,0.0024113879,3,3
ZNF780A,-0.004538419,0.0023912024,3,3
RMRP,-0.016589621,0.0023804065,3,2
C2orf91,0.03760498,0.0023750132,3,1
QDPR,0.0410108,0.0023586042,3,2
BECN1,0.11530524,0.0023542792,3,3
ZBTB24,0.024158955,0.0023411792,3,2
ZBTB48,0.08725389,0.0023343042,3,2
AACS,0.018323792,0.0023247106,3,1
DUSP18,-0.021528825,0.0023201387,3,2
GEMIN2,0.04427276,0.0023193788,3,1
SIDT2,0.06586125,0.0023043342,3,2
ARMC5,-0.028860396,0.0023003574,3,2
TPM2,0.040045712,0.0022868104,3,0
TRPT1,0.02424783,0.0022852644,3,2
MTRF1L,0.045436163,0.0022800323,3,2
PID1,-5.9358776e-05,0.0022799904,3,1
SYNGAP1,0.07500761,0.002276484,3,1
TFR2,0.0395598,0.002271682,3,1
MAP4K4,0.019785425,0.002268955,3,1
PUS10,-0.03134626,0.0022631865,3,1
FAM3A,-0.0036788806,0.0022589192,3,1
NPRL2,0.054969613,0.0022382736,3,1
PCSK7,-0.011900507,0.0022356957,3,3
ALKBH6,-0.057939935,0.0022301301,3,2
FAM168A,0.032927033,0.0022257976,3,2
FZD5,0.041094694,0.0022202432,3,0
MOGS,0.020351684,0.002216328,3,3
TMTC4,0.055497568,0.0022134534,3,2
IGF2,-0.024187392,0.0022117393,3,2
ZNF468,0.066410355,0.002208678,3,2
TRMT11,-0.02723088,0.00220792,3,2
NOP16,0.02523409,0.0022058934,3,2
ALPK3,-0.04498343,0.0021941946,3,2
DEPDC7,-0.0019527925,0.002183374,3,1
DANCR,0.005270166,0.0021755248,3,2
MAU2,0.039634656,0.0021738335,3,2
AC079807.1,0.025234416,0.0021718624,3,0
HAUS8,-0.0017665034,0.002162857,3,1
PTS,0.044317577,0.0021613035,3,2
CCDC6,0.047994837,0.0021493323,3,1
INIP,-0.012822508,0.0021425039,3,2
SRGAP3,0.112558134,0.0021358486,3,2
MED26,-0.0054720747,0.002134136,3,1
ZNF35,0.039079588,0.0021291217,3,1
AC005306.1,0.024154074,0.002122771,3,0
TMEM39A,0.0252529,0.0021219105,3,1
TUBGCP5,0.048452154,0.0021197759,3,2
AC055839.2,0.013243683,0.0021104692,3,0
LRRC75B,0.025727525,0.0021021252,3,0
SHPK,0.033906255,0.00208765,3,0
NOXA1,0.04791339,0.0020875372,3,2
ATRAID,0.036330163,0.0020813793,3,3
BRD2,0.041974623,0.0020806938,3,3
TNFRSF14-AS1,0.018846754,0.0020712009,3,1
UBE2D3-AS1,-0.028085157,0.0020648148,3,1
ZNF329,0.03043653,0.0020532385,3,1
ZNF740,0.024973541,0.0020527225,3,0
TTC39C,-0.032498166,0.0020525418,3,2
LIPT2,-0.0016286032,0.0020273947,3,1
CEP63,0.050325345,0.002027329,3,2
VDR,0.00010843637,0.0020257495,3,3
GSTCD,0.06047133,0.0020160647,3,1
RBM5,0.013644035,0.0020112544,3,3
TTC13,-0.016561488,0.0020069852,3,2
AC093323.1,0.06056798,0.0019963812,3,0
KLHL22,0.043355793,0.0019941032,3,1
CAPNS2,0.030871348,0.001966082,3,0
B4GALT5,0.030828215,0.0019649211,3,1
HFE,0.039404694,0.0019631684,3,1
TSTD2,0.040334184,0.0019519813,3,0
PC,0.026747324,0.0019433219,3,1
APLF,0.025485232,0.0019411575,3,0
GPAM,0.053588387,0.0019332226,3,1
MRTFB,0.04170828,0.0019329339,3,1
RMDN2,0.033798303,0.0019329339,3,1
CDRT4,0.036523037,0.0019310475,3,0
TBC1D30,0.02392031,0.0019260915,3,2
NLE1,0.009590272,0.0019050064,3,0
GIN1,0.028309444,0.0018971767,3,1
SAMD4A,0.10918361,0.0018913671,3,2
SCGB3A1,0.027700951,0.001887358,3,0
TBC1D10C,0.09307462,0.001886474,3,2
TNS2,0.011856437,0.0018829596,3,0
CHERP,-0.0059418282,0.0018757433,3,2
ZNF69,0.012099519,0.0018698787,3,1
C5orf63,-0.027853526,0.0018658852,3,2
PFKFB4,-0.009110764,0.0018571801,3,2
NOL6,-0.08490626,0.0018542614,3,2
ACBD4,0.018076552,0.0018508658,3,1
DHRS1,-0.045475286,0.0018496662,3,2
AIFM3,0.01306847,0.0018423209,3,0
SACS,0.01824436,0.0018343572,3,1
AC012181.1,0.000328208,0.0018183091,3,1
AC023509.3,0.021627238,0.001816853,3,0
METTL4,0.017926857,0.0018162858,3,2
RAP1GAP2,0.017469045,0.0018146541,3,0
RCCD1,0.0033502488,0.0018130345,3,0
FAM131A,0.038861856,0.0018112808,3,0
ARHGEF17,0.03972854,0.0018069177,3,0
UCP2,0.24985339,0.0017954856,3,3
DCAF17,0.053827178,0.0017884709,3,2
CCDC7,0.072735004,0.0017807297,3,0
GINS3,0.027142944,0.0017689753,3,0
C17orf113,0.024661059,0.0017664535,3,0
IGKV1-5,0.15229805,0.0017613748,3,0
BCKDK,-0.022046084,0.0017593056,3,2
FDX2,0.02115885,0.0017593056,3,2
AP4B1,0.0076137246,0.001756792,3,0
C10orf143,0.044100124,0.0017527258,3,1
PWWP2B,0.06079484,0.0017482471,3,1
ACVR1B,0.005150635,0.0017468911,3,1
PLCD1,0.052708924,0.0017456328,3,1
SREK1IP1,0.038190756,0.0017452389,3,3
TAB3,0.0007757594,0.0017418861,3,2
FGFR1OP,-0.06507958,0.0017364849,3,2
CD209,-0.020083543,0.0017353892,3,2
DCAF5,0.020701986,0.0017345436,3,3
HGF,-0.0040760734,0.0017338023,3,3
KRT19,0.07291601,0.0017299429,3,2
C5orf30,0.017744707,0.001729362,3,0
TMEM185A,0.01177647,0.0017293207,3,0
ZGRF1,0.00834971,0.0017275233,3,0
USP5,-0.04978819,0.0017228462,3,2
AC019205.1,0.023868067,0.0017173659,3,0
ASB6,0.027707413,0.0017120223,3,0
AL590428.1,0.01385992,0.0017075078,3,0
MED24,0.015054661,0.0017060116,3,2
BAG4,0.018115276,0.0017050579,3,1
WEE1,-0.0056343502,0.0017046507,3,1
BGN,0.06241114,0.0016933517,3,0
KDM1B,-0.007982095,0.0016930345,3,3
NAE1,-0.0063121133,0.0016919635,3,1
POLM,0.026643211,0.001676619,3,1
LINC02062,0.036097944,0.0016724367,3,2
TTC4,0.014980689,0.0016691945,3,2
SYNJ1,-0.020702714,0.0016686954,3,1
DNAH1,0.02707086,0.0016647009,3,0
CARM1,0.025486425,0.001657553,3,0
KLHL9,0.0047576153,0.0016541108,3,2
RANBP6,0.007347887,0.001650692,3,2
RELA-DT,0.036739115,0.0016432069,3,1
MSL3,-0.0049871965,0.0016429387,3,1
MATN1-AS1,0.013117083,0.0016379561,3,0
STARD9,0.057285503,0.0016323961,3,2
SETD6,0.02258315,0.001631205,3,0
DDX24,0.17130117,0.0016180873,3,3
CARMIL1,0.0131605575,0.0016156472,3,0
PRAG1,-0.074039854,0.0016068742,3,2
SUSD3,-0.020207755,0.0016060565,3,1
BMP1,0.00873027,0.0016045002,3,2
GSPT2,-0.015252604,0.0015979465,3,2
MAP2K4,0.014505562,0.0015928261,3,2
KIAA0556,-0.013080702,0.001589464,3,1
MESP1,-0.04367271,0.0015772134,3,1
AL365272.1,0.05352463,0.0015766061,3,0
STK38,0.035607863,0.0015752353,3,2
TDRD3,-0.004851362,0.0015732273,3,1
AC006064.4,0.054324973,0.0015656366,3,0
RMND5B,0.03839249,0.0015565306,3,1
DHX40,-0.027780615,0.0015563723,3,2
TOB1-AS1,0.0667988,0.0015378436,3,0
B3GLCT,0.012847714,0.0015359186,3,0
MRPS35,0.13849127,0.0015354753,3,2
GSTT2B,0.05157442,0.001534611,3,1
TGFBRAP1,0.020334128,0.0015293695,3,2
POLD4,-0.04117668,0.0015289783,3,3
TEDC1,-0.020365998,0.0015218519,3,2
RBM15B,-0.03566202,0.0015171878,3,1
CHEK1,0.02807532,0.0015160596,3,0
DTWD2,-0.03990721,0.0015141238,3,2
EGFL7,0.03340867,0.001513985,3,0
FCSK,0.0067837615,0.001505943,3,1
DCLRE1A,0.0019426396,0.0015044864,3,1
ZFAT,0.009764482,0.0014990335,3,1
AC069243.1,0.039285365,0.0014972249,3,0
TESK1,0.033684757,0.0014877506,3,3
CZIB,-0.04143208,0.0014854744,3,2
ZNF25,0.03042874,0.0014731791,3,0
ISY1,-0.06849978,0.0014548898,3,2
IGLV3-1,-0.038386293,0.0014545918,3,1
COPS7B,0.046971694,0.0014517307,3,1
RTN4IP1,0.029068708,0.0014415132,3,0
TLR3,0.017119821,0.0014360622,3,2
SORD,0.009195856,0.0014349464,3,2
AC068888.1,0.013615129,0.001424284,3,0
ZKSCAN4,0.04888912,0.0014226511,3,1
MTPAP,0.060796198,0.0014174525,3,1
ARHGAP33,-0.009118839,0.0014173798,3,1
ZFP30,0.10824265,0.0014141817,3,2
SLC9A1,0.0044671246,0.0014122352,3,0
RNASEL,0.00853189,0.0014094934,3,1
MIR99AHG,0.0513681,0.0014086915,3,0
FAM20B,0.022532128,0.0014029238,3,0
COG2,0.04017314,0.0013941228,3,2
LINC00894,0.1137925,0.0013936758,3,1
TSPYL4,0.024990961,0.0013840888,3,1
MBOAT2,0.0045597167,0.0013834896,3,1
TSGA10,0.048665743,0.0013825158,3,0
AC007611.1,0.05085719,0.0013817032,3,2
GMPPA,0.023676878,0.0013656355,3,1
PDCL3,0.0048677833,0.0013582483,3,2
SYT6,0.014070775,0.0013564168,3,0
CSGALNACT2,0.013227099,0.0013526231,3,2
AGAP9,-0.019762712,0.0013511572,3,1
ZBTB16,0.032637876,0.0013489556,3,0
B3GALNT2,0.084213346,0.0013361424,3,2
SLC12A4,0.008120903,0.001332486,3,0
TTLL11,0.06723086,0.0013296015,3,0
CETP,0.038622666,0.0013283459,3,1
RPUSD1,0.037789006,0.0013269652,3,1
LANCL1,0.07393962,0.0013267063,3,1
PPFIBP2,-0.04773435,0.0013238117,3,3
SNHG32,0.015947705,0.0013180524,3,2
TESPA1,0.008266983,0.0013133478,3,1
ARID4B,0.03229999,0.0013126582,3,2
KIF16B,0.10841582,0.0013119951,3,1
HIST1H2AI,0.008101632,0.0013042605,3,0
MXRA5,0.04124372,0.0013011438,3,1
PTGFRN,-0.051128525,0.0012985431,3,2
CBX8,0.008181419,0.0012976509,3,0
ARID5A,-0.019729748,0.001293391,3,2
RAD51D,0.03321499,0.001287803,3,0
FO393401.1,0.06745883,0.001279287,3,1
TXNL4B,0.0025234737,0.0012744535,3,1
KCTD13,0.022862038,0.0012610815,3,1
PFKP,0.06099601,0.0012548938,3,2
LINC01852,0.089606464,0.0012518065,3,1
MVK,0.00994794,0.0012363689,3,0
YAP1,0.050091475,0.0012243111,3,0
RBM45,0.08668261,0.0012218216,3,1
EEFSEC,0.06566929,0.001212921,3,1
FEM1A,0.05500445,0.0012072884,3,1
AC084871.1,-0.18738104,0.0011895425,3,2
EIF2B3,0.021269294,0.0011789277,3,2
AMY2B,0.058254402,0.001178218,3,1
SLC9A3-AS1,0.040770035,0.0011746499,3,0
TP53I11,-0.087606855,0.0011725202,3,2
WDR4,0.07334315,0.0011701314,3,1
PIPOX,0.017187774,0.0011658557,3,0
FZD2,0.004203605,0.0011642035,3,1
NDUFS4,0.053800654,0.0011550561,3,3
DTNBP1,0.045891676,0.0011445023,3,1
GPN1,0.04907684,0.0011247434,3,2
MAPK9,0.015561874,0.0011201799,3,1
GPCPD1,0.049672663,0.0011186451,3,2
WHRN,0.045706287,0.0011130348,3,1
PJVK,0.086033516,0.0011018789,3,0
TTI2,-0.040691208,0.0011013784,3,1
ZNF808,-0.006245459,0.0010958593,3,2
MFSD4B,-0.05196921,0.0010949187,3,2
RILPL1,0.04313466,0.0010860804,3,1
ACPP,-0.0026090846,0.0010813435,3,2
TMEM167B,0.025694719,0.001080241,3,1
CADM1,0.19385713,0.0010770112,3,2
AC092164.1,0.02188123,0.0010745185,3,0
AF111167.2,0.010752693,0.0010740787,3,1
AL121832.2,0.025730154,0.0010704189,3,1
CTNNBL1,-0.04339532,0.0010686517,3,2
L3MBTL4,0.023484468,0.0010672472,3,1
CHAF1B,0.06500261,0.0010378656,3,0
ZC3H10,0.052318063,0.0010359129,3,0
RAB39A,0.02987124,0.0010341629,3,2
PAF1,-0.028487876,0.0010336563,3,2
OTUD7B,0.007089989,0.0010252811,3,0
COQ9,-0.028891722,0.001023449,3,3
AL121603.2,0.025490409,0.0010139884,3,0
EIF3C,0.020423822,0.0010121446,3,1
PODXL2,0.017606111,0.001009075,3,1
TMEM131,-0.033496927,0.0009881817,3,3
DUSP12,0.013167307,0.0009789355,3,2
FBXW11,-0.02581189,0.0009784177,3,3
CCL28,-0.0018088097,0.00097157666,3,2
LINC00346,0.04223737,0.00095866714,3,0
AL136987.1,0.055390388,0.0009549055,3,2
RARG,0.0073085227,0.0009516254,3,0
DYNC2LI1,0.00059872615,0.0009512454,3,2
TADA1,0.028676001,0.00095007196,3,1
ATP6V0E2,0.021984199,0.00094946474,3,2
AC068989.1,0.020482749,0.0009422034,3,0
CLN6,0.0006646837,0.00093890727,3,2
PPP1R7,-0.041317075,0.0009384304,3,3
COA3,0.007332007,0.00093746185,3,2
AC133552.5,0.018079864,0.00093290256,3,0
AC004865.2,0.0032501377,0.00093227066,3,1
ROM1,0.0072683673,0.00092195265,3,0
CDC5L,0.0006009725,0.00091988593,3,2
AP006621.3,0.13779138,0.0009175828,3,1
SNRNP35,0.01115851,0.00090624765,3,2
FSCN2,0.020784657,0.00090621744,3,0
FAM107B,0.11739463,0.000902839,3,3
TTLL12,0.03478363,0.00090213306,3,0
MIER3,0.029464865,0.0008928878,3,0
ATPSCKMT,0.035442423,0.0008875858,3,0
EMP1,0.017637596,0.0008828924,3,3
WDR46,0.026455358,0.00086710975,3,3
SMPD2,0.02529546,0.0008668341,3,2
AL109615.2,0.032150786,0.0008599963,3,1
ZMYM6,-0.012488663,0.0008562319,3,2
BX640514.2,0.0021939895,0.0008540051,3,2
SNX4,0.039429124,0.0008515045,3,2
CDC40,0.028236784,0.000849396,3,2
EDA,0.016515562,0.0008476209,3,0
TMEM43,0.0032625992,0.00084230304,3,3
POLR2J2,0.015457186,0.0008422965,3,1
CEP192,-0.020372482,0.00084097683,3,1
AC093627.5,0.005377516,0.00083630113,3,0
VPS72,-0.0026480507,0.00082788616,3,2
PBLD,0.0115158735,0.0008272452,3,0
ADAM17,0.10958558,0.0008226633,3,3
AC105046.1,0.015387886,0.0008187535,3,0
PRR11,0.012263539,0.00081814313,3,0
INPP5J,0.0068183984,0.0008166145,3,0
NKRF,0.00904802,0.0008156998,3,1
GNA11,0.00506511,0.00081501715,3,0
ERO1A,0.10757833,0.0007970147,3,3
SUGT1,-0.013827574,0.0007920638,3,3
CCL19,0.044597358,0.0007881606,3,0
AC138207.9,0.0029000032,0.0007866116,3,0
EFNB1,0.028428467,0.00076625496,3,2
AC138969.1,-0.005742887,0.00076405145,3,1
PIDD1,0.037842106,0.0007510148,3,0
ICAM5,0.03790928,0.00074654154,3,0
BCL9,0.037013736,0.00074649765,3,0
COX11,0.02135723,0.0007385332,3,2
ZNF737,0.06753716,0.0007375041,3,1
MCM2,0.017071346,0.0007361891,3,1
NFE2L2,0.016447565,0.0007338226,3,3
FOXO3B,0.004609684,0.0007333992,3,0
ABTB1,0.030892255,0.0007271841,3,2
CSDE1,0.02423062,0.00072696805,3,3
AEBP2,0.00458305,0.0007251473,3,2
NCAPG2,-0.015638884,0.000718744,3,2
AC083837.1,0.07009445,0.00071732525,3,1
REPS1,0.05729647,0.00071093626,3,3
FGFR1,0.021141065,0.0007063844,3,0
B4GALT7,0.1105251,0.0007061586,3,2
ABCF1,-0.012635338,0.00070279837,3,3
TMCC3,-0.021878108,0.0006964654,3,2
AC009950.1,0.031604454,0.00069417665,3,0
QTRT2,0.044524997,0.00069193915,3,1
CEP162,0.012671004,0.00068488624,3,0
TBC1D3L,0.017551882,0.0006803889,3,0
NEDD1,0.011143651,0.0006765425,3,0
BAK1,-0.017758071,0.0006752014,3,3
KTN1-AS1,0.01664772,0.00067317014,3,0
MAST4,0.018554585,0.0006698584,3,0
SELENOI,0.051813025,0.0006676335,3,1
ASMTL-AS1,0.014586394,0.0006636982,3,0
BET1L,0.0030288398,0.0006629862,3,2
TPT1-AS1,0.07962578,0.0006616125,3,1
MFSD14C,-0.012596425,0.0006525628,3,2
SAMD1,0.006367197,0.0006481707,3,3
FOLR1,-0.03345342,0.0006467365,3,1
FAM118B,0.030879727,0.00064341724,3,1
PIGM,-0.0058527566,0.0006422531,3,2
PPP3CB-AS1,0.006332018,0.00064177066,3,1
DNAJA3,-0.004770333,0.00063002855,3,2
ZDBF2,0.047714636,0.00062260416,3,1
ASB1,-0.0083006,0.0006151609,3,2
RDH5,0.023404827,0.0006134729,3,0
BCDIN3D,0.01550063,0.0006052181,3,0
DCTN5,0.03752086,0.00059881806,3,2
CAPN11,0.031639945,0.0005954618,3,0
MEX3C,0.02181007,0.00059350394,3,1
MMGT1,0.021666728,0.000593435,3,1
POLR1E,0.033920404,0.0005844021,3,1
ITPKC,0.02801247,0.0005784035,3,0
VARS2,0.031335514,0.0005753953,3,1
RNF215,0.009083963,0.00057132076,3,0
SLC25A40,0.010014213,0.0005700253,3,1
ZNF430,3.1129766e-05,0.0005694218,3,1
RRP9,0.03375515,0.0005670041,3,1
SRR,-0.0071807555,0.0005617738,3,2
PDK4,0.21763468,0.0005603796,3,2
AC012146.1,-0.031405974,0.0005592946,3,1
CDCA7,-0.03923592,0.0005564457,3,2
DDHD2,-0.06943838,0.0005537905,3,2
CEP89,0.03340158,0.0005523525,3,1
PIBF1,0.06717446,0.0005501732,3,1
AC008969.1,0.052171413,0.00054765225,3,1
PDZD8,0.022863736,0.000545159,3,2
CD3EAP,3.0887004e-05,0.0005436968,3,1
AL606834.1,0.05704677,0.0005305915,3,0
TMEM26,0.049127996,0.0005301258,3,0
PARD6A,0.015169156,0.0005298108,3,0
AL355488.1,0.023533473,0.00052465015,3,0
MST1,0.004390757,0.00052147824,3,1
ELK1,0.023149205,0.0005159732,3,1
GNA12,0.037809476,0.0005135685,3,2
FUNDC2,-0.01805458,0.0005125776,3,3
RAD50,0.05389284,0.0005112067,3,2
C10orf91,0.004145043,0.00051027315,3,1
MICA,0.037508152,0.0005043894,3,1
PIP4P1,-0.020927817,0.00049984455,3,2
GMCL1,0.032720532,0.00049762614,3,1
EMC2,0.07686443,0.0004968904,3,3
PPP1R3C,0.009945684,0.00049244997,3,1
SLC35E1,-0.09059814,0.0004849732,3,3
NSUN6,0.08303851,0.0004822798,3,3
PPP1R13B,0.024369314,0.0004725256,3,0
ZBTB46,-0.005092981,0.00046799332,3,2
AC018690.1,0.02560618,0.00046587628,3,0
OBI1,0.0050529656,0.0004586,3,0
TGFB2,0.032485943,0.00045841187,3,0
CEMIP2,-0.0073465183,0.0004578922,3,1
AC083799.1,0.00075608183,0.00045520812,3,1
LINC01814,0.03209103,0.0004518982,3,0
LSG1,-0.05246377,0.00044589303,3,2
AC074117.1,-0.0028343603,0.00044327974,3,1
SLC37A1,0.015767949,0.00044327974,3,1
TOMM34,-0.010528375,0.00044327974,3,2
UTP14A,-0.08268412,0.00044327974,3,2
SFMBT1,0.04523706,0.0004382208,3,1
HIPK1,0.033691544,0.00043702126,3,1
CHD7,0.066536516,0.0004353933,3,2
BCL10,0.020548264,0.0004319325,3,2
APOOL,-0.0114041045,0.00042693876,3,2
MTCH2,-0.03355543,0.00042138994,3,3
METTL16,0.02930665,0.0004212428,3,1
SLC25A13,0.07070732,0.00041462108,3,2
ETAA1,0.058527604,0.00041097775,3,1
TMEM168,0.020570753,0.00039437972,3,1
BRI3BP,0.009028177,0.00039292127,3,2
TAF4,0.024491748,0.00039135106,3,1
RMI1,0.01689083,0.0003881473,3,0
MROH7,0.04074472,0.0003704261,3,0
ZNF528,0.057981312,0.0003696736,3,2
GAS6-DT,0.039617117,0.00036565703,3,0
ZNF605,-0.016033843,0.00036099367,3,1
DPH1,0.031954307,0.00035688654,3,2
FAM110A,0.013805936,0.0003549643,3,1
LINC01184,0.06212135,0.00035411492,3,3
NSD1,0.16413052,0.0003511384,3,3
HOTAIRM1,0.0013708969,0.00034122914,3,1
LMBR1L,-0.0019454261,0.000334464,3,2
DPM2,-0.083990075,0.0003292486,3,3
PROSER1,0.04145084,0.00032442808,3,0
ACTR3B,0.05772746,0.00031503057,3,0
CCL7,0.0561066,0.00030559348,3,0
AC005520.2,-0.012168932,0.0003054717,3,2
ZCCHC4,0.0008605905,0.00029847957,3,1
RPF1,0.008907479,0.00028880313,3,2
DOHH,0.00844936,0.00028833747,3,2
GNAI1,0.026539652,0.00028545782,3,0
IGLV3-19,0.052958105,0.00028484093,3,0
TMEM51-AS1,0.058032364,0.00028384663,3,2
SAMD4B,-0.009231213,0.00027205795,3,2
MKLN1-AS,0.0070812553,0.00026928075,3,0
AC006449.5,0.03813948,0.00026690762,3,0
MRPL20-AS1,-0.0058848835,0.0002578618,3,2
SNHG21,0.079059884,0.000253391,3,0
RCL1,0.041560028,0.00025210157,3,0
AC083880.1,0.0509915,0.000244922,3,1
DDX59,0.06092235,0.00024459884,3,1
CDK5RAP2,-0.048759952,0.00024454668,3,1
DCAF1,0.035651043,0.00024019927,3,1
B3GALT4,0.040999804,0.00023713708,3,0
ZNF846,0.038295086,0.00022912025,3,2
GATB,0.03377613,0.00022751279,3,1
UBAP2L,-0.09561715,0.00022407621,3,3
MCM10,0.027836865,0.00022355944,3,0
M1AP,0.03486059,0.00020990428,3,0
ZNF503-AS2,0.05121204,0.00020509516,3,1
BIN3,0.004921081,0.00019276515,3,1
ZNF714,0.008393667,0.0001912443,3,1
AL450998.2,0.0016234256,0.00018983707,3,1
AARSD1,-0.025827793,0.00018282235,3,1
RAD54L,0.04196903,0.00018080627,3,0
RPP30,-0.004599303,0.00016968884,3,3
ZNF92,-0.014557272,0.00016282126,3,2
CDKN2B-AS1,0.038140155,0.00016164128,3,0
CRIPT,0.03417556,0.00015600026,3,2
POM121,0.098703,0.00015174598,3,2
AC093821.1,-0.03617424,0.00014790037,3,1
LINC01473,0.06542982,0.00014268328,3,0
USO1,-0.0342484,0.00014181435,3,3
IFI27L1,0.05300179,0.00014011376,3,2
LINC01358,0.08339336,0.00013937382,3,1
TRMT61A,-0.022915585,0.0001311358,3,2
LINC00467,-0.03201055,0.00013057515,3,1
PRPF3,0.10667098,0.00011811778,3,1
CU638689.4,0.020118853,0.00010678917,3,0
PRPSAP2,0.045733947,0.00010616705,3,2
TATDN1,-0.012638927,0.00010460988,3,2
ZNF280D,0.014487916,0.00010436773,3,2
NR1D2,-0.019766873,0.000102791935,3,1
GNS,0.11119058,9.778142e-05,3,3
FANCC,0.016479848,9.4407704e-05,3,0
KHDRBS3,0.03027343,9.278022e-05,3,1
FAM214A,0.015230238,9.250268e-05,3,2
PPP5D1,0.022927659,9.069685e-05,3,0
AC079922.2,0.024890503,8.712197e-05,3,0
PNP,-0.04793604,8.1799924e-05,3,3
IQCK,-0.049559046,8.079084e-05,3,2
KLC2,0.041866396,7.169321e-05,3,0
STAM-AS1,0.040133163,7.011916e-05,3,0
RAD51,0.0011766689,6.98918e-05,3,1
CRNDE,0.031740334,6.943388e-05,3,0
LMNA,0.0018966893,5.7041645e-05,3,3
KIAA1671,0.027607033,5.5305194e-05,3,1
ZNF346,0.014202453,5.2459538e-05,3,1
ITGA3,-0.009371683,5.131215e-05,3,1
AC025159.1,0.025531076,4.794635e-05,3,2
IGLV3-21,0.02479223,4.791841e-05,3,1
GFM1,-0.023147956,4.6275556e-05,3,3
TAF9B,0.04022224,4.528556e-05,3,0
AC004846.1,0.036488455,3.767293e-05,3,1
GAN,0.024472272,2.9885443e-05,3,0
MTO1,0.030325495,2.6389956e-05,3,1
CFL2,0.016385006,2.5186688e-05,3,1
AC067852.2,0.044041928,2.3165718e-05,3,0
PHF7,0.058623422,2.2839755e-05,3,1
IGLV1-44,0.205655,1.5269383e-05,3,1
MTRF1,0.013474103,2.0144507e-06,3,2
SRP54,0.2032942,-2.1919608e-05,3,3
PHF20L1,0.08153796,-0.00013608485,3,3
NDUFA7,0.03191061,-0.00019264221,3,3
RNFT1,0.16985859,-0.00023032166,3,3
C11orf58,0.09654642,-0.0002502948,3,3
TAF11,-0.015770933,-0.00026989728,3,3
CCHCR1,0.108416475,-0.0002900269,3,3
RPS19BP1,0.09976715,-0.00039294362,3,3
ARHGAP17,0.06485044,-0.0004578568,3,3
RNASEH2C,-0.027701704,-0.0004702732,3,3
MCOLN1,-0.027908564,-0.0005213171,3,3
WIPI1,-0.032537024,-0.0005607605,3,3
ARPC5L,0.028516049,-0.00056502223,3,3
CALD1,0.10972393,-0.0005775173,3,3
LIN7C,-0.013703793,-0.0005835779,3,3
CAPN1,-0.026186815,-0.00061033666,3,3
BACH1,0.034133386,-0.0006604269,3,3
ADIPOR1,0.014969776,-0.00066274405,3,3
UBE2O,0.0033894032,-0.00068652444,3,3
THYN1,-0.031772822,-0.00072253495,3,3
ECHDC2,-0.027470544,-0.0007754229,3,3
YY1AP1,0.026108056,-0.00078065693,3,3
RPS6KA2,-0.0051523247,-0.0008388907,3,3
BEX4,-0.00044458112,-0.00083997846,3,3
TOR1A,0.055515733,-0.00087350607,3,3
ITGAL,0.025989056,-0.00092187524,3,3
IMMT,0.020572336,-0.0010226928,3,3
ANKRD44,-0.008272216,-0.0010524988,3,3
MORF4L2,-0.106926955,-0.0011310577,3,3
RFX3,-0.037176687,-0.0011525722,3,3
MRPL9,-0.086522184,-0.0012072735,3,3
EXOSC1,-0.0055344156,-0.0012139492,3,3
TACC3,-0.0025948633,-0.0012838319,3,3
KIN,0.043493316,-0.0013212897,3,3
SNX1,-0.008082762,-0.0013537705,3,3
ENTPD4,-0.036495987,-0.001378417,3,3
LSM6,-0.033711094,-0.001413092,3,3
MRPL37,-0.006784608,-0.0014154911,3,3
GSPT1,0.13793379,-0.0014498383,3,3
RNPEP,0.03882795,-0.0014576837,3,3
DCTD,0.012416351,-0.001479201,3,3
CNPY3,-0.032213066,-0.0014844984,3,3
ZSCAN18,-0.023030465,-0.0015634075,3,3
CBX3,-0.04998288,-0.0015718192,3,3
PABPC1,0.07666067,-0.0015830398,3,3
HNRNPF,0.10012468,-0.0016368032,3,3
TRAF7,-0.051454153,-0.0016632974,3,3
ALG3,0.025565624,-0.0017252713,3,3
FGL2,0.109404355,-0.0017607808,3,3
SRSF5,0.022706464,-0.0017650723,3,3
SNRPB,-0.08295508,-0.0017922223,3,3
FGFR1OP2,0.07269076,-0.0017928183,3,3
TOMM40L,-0.03477603,-0.0018077977,3,3
MBNL2,0.013819437,-0.0018825904,3,3
NFATC2IP,0.038942505,-0.0018840842,3,3
APIP,0.020491915,-0.0019485056,3,3
PLEKHF2,-0.0025679644,-0.001984166,3,3
STIM1,0.09823785,-0.002132995,3,3
PLAUR,-0.23490377,-0.0021357238,3,3
FAM50A,0.0084461225,-0.002175212,3,3
NABP1,-0.020712206,-0.0022277534,3,3
TIMM50,-0.0064193406,-0.0022762865,3,3
FAM192A,0.0036321282,-0.0023173392,3,3
TBC1D22A,0.0068986663,-0.0023194924,3,3
CX3CR1,0.062470872,-0.002415102,3,3
CYB561A3,-0.049503367,-0.0024486706,3,3
ELL2,0.034104213,-0.0025134683,3,3
PITPNA,0.076718174,-0.0025183856,3,3
ZNF195,0.009292011,-0.0025410503,3,3
SPTSSA,0.026650101,-0.0025606155,3,3
SLC52A2,-0.028464755,-0.002566591,3,3
CCDC14,0.048151765,-0.0026324056,3,3
KIAA0930,0.074074924,-0.0027787685,3,3
MON1B,0.12856431,-0.00283394,3,3
RAB32,0.036927406,-0.0028678179,3,3
SMIM10L1,-0.08203506,-0.002933465,3,3
NUP205,0.077007495,-0.0029350333,3,3
TMEM14C,-0.16679095,-0.0030482262,3,3
SLC9A3R1,0.07863671,-0.003062062,3,3
ARL5B,0.030493267,-0.0031066318,3,3
WDFY2,0.016634727,-0.0032414198,3,3
CD109,-0.08642139,-0.0032889545,3,3
RPL3,-0.05208381,-0.003296733,3,3
DMAC1,-0.10045397,-0.0033161938,3,3
ECHDC1,0.0518605,-0.0033361688,3,3
C5orf15,-0.009737882,-0.0034038872,3,3
ATE1,-0.009733607,-0.0034637004,3,3
YIF1A,0.02311639,-0.0035231858,3,3
SPG11,0.07396374,-0.003552042,3,3
NUMB,0.06324565,-0.0035778135,3,3
PSMB5,-0.012562814,-0.0035848469,3,3
TMEM248,0.06877006,-0.003599897,3,3
HNRNPR,-0.0255133,-0.0036032796,3,3
ZNF358,-0.05026996,-0.0037311874,3,3
IRF8,0.08607778,-0.0037786812,3,3
VMP1,0.24621922,-0.0037800819,3,3
ATP5F1C,0.044882923,-0.003842324,3,3
SNRPF,-0.03985871,-0.003848344,3,3
ZKSCAN1,-0.012483803,-0.003854543,3,3
PDE4A,-0.027971188,-0.0038558766,3,3
SMIM25,0.02720288,-0.0039211363,3,3
ANKAR,0.015423168,-0.0039575696,3,3
AFG3L2,-0.005247096,-0.003991872,3,3
NAP1L1,-0.0054757595,-0.0040498376,3,3
TMEM256,-0.014568907,-0.0042271465,3,3
ADM,-0.009872238,-0.0042584967,3,3
RAB2B,-0.019606793,-0.00429287,3,3
CLK2,-0.011680034,-0.0042961687,3,3
IAH1,0.034597836,-0.0043158606,3,3
SPATS2,-0.020371864,-0.0043622423,3,3
FKBP2,0.008234352,-0.004472576,3,3
RRP1,0.0053125545,-0.0044737887,3,3
SNX20,-0.03984058,-0.004642155,3,3
TPI1,0.11519144,-0.00465852,3,3
AGGF1,0.083003186,-0.0046842843,3,3
UBE4A,0.04542307,-0.004762158,3,3
NSFL1C,0.0771128,-0.004766777,3,3
GCC2,0.015636206,-0.0047959387,3,3
ZNF511,-0.041703373,-0.004827842,3,3
ZFAS1,-0.081203185,-0.0049367547,3,3
LPCAT4,0.005511746,-0.0050321743,3,3
FIBP,-0.021380613,-0.0052910447,3,3
IKBKE,0.069941565,-0.0053672083,3,3
SLTM,0.07621576,-0.0053741187,3,3
HNRNPAB,0.029170198,-0.005411312,3,3
MED30,0.014593746,-0.0054711327,3,3
NIPSNAP3A,-0.007218197,-0.005540788,3,3
TSG101,0.042832106,-0.005543776,3,3
MRPS11,0.007162597,-0.005607225,3,3
BLOC1S4,0.0019500902,-0.00563455,3,3
LLGL2,-0.042188477,-0.0056595155,3,3
TRRAP,-0.000737035,-0.0056879837,3,3
CNDP2,0.025319183,-0.005719766,3,3
RPL23,0.07062122,-0.005724907,3,3
NKAP,0.05729826,-0.0057687312,3,3
SLC38A7,0.14013186,-0.005788777,3,3
NDUFB4,-0.03176351,-0.0057994723,3,3
ATG3,0.026140666,-0.0059524328,3,3
TM7SF3,0.058808755,-0.0059628263,3,3
FAM120AOS,-0.054928552,-0.006050892,3,3
PMVK,0.0518849,-0.0060648248,3,3
PSMD5,0.06986617,-0.006083552,3,3
BATF,0.024074858,-0.0061682835,3,3
ZBTB11,-0.009228268,-0.006177023,3,3
DSE,0.028215686,-0.0061879456,3,3
ZNF593,-0.020671407,-0.0063666403,3,3
JPT2,-0.02609148,-0.006455237,3,3
LSR,0.008238045,-0.006703334,3,3
CCT8,-0.036139835,-0.006764181,3,3
ACP2,-0.04594404,-0.0067652166,3,3
MTMR1,0.06288358,-0.0067934506,3,3
KDM6B,0.04379126,-0.0068093985,3,3
HPS3,0.024739036,-0.006832611,3,3
PABPN1,-0.04451108,-0.006838396,3,3
AP1M1,0.0684388,-0.0068921,3,3
RNF114,-0.038883343,-0.0069040805,3,3
PPP3CB,-0.009697442,-0.0069824904,3,3
RABIF,0.01743638,-0.0070243888,3,3
FNIP2,-0.05670038,-0.0071511567,3,3
HSPB1,0.08635298,-0.0071564615,3,3
GNL3,0.040298883,-0.0072161797,3,3
SMARCA5,0.00086543214,-0.0072494075,3,3
CAPN15,-0.06585914,-0.007257441,3,3
IQCG,0.061943483,-0.007282339,3,3
PIK3C3,-0.02541405,-0.007316392,3,3
TMEM107,-0.006976612,-0.00736833,3,3
CALHM2,0.048010897,-0.007385336,3,3
TNFAIP2,0.054403096,-0.0074627995,3,3
LPP,0.06472988,-0.007471487,3,3
MADD,-0.021148056,-0.0075375363,3,3
C7orf50,-0.03873741,-0.0075494647,3,3
MAN2A1,0.033619355,-0.0075920224,3,3
FAM136A,-0.021475947,-0.0076005533,3,3
BPHL,-0.024910891,-0.0076939985,3,3
GOLT1B,-0.029751852,-0.0077035464,3,3
SLC39A4,-0.06653703,-0.007756904,3,3
FAN1,0.0230259,-0.007918827,3,3
NSRP1,-0.043045286,-0.007947564,3,3
CST6,0.012561391,-0.007953882,3,3
PSPC1,0.10086437,-0.00807051,3,3
SMAP2,-0.0716301,-0.008176371,3,3
FLII,0.06652843,-0.008290142,3,3
MTHFD2L,-0.011878508,-0.00831385,3,3
TGFBR2,0.04309334,-0.008324221,3,3
LPXN,0.003942529,-0.008389205,3,3
RASSF1,0.009970157,-0.008405082,3,3
MRPS9,0.044536382,-0.008416906,3,3
RNF167,0.010326352,-0.008566365,3,3
SF3B3,0.040952317,-0.008582264,3,3
RAD9A,0.10279533,-0.008614939,3,3
PSMB1,-0.017697463,-0.008694693,3,3
MANF,-0.034860637,-0.008781828,3,3
HAX1,-0.024082959,-0.008858472,3,3
GTF3C1,0.03496654,-0.008945677,3,3
EIF3L,0.035113085,-0.009190626,3,3
ITPRIPL2,0.05002457,-0.009251557,3,3
CXCL12,0.0128986435,-0.009263076,3,3
ARHGAP5,0.07761676,-0.009326097,3,3
NAGK,0.11720159,-0.009363532,3,3
TOP2B,0.0036256525,-0.009495404,3,3
TCN2,0.06412887,-0.0096090995,3,3
RHOQ,0.0033365388,-0.0096232,3,3
RAD23A,-0.07298953,-0.009673297,3,3
SNHG8,0.14356261,-0.009732254,3,3
PSMB7,0.11486569,-0.009748608,3,3
PPP3CA,0.002824869,-0.009830087,3,3
TKT,0.115750454,-0.009883955,3,3
LACTB,0.010045146,-0.0099032745,3,3
ERBIN,-0.11343685,-0.009948708,3,3
PDHA1,0.016189301,-0.009961147,3,3
CIAO3,0.07375961,-0.010030812,3,3
NUB1,-0.069837086,-0.010127321,3,3
UCK1,-0.011575267,-0.010132391,3,3
PRDX2,-0.06449034,-0.010136008,3,3
MARF1,-0.054453894,-0.010143757,3,3
CRYL1,0.03928191,-0.010153007,3,3
CEBPA,-0.005035495,-0.01017385,3,3
RANBP1,-0.020307502,-0.010229766,3,3
NDUFA12,-0.06311235,-0.0102779865,3,3
LYAR,-0.0031254292,-0.010304421,3,3
SUB1,0.058937218,-0.010325253,3,3
GLRX,-0.07658864,-0.0103521645,3,3
GFER,0.004163111,-0.010367408,3,3
VRK3,-0.0017358562,-0.010421198,3,3
BCL7C,0.0034489855,-0.010577209,3,3
MPLKIP,-0.01749289,-0.010694001,3,3
TAX1BP3,-0.012130464,-0.010752298,3,3
SYS1,-0.02028876,-0.01078089,3,3
ADRM1,-0.060875434,-0.010882616,3,3
IRF1,-0.018065298,-0.011127472,3,3
RANGRF,-0.043668788,-0.011137359,3,3
MBD2,0.03690407,-0.011173099,3,3
MRPS18B,0.13154674,-0.01130414,3,3
DHPS,-0.0011959573,-0.011419289,3,3
SNX3,0.021677056,-0.011431873,3,3
VMA21,0.06605196,-0.011565447,3,3
OGFRL1,0.023612237,-0.011641219,3,3
ITPRID2,0.031111756,-0.011751752,3,3
SLC3A2,-0.019705033,-0.011902034,3,3
ACOT9,-0.15544099,-0.011969909,3,3
NBAS,0.035281766,-0.012036063,3,3
SQSTM1,0.049759466,-0.012052894,3,3
PRPSAP1,-0.04179089,-0.012251914,3,3
KPNA1,0.038912404,-0.012308396,3,3
EMC8,0.015190733,-0.012347307,3,3
ADSS,-0.041565374,-0.012711473,3,3
SMIM15,0.028886208,-0.012761146,3,3
NCSTN,-0.07625989,-0.012799393,3,3
AZIN1-AS1,-0.04571113,-0.012917791,3,3
FAM32A,0.022123693,-0.012946472,3,3
KLHDC2,0.0016954839,-0.013045687,3,3
MAPRE2,-0.028425775,-0.013048694,3,3
NDUFB11,-0.10187149,-0.013222218,3,3
FBXL5,-0.021697866,-0.013278715,3,3
TSPAN14,3.0289093e-05,-0.013437204,3,3
MTR,0.015755117,-0.013497595,3,3
PIP4K2B,0.025764236,-0.0135166645,3,3
SLBP,-0.032847106,-0.013555363,3,3
BZW1,-0.023706714,-0.013766125,3,3
CCL20,-0.06309307,-0.0139206,3,3
EIF4EBP1,-0.09683689,-0.013941735,3,3
UBE2S,-0.07344593,-0.01406816,3,3
PEF1,0.053228494,-0.014098123,3,3
SPHK1,-0.015395199,-0.014195036,3,3
NDUFAB1,-0.09646345,-0.014244229,3,3
BST2,-0.0020790298,-0.014359117,3,3
PIK3R5,0.06699774,-0.014408082,3,3
NUDCD2,-0.000556546,-0.014498755,3,3
NUMA1,-0.029035196,-0.014522925,3,3
KRTCAP2,-0.009929995,-0.014642119,3,3
PTGES2,-0.097991206,-0.014713276,3,3
ELAVL1,-0.08517986,-0.014836296,3,3
DHRS7,0.063907854,-0.014895737,3,3
PNKD,0.027420247,-0.014927849,3,3
ATP2A2,0.0154662235,-0.014972828,3,3
DOK3,-0.018679565,-0.01504685,3,3
PPP1R12A,-0.07285585,-0.015057251,3,3
ZNF562,-0.012849967,-0.015128855,3,3
CSNK2A1,0.055109203,-0.01516407,3,3
C19orf25,0.010378997,-0.015235148,3,3
PLSCR1,0.0022606254,-0.015236586,3,3
TANC2,0.12842102,-0.0153379515,3,3
PPP6C,0.00027514496,-0.015463948,3,3
TRIM22,-0.0017522326,-0.0154672265,3,3
SLC2A1,0.079097785,-0.015494641,3,3
SCAMP1,-0.008998069,-0.015542533,3,3
RASA2,0.012316505,-0.015544802,3,3
LMAN2,0.02104953,-0.015587106,3,3
FBXW7,-0.05436782,-0.0156011,3,3
KPNA2,-0.021274919,-0.015704539,3,3
NMT1,0.047368035,-0.016013503,3,3
MYOF,0.016379908,-0.01602672,3,3
ROCK2,-0.06852257,-0.016070545,3,3
PCGF5,0.011138715,-0.016128287,3,3
ZNF148,0.1449575,-0.016202062,3,3
ING3,0.0087807225,-0.016272156,3,3
PHF21A,0.12735601,-0.01635424,3,3
S100A1,-0.063871264,-0.016627759,3,3
CYB5A,-0.014632727,-0.01669094,3,3
UBE2L6,-0.21030866,-0.016801998,3,3
GADD45B,0.108603776,-0.017025411,3,3
MAP1S,0.009010325,-0.017069437,3,3
R3HDM2,0.037058145,-0.017139085,3,3
SNRPN,-0.05989768,-0.017175108,3,3
TFRC,0.06656686,-0.017356053,3,3
ATP1B3,-0.05954433,-0.017484292,3,3
KXD1,-0.11632523,-0.017553017,3,3
CHRAC1,0.08301028,-0.01765114,3,3
WAPL,-0.031755853,-0.017998599,3,3
GLUD1,0.014446427,-0.018075213,3,3
ATG12,0.07017008,-0.01808568,3,3
MANBA,0.003952081,-0.018477485,3,3
ALG13,-0.08315308,-0.01853703,3,3
PFKFB3,0.033322375,-0.018588096,3,3
IL15,0.054872412,-0.018669058,3,3
TRUB2,-0.015467256,-0.018712485,3,3
MRPS24,0.01150402,-0.018742945,3,3
RB1CC1,-0.02493348,-0.018931128,3,3
SCP2,-0.1288495,-0.019154876,3,3
IRF2BPL,0.0056185923,-0.019382283,3,3
STARD3,-0.03736178,-0.019425623,3,3
CIAO2A,0.010180463,-0.019466251,3,3
ST5,-0.05719809,-0.019714646,3,3
ELF2,0.070149265,-0.019743502,3,3
SCN1B,-0.019575631,-0.01976665,3,3
SNU13,0.04217129,-0.019854218,3,3
PROCR,0.015459529,-0.020035964,3,3
CLDN1,-0.14996067,-0.020501025,3,3
NFKBIE,-0.053082764,-0.020517781,3,3
KARS,-0.110957086,-0.020567365,3,3
CISH,0.05943348,-0.02057191,3,3
LPCAT1,-0.10151622,-0.020700045,3,3
HNRNPA1,-0.17085795,-0.020840168,3,3
MKKS,-0.07206827,-0.021016205,3,3
MPPE1,0.085640736,-0.021104436,3,3
CARHSP1,-0.0017814487,-0.021296293,3,3
CCNL2,0.09657975,-0.021465268,3,3
TUBB4B,-0.012984388,-0.021523476,3,3
HNRNPA0,-0.020629445,-0.021694437,3,3
KDM5A,-0.13413912,-0.021879666,3,3
SNX29,-0.1532899,-0.021881849,3,3
SUN2,-0.049183458,-0.02202078,3,3
PRR14,0.0057013533,-0.022402637,3,3
PMPCB,-0.014993355,-0.022517249,3,3
KRAS,0.024195692,-0.022617385,3,3
SEC22C,0.008264373,-0.02272528,3,3
PHC3,0.07970315,-0.02286473,3,3
PPA2,0.053545833,-0.023007467,3,3
RPS6KA4,-0.00080708665,-0.023106143,3,3
ANAPC2,-0.024255643,-0.023285383,3,3
NCF2,-0.0035573344,-0.023304999,3,3
JUN,-0.11304653,-0.023306012,3,3
PPM1G,-0.046554495,-0.023348868,3,3
PPARD,0.017548798,-0.023368847,3,3
ZNF654,0.019750794,-0.023402711,3,3
GDI2,-0.1422856,-0.023470134,3,3
FKBP5,-0.03300512,-0.02361565,3,3
CIITA,0.07873007,-0.023631439,3,3
MLF2,-0.04014868,-0.023745775,3,3
SLC25A5,-0.10353398,-0.023817629,3,3
MED12,-0.0478901,-0.023997206,3,3
HMOX2,-0.052657902,-0.024058424,3,3
HMGN3,-0.040732887,-0.024658471,3,3
IFNAR2,-0.13352515,-0.024740215,3,3
RRM1,0.04550688,-0.024746872,3,3
CD37,-0.07387743,-0.024769604,3,3
ELOVL1,-0.07114374,-0.02477661,3,3
RETREG3,-0.029029163,-0.024950966,3,3
CNOT2,-0.009621727,-0.02505412,3,3
DYSF,0.015359356,-0.025237996,3,3
ECI1,-0.0408916,-0.025250014,3,3
NOL4L,-0.07711112,-0.025334775,3,3
EP300,-0.04753962,-0.025458172,3,3
TYSND1,-0.034591213,-0.025581233,3,3
PTCD3,-0.06372142,-0.025632776,3,3
SBF2,-0.03059383,-0.025656775,3,3
SEC14L1,0.03274238,-0.025730759,3,3
BMF,-0.005642446,-0.025750112,3,3
TCEA1,-0.124416925,-0.025934562,3,3
DNAJC8,0.034729857,-0.02627185,3,3
SUPT4H1,0.06883178,-0.026333436,3,3
SARAF,-0.028275907,-0.02641949,3,3
PCED1B-AS1,0.008098361,-0.026433155,3,3
SECTM1,0.070596546,-0.026627574,3,3
COMMD7,-0.081839055,-0.026736915,3,3
SLC15A3,0.14108418,-0.026810974,3,3
RFTN1,0.010566075,-0.026893755,3,3
SH2B3,-0.088485695,-0.027018458,3,3
ATAD1,-0.03746425,-0.027088325,3,3
KIDINS220,0.027163977,-0.027101316,3,3
ARHGEF7,0.032730132,-0.027118709,3,3
NOP56,-0.030497342,-0.027252726,3,3
GARS,-0.04261006,-0.027313001,3,3
SCFD1,-0.052545276,-0.027347054,3,3
CAMK1,-0.04557544,-0.027500093,3,3
TXN,-0.09514692,-0.027668655,3,3
HIPK2,-0.023006758,-0.027686574,3,3
NCBP2,-0.0071495003,-0.028117709,3,3
TAPBP,-0.037067845,-0.028313339,3,3
AHCY,-0.15308784,-0.028472796,3,3
C16orf58,-0.033146553,-0.028631598,3,3
SNRPA,-0.065066375,-0.028660633,3,3
MTMR9,-0.02124553,-0.028821703,3,3
EIF6,-0.052720845,-0.02899088,3,3
DENND5A,-0.058292612,-0.029050075,3,3
GRIPAP1,-0.033364326,-0.02910243,3,3
GALNT2,0.029427372,-0.029272825,3,3
CLK3,-0.019834053,-0.029375762,3,3
STAU1,-0.011293948,-0.029400982,3,3
PRMT5,-0.048224043,-0.029455371,3,3
PTPN12,0.03870046,-0.02949407,3,3
CAMK2D,0.046694607,-0.029670708,3,3
COQ4,0.07805165,-0.02969724,3,3
RUNX3,-0.00391339,-0.030204613,3,3
PDAP1,-0.044045974,-0.03030058,3,3
DENND4C,0.016826838,-0.030402377,3,3
NCBP1,-0.033985287,-0.03077038,3,3
HELZ,-0.0796018,-0.031170197,3,3
POLR2B,-0.004596432,-0.031220175,3,3
B3GNTL1,-0.06365409,-0.03123195,3,3
NDUFB3,-0.029010832,-0.031462803,3,3
DDIT4,0.17064466,-0.031541735,3,3
HSF1,0.02920498,-0.031578626,3,3
USP48,-0.066272385,-0.031846642,3,3
SUSD1,-0.009958389,-0.03203401,3,3
TXNDC17,-0.20432682,-0.032306284,3,3
RALY,-0.056276824,-0.03238,3,3
ANKRD39,-0.09403787,-0.03316512,3,3
SH3GLB2,-0.006339561,-0.03320984,3,3
UBL7,-0.00491442,-0.033299617,3,3
SEC63,-0.054040432,-0.033481225,3,3
WDR41,-0.038200226,-0.0335314,3,3
ECHS1,0.019379118,-0.033642277,3,3
GLYR1,-0.0070082643,-0.033735484,3,3
RILPL2,-0.1470928,-0.033984877,3,3
UFL1,0.033300042,-0.034366947,3,3
HINT1,-0.11017824,-0.034428447,3,3
EMC10,-0.016265312,-0.034540668,3,3
HMBOX1,0.044863448,-0.034900345,3,3
IL6ST,0.010585408,-0.035233743,3,3
MRPS5,-0.057491045,-0.0356284,3,3
CHMP7,-0.017294772,-0.03569949,3,3
MGMT,0.057820305,-0.035786815,3,3
EVI2A,0.089210756,-0.035860687,3,3
RNF216,-0.05811735,-0.036041208,3,3
PSME1,-0.04605472,-0.036045104,3,3
ZNF706,-0.048771232,-0.03634861,3,3
TES,-0.034081373,-0.03648138,3,3
DLGAP4,0.021959588,-0.03649366,3,3
MIEN1,0.057645384,-0.036497504,3,3
FGD2,0.07942176,-0.03651671,3,3
HLA-DPA1,0.10849462,-0.03659165,3,3
GHITM,-0.08776724,-0.03667307,3,3
DCTPP1,0.008093546,-0.037167042,3,3
ACOT11,0.13334511,-0.03717088,3,3
CLOCK,-0.032594178,-0.03727211,3,3
NT5C,-0.026586318,-0.037384972,3,3
NIPBL,-0.23996891,-0.03750612,3,3
RAB40C,-0.0735381,-0.038217977,3,3
TALDO1,-0.1295105,-0.03850779,3,3
PCGF1,-0.074355535,-0.03881698,3,3
ZC3H4,-0.032711815,-0.03964264,3,3
ZNF738,-0.02545239,-0.03975063,3,3
ESF1,0.07658074,-0.040018097,3,3
DMTF1,-0.054216743,-0.04057809,3,3
KIF5B,-0.03395298,-0.041471794,3,3
CLEC2B,-0.015029619,-0.041749746,3,3
TMA7,-0.06602625,-0.042300165,3,3
NPM3,-0.03765633,-0.042598896,3,3
MTHFD1L,-0.037929844,-0.042976663,3,3
MAPKAP1,-0.00568223,-0.043425843,3,3
CST3,0.186118,-0.043791413,3,3
ROMO1,0.1655864,-0.04400298,3,3
MMP24OS,0.060836717,-0.044606477,3,3
ZNF331,-0.009867738,-0.04461947,3,3
SCARB1,-0.017083863,-0.045007225,3,3
IER5L,-0.03316107,-0.045295753,3,3
GSDMD,0.04968661,-0.04543695,3,3
FAM133B,-0.049996257,-0.045806803,3,3
SEC23B,-0.03635025,-0.045892205,3,3
RGS14,-0.04257658,-0.046246015,3,3
TFDP1,-0.019340167,-0.046520706,3,3
SNRPD3,-0.15619405,-0.047139242,3,3
SIGLEC9,-0.0014134347,-0.04779666,3,3
ANXA1,-0.1545581,-0.047871023,3,3
AGO1,-0.04275727,-0.047952313,3,3
ITPKB,-0.0601557,-0.04825323,3,3
AKT2,-0.0066579184,-0.049043603,3,3
ITM2B,0.13571988,-0.050058424,3,3
FOSL2,0.05736968,-0.050281726,3,3
SNX12,-0.021580571,-0.050348386,3,3
TNFSF12,-0.027988678,-0.050357983,3,3
PRKCB,-0.0155284405,-0.05065586,3,3
HECA,0.039190676,-0.051243,3,3
SMARCC1,-0.0869477,-0.051565386,3,3
CD82,-0.10200107,-0.052486062,3,3
RNF19A,0.04276729,-0.052721635,3,3
VMO1,0.08080265,-0.05357681,3,3
MARCH6,-0.038979333,-0.053718433,3,3
RASAL3,-0.07352858,-0.053732775,3,3
SCAF8,-0.04841961,-0.0538174,3,3
ATP1A1,-0.00030791262,-0.054067418,3,3
CLN3,-0.0601647,-0.05479142,3,3
RAB3GAP1,0.06838005,-0.05480674,3,3
XRCC1,-0.012601848,-0.05494252,3,3
STMN1,0.113960676,-0.05552155,3,3
SERP1,-0.052509308,-0.05745834,3,3
DPP8,0.030057808,-0.057478108,3,3
NABP2,-0.03120702,-0.05750534,3,3
RNPC3,-0.037401397,-0.058999002,3,3
RWDD1,-0.051663037,-0.059510976,3,3
TMEM165,-0.058049947,-0.05988036,3,3
KDM3B,-0.13882081,-0.060465854,3,3
MRPL38,-0.013067598,-0.060609706,3,3
SYAP1,-0.109769545,-0.06313878,3,3
MAT2A,0.08019722,-0.06405859,3,3
RHOT2,-0.15982424,-0.06658725,3,3
ANXA6,-0.083706975,-0.06748152,3,3
COX5A,-0.2339592,-0.06758508,3,3
TMBIM4,-0.003380239,-0.068060964,3,3
B2M,-0.06708038,-0.06846094,3,3
TRAPPC5,-0.026345136,-0.06862563,3,3
SNW1,-0.08753592,-0.068797,3,3
SMDT1,0.017900765,-0.06884447,3,3
PKIB,0.007000307,-0.069761634,3,3
ANAPC7,-0.065187104,-0.07089129,3,3
STK38L,-0.109092854,-0.073571645,3,3
CTNNB1,-0.06283169,-0.07457632,3,3
RAB14,-0.078365095,-0.0776007,3,3
MRPS34,-0.07018273,-0.079508476,3,3
GNA13,-0.114348985,-0.079655334,3,3
ATP10D,-0.15847623,-0.08644053,3,3
SLC29A1,-0.03783955,-0.0877101,3,3
IFI27L2,0.058326017,-0.0882896,3,3
FBXW5,-0.046461504,-0.0899871,3,3
PLXNC1,-0.19583553,-0.090199344,3,3
CHMP1B,0.028800843,-0.092327744,3,3
DAP,-0.07812335,-0.09402354,3,3
RDX,-0.08188485,-0.09794795,3,3
IDS,-0.051188335,-0.10182476,3,3
HNRNPA3,-0.060117066,-0.10735184,3,3
IRF2BP2,-0.2596248,-0.10867888,3,3
CSTA,-0.18807937,-0.11503571,3,3
LTBP3,-0.13178067,-0.11771684,3,3
COMMD6,-0.27130365,-0.12162933,3,3
RPL22,-0.09765468,-0.13661093,3,3
IL1B,-0.122886576,-0.14384504,3,3
NDUFC1,-0.25008798,-0.21413726,3,3
A1BG,-0.022079894,0.0,2,2
AAR2,0.0018525813,0.0,2,1
AASDH,0.010481964,0.0,2,2
ABALON,0.008458022,0.0,2,1
ABAT,0.02190494,0.0,2,1
ABCA3,0.002752386,0.0,2,0
ABCB9,0.028109098,0.0,2,1
ABCC10,-0.036167685,0.0,2,2
ABCF2,0.008418051,0.0,2,1
ABHD11,0.021970347,0.0,2,2
ABHD17B,0.037217475,0.0,2,1
ABHD17C,0.05799902,0.0,2,1
ABHD6,-0.00083883695,0.0,2,1
ABRAXAS2,0.016151158,0.0,2,2
AC002091.1,0.0018160698,0.0,2,0
AC004000.1,0.003296118,0.0,2,0
AC004069.1,0.0028728228,0.0,2,0
AC004130.2,0.0024275035,0.0,2,0
AC004466.1,0.001005516,0.0,2,0
AC004593.2,0.0015696002,0.0,2,0
AC004812.2,0.022640303,0.0,2,1
AC004854.2,-0.007979345,0.0,2,1
AC004908.2,0.004033165,0.0,2,0
AC004943.2,0.0019442249,0.0,2,0
AC005070.3,-0.006593182,0.0,2,1
AC005072.1,0.006558376,0.0,2,1
AC005224.3,0.019133976,0.0,2,1
AC005264.1,0.0016909153,0.0,2,0
AC005332.3,0.0039522243,0.0,2,0
AC005332.4,-0.008938194,0.0,2,1
AC005332.5,0.004277595,0.0,2,0
AC005332.6,0.0076496066,0.0,2,1
AC005498.2,0.005451933,0.0,2,0
AC005632.3,0.0013172626,0.0,2,0
AC005670.3,0.003921566,0.0,2,2
AC005726.1,0.031134343,0.0,2,0
AC005726.3,0.0021647357,0.0,2,0
AC005899.8,0.022951925,0.0,2,0
AC006001.2,0.001150048,0.0,2,0
AC006033.2,-0.00835044,0.0,2,1
AC006111.2,0.02294149,0.0,2,0
AC007032.1,-0.011738103,0.0,2,2
AC007038.2,0.06799777,0.0,2,1
AC007336.1,-0.1428458,0.0,2,2
AC007384.1,0.050483298,0.0,2,2
AC007406.5,0.011421445,0.0,2,1
AC007686.3,0.003836682,0.0,2,0
AC007728.3,0.0024701215,0.0,2,0
AC007996.1,0.009787764,0.0,2,0
AC008014.1,0.0032114496,0.0,2,0
AC008083.3,0.0216901,0.0,2,0
AC008147.2,0.014637232,0.0,2,0
AC008393.1,0.06264745,0.0,2,1
AC008569.2,0.0022345232,0.0,2,0
AC008735.1,0.002403975,0.0,2,0
AC008763.1,0.002509528,0.0,2,0
AC008764.7,-0.037816625,0.0,2,1
AC008894.2,0.014417991,0.0,2,0
AC008964.1,0.029723512,0.0,2,0
AC009005.1,0.015118825,0.0,2,1
AC009061.2,0.005564174,0.0,2,2
AC009093.2,0.05160503,0.0,2,1
AC009113.1,0.024003183,0.0,2,1
AC009275.1,0.0330243,0.0,2,1
AC009309.1,0.0063561257,0.0,2,0
AC009542.1,-0.01388166,0.0,2,2
AC009779.2,0.019791653,0.0,2,1
AC009812.4,0.023549281,0.0,2,0
AC009902.2,0.0054463767,0.0,2,0
AC010186.3,0.082134694,0.0,2,2
AC010226.1,-0.010076466,0.0,2,1
AC010247.2,0.00037969355,0.0,2,0
AC010503.4,0.002765673,0.0,2,0
AC010618.3,0.02518628,0.0,2,1
AC010654.1,0.03924513,0.0,2,1
AC010864.1,0.060935855,0.0,2,1
AC010883.3,0.033642124,0.0,2,0
AC010913.1,0.0023424171,0.0,2,0
AC010969.2,0.015125196,0.0,2,1
AC011450.1,0.00031256708,0.0,2,1
AC011462.5,0.00333084,0.0,2,0
AC011498.6,0.0023017987,0.0,2,0
AC011611.4,0.0029487864,0.0,2,0
AC011815.1,0.00978624,0.0,2,0
AC012065.4,0.014336186,0.0,2,0
AC012306.2,0.006239047,0.0,2,0
AC012306.3,0.01931922,0.0,2,0
AC012645.3,-0.014396862,0.0,2,1
AC013451.2,0.019909926,0.0,2,0
AC015819.1,0.0098021785,0.0,2,0
AC015819.2,0.002091755,0.0,2,0
AC015917.2,0.0017441023,0.0,2,0
AC016588.2,0.0024176354,0.0,2,0
AC016727.1,-0.044623744,0.0,2,1
AC016831.1,-0.020494433,0.0,2,2
AC016876.1,0.011673833,0.0,2,2
AC016949.1,0.0041896827,0.0,2,0
AC018521.5,-0.05149478,0.0,2,2
AC018607.1,0.0021795996,0.0,2,0
AC018755.4,-0.004663563,0.0,2,1
AC019129.2,0.0022720585,0.0,2,0
AC020658.5,0.0017933175,0.0,2,0
AC020978.7,0.0023483227,0.0,2,0
AC021054.1,-0.014365483,0.0,2,1
AC021491.4,0.0020066986,0.0,2,0
AC021851.1,0.023209931,0.0,2,0
AC022007.1,0.0020649873,0.0,2,0
AC022509.1,0.0013854889,0.0,2,0
AC022509.3,0.004553182,0.0,2,0
AC023282.1,0.027987108,0.0,2,0
AC023590.1,0.028431484,0.0,2,1
AC024075.2,0.06622615,0.0,2,1
AC024560.4,0.065431766,0.0,2,0
AC025171.1,0.041351844,0.0,2,2
AC025171.4,0.02327405,0.0,2,0
AC025449.2,-0.010093795,0.0,2,1
AC025569.1,0.014056989,0.0,2,1
AC025682.1,0.0044474425,0.0,2,0
AC026979.4,0.036718536,0.0,2,0
AC027097.1,0.008648396,0.0,2,2
AC027250.2,0.015050054,0.0,2,0
AC027279.1,0.018689666,0.0,2,1
AC027796.4,0.022994643,0.0,2,0
AC034236.2,0.028465271,0.0,2,1
AC040904.1,0.015719097,0.0,2,0
AC048341.1,0.0036750387,0.0,2,0
AC048382.6,-0.015989175,0.0,2,1
AC060780.1,0.04607625,0.0,2,1
AC060814.3,0.022976262,0.0,2,0
AC068193.1,0.02270224,0.0,2,1
AC068473.5,0.03739908,0.0,2,0
AC068580.1,0.0053355196,0.0,2,0
AC069185.1,0.0066748983,0.0,2,0
AC069209.1,0.034331195,0.0,2,1
AC073111.4,0.023005141,0.0,2,1
AC073195.1,0.0249308,0.0,2,2
AC073283.1,0.001548394,0.0,2,0
AC073332.1,0.03625181,0.0,2,1
AC073352.2,0.042367313,0.0,2,1
AC073389.1,0.030844301,0.0,2,0
AC073896.2,0.02635841,0.0,2,1
AC078785.1,0.0017348593,0.0,2,0
AC078795.1,0.019584222,0.0,2,0
AC078850.1,0.0012999162,0.0,2,0
AC079140.6,0.00092145597,0.0,2,0
AC079305.3,0.021617537,0.0,2,1
AC079915.1,0.028468123,0.0,2,0
AC079949.1,0.023339115,0.0,2,0
AC079949.2,0.0026766937,0.0,2,0
AC080013.1,0.0061538112,0.0,2,0
AC080038.1,0.005577287,0.0,2,0
AC083798.2,-0.050480407,0.0,2,1
AC083900.1,0.002656998,0.0,2,0
AC083973.1,0.0021515447,0.0,2,0
AC084036.1,0.023015479,0.0,2,0
AC084198.2,-0.024518639,0.0,2,1
AC087164.1,-0.0030167087,0.0,2,1
AC087284.1,0.0061212517,0.0,2,0
AC087500.1,-0.042332906,0.0,2,1
AC087623.2,-0.0067579537,0.0,2,1
AC090197.1,0.020270651,0.0,2,1
AC090517.2,0.0020504023,0.0,2,0
AC090527.3,0.002123413,0.0,2,0
AC090587.1,0.0028715872,0.0,2,0
AC091057.2,0.048732474,0.0,2,0
AC091271.1,-0.012550627,0.0,2,2
AC091563.1,0.008162796,0.0,2,1
AC091814.1,0.037897784,0.0,2,0
AC091982.3,-0.022210462,0.0,2,2
AC092329.4,0.044377998,0.0,2,0
AC092353.2,0.0018900245,0.0,2,0
AC092683.1,0.02433843,0.0,2,1
AC093157.1,0.029611664,0.0,2,1
AC093462.1,0.0018958766,0.0,2,0
AC093673.1,0.009413377,0.0,2,0
AC096677.1,-0.018360773,0.0,2,1
AC097382.3,0.054192543,0.0,2,2
AC097634.1,0.025009928,0.0,2,1
AC099568.2,0.015369224,0.0,2,0
AC099850.1,0.016722172,0.0,2,2
AC100830.1,0.0036582483,0.0,2,0
AC100858.3,0.01623444,0.0,2,1
AC103691.1,0.0011464829,0.0,2,1
AC104794.3,-0.059152644,0.0,2,2
AC104964.3,0.0011922425,0.0,2,0
AC104964.4,0.0031822657,0.0,2,0
AC106739.1,0.0028620493,0.0,2,0
AC107464.3,0.0020755276,0.0,2,0
AC107959.1,0.0062498446,0.0,2,0
AC107993.1,0.03652907,0.0,2,0
AC108479.3,0.003349455,0.0,2,0
AC108488.1,0.0156040145,0.0,2,1
AC109454.2,0.021327302,0.0,2,2
AC110769.2,0.075721994,0.0,2,2
AC116158.3,0.0017694001,0.0,2,0
AC116366.1,0.030860955,0.0,2,1
AC116667.1,-0.037248645,0.0,2,1
AC116667.2,0.009705379,0.0,2,0
AC116913.1,0.003002043,0.0,2,0
AC118553.1,0.0022066676,0.0,2,0
AC123595.1,0.0033267613,0.0,2,0
AC124016.2,0.036978453,0.0,2,0
AC124068.2,0.0024933482,0.0,2,0
AC124248.1,0.0016330468,0.0,2,0
AC124319.1,0.0019273249,0.0,2,0
AC131097.3,0.002516248,0.0,2,0
AC131956.2,0.022929026,0.0,2,0
AC132872.2,0.031214958,0.0,2,0
AC132872.3,-0.014144301,0.0,2,1
AC133065.1,0.0018158989,0.0,2,0
AC135507.1,0.001067323,0.0,2,0
AC137834.2,0.020345204,0.0,2,0
AC138150.1,0.014609024,0.0,2,1
AC139099.2,0.0042742277,0.0,2,0
AC139768.1,0.002467702,0.0,2,0
AC139795.2,0.019535953,0.0,2,0
AC142472.1,0.023199936,0.0,2,0
AC147651.1,0.023040654,0.0,2,1
AC215522.2,0.0038400365,0.0,2,0
AC233280.1,-0.011226165,0.0,2,1
AC234917.3,0.0020568033,0.0,2,0
AC239799.2,-0.004538618,0.0,2,2
AC242988.2,0.004056653,0.0,2,0
AC245297.2,0.002138181,0.0,2,0
AC253572.2,-0.006419338,0.0,2,1
ACAD8,0.03873829,0.0,2,2
ACADM,0.050494004,0.0,2,2
ACAP1,0.0052776337,0.0,2,2
ACKR3,0.012839978,0.0,2,0
ACOT4,0.025264077,0.0,2,1
ACOX3,0.005240135,0.0,2,0
ACSF2,0.0038036145,0.0,2,1
ACSS2,-0.045139868,0.0,2,2
ACTA2,0.05572031,0.0,2,2
ACTR5,0.040888894,0.0,2,1
ACTRT3,0.030948026,0.0,2,0
ACVR2A,0.007205222,0.0,2,0
ADAMTS13,0.0015762699,0.0,2,0
ADAMTS6,0.0025009343,0.0,2,0
ADAMTS7,0.006273708,0.0,2,0
ADCK5,-0.013480701,0.0,2,1
ADCY4,-0.003919436,0.0,2,2
ADCY6,0.007184353,0.0,2,0
ADCY9,0.018382413,0.0,2,1
ADD3,-0.06182817,0.0,2,2
ADGRA3,0.005889211,0.0,2,1
ADGRE1,0.023007756,0.0,2,2
ADGRG5,0.023492152,0.0,2,2
ADO,0.0006536798,0.0,2,2
ADORA1,0.024836682,0.0,2,1
ADPGK-AS1,0.0019925786,0.0,2,0
ADPRHL1,0.0012163126,0.0,2,0
ADPRM,0.07985995,0.0,2,0
AF117829.1,0.051113825,0.0,2,2
AGBL5,0.0017120586,0.0,2,0
AGL,0.052598383,0.0,2,2
AGMAT,0.0060193217,0.0,2,0
AGO4,-0.0063923155,0.0,2,2
AGPAT4,-0.00619597,0.0,2,2
AHCTF1,-0.028107116,0.0,2,2
AK9,0.023875771,0.0,2,1
AKAP12,0.004329074,0.0,2,0
AKAP6,0.008392767,0.0,2,0
AKAP7,0.015507246,0.0,2,2
AKNAD1,0.02723082,0.0,2,1
AL008729.1,0.0029817412,0.0,2,0
AL021707.6,0.0025032477,0.0,2,0
AL022069.3,-0.0027602084,0.0,2,2
AL022162.1,9.238844e-05,0.0,2,2
AL022311.1,-0.0011035964,0.0,2,1
AL022328.3,0.0048636403,0.0,2,0
AL022341.2,0.014369291,0.0,2,0
AL031432.4,0.0019370377,0.0,2,0
AL031595.3,0.0036127057,0.0,2,0
AL031772.1,0.014331274,0.0,2,0
AL031963.2,0.006310413,0.0,2,0
AL031963.3,0.0075237886,0.0,2,0
AL031985.3,0.015332566,0.0,2,0
AL033543.1,0.0026122099,0.0,2,1
AL034397.3,0.0046084453,0.0,2,0
AL035071.1,0.018219123,0.0,2,2
AL035446.1,0.014821652,0.0,2,1
AL035530.2,0.07183715,0.0,2,2
AL035681.1,0.0061815404,0.0,2,0
AL049828.1,0.037737727,0.0,2,1
AL049840.4,-0.079960614,0.0,2,2
AL049840.5,0.0024137206,0.0,2,2
AL050309.1,-0.008271341,0.0,2,1
AL078582.1,-0.008031256,0.0,2,1
AL080250.1,-0.006588776,0.0,2,1
AL096794.1,0.0018464766,0.0,2,0
AL109659.2,0.022260172,0.0,2,0
AL109741.1,0.0018646467,0.0,2,0
AL109811.2,0.017485155,0.0,2,0
AL109840.2,0.018262735,0.0,2,1
AL117336.1,0.0029507875,0.0,2,0
AL118506.1,-0.011030856,0.0,2,1
AL121672.2,0.0020803416,0.0,2,0
AL121944.1,0.02076606,0.0,2,2
AL121990.1,0.022011088,0.0,2,0
AL121992.2,0.0037862503,0.0,2,0
AL133243.3,0.02461496,0.0,2,2
AL133467.1,0.002774196,0.0,2,0
AL135905.2,-0.005195208,0.0,2,2
AL136038.3,0.036560874,0.0,2,0
AL136040.1,0.0014400402,0.0,2,0
AL136171.2,0.0020159862,0.0,2,0
AL137003.2,0.0020664942,0.0,2,0
AL137802.2,0.002541832,0.0,2,0
AL138902.1,0.025976768,0.0,2,0
AL138963.4,0.0010982674,0.0,2,0
AL139289.2,0.021748716,0.0,2,0
AL139351.2,0.006408168,0.0,2,0
AL139351.3,0.047531452,0.0,2,1
AL139384.1,-0.015821936,0.0,2,1
AL139407.1,0.0052537643,0.0,2,0
AL139424.2,0.004967554,0.0,2,0
AL157402.2,0.005254952,0.0,2,0
AL157700.1,0.006314764,0.0,2,0
AL158152.1,-0.009220422,0.0,2,1
AL158206.1,0.0021818809,0.0,2,0
AL161725.1,0.01993137,0.0,2,1
AL161935.1,0.010488119,0.0,2,0
AL162231.1,0.008521774,0.0,2,1
AL162274.2,0.0032409125,0.0,2,0
AL162390.1,-0.013342478,0.0,2,1
AL162414.1,0.05811386,0.0,2,1
AL162458.1,-0.04435824,0.0,2,1
AL163541.1,0.0029333327,0.0,2,0
AL353150.1,0.0029842316,0.0,2,0
AL353622.1,0.0027736423,0.0,2,0
AL353719.1,0.01874237,0.0,2,1
AL354707.1,0.0015425727,0.0,2,0
AL354740.1,0.00297507,0.0,2,0
AL354822.1,0.0054397066,0.0,2,0
AL354920.1,0.0041828766,0.0,2,0
AL355001.2,0.0157051,0.0,2,2
AL355304.1,-0.0045172963,0.0,2,1
AL355881.1,-0.03429728,0.0,2,2
AL356056.2,0.0065879314,0.0,2,0
AL356124.1,0.018622972,0.0,2,1
AL356488.3,0.0044318256,0.0,2,0
AL356599.1,-0.009298432,0.0,2,2
AL357874.1,-0.002187551,0.0,2,1
AL358472.5,0.004282364,0.0,2,0
AL358473.1,0.00227627,0.0,2,0
AL359232.1,0.03471769,0.0,2,1
AL359541.1,0.01891481,0.0,2,1
AL360012.1,-0.027583756,0.0,2,2
AL360270.3,0.0014224373,0.0,2,0
AL365181.3,0.024963392,0.0,2,0
AL390728.5,0.06329887,0.0,2,2
AL391422.4,-0.00725539,0.0,2,1
AL391832.2,-0.0020532843,0.0,2,1
AL391834.2,0.039561477,0.0,2,1
AL441992.1,0.0021882977,0.0,2,0
AL450384.2,0.0034242177,0.0,2,0
AL512343.2,0.050632816,0.0,2,0
AL512353.1,0.027156672,0.0,2,1
AL512408.1,0.0021231587,0.0,2,0
AL512625.3,0.0068828114,0.0,2,1
AL513190.1,0.0025123965,0.0,2,0
AL513550.1,0.084342636,0.0,2,1
AL589935.1,0.0019973866,0.0,2,0
AL590399.1,0.003642754,0.0,2,0
AL590764.1,-0.028672704,0.0,2,1
AL592295.5,0.03493212,0.0,2,0
AL627171.1,-0.10830051,0.0,2,2
AL645568.1,-0.027276045,0.0,2,2
AL645608.7,0.038172953,0.0,2,1
AL645728.1,0.014104812,0.0,2,1
AL844908.1,0.0022881178,0.0,2,0
AL928654.1,0.015334458,0.0,2,0
ALDH18A1,0.07327364,0.0,2,2
ALDH1A2,-0.003273151,0.0,2,1
ALDH1B1,-0.009212847,0.0,2,1
ALDH1L2,0.018940872,0.0,2,1
ALDOC,-0.011243564,0.0,2,1
ALG10B,0.030084983,0.0,2,0
ALG12,0.040401928,0.0,2,1
ALKBH1,0.07330463,0.0,2,2
ALMS1,0.0069941306,0.0,2,1
ALOX12-AS1,-0.033689797,0.0,2,2
ALS2,0.007965866,0.0,2,0
AMDHD1,0.001241586,0.0,2,0
AMH,0.03662452,0.0,2,0
AMOT,0.0017644375,0.0,2,0
ANG,0.022471672,0.0,2,2
ANGPTL6,0.014330144,0.0,2,0
ANK2,0.031599563,0.0,2,0
ANKMY2,0.0044217673,0.0,2,1
ANKRD13B,0.001959109,0.0,2,1
ANKRD16,0.034985382,0.0,2,1
ANKRD35,-0.019989012,0.0,2,2
ANKRD44-IT1,0.0038358923,0.0,2,0
ANKRD46,-0.022642285,0.0,2,1
ANKRD54,-0.0044967458,0.0,2,2
ANKRD6,0.06415678,0.0,2,1
ANKS3,0.07474867,0.0,2,2
ANLN,0.0016596136,0.0,2,1
ANO10,0.009073739,0.0,2,1
ANO5,0.006393857,0.0,2,0
AP000240.1,-0.019212889,0.0,2,1
AP000915.2,0.0019763324,0.0,2,0
AP000926.2,0.0014837369,0.0,2,0
AP001057.1,-0.009189114,0.0,2,1
AP001062.1,0.0023670627,0.0,2,0
AP001347.1,0.021545203,0.0,2,1
AP001469.3,0.002321106,0.0,2,0
AP001631.2,0.06684552,0.0,2,1
AP002360.1,0.0019213472,0.0,2,0
AP002387.2,0.00085635093,0.0,2,1
AP004609.3,-0.03655879,0.0,2,2
AP005131.4,0.004373861,0.0,2,0
AP005131.7,0.002045043,0.0,2,0
AP006623.1,0.010070483,0.0,2,0
AP1S3,0.012058078,0.0,2,1
AP3M2,0.013745443,0.0,2,2
APBB2,0.0042921747,0.0,2,0
APOBEC3A,0.03149506,0.0,2,2
APOD,0.022137247,0.0,2,1
APOL3,0.051176418,0.0,2,2
APOL4,0.06282485,0.0,2,2
APOM,0.0013959935,0.0,2,0
AR,0.021717958,0.0,2,0
ARAP2,-0.09087121,0.0,2,2
ARFRP1,0.037154797,0.0,2,2
ARG2,0.040636007,0.0,2,2
ARHGEF10,0.023358164,0.0,2,0
ARHGEF19,0.022406368,0.0,2,1
ARHGEF3,0.013208344,0.0,2,2
ARHGEF5,0.0018226523,0.0,2,0
ARIH2OS,0.003937134,0.0,2,0
ARL15,0.037206944,0.0,2,1
ARL4D,0.04015195,0.0,2,1
ARMC1,-0.026857516,0.0,2,2
ARMC9,-0.022354469,0.0,2,2
ARMCX5,0.0030696567,0.0,2,2
ARMCX5-GPRASP2,0.001531443,0.0,2,0
ARNTL2,-0.07627588,0.0,2,1
ARV1,0.080501854,0.0,2,1
ASAP1-IT2,0.025078401,0.0,2,1
ASAP2,0.020946225,0.0,2,2
ASB13,0.028001377,0.0,2,1
ASB7,-0.021210918,0.0,2,2
ASH1L-AS1,-0.011655991,0.0,2,1
ASIC3,0.052393034,0.0,2,1
ASMT,0.039076217,0.0,2,1
ASMTL,0.00028806613,0.0,2,2
ATAD3C,0.0026675814,0.0,2,0
ATAD5,0.005466348,0.0,2,1
ATG10,-0.0076400675,0.0,2,2
ATG16L1,0.0345544,0.0,2,1
ATG4A,-0.05774644,0.0,2,2
ATOH8,0.0076633114,0.0,2,0
ATP10A,0.050676715,0.0,2,1
ATP11C,0.010223072,0.0,2,1
ATRIP,0.0040295897,0.0,2,1
ATXN1L,-0.02868859,0.0,2,2
ATXN7L2,0.0037794064,0.0,2,0
AUNIP,0.0018372046,0.0,2,0
AURKA,0.0024113895,0.0,2,0
AURKB,0.0020456703,0.0,2,0
AUTS2,-0.009094731,0.0,2,1
AUXG01000058.1,0.0021469987,0.0,2,0
AVEN,-0.044054862,0.0,2,2
B3GNT10,0.0058544227,0.0,2,0
B3GNT9,0.022671701,0.0,2,1
B4GALNT3,0.0072845165,0.0,2,0
B4GAT1,0.0035697913,0.0,2,0
B9D1,0.0029496655,0.0,2,0
BAG3,0.05839482,0.0,2,2
BAG5,0.02091978,0.0,2,2
BAIAP2-DT,-0.00028367838,0.0,2,1
BAP1,-0.008518133,0.0,2,2
BBS1,-0.013465577,0.0,2,2
BBS2,0.010947389,0.0,2,2
BBS4,-0.012553629,0.0,2,2
BBS7,0.02018967,0.0,2,1
BBS9,-0.020266326,0.0,2,2
BCAN,0.002149178,0.0,2,0
BCAS4,0.032702133,0.0,2,1
BCDIN3D-AS1,0.0061955824,0.0,2,0
BCKDHB,0.048914224,0.0,2,2
BCL2L11,-0.009443753,0.0,2,2
BCL7A,0.037796255,0.0,2,2
BCS1L,0.07385565,0.0,2,2
BDH2,-0.0009299361,0.0,2,2
BEAN1-AS1,0.037817482,0.0,2,0
BGLAP,-0.009220527,0.0,2,1
BICD1,0.061844036,0.0,2,2
BICRAL,-0.008934975,0.0,2,1
BIRC5,0.03769206,0.0,2,1
BLM,-0.007045464,0.0,2,1
BLMH,-0.0014304494,0.0,2,2
BMERB1,-0.044455677,0.0,2,1
BMP8B,0.0016553891,0.0,2,0
BOLA2B,-0.004230715,0.0,2,1
BPNT1,-0.008599273,0.0,2,2
BRAF,0.0027985561,0.0,2,2
BRCA1,-0.057784438,0.0,2,2
BRICD5,-0.03454574,0.0,2,2
BRPF1,0.02373638,0.0,2,2
BRPF3,0.023678824,0.0,2,2
BTBD19,-0.022083392,0.0,2,2
BTBD3,-0.0072452985,0.0,2,1
BTBD6,-0.026153646,0.0,2,2
BTBD9,-0.018789016,0.0,2,2
BTD,-0.017374258,0.0,2,2
BUB1B,0.037538085,0.0,2,2
BX323046.2,0.0017814467,0.0,2,0
BX842242.1,0.06501527,0.0,2,0
C10orf25,0.002786334,0.0,2,0
C10orf55,0.019780174,0.0,2,1
C10orf88,0.030561881,0.0,2,0
C11orf21,0.0021770608,0.0,2,1
C11orf45,-0.004995723,0.0,2,1
C11orf65,0.048724752,0.0,2,1
C11orf68,0.023314768,0.0,2,2
C11orf96,0.007147657,0.0,2,1
C12orf66,0.026213929,0.0,2,1
C15orf41,-0.0065133222,0.0,2,1
C15orf62,0.003011313,0.0,2,0
C16orf54,0.0029086415,0.0,2,1
C17orf53,-0.0055523813,0.0,2,2
C17orf64,-0.026975533,0.0,2,1
C18orf54,0.0024865877,0.0,2,0
C19orf57,0.0021368933,0.0,2,0
C19orf84,0.0024086619,0.0,2,0
C1QTNF7,0.002259425,0.0,2,0
C1orf109,0.076569356,0.0,2,2
C1orf198,-0.012104948,0.0,2,2
C1orf74,-0.00096896355,0.0,2,2
C20orf204,0.046160728,0.0,2,1
C21orf91,-0.01691662,0.0,2,2
C22orf34,0.007005962,0.0,2,2
C2orf27A,0.0028122228,0.0,2,0
C4orf33,-0.0021435644,0.0,2,2
C5orf22,-0.0090494575,0.0,2,2
C6orf47,0.061555315,0.0,2,2
C6orf52,0.046365235,0.0,2,1
C6orf99,0.032049745,0.0,2,1
C7orf31,0.023300735,0.0,2,2
C8orf58,-0.0064703487,0.0,2,1
C9orf116,-0.034832608,0.0,2,1
C9orf40,-0.00021263694,0.0,2,1
C9orf85,0.01968611,0.0,2,2
CA5B,0.006451203,0.0,2,2
CA8,0.0024334667,0.0,2,0
CAAP1,-0.0011338169,0.0,2,2
CABP4,0.0053123627,0.0,2,1
CAHM,-0.002093397,0.0,2,2
CAMKMT,0.04083908,0.0,2,1
CAMSAP3,0.0015591044,0.0,2,0
CAND2,0.03573805,0.0,2,1
CAPN10,0.00040163627,0.0,2,2
CAPN10-DT,0.0055951863,0.0,2,0
CAPN12,0.048644263,0.0,2,1
CAPS,0.005844602,0.0,2,2
CARMIL3,0.0055961846,0.0,2,0
CARNMT1,0.058312375,0.0,2,1
CASD1,0.0056042713,0.0,2,1
CASK,0.021198632,0.0,2,1
CASP2,-0.021031102,0.0,2,2
CASZ1,0.0034564368,0.0,2,0
CATSPERE,0.0015853681,0.0,2,0
CBFA2T2,0.013635163,0.0,2,1
CBLN3,0.0033319276,0.0,2,0
CBR3-AS1,0.036158126,0.0,2,1
CBWD5,-0.011630975,0.0,2,2
CBX7,-0.015699591,0.0,2,2
CC2D2B,0.004146707,0.0,2,0
CCDC106,0.038807724,0.0,2,2
CCDC127,0.027117273,0.0,2,2
CCDC134,0.002170549,0.0,2,0
CCDC15,0.005604939,0.0,2,1
CCDC154,0.03668957,0.0,2,1
CCDC160,0.030887192,0.0,2,0
CCDC171,0.0069699995,0.0,2,1
CCDC189,0.06564533,0.0,2,1
CCDC194,0.0030101268,0.0,2,0
CCDC30,-0.033028018,0.0,2,2
CCDC40,-0.0037013243,0.0,2,1
CCDC66,0.022284636,0.0,2,2
CCDC71,0.04312132,0.0,2,2
CCDC71L,0.0035482564,0.0,2,0
CCDC77,0.03643701,0.0,2,2
CCDC82,-0.058417182,0.0,2,2
CCDC89,0.00088521925,0.0,2,0
CCDC96,0.037543584,0.0,2,0
CCNB1,0.0035484831,0.0,2,0
CCNE1,0.02561421,0.0,2,0
CCNE2,0.024989843,0.0,2,0
CCP110,-0.042975817,0.0,2,2
CCSAP,0.02121508,0.0,2,1
CCZ1B,0.0076045394,0.0,2,2
CD101,0.0018343359,0.0,2,0
CD24,0.030319327,0.0,2,2
CD27,0.014528442,0.0,2,2
CD274,-0.13653617,0.0,2,2
CD300E,-0.034384295,0.0,2,2
CD38,0.05908891,0.0,2,1
CD70,0.016097685,0.0,2,1
CD8B2,0.023079313,0.0,2,1
CD99L2,-0.05818351,0.0,2,2
CDAN1,-0.020309469,0.0,2,2
CDC42EP1,0.0034510393,0.0,2,2
CDC42EP4,0.0075439787,0.0,2,0
CDC45,0.022405332,0.0,2,1
CDCA2,0.0003167872,0.0,2,1
CDCA3,0.037698407,0.0,2,1
CDK3,0.003820066,0.0,2,0
CDK5R1,0.024891553,0.0,2,0
CDKL3,0.005723998,0.0,2,0
CDR2,0.0046369587,0.0,2,0
CDS1,0.037884444,0.0,2,1
CDYL,0.051859718,0.0,2,2
CDYL2,-0.014818311,0.0,2,1
CELSR2,0.021018555,0.0,2,1
CENPF,0.011667891,0.0,2,2
CENPJ,0.004871239,0.0,2,1
CENPL,-0.024286322,0.0,2,2
CENPO,0.0015582222,0.0,2,0
CENPP,0.042339545,0.0,2,2
CENPU,-0.0008127975,0.0,2,2
CEP128,0.003365554,0.0,2,1
CEP152,0.006482646,0.0,2,1
CEP170B,-0.0227526,0.0,2,2
CEP295NL,0.0055959052,0.0,2,0
CEP55,0.012518221,0.0,2,2
CEP57L1,0.025970533,0.0,2,2
CEP70,0.0013011066,0.0,2,0
CEP72,0.03886945,0.0,2,1
CEP76,0.01783124,0.0,2,1
CEP95,0.005125525,0.0,2,2
CEP97,0.0028713562,0.0,2,0
CES1,0.012313318,0.0,2,2
CES3,0.00779721,0.0,2,0
CFAP61,0.025887417,0.0,2,0
CFH,-0.036770742,0.0,2,2
CHIC1,0.04112193,0.0,2,1
CHRNA1,0.0042354506,0.0,2,0
CHTF18,-0.0002966076,0.0,2,1
CHTF8,0.025347477,0.0,2,1
CIDEC,0.0026221517,0.0,2,0
CIPC,0.00015295234,0.0,2,1
CIT,0.0003946057,0.0,2,1
CKM,-0.009474876,0.0,2,1
CLBA1,0.0030226696,0.0,2,0
CLCN2,-0.0034881153,0.0,2,1
CLCN3,0.0005176204,0.0,2,2
CLDN16,0.015117544,0.0,2,1
CLEC19A,0.0044189985,0.0,2,1
CLEC1A,0.016679222,0.0,2,1
CLEC4F,-0.019007979,0.0,2,1
CLEC4M,0.05670868,0.0,2,0
CLIC2,0.022519419,0.0,2,2
CLP1,0.0038973463,0.0,2,1
CLTCL1,0.0031786545,0.0,2,0
CLUL1,0.001342391,0.0,2,1
CMAS,-0.0050657894,0.0,2,2
CMTM1,0.01496793,0.0,2,2
CMTM4,0.02095364,0.0,2,2
CNIH2,0.006640351,0.0,2,0
CNIH3,0.009793234,0.0,2,2
CNNM2,0.020097075,0.0,2,2
CNOT6,-0.017611645,0.0,2,2
CNTF,0.025807828,0.0,2,0
COG1,-0.009716296,0.0,2,2
COL24A1,0.014492415,0.0,2,0
COL27A1,0.0039484347,0.0,2,1
COL3A1,-0.01831875,0.0,2,2
COL4A2,0.03982484,0.0,2,0
COLGALT2,0.0148014305,0.0,2,1
COMMD5,-0.0069561773,0.0,2,2
COPZ2,0.0067278794,0.0,2,1
COQ10B,-0.009168328,0.0,2,2
COQ7,-0.01055219,0.0,2,2
COQ8B,-0.008197558,0.0,2,1
CORO2A,0.037360806,0.0,2,2
CORO6,-0.0112132495,0.0,2,1
CPAMD8,0.043891087,0.0,2,2
CPD,-0.021299839,0.0,2,2
CPLANE2,0.0038972108,0.0,2,0
CPLX1,0.0021769165,0.0,2,0
CPNE5,0.0015975023,0.0,2,0
CPS1,0.0053851088,0.0,2,0
CPTP,-0.03742983,0.0,2,2
CR381653.1,0.04282478,0.0,2,2
CRAMP1,-0.017052073,0.0,2,2
CREB3L1,0.010395658,0.0,2,0
CRIM1,0.045197308,0.0,2,0
CROCC,-0.005507117,0.0,2,1
CRY2,0.029921336,0.0,2,2
CSGALNACT1,-0.0048970357,0.0,2,1
CSNK1G1,-0.011674133,0.0,2,2
CSRNP2,0.027027704,0.0,2,1
CSTF3,0.0031342015,0.0,2,2
CTC1,-0.01695829,0.0,2,2
CTIF,-0.004918393,0.0,2,1
CTPS1,-0.09274819,0.0,2,2
CTRL,0.016171811,0.0,2,1
CTTNBP2,0.026919303,0.0,2,0
CTU2,0.00027147494,0.0,2,2
CTXN1,-0.00016929799,0.0,2,1
CU634019.5,0.0019744285,0.0,2,0
CU638689.5,0.0020885475,0.0,2,0
CUL7,0.07400519,0.0,2,2
CUZD1,0.06503203,0.0,2,0
CXCL14,0.024443708,0.0,2,0
CXorf40A,-0.055531193,0.0,2,2
CYB561D2-1,0.03982888,0.0,2,1
CYB5D2,-0.008143805,0.0,2,2
CYFIP2,0.0097427815,0.0,2,0
CYP7A1,0.0022444937,0.0,2,0
CYSLTR1,0.02141907,0.0,2,2
DAB2IP,0.097747125,0.0,2,1
DALRD3,0.0023502335,0.0,2,2
DANT2,0.0016984096,0.0,2,0
DARS-AS1,-0.013384961,0.0,2,1
DBF4B,-0.004269091,0.0,2,1
DBT,-0.009568423,0.0,2,1
DCAF16,0.037879582,0.0,2,2
DCBLD1,0.031008452,0.0,2,1
DCN,0.004240639,0.0,2,1
DCUN1D3,0.030238569,0.0,2,1
DCUN1D4,0.006656296,0.0,2,1
DDHD1,0.11380299,0.0,2,2
DDIT4L,0.056852177,0.0,2,0
DDR1,0.0052264226,0.0,2,0
DDX51,-0.013116178,0.0,2,1
DENND4A,-0.01870976,0.0,2,2
DEXI,0.029385941,0.0,2,2
DFFB,-0.011159979,0.0,2,1
DGCR11,0.06659407,0.0,2,1
DGCR8,0.00032559285,0.0,2,2
DGUOK-AS1,0.0023892988,0.0,2,0
DHCR24,0.0020344737,0.0,2,0
DHFR2,0.0021667061,0.0,2,0
DHRS11,0.015526206,0.0,2,2
DHRS13,-0.01293655,0.0,2,1
DHRS4-AS1,-0.005199949,0.0,2,2
DHRSX-IT1,-0.004899343,0.0,2,1
DHX8,-0.013350674,0.0,2,2
DIAPH3,0.022897832,0.0,2,1
DIP2C,-0.032865554,0.0,2,1
DIRAS1,0.02045186,0.0,2,1
DIRC3,0.0014499504,0.0,2,0
DIXDC1,0.010761582,0.0,2,0
DKK2,0.0042550983,0.0,2,0
DLEC1,0.0028672263,0.0,2,0
DLGAP1-AS2,0.002510925,0.0,2,0
DLGAP3,-0.0056385645,0.0,2,1
DLL1,0.0048574507,0.0,2,0
DMAC2,0.019757494,0.0,2,2
DMD,0.0055380105,0.0,2,0
DMP1,0.019448081,0.0,2,0
DNAJA4,-0.003617524,0.0,2,1
DNAJC12,-0.016210184,0.0,2,1
DNAJC16,0.023407226,0.0,2,2
DNAJC24,0.022919549,0.0,2,2
DNAJC25,0.013887115,0.0,2,2
DNAJC27-AS1,0.0008386912,0.0,2,1
DNAJC3-DT,0.06311562,0.0,2,1
DNM1,0.00528327,0.0,2,0
DNM1P35,-0.01001193,0.0,2,1
DNMT3A,-0.008078086,0.0,2,2
DOC2A,0.013625649,0.0,2,0
DOK4,0.0021751826,0.0,2,0
DOP1A,-0.011122484,0.0,2,1
DPM1,0.057676107,0.0,2,2
DPY19L4,0.038705427,0.0,2,2
DPYD-IT1,0.0013917662,0.0,2,0
DPYSL4,0.025299052,0.0,2,0
DSP,0.0030504756,0.0,2,0
DSTYK,-0.015000659,0.0,2,1
DUSP14,-0.012633204,0.0,2,2
DUXAP8,-0.04606208,0.0,2,2
DVL1,-0.0052163876,0.0,2,1
DVL2,0.00093444745,0.0,2,2
DYRK1B,0.08794835,0.0,2,2
DZIP3,-0.005605946,0.0,2,1
E2F1,0.0010672607,0.0,2,1
E2F2,0.023953585,0.0,2,1
E4F1,-0.04031514,0.0,2,2
EARS2,-0.016993847,0.0,2,2
EBLN2,0.0033690229,0.0,2,0
ECD,0.09520038,0.0,2,2
EDRF1-DT,0.0015752516,0.0,2,0
EEF1AKMT4,-0.01734319,0.0,2,2
EEF1AKNMT,-0.053701833,0.0,2,2
EFCAB11,0.0009843732,0.0,2,2
EFCAB7,0.009091744,0.0,2,1
EFNA3,0.0016498975,0.0,2,0
EHBP1,-0.03426521,0.0,2,1
EHHADH,0.0022268458,0.0,2,0
EID2,0.020208417,0.0,2,1
EIF1B-AS1,0.053075764,0.0,2,2
EIF2AK3,0.0524469,0.0,2,2
EIF2B2,0.012324971,0.0,2,1
EIF4E3,0.01883744,0.0,2,1
EIF5A2,0.019768938,0.0,2,1
ELAC1,-0.010545972,0.0,2,2
ELAVL4,0.033163175,0.0,2,2
ELP1,0.013862702,0.0,2,2
ENC1,-0.00036486052,0.0,2,1
ENDOG,-0.004908174,0.0,2,2
ENKD1,0.009730858,0.0,2,0
ENOX2,-0.018199546,0.0,2,2
ENPP1,0.022374606,0.0,2,1
ENPP2,0.056878652,0.0,2,1
ENPP4,-0.05516823,0.0,2,2
ENTPD3-AS1,0.01515118,0.0,2,2
ENTPD7,-0.008447193,0.0,2,1
EPB41L4A,0.0018878361,0.0,2,0
EPHA2,-0.050975397,0.0,2,2
EPHB3,-0.010833211,0.0,2,1
EPHB6,0.0026592717,0.0,2,1
EPM2A,-0.0004090277,0.0,2,2
EPM2AIP1,0.011691217,0.0,2,1
EPN2,-0.01531934,0.0,2,2
EPS8L1,-0.03666784,0.0,2,2
ERC2,0.028539099,0.0,2,0
ERCC2,-0.022413708,0.0,2,2
ERCC8,0.015807739,0.0,2,2
EREG,-0.026267365,0.0,2,1
ERMARD,0.025996165,0.0,2,1
ERMP1,0.05973956,0.0,2,2
ERO1B,-0.033511046,0.0,2,2
ERP27,0.001472992,0.0,2,0
ERV3-1,0.053604666,0.0,2,2
ESR1,0.014989965,0.0,2,1
ETV1,0.0018369971,0.0,2,0
EVA1C,0.03222723,0.0,2,1
EXD2,0.0057430514,0.0,2,1
EXD3,0.029194662,0.0,2,2
EXOC3L1,0.062350888,0.0,2,2
EXOC8,0.0125216665,0.0,2,2
EXTL2,-0.019064238,0.0,2,1
EZH2,-0.018163105,0.0,2,2
F8A2,0.0020635522,0.0,2,0
FAHD2A,-7.362912e-05,0.0,2,1
FAM102A,-0.011839737,0.0,2,1
FAM107A,0.03858862,0.0,2,0
FAM111B,-0.009218191,0.0,2,1
FAM124B,0.0025795973,0.0,2,0
FAM126B,0.032760784,0.0,2,2
FAM13A,0.11888925,0.0,2,2
FAM153CP,0.000346287,0.0,2,1
FAM156A,0.015560678,0.0,2,1
FAM174B,0.0025111747,0.0,2,0
FAM177B,0.0033266693,0.0,2,0
FAM185A,0.052226603,0.0,2,1
FAM198B-AS1,-0.027347947,0.0,2,2
FAM225B,0.044001702,0.0,2,1
FAM241A,0.010581419,0.0,2,2
FAM72B,0.09016377,0.0,2,2
FAM72D,0.004744435,0.0,2,0
FAM83G,0.022869637,0.0,2,1
FAM98B,-0.0011496159,0.0,2,1
FANCA,0.02698153,0.0,2,1
FANCD2,-0.017316373,0.0,2,2
FANCF,0.040385816,0.0,2,1
FANCG,0.001218019,0.0,2,0
FANCL,-0.032078117,0.0,2,2
FARP2,0.01439964,0.0,2,2
FARS2,0.0062505812,0.0,2,1
FARSB,0.022277495,0.0,2,2
FAXDC2,0.036579836,0.0,2,1
FBF1,-3.0616608e-05,0.0,2,2
FBLN5,0.0043881093,0.0,2,0
FBLN7,0.0019860673,0.0,2,0
FBRSL1,0.011614301,0.0,2,2
FBXL12,0.047912195,0.0,2,2
FBXO10,0.009641658,0.0,2,1
FBXO34,0.012987051,0.0,2,1
FBXO36,0.0058010244,0.0,2,1
FBXO48,0.0029959083,0.0,2,0
FBXW8,0.014786888,0.0,2,2
FBXW9,0.0010590199,0.0,2,1
FCAR,0.012633235,0.0,2,0
FDFT1,-0.027836861,0.0,2,2
FDXACB1,-0.007030794,0.0,2,1
FER,0.01665544,0.0,2,2
FKRP,-0.0016464287,0.0,2,1
FLVCR2,0.027749062,0.0,2,2
FLYWCH2,0.031678874,0.0,2,2
FMO4,0.00683434,0.0,2,1
FNDC4,0.0016455078,0.0,2,0
FOCAD,0.0033362631,0.0,2,2
FOXJ2,-5.326296e-05,0.0,2,2
FOXK2,0.07684386,0.0,2,1
FOXM1,-0.001024204,0.0,2,1
FOXP4,-0.021865988,0.0,2,2
FOXRED2,0.008379008,0.0,2,1
FP236383.5,-0.0045525967,0.0,2,1
FP565260.6,0.0037660839,0.0,2,0
FP671120.6,-0.007822332,0.0,2,1
FRAT1,0.012453417,0.0,2,2
FRS3,0.0023030695,0.0,2,1
FSIP2,0.0012920577,0.0,2,0
FSTL3,0.01421547,0.0,2,2
FUT4,0.013425219,0.0,2,2
FXYD2,0.053454284,0.0,2,2
FZD8,0.0017647623,0.0,2,0
G2E3,-0.01855704,0.0,2,2
GAB1,-0.0064401478,0.0,2,2
GABBR1,-0.13161401,0.0,2,2
GABRB2,0.007206265,0.0,2,0
GALNT12,0.0019153898,0.0,2,0
GAMT,0.0155855715,0.0,2,2
GANC,0.007337889,0.0,2,2
GAREM1,0.0077996757,0.0,2,0
GAS1,0.01644425,0.0,2,0
GAS8,-0.031586256,0.0,2,1
GASAL1,0.0017701047,0.0,2,0
GASK1A,0.053343818,0.0,2,1
GBA2,-0.021434484,0.0,2,2
GCC2-AS1,5.881085e-05,0.0,2,2
GCFC2,0.041317888,0.0,2,2
GCLM,-0.00055822235,0.0,2,2
GDF9,0.0025906547,0.0,2,0
GDPD5,0.047172453,0.0,2,1
GEMIN4,-0.006899796,0.0,2,2
GEN1,0.001882563,0.0,2,2
GGT7,-0.06576853,0.0,2,2
GHRL,0.038224254,0.0,2,1
GHRLOS,0.010788028,0.0,2,1
GID4,5.4062653e-05,0.0,2,2
GINS1,-0.013028833,0.0,2,2
GINS4,-0.004434396,0.0,2,1
GJC2,0.0017001772,0.0,2,0
GKAP1,-0.004432296,0.0,2,1
GLB1L2,0.023103805,0.0,2,0
GLCCI1,-0.03044506,0.0,2,2
GLCE,-0.004505892,0.0,2,2
GLIDR,0.012354389,0.0,2,1
GMDS-DT,0.045513257,0.0,2,2
GMEB1,0.07645646,0.0,2,2
GMEB2,-0.04864198,0.0,2,2
GMNN,0.00063179806,0.0,2,1
GNG12,0.021931812,0.0,2,0
GNGT2,0.02224548,0.0,2,1
GNMT,0.0017483961,0.0,2,0
GOLGA6L10,0.002808484,0.0,2,0
GOLGA8H,0.026446112,0.0,2,1
GOLGA8N,-0.00019464207,0.0,2,1
GOLGA8O,0.026939413,0.0,2,1
GOLM1,-0.0035217637,0.0,2,1
GOLPH3L,-0.051799897,0.0,2,2
GORASP1,0.009002752,0.0,2,1
GPA33,0.010520063,0.0,2,0
GPAT2,0.0028628737,0.0,2,0
GPATCH1,0.008154904,0.0,2,1
GPATCH2,0.023801172,0.0,2,1
GPBAR1,0.0059035434,0.0,2,0
GPC2,0.0025782145,0.0,2,0
GPC4,-0.0108559765,0.0,2,2
GPR135,-0.0076951436,0.0,2,1
GPR150,0.0018045321,0.0,2,0
GPR161,0.019061344,0.0,2,1
GPR162,0.016247699,0.0,2,1
GPR35,0.021529287,0.0,2,1
GPR84,-0.004368201,0.0,2,2
GPR89A,-0.04770271,0.0,2,2
GPR89B,-0.04833795,0.0,2,2
GPRASP1,0.014245626,0.0,2,0
GPRC5C,-0.043121714,0.0,2,1
GPSM1,0.0023445599,0.0,2,2
GPSM2,0.022444308,0.0,2,1
GRAMD1B,-0.076341525,0.0,2,2
GRIN3A,0.0054660575,0.0,2,0
GRIP1,0.005476875,0.0,2,0
GRK5,0.06576822,0.0,2,2
GSAP,0.041092835,0.0,2,1
GSDMB,0.018095778,0.0,2,1
GSTA4,0.0034101724,0.0,2,0
GSTO2,-0.01330886,0.0,2,2
GTF2A1,0.07926801,0.0,2,2
GTF2E1,0.10111556,0.0,2,1
GTF2H2C,-0.07146171,0.0,2,2
GTSF1,0.008028009,0.0,2,2
GUCA1B,0.0064763636,0.0,2,0
GUF1,0.05005862,0.0,2,2
HAAO,0.054537788,0.0,2,1
HAPLN3,0.062489074,0.0,2,2
HAUS5,0.041871328,0.0,2,2
HAUS7,-0.0048630014,0.0,2,1
HCG18,0.007839619,0.0,2,2
HDAC2-AS2,-0.0035320157,0.0,2,2
HDAC4-AS1,0.01919826,0.0,2,0
HDX,0.06228609,0.0,2,2
HELB,0.0585682,0.0,2,1
HENMT1,0.02593132,0.0,2,2
HESX1,0.10279115,0.0,2,1
HEXA-AS1,0.0043523614,0.0,2,0
HEXIM1,-0.060825124,0.0,2,2
HEY1,0.006042586,0.0,2,0
HIBCH,-0.013244907,0.0,2,2
HIP1,-0.019009648,0.0,2,2
HIRA,0.031012887,0.0,2,2
HIST1H1D,0.019039106,0.0,2,2
HIST1H2AK,0.033888277,0.0,2,0
HIST1H2AL,0.0021584334,0.0,2,0
HIST1H2AM,0.009713769,0.0,2,2
HIST1H2BF,0.002517633,0.0,2,0
HIST1H2BG,0.008722972,0.0,2,0
HIST1H2BH,0.014773699,0.0,2,1
HIST1H3A,-0.016259005,0.0,2,1
HIST1H3C,-0.008482083,0.0,2,1
HIST1H3D,0.027068058,0.0,2,1
HIST1H4A,0.012480769,0.0,2,1
HIST1H4D,0.00073089544,0.0,2,1
HIST1H4F,0.0050295554,0.0,2,2
HIST2H2AB,0.025918521,0.0,2,1
HIST2H2BE,0.01632607,0.0,2,2
HIST2H2BF,-0.05654121,0.0,2,2
HIST2H3PS2,-0.029180603,0.0,2,1
HIST3H2A,0.023082517,0.0,2,2
HIVEP2,0.021323727,0.0,2,2
HLCS,0.0038118658,0.0,2,1
HMGA2,0.0116156,0.0,2,0
HMGA2-AS1,0.0021117572,0.0,2,0
HMGCR,0.004667387,0.0,2,1
HMGCS1,0.003710553,0.0,2,2
HMMR,0.002040072,0.0,2,0
HOMEZ,0.026899172,0.0,2,2
HOXA1,0.026430191,0.0,2,1
HOXA5,0.0014893574,0.0,2,0
HOXB-AS1,0.0137898475,0.0,2,1
HOXB6,-0.0044939243,0.0,2,1
HPN,0.07815058,0.0,2,2
HPSE,0.012201519,0.0,2,2
HSBP1L1,-0.012495276,0.0,2,2
HSPA13,-0.018956505,0.0,2,2
HSPA14,-0.056326542,0.0,2,2
HSPA2,-0.0020918709,0.0,2,1
HSPB6,0.019206142,0.0,2,1
HTATSF1,0.020195046,0.0,2,2
HTD2,0.038843863,0.0,2,1
HTR2B,0.0015608156,0.0,2,0
HTR7,-0.01783005,0.0,2,2
HYAL2,0.0132644,0.0,2,1
IBSP,0.018428722,0.0,2,0
ID2-AS1,0.014666856,0.0,2,0
IDH1-AS1,0.015620641,0.0,2,2
IER3-AS1,0.0059666135,0.0,2,0
IFT172,0.019859308,0.0,2,1
IFT22,-0.030510366,0.0,2,2
IFT46,-0.004422862,0.0,2,1
IFT74,0.017876055,0.0,2,2
IFT80,0.00448951,0.0,2,0
IFT81,0.02430018,0.0,2,0
IGFBP2,0.030535785,0.0,2,2
IGHMBP2,0.0287681,0.0,2,2
IGHV1-2,0.0043375767,0.0,2,0
IGHV1-69D,0.005319619,0.0,2,0
IGHV3-15,0.01232446,0.0,2,1
IGHV3-23,0.03361171,0.0,2,0
IGKV1-27,-0.0008348872,0.0,2,1
IGKV1-39,-0.01928651,0.0,2,1
IGKV1-9,0.097987115,0.0,2,1
IGKV1D-13,0.0023334536,0.0,2,0
IGKV3-11,0.0051924475,0.0,2,0
IGKV3-20,0.09468792,0.0,2,2
IGLC3,0.0023054744,0.0,2,0
IGLV1-40,-0.043703277,0.0,2,1
IGLV1-51,0.054465476,0.0,2,1
IGLV2-8,-0.029211268,0.0,2,2
IGSF3,0.03786526,0.0,2,1
IKZF4,0.016638657,0.0,2,2
IKZF5,0.0037935814,0.0,2,1
IL10RB-DT,0.102796406,0.0,2,2
IL12RB1,0.017274274,0.0,2,2
IL1RL2,0.002493932,0.0,2,0
IL2RA,-0.019431205,0.0,2,2
IL2RB,0.03353359,0.0,2,1
IL3RA,0.0032733874,0.0,2,0
IL6,0.022282638,0.0,2,1
IL7,-0.013183522,0.0,2,1
IL9R,0.0017462949,0.0,2,0
IMMP1L,-0.015553952,0.0,2,2
IMMP2L,-0.02962934,0.0,2,2
INKA2,0.009278716,0.0,2,1
INPP1,0.027726421,0.0,2,2
INPP5A,0.008074107,0.0,2,0
INPP5K,0.10490199,0.0,2,2
INTS13,0.041821506,0.0,2,1
INTU,0.0006525864,0.0,2,1
IPCEF1,0.006954346,0.0,2,2
IPO11,0.006149255,0.0,2,1
IQCB1,0.055499047,0.0,2,2
IQCD,-0.021699572,0.0,2,1
IQCE,0.065637305,0.0,2,1
IQGAP3,0.0026467368,0.0,2,1
ISCA1,0.0048003457,0.0,2,2
ITGA2B,0.001994537,0.0,2,0
ITGB4,0.022120206,0.0,2,2
ITGB8,0.05169463,0.0,2,2
ITIH5,0.004220455,0.0,2,0
ITK,0.051996887,0.0,2,2
ITM2A,0.027175896,0.0,2,2
ITPRIPL1,0.021919027,0.0,2,1
IZUMO4,0.08043555,0.0,2,2
JHY,0.035076786,0.0,2,2
JRKL,0.021356396,0.0,2,1
KANSL1L,0.01219,0.0,2,1
KAT14,-0.011768703,0.0,2,2
KAT2B,-0.009222695,0.0,2,2
KATNA1,0.022087434,0.0,2,1
KBTBD7,-0.012942252,0.0,2,2
KCNAB1,0.0435147,0.0,2,1
KCNAB3,0.026670216,0.0,2,1
KCNC3,0.00078357785,0.0,2,1
KCNC4,0.010630581,0.0,2,1
KCNIP2,0.031725783,0.0,2,1
KCNJ2-AS1,0.020216964,0.0,2,1
KCNK13,0.023383213,0.0,2,2
KCNK15,0.02065097,0.0,2,1
KCNK7,0.0022999125,0.0,2,0
KCNQ1OT1,0.16771662,0.0,2,2
KCNS3,0.002520884,0.0,2,0
KCTD15,-0.011937023,0.0,2,1
KCTD21-AS1,0.0030494006,0.0,2,0
KCTD6,-0.009662678,0.0,2,2
KCTD7,0.016262598,0.0,2,2
KDM5C-IT1,0.0024949147,0.0,2,0
KDM8,0.0017554788,0.0,2,0
KHK,0.025425667,0.0,2,1
KIAA0753,0.041226882,0.0,2,2
KIAA0825,0.0027311693,0.0,2,0
KIAA0895L,0.019767178,0.0,2,2
KIAA1522,0.0047906097,0.0,2,2
KIAA1614-AS1,-0.037142627,0.0,2,2
KIAA1958,0.006810002,0.0,2,0
KIAA2026,0.069035135,0.0,2,2
KIF21A,0.0027444514,0.0,2,0
KIF23,0.0017579114,0.0,2,0
KIF26B,0.011015311,0.0,2,0
KIF2C,0.00015152789,0.0,2,1
KIF3A,0.014414194,0.0,2,1
KIF3C,0.027608588,0.0,2,2
KLF12,0.006132359,0.0,2,0
KLHDC7B,0.0074154767,0.0,2,2
KLHL2,0.03403775,0.0,2,1
KLHL21,0.02623679,0.0,2,2
KLHL26,-0.029678032,0.0,2,2
KLHL8,-0.047112912,0.0,2,2
KLK5,0.001291114,0.0,2,0
KLK6,-0.03434114,0.0,2,1
KLK7,0.0008590313,0.0,2,1
KLK8,-0.06252677,0.0,2,1
KLRF1,0.050503418,0.0,2,0
KMT5A,-0.040676367,0.0,2,2
KRBA1,-0.0065399255,0.0,2,1
KRBOX4,0.02815781,0.0,2,2
KREMEN1,0.0018986125,0.0,2,0
KRT7,0.027770095,0.0,2,2
KSR1,-2.1552047e-05,0.0,2,1
KTI12,0.007400999,0.0,2,0
KYAT3,0.054661527,0.0,2,2
L2HGDH,0.0014743553,0.0,2,0
L3HYPDH,0.029192755,0.0,2,1
LAMB3,0.0062044957,0.0,2,0
LAPTM4B,-0.018599538,0.0,2,1
LARP1B,0.008910262,0.0,2,2
LARP6,-0.0076673143,0.0,2,1
LAS1L,2.2304555e-05,0.0,2,2
LBX2-AS1,0.008626189,0.0,2,2
LCMT1-AS1,0.004446724,0.0,2,0
LEAP2,0.0043957774,0.0,2,0
LENG1,0.022979245,0.0,2,1
LEO1,0.119300775,0.0,2,2
LGI2,0.0037119363,0.0,2,0
LILRA5,0.09504002,0.0,2,2
LIMA1,-0.04790428,0.0,2,2
LIMD1,-0.02611699,0.0,2,2
LIMS2,0.007894439,0.0,2,1
LINC00106,0.03758222,0.0,2,0
LINC00115,0.04503201,0.0,2,1
LINC00205,0.051928725,0.0,2,1
LINC00235,0.0017868034,0.0,2,0
LINC00243,0.003089857,0.0,2,0
LINC002481,0.048011612,0.0,2,0
LINC00265,-0.0018928024,0.0,2,1
LINC00271,0.0018144852,0.0,2,0
LINC00299,0.0035274962,0.0,2,0
LINC00472,0.018549046,0.0,2,1
LINC00484,0.036942903,0.0,2,1
LINC00513,0.03679946,0.0,2,2
LINC00526,-0.0054727984,0.0,2,1
LINC00607,-0.004945262,0.0,2,1
LINC00630,0.009359228,0.0,2,1
LINC00656,0.037599638,0.0,2,0
LINC00671,0.0023173413,0.0,2,0
LINC00685,0.0019492102,0.0,2,0
LINC00863,0.044523537,0.0,2,2
LINC00865,0.02840279,0.0,2,0
LINC00886,0.0059596784,0.0,2,0
LINC00893,0.012549856,0.0,2,1
LINC00900,0.03911153,0.0,2,1
LINC00910,0.028227681,0.0,2,1
LINC00960,0.0027850708,0.0,2,0
LINC00968,0.015045038,0.0,2,1
LINC00996,0.002070083,0.0,2,0
LINC01023,-0.003192169,0.0,2,1
LINC01089,0.06544553,0.0,2,2
LINC01091,0.06680664,0.0,2,0
LINC01128,0.0035316858,0.0,2,1
LINC01132,0.0017822067,0.0,2,0
LINC01137,0.0031120002,0.0,2,2
LINC01146,0.052182287,0.0,2,2
LINC01150,0.00057675625,0.0,2,1
LINC01160,0.0027788428,0.0,2,0
LINC01176,0.029552331,0.0,2,0
LINC01278,0.02234389,0.0,2,2
LINC01303,0.022782898,0.0,2,2
LINC01355,0.02338399,0.0,2,1
LINC01374,0.011802312,0.0,2,1
LINC01506,0.024204627,0.0,2,1
LINC01515,0.0035144517,0.0,2,0
LINC01521,0.002971855,0.0,2,0
LINC01547,0.0026726031,0.0,2,0
LINC01572,0.001263388,0.0,2,0
LINC01585,0.0015529831,0.0,2,0
LINC01664,0.005841737,0.0,2,0
LINC01670,0.0050780526,0.0,2,0
LINC01679,0.021207063,0.0,2,2
LINC01719,-0.008879249,0.0,2,1
LINC02035,0.049853574,0.0,2,1
LINC02207,0.035297725,0.0,2,1
LINC02328,-0.012097827,0.0,2,1
LINC02345,-0.0040434035,0.0,2,1
LINC02356,0.012739628,0.0,2,1
LINC02381,0.046939816,0.0,2,1
LINC02432,0.015106093,0.0,2,1
LINC02478,0.03372698,0.0,2,0
LINC02541,-0.026336394,0.0,2,2
LINC02550,-0.05810893,0.0,2,2
LINC02591,0.015070663,0.0,2,1
LINC02604,0.003913799,0.0,2,0
LINC02649,0.00928058,0.0,2,0
LINC02688,0.06513924,0.0,2,0
LINC02709,0.0018830938,0.0,2,0
LINC02712,0.0059961793,0.0,2,0
LINC02724,0.024234029,0.0,2,2
LINC02757,0.0027728684,0.0,2,0
LINC02785,0.030447135,0.0,2,2
LINC02798,0.013621793,0.0,2,1
LINC02828,-0.0061974674,0.0,2,1
LIPT1,0.001289798,0.0,2,1
LIX1L-AS1,0.03397685,0.0,2,1
LMAN2L,-0.010853988,0.0,2,1
LNX2,0.0044942917,0.0,2,1
LOXL1,0.05638146,0.0,2,0
LOXL2,0.037488002,0.0,2,0
LPIN1,-0.005949322,0.0,2,1
LPIN3,0.0070443894,0.0,2,1
LRIF1,-0.014148197,0.0,2,2
LRIG1,0.002728063,0.0,2,0
LRIG2,-0.021372834,0.0,2,2
LRP11,-0.0040618293,0.0,2,1
LRP3,0.0024644192,0.0,2,1
LRRC1,0.001924252,0.0,2,0
LRRC14,0.0016193502,0.0,2,2
LRRC27,0.014847957,0.0,2,1
LRRC34,0.0015752547,0.0,2,0
LRRC37B,0.0009599033,0.0,2,0
LRRC4,0.006286518,0.0,2,0
LRRC42,0.019695992,0.0,2,2
LRRC8A,0.069062494,0.0,2,1
LRRIQ3,0.002768744,0.0,2,0
LSMEM1,0.0042677135,0.0,2,0
LTV1,0.03617667,0.0,2,2
LURAP1,0.0009943253,0.0,2,0
LURAP1L,0.002765108,0.0,2,0
LUZP1,0.013084861,0.0,2,2
LY6G5B,-0.03614923,0.0,2,1
LY6G5C,0.05655879,0.0,2,2
LYG1,0.015430394,0.0,2,0
LYNX1,0.0314903,0.0,2,2
LYPD5,0.0013457414,0.0,2,0
LYRM1,-0.025646351,0.0,2,2
LYRM9,0.03832395,0.0,2,2
LYSMD4,0.0038280226,0.0,2,0
MAD2L1,-0.01174067,0.0,2,1
MAGEH1,0.0049817804,0.0,2,0
MAK16,0.02227637,0.0,2,2
MALINC1,0.002683528,0.0,2,0
MAMLD1,-0.011178707,0.0,2,1
MAOA,0.00027983388,0.0,2,2
MAP10,0.01112308,0.0,2,1
MAP1B,0.001403876,0.0,2,0
MAP2K7,0.0125516215,0.0,2,2
MAP3K12,0.005887712,0.0,2,0
MAP3K7CL,0.0062336978,0.0,2,0
MAPK11,0.0014632079,0.0,2,0
MAPK7,-0.05257828,0.0,2,2
MAPK8IP1,0.010575358,0.0,2,0
MAPKBP1,-0.010717365,0.0,2,2
MAPT,0.0021923282,0.0,2,0
MARCO,0.0070958287,0.0,2,2
MATR3,0.002095123,0.0,2,0
MBD5,0.038863122,0.0,2,2
MCC,0.0047672596,0.0,2,0
MCF2L,-0.0029912367,0.0,2,2
MCF2L2,0.0048752143,0.0,2,0
MCM6,-0.021317452,0.0,2,2
MCM8,0.020742767,0.0,2,1
MCOLN3,0.007133964,0.0,2,0
MCTP2,-0.008758162,0.0,2,1
MECR,0.019331615,0.0,2,1
MED14OS,0.0307843,0.0,2,1
MED6,0.02795663,0.0,2,2
MEF2B,0.043970183,0.0,2,2
MEF2C-AS2,0.01959798,0.0,2,0
MEGF8,-0.041488945,0.0,2,2
MEGF9,-0.037094306,0.0,2,2
MEIKIN,-0.0050911643,0.0,2,1
MEN1,-0.054043468,0.0,2,2
METAP1D,0.019392723,0.0,2,2
METTL1,0.010481789,0.0,2,2
METTL14,0.047491994,0.0,2,2
METTL25,0.021096913,0.0,2,1
METTL8,-0.031318,0.0,2,2
MEX3D,0.011150111,0.0,2,1
MFSD6,0.010724836,0.0,2,0
MHENCR,0.03826592,0.0,2,2
MIEF2,0.00014397672,0.0,2,1
MIGA2,0.043217104,0.0,2,2
MINCR,0.0024152,0.0,2,0
MINPP1,0.04009201,0.0,2,2
MIPEP,0.065349616,0.0,2,1
MIR210HG,0.04788593,0.0,2,2
MIR3142HG,0.0032291608,0.0,2,0
MIR4458HG,0.003889312,0.0,2,0
MIR646HG,0.032119237,0.0,2,1
MLLT1,-0.05378817,0.0,2,2
MLXIPL,0.005826531,0.0,2,1
MLYCD,0.033983484,0.0,2,2
MMAA,0.08467022,0.0,2,2
MMS22L,-0.009486931,0.0,2,1
MMUT,0.004317127,0.0,2,1
MN1,0.0011483963,0.0,2,0
MND1,0.012435666,0.0,2,2
MNS1,0.003895159,0.0,2,0
MOAP1,0.016650468,0.0,2,2
MOCS3,-0.010015574,0.0,2,1
MOK,0.019969935,0.0,2,1
MON1A,-0.005749664,0.0,2,1
MORC2,0.0002523704,0.0,2,2
MPP5,-0.042037994,0.0,2,2
MPZ,0.0016555889,0.0,2,0
MPZL3,-0.08530431,0.0,2,2
MRGBP,-0.022504555,0.0,2,1
MROH8,0.006021635,0.0,2,0
MRPL39,0.006960079,0.0,2,1
MRPL44,0.003816453,0.0,2,2
MRPL48,0.030119283,0.0,2,2
MRPS14,0.017641606,0.0,2,1
MRPS31,0.038152006,0.0,2,2
MRVI1,0.0036070857,0.0,2,1
MRVI1-AS1,0.0014551786,0.0,2,0
MS4A14,0.048549462,0.0,2,1
MS4A4E,-0.034207437,0.0,2,2
MSANTD1,0.0017186599,0.0,2,0
MSANTD4,-0.0014227858,0.0,2,1
MSI2,-0.021244237,0.0,2,1
MSMO1,-0.013003074,0.0,2,2
MSTO1,0.029622873,0.0,2,2
MTCL1,0.0016163155,0.0,2,0
MTERF1,0.005255932,0.0,2,2
MTERF2,0.03469337,0.0,2,1
MTERF3,0.039387155,0.0,2,2
MTFMT,-0.027986834,0.0,2,2
MTM1,-0.020944158,0.0,2,2
MTMR6,0.00820189,0.0,2,2
MTMR8,0.017603802,0.0,2,1
MTRES1,-0.06840947,0.0,2,2
MTUS1,0.0015642097,0.0,2,1
MTX3,-0.0067463727,0.0,2,2
MUC1,0.011044029,0.0,2,0
MUS81,0.008667044,0.0,2,2
MUTYH,0.039845914,0.0,2,2
MVD,0.010031403,0.0,2,0
MYBPC3,0.00013067496,0.0,2,1
MYL5,-0.015528631,0.0,2,2
MYL9,-0.020675033,0.0,2,2
MYLK-AS1,-0.0028053944,0.0,2,2
MYLK2,0.03898272,0.0,2,1
MYO1A,0.0032944242,0.0,2,0
MYO1B,0.008358835,0.0,2,0
N4BP2,0.05218239,0.0,2,1
NAA35,-0.0008970797,0.0,2,1
NAA40,0.013990123,0.0,2,1
NAP1L5,-0.008653282,0.0,2,1
NAPA-AS1,0.005163728,0.0,2,1
NAT1,0.014213757,0.0,2,1
NAT14,0.052144635,0.0,2,2
NBPF9,-0.032953028,0.0,2,2
NCAM1,0.0063978615,0.0,2,0
NCAPG,0.017137913,0.0,2,2
NCKAP1,0.0049838275,0.0,2,0
NCKAP5,0.055663485,0.0,2,2
NCOA5,0.031865448,0.0,2,2
NDFIP2,-0.008666141,0.0,2,1
NECAB3,0.060049925,0.0,2,1
NECTIN1,0.0001546725,0.0,2,1
NECTIN4,0.020986361,0.0,2,1
NEDD4,0.05964364,0.0,2,1
NEFH,-0.014926336,0.0,2,1
NEIL1,0.03108106,0.0,2,2
NEIL2,-0.0030151985,0.0,2,1
NEK1,-0.0056905043,0.0,2,2
NEMP1,0.01793758,0.0,2,1
NEMP2,-0.027556883,0.0,2,2
NETO2,-0.014381533,0.0,2,2
NEURL4,0.013306245,0.0,2,1
NFIX,-0.008266608,0.0,2,2
NHLRC1,-0.006255731,0.0,2,1
NIFK-AS1,-0.03120069,0.0,2,2
NIPSNAP3B,0.07191063,0.0,2,2
NKD1,0.003267938,0.0,2,0
NLRC4,0.016995743,0.0,2,1
NMT2,0.02711878,0.0,2,1
NOD1,-0.005185075,0.0,2,2
NOD2,0.0056723603,0.0,2,2
NOL9,-0.0129462555,0.0,2,2
NOMO3,-0.03194545,0.0,2,2
NPFF,0.0034181557,0.0,2,0
NPIPA9,0.01961038,0.0,2,0
NPIPB15,-0.049742404,0.0,2,2
NPTN-IT1,-0.060996488,0.0,2,1
NR2F2,-0.008234913,0.0,2,1
NR6A1,0.053591263,0.0,2,2
NRF1,-0.0048093344,0.0,2,2
NRIR,0.014454492,0.0,2,1
NRM,0.029097022,0.0,2,2
NRSN2,-0.006256657,0.0,2,1
NSMF,-0.07366847,0.0,2,2
NSUN7,0.026412053,0.0,2,1
NT5C3B,0.0023966979,0.0,2,1
NT5M,0.002339157,0.0,2,0
NTN4,0.0018662465,0.0,2,0
NUDCD1,0.0005176603,0.0,2,2
NUDT17,0.002788332,0.0,2,0
NUDT6,0.0092136,0.0,2,2
NUFIP1,0.007108332,0.0,2,1
NUMBL,0.00430623,0.0,2,0
NUP50,-0.022445783,0.0,2,2
NUP88,0.042509194,0.0,2,1
NUTM2D,0.0015249033,0.0,2,0
OAF,-0.036450244,0.0,2,1
OAZ3,0.0025535615,0.0,2,0
OBSCN,0.018500382,0.0,2,1
OBSL1,-0.0130321765,0.0,2,1
OCIAD2,0.011987229,0.0,2,2
ODC1-DT,0.0651344,0.0,2,0
ODF2L,-0.08690465,0.0,2,1
OMA1,0.026396425,0.0,2,1
OPA3,0.013256756,0.0,2,1
OPRL1,-0.009851302,0.0,2,1
OR2W3,0.0026967071,0.0,2,0
ORC2,0.0054934802,0.0,2,2
ORC4,0.009798809,0.0,2,2
ORC5,0.050361987,0.0,2,2
ORMDL3,-0.018562725,0.0,2,2
OSBPL5,-0.024146548,0.0,2,2
OTUD6B,0.022133416,0.0,2,1
OVGP1,0.033357035,0.0,2,1
OXNAD1,0.032131586,0.0,2,2
P4HA3,0.0069912244,0.0,2,0
P4HTM,0.040738273,0.0,2,2
PACERR,0.03777906,0.0,2,0
PALB2,-0.07454359,0.0,2,2
PALMD,0.026579307,0.0,2,1
PAPLN,0.0040724496,0.0,2,0
PAQR3,0.017607033,0.0,2,2
PAQR7,0.007057158,0.0,2,0
PARVA,0.006435146,0.0,2,0
PASK,-0.046533078,0.0,2,2
PATL1,-0.046083484,0.0,2,2
PAXIP1-AS1,0.0075790244,0.0,2,0
PBX1,0.045752343,0.0,2,1
PCBP3,0.00064347754,0.0,2,0
PCDH12,0.030715143,0.0,2,0
PCOTH,-0.04210329,0.0,2,1
PCYOX1L,0.0006720722,0.0,2,1
PCYT2,-0.002908827,0.0,2,1
PDCD1LG2,0.0022163645,0.0,2,2
PDE7B,-0.00975633,0.0,2,2
PDGFA,0.008393579,0.0,2,1
PDIK1L,0.007460945,0.0,2,1
PDLIM3,0.023800857,0.0,2,0
PDP2,0.0050056824,0.0,2,0
PDS5B,-0.0136225475,0.0,2,2
PDSS1,0.010454585,0.0,2,1
PDXP,-0.0061835856,0.0,2,1
PEAK3,-0.034068864,0.0,2,1
PEG10,0.034093935,0.0,2,0
PERP,0.012371,0.0,2,1
PEX1,0.051990356,0.0,2,2
PEX12,0.015521894,0.0,2,0
PEX3,0.033776887,0.0,2,2
PEX6,-0.02559684,0.0,2,2
PEX7,-0.010155621,0.0,2,2
PFKM,0.013812922,0.0,2,1
PGBD1,0.0006543679,0.0,2,1
PGBD2,-0.0006467129,0.0,2,1
PGBD4,0.002870017,0.0,2,0
PGBD5,0.0103749195,0.0,2,0
PGM5,-0.007662183,0.0,2,1
PGRMC1,-0.051923852,0.0,2,2
PHC1,0.0043181926,0.0,2,1
PHF8,0.0010842662,0.0,2,2
PHKA2-AS1,0.0018570457,0.0,2,0
PHLDA3,0.029017141,0.0,2,1
PHLDB3,-0.00685742,0.0,2,1
PHLPP2,0.06607621,0.0,2,0
PHOSPHO2,0.022605145,0.0,2,1
PI3,0.025133796,0.0,2,0
PIGU,0.00044707302,0.0,2,0
PIK3R4,-0.037319705,0.0,2,2
PIM2,0.048715845,0.0,2,2
PINK1,0.00092143565,0.0,2,2
PINLYP,-0.0006726831,0.0,2,2
PKDCC,0.0026860202,0.0,2,0
PKNOX1,-0.05977593,0.0,2,2
PLA1A,0.00069800933,0.0,2,0
PLA2G6,0.004785537,0.0,2,0
PLAG1,0.01074669,0.0,2,1
PLCB4,0.026220575,0.0,2,0
PLEKHA5,0.04025745,0.0,2,2
PLEKHA8,0.059367374,0.0,2,2
PLEKHB1,0.0011746391,0.0,2,0
PLEKHF1,0.008127441,0.0,2,2
PLEKHG4,0.01742057,0.0,2,1
PLEKHG5,0.024680832,0.0,2,1
PLEKHM3,0.044501256,0.0,2,2
PLGRKT,-0.028419403,0.0,2,2
PLK2,0.016213505,0.0,2,2
PLOD3,-0.04101811,0.0,2,2
PLPP5,0.05628558,0.0,2,2
PLPP7,0.008040429,0.0,2,1
PLXNA1,0.029194763,0.0,2,1
PNPLA7,-0.025439193,0.0,2,2
POC5,0.021824675,0.0,2,2
POLA1,-0.03396454,0.0,2,2
POLA2,-0.036009435,0.0,2,2
POLD3,0.010730333,0.0,2,1
POLG2,0.031529192,0.0,2,2
POLQ,0.004203305,0.0,2,0
POLR3E,0.052478243,0.0,2,2
POMGNT2,-0.03342459,0.0,2,1
POMZP3,0.02033401,0.0,2,2
POP1,0.011737245,0.0,2,2
PORCN,-0.0042927153,0.0,2,1
POU2F1,0.016444432,0.0,2,1
POU5F2,0.0019419016,0.0,2,0
PPM1A,-0.0206824,0.0,2,2
PPM1K,-0.0074991398,0.0,2,2
PPOX,-0.008366875,0.0,2,1
PPP1R12B,0.03836227,0.0,2,1
PPP1R3D,0.03248769,0.0,2,1
PPP1R3G,0.0007248276,0.0,2,2
PPP2R1B,-0.05392215,0.0,2,2
PPP2R3A,0.01321742,0.0,2,1
PPT2,0.0027012117,0.0,2,0
PRADC1,0.015744848,0.0,2,2
PRDM10,0.002919904,0.0,2,0
PRDM11,0.0012709098,0.0,2,0
PRDM8,0.015722362,0.0,2,1
PRICKLE3,0.04329061,0.0,2,1
PRKAA1,-0.011710008,0.0,2,2
PRKAR1B,0.019511782,0.0,2,1
PRLR,0.01817751,0.0,2,2
PROS1,0.008591723,0.0,2,2
PRR34-AS1,-0.008408149,0.0,2,2
PRRG1,0.0031539518,0.0,2,0
PRRG2,0.0023594575,0.0,2,0
PRRT3,0.0022909322,0.0,2,0
PRUNE2,-0.02036001,0.0,2,2
PSPH,0.029473627,0.0,2,1
PTBP2,-0.06373005,0.0,2,1
PTGDS,-0.0051845857,0.0,2,2
PTK6,-0.003585412,0.0,2,2
PTPN14,-0.0032984205,0.0,2,1
PTPN4,0.0028330886,0.0,2,1
PTRH1,0.0077654496,0.0,2,2
PVR,0.0034744118,0.0,2,1
PWP2,0.0096392175,0.0,2,1
PWWP2A,0.03533438,0.0,2,2
PXMP2,-0.020913959,0.0,2,2
PXT1,0.0021940924,0.0,2,0
PYROXD2,0.05508172,0.0,2,1
QRSL1,-0.001207261,0.0,2,2
QSER1,0.009008958,0.0,2,2
QSOX2,0.018207401,0.0,2,1
RAB11FIP5,0.0048431554,0.0,2,0
RAB27A,-0.025425473,0.0,2,2
RAB33A,0.00773604,0.0,2,2
RABEP2,0.001099186,0.0,2,2
RAC3,-0.01902361,0.0,2,2
RAD51B,-0.021783495,0.0,2,1
RAD52,0.032356698,0.0,2,1
RAD54B,0.0019732958,0.0,2,0
RAI1,-0.10743777,0.0,2,2
RALGPS1,-0.013044625,0.0,2,1
RAMACL,-0.050159905,0.0,2,1
RAPGEF3,0.03358638,0.0,2,1
RARA-AS1,-0.015497558,0.0,2,1
RASAL2,-0.012346755,0.0,2,2
RASD1,-0.0064501576,0.0,2,1
RASSF8,0.0053833,0.0,2,0
RBAK,-0.009187572,0.0,2,2
RBM12B,-0.08616761,0.0,2,2
RBM15-AS1,0.00246016,0.0,2,0
RBM41,0.03835635,0.0,2,2
RBM48,0.004869646,0.0,2,0
RBM7,0.042830814,0.0,2,2
RBP7,0.009664876,0.0,2,2
RBPMS-AS1,0.03410688,0.0,2,1
RCAN1,-0.03270124,0.0,2,2
RCBTB1,0.053204004,0.0,2,2
RDH10,0.0024930306,0.0,2,0
RDH13,0.002280484,0.0,2,0
RDH16,0.00152513,0.0,2,0
RECQL4,-0.0046824343,0.0,2,2
RET,0.004090615,0.0,2,0
REXO4,0.008143076,0.0,2,2
REXO5,0.00046404047,0.0,2,1
RFPL1S,0.022754105,0.0,2,0
RFPL3S,0.049443364,0.0,2,0
RFX7,0.022240927,0.0,2,1
RGL3,-0.005608912,0.0,2,2
RGPD5,0.0065285624,0.0,2,1
RGPD6,0.037095513,0.0,2,0
RGPD8,0.032561842,0.0,2,1
RGS18,-0.004893955,0.0,2,2
RGS3,0.0196509,0.0,2,1
RGS4,0.0057220976,0.0,2,0
RGS5,0.037658468,0.0,2,0
RHBDD1,0.036955804,0.0,2,2
RHBDD3,0.035528194,0.0,2,2
RHEBL1,0.0492878,0.0,2,2
RHOBTB2,0.010565695,0.0,2,1
RIBC2,0.0017206245,0.0,2,0
RIMS3,0.004399328,0.0,2,0
RINT1,0.09161108,0.0,2,2
RIOX2,0.018995548,0.0,2,2
RIPK3,0.02327387,0.0,2,2
RNASE2,-0.005018654,0.0,2,2
RND1,0.06725115,0.0,2,1
RNF103,0.0402976,0.0,2,2
RNF123,0.012178364,0.0,2,2
RNF139,0.055609643,0.0,2,2
RNF150,0.0017348496,0.0,2,0
RNF208,0.0051619536,0.0,2,0
RNF217,-0.029954555,0.0,2,2
RNF24,-0.0123438565,0.0,2,2
RNF26,0.04140284,0.0,2,2
RNFT2,0.06443333,0.0,2,1
RNLS,0.0034977633,0.0,2,0
ROBO1,0.03521249,0.0,2,0
ROBO3,0.034687966,0.0,2,2
ROR2,0.0012757739,0.0,2,0
RPP14,0.0054639806,0.0,2,0
RPS6KB1,-0.032094296,0.0,2,1
RPS6KC1,-0.017479228,0.0,2,2
RPUSD3,0.07211601,0.0,2,2
RRAGB,-0.0040162704,0.0,2,1
RRNAD1,0.03076452,0.0,2,2
RRP15,0.0348072,0.0,2,1
RSPH3,-0.071037985,0.0,2,2
RTCA-AS1,0.0038735978,0.0,2,1
RTKN,-0.011716571,0.0,2,2
RTL5,0.02930937,0.0,2,1
RTL6,0.002657667,0.0,2,0
RTN4RL1,0.057269126,0.0,2,0
RUBCN,-0.007577525,0.0,2,2
RUFY1,0.019427078,0.0,2,2
RUNX1T1,0.0025900635,0.0,2,0
RWDD2B,0.0035953484,0.0,2,2
RXYLT1,-0.05593435,0.0,2,2
S100A14,-0.014096486,0.0,2,1
S100A16,-0.008146806,0.0,2,1
S100A2,-0.09065213,0.0,2,2
S100B,-0.0552188,0.0,2,1
S1PR1,-0.015241736,0.0,2,1
S1PR2,-0.053735297,0.0,2,2
SAP30,-0.06842623,0.0,2,2
SAP30L,0.019876435,0.0,2,1
SATB2,0.030653886,0.0,2,0
SCAMP1-AS1,-0.055036902,0.0,2,2
SCAMP5,0.027760519,0.0,2,1
SCD5,0.0018948974,0.0,2,2
SCG5,0.05880965,0.0,2,1
SCMH1,0.04565258,0.0,2,1
SCOC-AS1,0.027932825,0.0,2,2
SCRIB,0.01093556,0.0,2,2
SCX,-0.0028518569,0.0,2,1
SCYL2,-0.041817117,0.0,2,2
SDF2,0.0053353966,0.0,2,2
SDK1,0.010419171,0.0,2,0
SEC24A,0.03726505,0.0,2,2
SEL1L3,0.030723939,0.0,2,2
SEMA6A-AS1,0.0032007752,0.0,2,0
SEMA7A,0.038364943,0.0,2,0
SENCR,0.0056038755,0.0,2,0
SENP8,0.0053456244,0.0,2,0
SEPSECS,0.015661748,0.0,2,1
SEPTIN3,-0.015753113,0.0,2,1
SERAC1,0.0602161,0.0,2,2
SERPINI1,0.047415573,0.0,2,1
SETD1A,0.0008701974,0.0,2,2
SETD1B,0.025804562,0.0,2,2
SEZ6L2,-0.000105657615,0.0,2,1
SFXN2,0.020953188,0.0,2,1
SFXN5,0.03651133,0.0,2,2
SGCG,-0.0031913214,0.0,2,1
SGMS1-AS1,-0.03397551,0.0,2,2
SGO2,-0.0033607967,0.0,2,1
SGPP1,0.09302459,0.0,2,2
SGSM2,-0.013156287,0.0,2,2
SGTB,0.10903507,0.0,2,2
SH2B2,-0.005329948,0.0,2,2
SH2D3A,-0.044605408,0.0,2,1
SH2D4A,0.0050176517,0.0,2,0
SH3BP4,-0.006574059,0.0,2,1
SH3BP5L,0.00800912,0.0,2,0
SHC3,0.004509511,0.0,2,2
SHMT1,-0.057839956,0.0,2,2
SHQ1,0.03984328,0.0,2,1
SIGLEC14,0.018814914,0.0,2,1
SIGLEC5,-0.009046665,0.0,2,2
SIGLEC8,0.101110496,0.0,2,2
SIK2,0.0057561123,0.0,2,1
SIKE1,-0.020614436,0.0,2,2
SILC1,0.06556515,0.0,2,0
SIX5,-0.010562241,0.0,2,1
SKA1,0.025098212,0.0,2,0
SLC16A1-AS1,0.018677667,0.0,2,2
SLC16A5,0.007529572,0.0,2,1
SLC19A1,0.013380733,0.0,2,1
SLC22A4,0.05544913,0.0,2,1
SLC25A14,0.0038566682,0.0,2,0
SLC25A15,0.018152779,0.0,2,1
SLC25A23,0.0016395785,0.0,2,0
SLC25A25-AS1,0.031535562,0.0,2,0
SLC25A26,0.062270273,0.0,2,2
SLC25A30,0.023145804,0.0,2,2
SLC25A33,0.06989077,0.0,2,1
SLC25A34,0.038038403,0.0,2,0
SLC25A38,-0.0006719983,0.0,2,2
SLC27A3,-0.017038725,0.0,2,2
SLC27A4,0.016170084,0.0,2,2
SLC28A3,0.0052501583,0.0,2,0
SLC2A11,-0.00789825,0.0,2,1
SLC2A13,0.035758954,0.0,2,2
SLC30A4,-0.010717717,0.0,2,2
SLC35A3,-0.087949224,0.0,2,2
SLC35A5,0.006703704,0.0,2,2
SLC35B3,-0.095275365,0.0,2,2
SLC35D1,0.00584165,0.0,2,1
SLC35F2,-0.028370088,0.0,2,2
SLC37A3,-0.0012646579,0.0,2,1
SLC41A3,0.01721741,0.0,2,2
SLC45A1,0.0023817862,0.0,2,0
SLC45A3,-0.0067478693,0.0,2,1
SLC45A4,0.0026113093,0.0,2,2
SLC48A1,-0.006781709,0.0,2,2
SLC4A8,-0.072777644,0.0,2,2
SLC5A6,-0.025988271,0.0,2,2
SLC6A12,0.030044625,0.0,2,2
SLC6A8,0.060744386,0.0,2,2
SLC7A6OS,-0.009917522,0.0,2,2
SLC9A3R2,-0.0035390211,0.0,2,2
SLC9B1,0.002298677,0.0,2,0
SLC9B2,0.007529318,0.0,2,1
SLCO4A1,0.0044409423,0.0,2,0
SLF1,0.015084502,0.0,2,1
SLX4,0.009120479,0.0,2,0
SMARCA1,0.00061204704,0.0,2,1
SMC1B,0.047646403,0.0,2,1
SMN1,0.012649556,0.0,2,1
SMN2,0.01528303,0.0,2,1
SMO,0.030350648,0.0,2,2
SMOX,0.004400345,0.0,2,0
SNAI1,0.027072743,0.0,2,2
SNAI3-AS1,-0.011295828,0.0,2,1
SNAPC3,0.011523813,0.0,2,1
SNCG,-0.059933398,0.0,2,1
SNHG19,0.0024029664,0.0,2,0
SNHG20,0.07671457,0.0,2,2
SNHG25,0.005030789,0.0,2,0
SNHG26,0.014314876,0.0,2,1
SNHG4,0.0051515005,0.0,2,0
SNIP1,-0.0528938,0.0,2,2
SNX13,0.023970664,0.0,2,2
SOCS1,0.11770419,0.0,2,2
SOCS2,0.045105208,0.0,2,0
SOWAHC,0.01810729,0.0,2,1
SOX12,0.007407747,0.0,2,0
SOX17,0.0029693265,0.0,2,0
SP2-AS1,0.03175789,0.0,2,1
SPA17,0.011407908,0.0,2,1
SPAG16,-0.02085299,0.0,2,2
SPARCL1,0.010460445,0.0,2,0
SPATA2,-0.0035873156,0.0,2,1
SPATC1L,0.046878297,0.0,2,2
SPEF2,0.038117792,0.0,2,0
SPICE1,0.017024992,0.0,2,2
SPIN3,0.022687463,0.0,2,0
SPINDOC,0.028853202,0.0,2,1
SPIRE2,0.0029912938,0.0,2,0
SPNS2,0.01945622,0.0,2,1
SPNS3,0.016981939,0.0,2,2
SPOCK2,-0.022156583,0.0,2,2
SPON1,0.0014045375,0.0,2,0
SPRY1,0.02429659,0.0,2,2
SPTBN1,0.0060921684,0.0,2,2
SQLE,0.03798124,0.0,2,2
SRBD1,0.003800153,0.0,2,1
SRC,0.054127693,0.0,2,1
SRD5A1,-0.023957709,0.0,2,2
SRF,0.00929183,0.0,2,1
SRGAP1,0.036401894,0.0,2,2
SRRD,-0.016468553,0.0,2,2
SRRM5,0.01954071,0.0,2,0
SSPN,0.040481534,0.0,2,2
SSSCA1-AS1,0.0018212862,0.0,2,0
SSX2IP,0.025835179,0.0,2,1
ST3GAL6-AS1,0.015551217,0.0,2,0
ST6GALNAC3,0.024643196,0.0,2,1
STAC2,0.002702859,0.0,2,0
STAMBPL1,0.03590551,0.0,2,2
STAP1,0.03622706,0.0,2,1
STAP2,0.0038005232,0.0,2,0
STC2,0.019014562,0.0,2,0
STK32B,0.003743014,0.0,2,0
STK32C,-0.077190004,0.0,2,2
STK39,0.0019159383,0.0,2,1
STN1,-0.029411351,0.0,2,2
STOML1,-0.0076873708,0.0,2,1
STS,0.0029989171,0.0,2,0
STX17,0.009927802,0.0,2,2
STXBP1,-0.011466164,0.0,2,1
STXBP3,0.01305833,0.0,2,2
SUCNR1,0.0032943562,0.0,2,1
SULT1A3,0.0027165797,0.0,2,0
SUPV3L1,-0.0083108,0.0,2,2
SUSD2,0.0015680753,0.0,2,0
SUV39H2,0.003799638,0.0,2,0
SYDE1,0.025135787,0.0,2,1
SYN2,0.0015748438,0.0,2,0
SYNC,0.037486147,0.0,2,2
SYNE4,0.015667008,0.0,2,0
SYT1,0.003954584,0.0,2,0
SYT5,0.0010553629,0.0,2,0
SYTL1,-0.021924444,0.0,2,2
SYTL2,-0.05557942,0.0,2,2
TACR2,0.037509736,0.0,2,1
TAF13,0.007878057,0.0,2,1
TAF1A,0.013165292,0.0,2,1
TAF4B,0.009929629,0.0,2,1
TANC1,0.003948381,0.0,2,2
TBC1D13,-0.025494294,0.0,2,2
TBC1D16,0.004205113,0.0,2,2
TBC1D22B,0.039695945,0.0,2,2
TBC1D32,0.051752284,0.0,2,2
TBCEL,0.0031343594,0.0,2,1
TBP,-0.08394978,0.0,2,2
TBX6,0.005189913,0.0,2,0
TCAIM,-0.013575795,0.0,2,2
TCEANC2,0.034340393,0.0,2,2
TCF7L2,0.0145964585,0.0,2,1
TCHH,0.037030317,0.0,2,2
TCL1A,0.018977001,0.0,2,0
TCP11L1,-0.011765972,0.0,2,2
TCTE3,-0.0077507384,0.0,2,1
TCTEX1D1,0.0039455905,0.0,2,0
TCTN2,0.041644897,0.0,2,1
TCTN3,0.015459965,0.0,2,2
TDRKH,0.005612591,0.0,2,2
TEAD1,0.0034414697,0.0,2,0
TEC,-0.077902794,0.0,2,2
TECPR2,0.041922797,0.0,2,1
TEF,0.003581452,0.0,2,0
TEFM,-0.034198146,0.0,2,2
TEX30,0.043709368,0.0,2,2
TFCP2,-0.006405536,0.0,2,2
TFCP2L1,0.008542989,0.0,2,1
TGDS,0.015823124,0.0,2,2
TGFB1I1,0.002553129,0.0,2,0
THAP7-AS1,0.0015294381,0.0,2,0
THEM4,-0.0010214759,0.0,2,2
THEM6,0.017251896,0.0,2,1
THNSL1,0.002676918,0.0,2,0
THNSL2,-0.008422368,0.0,2,1
THRB,0.02746961,0.0,2,1
THSD8,0.0024089515,0.0,2,0
TIAM1,0.008523391,0.0,2,2
TIAM2,0.04593238,0.0,2,2
TICAM2,-0.012115154,0.0,2,2
TIE1,0.02332911,0.0,2,0
TIMM23B,-0.0071898717,0.0,2,1
TIPIN,-0.007468387,0.0,2,2
TLE6,0.003135659,0.0,2,0
TLR5,0.03057125,0.0,2,2
TLR8,0.0019588184,0.0,2,1
TMCO4,0.026330026,0.0,2,2
TMEM102,0.005833853,0.0,2,2
TMEM104,-0.0035980952,0.0,2,1
TMEM116,0.014732857,0.0,2,1
TMEM119,0.03153557,0.0,2,1
TMEM147-AS1,0.006335061,0.0,2,2
TMEM150C,-0.013985503,0.0,2,2
TMEM169,-0.0054166,0.0,2,1
TMEM17,0.0022683027,0.0,2,0
TMEM187,0.013721873,0.0,2,2
TMEM191C,0.004729092,0.0,2,1
TMEM201,-0.014764831,0.0,2,2
TMEM202-AS1,0.0072599784,0.0,2,2
TMEM204,0.02894812,0.0,2,1
TMEM216,-0.0550729,0.0,2,2
TMEM223,-0.00082158047,0.0,2,2
TMEM234,0.059085578,0.0,2,1
TMEM237,-0.0037639507,0.0,2,1
TMEM238,0.03090877,0.0,2,0
TMEM250,0.036357686,0.0,2,2
TMEM45A,0.038826514,0.0,2,2
TMEM53,0.002226617,0.0,2,1
TMEM64,-0.011081225,0.0,2,2
TMEM79,0.002039702,0.0,2,0
TMEM88,-0.06120786,0.0,2,2
TMEM98,0.02458929,0.0,2,1
TMEM99,-0.06430059,0.0,2,2
TMEM9B-AS1,-0.012670845,0.0,2,1
TMOD1,0.0037613644,0.0,2,0
TMOD2,0.054436754,0.0,2,2
TMPO-AS1,-0.00053761,0.0,2,1
TMPRSS13,0.0029366186,0.0,2,0
TMTC2,0.005161395,0.0,2,0
TMTC3,0.0043036193,0.0,2,2
TNFRSF10B,0.040344197,0.0,2,2
TNFRSF6B,-0.07542274,0.0,2,2
TNFRSF8,0.0028590497,0.0,2,1
TNKS1BP1,0.012245729,0.0,2,1
TNNT1,-0.009785867,0.0,2,2
TNNT3,0.016022796,0.0,2,0
TNXB,0.0022121125,0.0,2,0
TOGARAM1,0.0046027564,0.0,2,2
TONSL,0.04934718,0.0,2,2
TOP3A,-0.011153745,0.0,2,1
TOPORS,0.010674334,0.0,2,2
TOR1B,-0.0046074092,0.0,2,2
TOX2,0.0015450345,0.0,2,0
TPBG,0.0004366838,0.0,2,0
TPST1,0.01562094,0.0,2,1
TPX2,-0.000886413,0.0,2,1
TRAF1,0.009082896,0.0,2,2
TRAF3IP2,-0.008996612,0.0,2,1
TRAF3IP2-AS1,0.007306993,0.0,2,0
TRAPPC10,-0.10515938,0.0,2,2
TRAPPC3L,0.0028054677,0.0,2,0
TRBV10-3,0.0039893854,0.0,2,0
TRBV7-2,0.055061456,0.0,2,1
TRBV7-6,-0.02208049,0.0,2,1
TREX2,0.0021317431,0.0,2,0
TRIB3,0.015944311,0.0,2,1
TRIM39,0.0056391247,0.0,2,0
TRIM46,0.0018451539,0.0,2,0
TRIM5,0.019352173,0.0,2,2
TRIM50,0.002567528,0.0,2,0
TRIM52,0.009137611,0.0,2,1
TRIM52-AS1,0.0057306387,0.0,2,0
TRIM59,0.01223484,0.0,2,1
TRMO,0.040519834,0.0,2,2
TRMT5,0.050574988,0.0,2,1
TRMT6,0.083529,0.0,2,2
TRNAU1AP,0.031114226,0.0,2,2
TRO,0.01118843,0.0,2,0
TSPOAP1-AS1,0.08349809,0.0,2,2
TTC21A,0.008327599,0.0,2,1
TTC28,0.023710685,0.0,2,1
TTC28-AS1,-0.008784237,0.0,2,2
TTF1,0.020938762,0.0,2,1
TTK,-0.01104777,0.0,2,1
TTPAL,0.01923184,0.0,2,2
TUBB2B,0.0015926104,0.0,2,0
TUBE1,0.074188896,0.0,2,2
TULP3,0.032919407,0.0,2,2
TUT1,0.033387616,0.0,2,2
TWNK,0.015723007,0.0,2,2
TXLNG,-0.005263111,0.0,2,2
TXNRD3,0.0037726667,0.0,2,0
U62317.4,0.026790768,0.0,2,2
U91328.1,0.048346277,0.0,2,0
UBA6-AS1,0.009096962,0.0,2,2
UBE3D,0.025547856,0.0,2,1
UBL7-AS1,0.002411124,0.0,2,1
UBN2,-0.030971115,0.0,2,2
UBTD2,-0.041747406,0.0,2,2
UCHL5,-0.00047749034,0.0,2,2
UCN,0.0018055569,0.0,2,0
UGDH-AS1,-0.009142612,0.0,2,1
UGGT2,-0.04219936,0.0,2,2
UGT2B7,0.03670942,0.0,2,0
UHRF1,-0.08344525,0.0,2,2
ULBP3,0.0008641731,0.0,2,0
UNC50,0.007922705,0.0,2,2
UNC5B-AS1,0.0015161767,0.0,2,0
UNKL,-0.037476227,0.0,2,2
URB1,0.012096071,0.0,2,2
URI1,0.04341058,0.0,2,2
USF3,-0.0069276043,0.0,2,1
USP13,0.0018735084,0.0,2,0
USP21,-0.0039468873,0.0,2,1
USP27X-AS1,0.019257309,0.0,2,0
USP30-AS1,0.026629562,0.0,2,1
USP35,0.046152953,0.0,2,1
USP42,0.061102152,0.0,2,2
USP6,0.03187724,0.0,2,1
UTP15,0.0031427266,0.0,2,0
VAMP1,0.0044102753,0.0,2,0
VCAN,-0.0016839299,0.0,2,2
VILL,0.032454725,0.0,2,1
VKORC1L1,0.062362473,0.0,2,2
VLDLR,0.010383134,0.0,2,0
VPS33A,-0.032913644,0.0,2,2
VPS33B,0.025947237,0.0,2,1
VWA1,0.0026149612,0.0,2,0
WARS2,0.023539871,0.0,2,1
WARS2-AS1,0.0035101913,0.0,2,1
WDHD1,0.026179263,0.0,2,1
WDR3,0.0063899173,0.0,2,1
WDR5,-0.035632458,0.0,2,2
WDR53,0.0071113277,0.0,2,1
WDR76,0.0042436346,0.0,2,0
WDR92,0.046887785,0.0,2,1
WDR97,0.039393496,0.0,2,0
WDYHV1,0.00018765249,0.0,2,1
WEE2-AS1,0.006783327,0.0,2,0
WFS1,0.051436406,0.0,2,1
WIZ,0.02982079,0.0,2,2
WNT5A,0.100004554,0.0,2,2
WNT5B,0.002333869,0.0,2,0
WNT6,-0.003288078,0.0,2,1
WRAP53,-0.025950365,0.0,2,1
WSB2,-0.02911554,0.0,2,2
WTIP,0.023328498,0.0,2,0
WWC1,0.0108754,0.0,2,0
XRCC2,0.019745164,0.0,2,1
XYLT1,-0.0051741446,0.0,2,1
YJEFN3,0.015427645,0.0,2,0
YOD1,-0.00635691,0.0,2,1
YPEL1,-0.0024187614,0.0,2,2
YTHDF3-AS1,-0.01194748,0.0,2,1
Z94721.1,0.0027762915,0.0,2,1
Z94721.3,0.013896386,0.0,2,0
ZBED4,-0.041834783,0.0,2,2
ZBED6,0.0025992577,0.0,2,0
ZBED8,-0.011828936,0.0,2,1
ZBP1,0.010275703,0.0,2,2
ZBTB10,-0.005245728,0.0,2,2
ZBTB2,0.042609304,0.0,2,2
ZBTB22,0.031211669,0.0,2,2
ZBTB40,0.0488549,0.0,2,2
ZBTB45,0.04297881,0.0,2,2
ZBTB47,0.0036643967,0.0,2,1
ZC2HC1A,-0.019601567,0.0,2,2
ZC3H11B,0.0037554735,0.0,2,0
ZC3H18,0.0004710704,0.0,2,2
ZC3HAV1L,0.004178284,0.0,2,0
ZC3HC1,-0.0123252375,0.0,2,1
ZCCHC14,0.011325697,0.0,2,2
ZCCHC17,0.05199885,0.0,2,2
ZCCHC3,0.016622351,0.0,2,2
ZDHHC17,0.040026862,0.0,2,1
ZDHHC2,-0.027191319,0.0,2,2
ZDHHC5,-0.017285356,0.0,2,2
ZEB1,0.0069312323,0.0,2,1
ZEB2-AS1,0.011413203,0.0,2,1
ZFAND2B,-0.04234988,0.0,2,2
ZFHX2,0.0049791434,0.0,2,2
ZFP1,0.013233252,0.0,2,1
ZFP14,-0.03155984,0.0,2,2
ZFP41,0.058763776,0.0,2,2
ZFP64,0.008657289,0.0,2,2
ZFP82,0.06782729,0.0,2,1
ZHX3,-0.023161368,0.0,2,1
ZKSCAN2,-0.0038900028,0.0,2,1
ZKSCAN3,0.015490712,0.0,2,1
ZKSCAN5,-0.010289264,0.0,2,2
ZMYND12,0.0037894838,0.0,2,0
ZNF101,0.0036669467,0.0,2,1
ZNF12,0.04599033,0.0,2,2
ZNF121,0.024131589,0.0,2,2
ZNF132,-0.012491063,0.0,2,1
ZNF133,-0.020898663,0.0,2,2
ZNF134,0.02631562,0.0,2,2
ZNF136,0.019941263,0.0,2,1
ZNF14,0.011931088,0.0,2,1
ZNF142,-0.011893491,0.0,2,2
ZNF143,0.017748674,0.0,2,2
ZNF155,0.0023594813,0.0,2,0
ZNF165,0.0014709883,0.0,2,0
ZNF174,0.022291021,0.0,2,1
ZNF18,0.015573348,0.0,2,2
ZNF185,-0.017296754,0.0,2,1
ZNF2,0.0043713883,0.0,2,0
ZNF200,0.007746466,0.0,2,1
ZNF202,0.033523913,0.0,2,1
ZNF205,-0.0062713376,0.0,2,2
ZNF213,0.020227544,0.0,2,1
ZNF223,0.06719686,0.0,2,1
ZNF225,0.0061431094,0.0,2,0
ZNF229,0.0023584,0.0,2,0
ZNF235,0.030243685,0.0,2,1
ZNF239,0.015343055,0.0,2,0
ZNF264,-0.0033649914,0.0,2,2
ZNF266,0.008309445,0.0,2,1
ZNF280B,-0.0016632766,0.0,2,1
ZNF283,-0.0024156251,0.0,2,1
ZNF284,0.002807447,0.0,2,0
ZNF287,0.0036942735,0.0,2,0
ZNF304,-0.0038542496,0.0,2,1
ZNF311,0.0040941318,0.0,2,0
ZNF316,-0.04842232,0.0,2,2
ZNF324,0.020828769,0.0,2,1
ZNF334,0.0020963699,0.0,2,1
ZNF341,0.0509896,0.0,2,2
ZNF345,0.019086597,0.0,2,2
ZNF347,0.0010776492,0.0,2,2
ZNF354B,0.008509198,0.0,2,0
ZNF395,0.013000745,0.0,2,2
ZNF404,0.0057176487,0.0,2,1
ZNF426,-0.059131604,0.0,2,2
ZNF429,-0.017250393,0.0,2,2
ZNF43,0.0019368486,0.0,2,2
ZNF433,0.06441547,0.0,2,1
ZNF441,0.04360993,0.0,2,1
ZNF442,0.010714364,0.0,2,1
ZNF445,0.0734264,0.0,2,2
ZNF446,0.0024744933,0.0,2,0
ZNF45,0.046044584,0.0,2,1
ZNF460,0.0018723706,0.0,2,1
ZNF461,-0.011985858,0.0,2,1
ZNF48,0.0051586577,0.0,2,0
ZNF501,0.025994016,0.0,2,2
ZNF506,-0.035925865,0.0,2,2
ZNF512B,0.003139129,0.0,2,2
ZNF513,-0.052436817,0.0,2,2
ZNF517,-0.0026855508,0.0,2,2
ZNF529-AS1,0.02250073,0.0,2,0
ZNF543,0.0021798455,0.0,2,0
ZNF547,0.03185136,0.0,2,1
ZNF549,0.05622739,0.0,2,2
ZNF555,-0.0047666454,0.0,2,1
ZNF563,0.006008647,0.0,2,1
ZNF565,0.0055998075,0.0,2,0
ZNF570,0.028339406,0.0,2,2
ZNF571,0.0018635332,0.0,2,0
ZNF582-AS1,0.0020812324,0.0,2,0
ZNF584,0.0017671114,0.0,2,0
ZNF587B,0.017248638,0.0,2,1
ZNF595,0.0066408184,0.0,2,1
ZNF596,0.014570382,0.0,2,1
ZNF606,0.003445994,0.0,2,1
ZNF616,-0.0043588756,0.0,2,1
ZNF619,-0.02171729,0.0,2,1
ZNF628,-0.041072655,0.0,2,2
ZNF649,0.025122711,0.0,2,1
ZNF660,-0.0053451825,0.0,2,1
ZNF665,0.002302948,0.0,2,0
ZNF677,0.037265535,0.0,2,2
ZNF678,0.018369589,0.0,2,1
ZNF680,0.024072891,0.0,2,2
ZNF682,-0.025746917,0.0,2,2
ZNF684,-0.045516986,0.0,2,2
ZNF692,0.0010443361,0.0,2,1
ZNF703,-0.012478526,0.0,2,2
ZNF709,0.0018299961,0.0,2,0
ZNF713,0.022607313,0.0,2,0
ZNF717,0.00022082093,0.0,2,1
ZNF718,0.069822915,0.0,2,2
ZNF724,-0.018936038,0.0,2,2
ZNF75D,0.056932624,0.0,2,1
ZNF763,0.06531533,0.0,2,1
ZNF771,0.019485684,0.0,2,2
ZNF776,0.049527626,0.0,2,2
ZNF777,-0.00782782,0.0,2,1
ZNF783,-0.047927577,0.0,2,2
ZNF784,0.025874307,0.0,2,0
ZNF79,-0.050660435,0.0,2,1
ZNF792,0.007319439,0.0,2,0
ZNF799,0.010436143,0.0,2,1
ZNF8,0.0018897033,0.0,2,0
ZNF804A,0.07693911,0.0,2,2
ZNF816,0.005290138,0.0,2,1
ZNF823,0.023496306,0.0,2,1
ZNF83,0.024596209,0.0,2,2
ZNF830,-0.026613692,0.0,2,2
ZNF836,0.005694849,0.0,2,0
ZNF875,0.09235389,0.0,2,2
ZNF888,0.044808347,0.0,2,1
ZNF891,0.025488975,0.0,2,1
ZNRF1,0.004005825,0.0,2,0
ZRANB3,0.0013408969,0.0,2,0
ZSCAN20,-0.027579695,0.0,2,2
ZSCAN26,0.015035999,0.0,2,1
ZSCAN30,0.063000955,0.0,2,2
ZSWIM3,0.004021559,0.0,2,0
ZSWIM4,-0.019100418,0.0,2,2
ZSWIM8-AS1,0.015627263,0.0,2,1
ZUP1,0.04096378,0.0,2,2
ZXDB,0.00476064,0.0,2,1
SFXN1,0.0012365481,-2.1912158e-05,2,3
LYL1,0.056443673,-3.5077333e-05,2,3
PRKCI,0.025948478,-5.535595e-05,2,3
TMEM42,-0.06124526,-6.337464e-05,2,3
FUT11,-0.048472036,-0.0001619216,2,3
GTF2H4,0.0053243614,-0.0001619216,2,3
ZDHHC20,-0.09950649,-0.00017736107,2,3
SMUG1,-0.009618585,-0.00018672273,2,3
LRRCC1,0.020699985,-0.00024864823,2,3
CENPH,0.005074004,-0.00025615934,2,3
LACTB2,0.08420238,-0.00028821826,2,3
CTBS,0.040329415,-0.00030379742,2,3
C15orf40,-0.025732053,-0.00030878186,2,3
MPRIP,0.007561644,-0.00031662732,2,3
AUH,-0.07432458,-0.00034391042,2,3
PLRG1,0.029239297,-0.00035182014,2,3
KLHDC10,0.0054678395,-0.00036531687,2,3
BLOC1S6,-0.061831694,-0.0003915727,2,3
CYP20A1,0.04052628,-0.00039158016,2,3
NPIPB4,-0.030892998,-0.00041706348,2,3
SENP2,0.05034958,-0.00043161958,2,3
CBY1,0.013983421,-0.0004754085,2,3
NOLC1,-0.028697997,-0.0004804656,2,3
DDX42,0.014325321,-0.00048057735,2,3
INTS8,0.01481047,-0.00048331916,2,3
CASP8,0.031134576,-0.0004975721,2,3
CLSPN,0.035871625,-0.000518905,2,3
CCDC144A,-0.018459374,-0.0005452316,2,3
C4orf46,0.047479402,-0.00059239473,2,3
PIP4K2C,0.007589529,-0.000593761,2,3
SHISAL2A,0.020703027,-0.00059821457,2,3
SLC12A2,0.007847043,-0.00060815085,2,3
PALLD,-0.00302428,-0.0006083101,2,3
RFC3,0.028137142,-0.00061031897,2,3
AC015871.1,0.001718449,-0.0006484911,2,3
ATG14,-0.014105557,-0.00065614656,2,3
DYNC1LI2,0.11499193,-0.00066835433,2,3
KIAA1586,-0.01944599,-0.000678353,2,3
ZNF518B,0.0061811865,-0.0007029921,2,3
BCL2L2,-0.009771653,-0.0007338831,2,3
DUSP4,-0.030382058,-0.0007360466,2,3
ABT1,0.03288571,-0.0007434003,2,3
TFB2M,0.012567151,-0.00077083334,2,3
GRAMD1A,-0.10693004,-0.0007772818,2,3
AK4,-0.019794522,-0.00079364376,2,3
RPAP2,0.021431357,-0.00079420954,2,3
AC083862.3,-0.049335767,-0.0008068774,2,3
VPS26C,0.04391387,-0.00080883875,2,3
ZNF81,0.046325203,-0.0008176798,2,3
CAMSAP1,-0.03844483,-0.00082337856,2,3
PAXBP1,0.054185897,-0.00085681863,2,3
TIMM21,0.0058804103,-0.00089343823,2,3
TRERF1,0.03212927,-0.0008978527,2,3
LSM14B,0.02282696,-0.00091463886,2,3
FOXRED1,0.015764339,-0.00092398,2,3
ACADS,-0.0010335682,-0.000931941,2,3
PSMG3-AS1,0.022451421,-0.0009672912,2,3
C12orf45,-0.010344052,-0.00096821785,2,3
TBCK,0.01588499,-0.000970345,2,3
DIDO1,0.039001558,-0.00097356364,2,3
EEF1AKMT3,0.05003929,-0.0009769937,2,3
TPK1,0.021908745,-0.0009796619,2,3
DOCK8-AS1,0.025382938,-0.0010045865,2,3
BFAR,0.03501345,-0.001060266,2,3
KLHL6,0.008108541,-0.0010851622,2,3
SLC9A8,-0.022477875,-0.0010927543,2,3
ZNF668,-0.012602989,-0.0011112927,2,3
DMAP1,0.0053011426,-0.0011469796,2,3
ARL10,0.03777511,-0.0012071002,2,3
AGA,-0.0034090776,-0.001220081,2,3
ANAPC15,-0.013404795,-0.0012386069,2,3
PFDN4,0.05956154,-0.0012509674,2,3
ATMIN,0.0046687326,-0.0013059117,2,3
RLF,0.039132442,-0.0013092607,2,3
ICMT,0.05892541,-0.00132557,2,3
DNHD1,0.037266802,-0.001325883,2,3
CHP1,-0.042826246,-0.0013462603,2,3
GLRX2,0.010052542,-0.0013604313,2,3
EED,0.022743097,-0.0013664588,2,3
MKI67,-0.0044166073,-0.0013875181,2,3
OLMALINC,0.0039719366,-0.0013919473,2,3
MCM4,0.032194763,-0.0013967697,2,3
SENP5,0.06036338,-0.0014037788,2,3
ADGRE2,0.051400576,-0.0014066324,2,3
ATXN7L3,0.027353613,-0.0014302209,2,3
TGM2,0.018790428,-0.0014442578,2,3
LINC01684,-0.0017656647,-0.0014575031,2,3
CPOX,-0.002234701,-0.0014610309,2,3
SLFN13,0.0062207505,-0.0014761509,2,3
FAM89A,-0.008544408,-0.0014835428,2,3
PEX19,-0.017788462,-0.0014854744,2,3
POLR1B,0.013627383,-0.0015084008,2,3
RBL1,0.038513485,-0.0015301406,2,3
SMIM3,0.057049226,-0.0015733205,2,3
ZDHHC6,0.012917478,-0.0015803948,2,3
PON2,0.006468723,-0.0015922002,2,3
SNRK,0.0057896427,-0.0016005784,2,3
FAM114A2,0.00034955642,-0.0016256087,2,3
LONRF1,-0.024404371,-0.0016314182,2,3
MAN2A2,0.010107047,-0.0016548932,2,3
RELL2,0.0094077755,-0.0016583838,2,3
CD2BP2-DT,-0.00031871535,-0.0017266106,2,3
LINC00662,-0.089082964,-0.0017496496,2,3
ARFGEF2,-0.019541105,-0.0017699674,2,3
GCLC,0.009848848,-0.0017782841,2,3
RAB5B,0.0072833337,-0.0017784089,2,3
ZNF814,0.013543089,-0.0017796364,2,3
SPATA5L1,0.057877917,-0.001787181,2,3
ZNF780B,0.013097246,-0.0017882176,2,3
PIGF,0.0028671648,-0.0017921701,2,3
MBOAT7,0.025896678,-0.0017949007,2,3
RTL8A,0.056390613,-0.0018456131,2,3
DYRK1A,-0.06912309,-0.0018734224,2,3
ZNF622,-0.008777775,-0.0019066446,2,3
DIPK1A,0.0019753687,-0.0019315742,2,3
SUCO,-0.06289338,-0.0019504577,2,3
SNRNP48,-0.0021225612,-0.0019837804,2,3
SOS2,0.014253404,-0.0020000823,2,3
THTPA,-0.013987956,-0.0020277537,2,3
PAX8-AS1,-0.02019853,-0.0020322204,2,3
AC015912.3,0.044797953,-0.0020504182,2,3
B4GALT4,0.10451614,-0.0020547956,2,3
ZNF587,-0.0071932673,-0.002087323,2,3
CPPED1,0.077886336,-0.002125658,2,3
USP6NL,0.037108783,-0.002135843,2,3
KLHL20,0.001999135,-0.0021367967,2,3
MMS19,0.08666694,-0.0021548085,2,3
FAH,0.045801554,-0.0022217743,2,3
FAF1,0.010153457,-0.0022528619,2,3
HARS2,0.017958576,-0.0022539608,2,3
EXT2,-0.029668733,-0.0022621863,2,3
KNSTRN,0.011225939,-0.002266158,2,3
AGO2,0.02833718,-0.0023271237,2,3
LONRF3,0.04595827,-0.0023307023,2,3
TMA16,-0.009742181,-0.0023607109,2,3
GTDC1,0.0015730424,-0.0023728684,2,3
CCDC86,-0.052099068,-0.002390474,2,3
CASP7,0.0032726352,-0.0023957212,2,3
KCTD3,0.07895401,-0.0023973063,2,3
TTC14,0.056164224,-0.0023986176,2,3
OSGEP,-0.028489524,-0.0024325997,2,3
TMEM273,0.020136537,-0.0024481453,2,3
KRIT1,0.04994301,-0.0024680942,2,3
NOP14,0.033054117,-0.0025016703,2,3
CBR3,0.011858836,-0.0025075004,2,3
EEF1AKMT1,0.0044223666,-0.0025079008,2,3
ZC3H6,0.0032226767,-0.002536364,2,3
ANGPTL4,0.023710875,-0.002543205,2,3
VAV2,0.06345672,-0.0025437279,2,3
NOTCH1,0.017173478,-0.0025530607,2,3
ZNF333,0.0031933237,-0.0025532953,2,3
MAGED2,0.0033930466,-0.0025603846,2,3
THAP3,0.0056911595,-0.002560392,2,3
WDR54,0.032370698,-0.0025696438,2,3
TSPYL5,-0.008588642,-0.0026283157,2,3
ACYP1,0.055811893,-0.0026658773,2,4
NKIRAS1,0.0047907955,-0.002673164,2,3
NT5DC1,-0.024595028,-0.0026746914,2,3
MOSMO,-0.055270065,-0.002683349,2,3
PHTF1,0.019887714,-0.0026918463,2,3
AC010642.2,-0.025268828,-0.0027127191,2,3
CSTF2,-0.002877092,-0.0027529355,2,3
GNPNAT1,-0.018844558,-0.002753839,2,3
ZNF773,0.006724227,-0.0027614515,2,3
SLC25A44,0.013774053,-0.0027691051,2,3
CCNYL1,-0.03634898,-0.0027827136,2,3
C17orf58,0.024194458,-0.0028178133,2,3
FBXO8,0.012796734,-0.0028270725,2,3
DNAL1,-0.07783975,-0.0028336048,2,3
RBFA,-0.010937515,-0.002884632,2,3
NUDT4,-0.009709191,-0.0029324181,2,3
TMEM268,0.007520281,-0.0029385537,2,3
FAM114A1,-0.037323907,-0.002952218,2,3
RIC1,0.05096587,-0.0029688142,2,3
PIP4P2,-0.02478852,-0.0029793754,2,3
ARL17A,0.0014687901,-0.0029907278,2,3
NMRAL1,-0.006255983,-0.003012143,2,3
FBXO21,-0.017950563,-0.0030309819,2,3
SLC25A16,0.016313301,-0.0030887015,2,3
PPP1R8,0.010394958,-0.0031011254,2,3
GATAD1,0.016304918,-0.0031599402,2,3
DPH7,-0.002892961,-0.003166806,2,3
HDHD3,0.028043946,-0.003172204,2,3
USP18,0.034650933,-0.0031817183,2,3
PIK3CB,0.069208525,-0.003184002,2,3
ZNF260,-0.012272596,-0.003186224,2,3
THG1L,-0.020889139,-0.003189072,2,3
TEN1,0.052496646,-0.0031911787,2,4
MED9,0.01206323,-0.0031983284,2,3
ATG4C,0.0013123546,-0.0032005534,2,3
FNDC10,0.0073731393,-0.0032515554,2,3
CYP4V2,0.0016625883,-0.0032609329,2,3
RSAD1,0.06944139,-0.0032771155,2,3
POP4,0.022487313,-0.003277555,2,3
NAXE,-0.013455923,-0.003289111,2,3
ARHGEF40,0.013000473,-0.0032915324,2,3
SYNE2,0.045784816,-0.0032922905,2,3
BRIX1,-0.007926633,-0.0032992326,2,3
AGAP4,0.05543642,-0.0033210823,2,3
FCHO1,-0.0010084584,-0.0033352133,2,3
RPP25,0.093855284,-0.0033512935,2,3
MIR22HG,0.027578657,-0.0033630729,2,3
ATXN7,0.095763326,-0.003366463,2,3
TLNRD1,0.02940359,-0.0033668205,2,3
ZNF490,0.053796932,-0.0033873916,2,3
MAD2L2,-0.04995129,-0.0034018084,2,3
ESYT2,0.048116814,-0.0034074895,2,3
WDR27,0.04653028,-0.0034123133,2,3
CANT1,-0.023333699,-0.003420733,2,3
SIK3,0.06416157,-0.0034579374,2,3
NEK7,0.10519623,-0.003464274,2,3
NEDD4L,-0.07300572,-0.0034824722,2,3
ZNF433-AS1,-0.019180696,-0.00348855,2,3
INTS2,0.007652079,-0.0035190694,2,4
SLC25A43,0.05443324,-0.0035359673,2,3
AC097534.2,-0.007063061,-0.0035375524,2,3
CCNK,0.0063328533,-0.0035605207,2,3
DNAJC19,-0.06009959,-0.0035605207,2,3
RAPGEF6,-0.038752854,-0.0035605207,2,3
AC025171.2,0.0069841743,-0.0035630148,2,3
ZNF85,0.023461947,-0.0035722256,2,3
FHL3,0.047937095,-0.003629692,2,4
SNHG5,-0.030307919,-0.0036473572,2,3
PRIM1,0.005106777,-0.0036641601,2,3
TPCN2,0.0081287315,-0.0036821477,2,3
ZBTB39,-0.031388376,-0.0036928947,2,3
LTO1,-0.054099977,-0.0037135351,2,3
COX18,0.003083763,-0.0037261862,2,3
GPR107,-0.056644652,-0.0037999935,2,3
HIF1AN,0.015103006,-0.0038049817,2,4
DNPEP,0.047046404,-0.0038064122,2,3
CEP41,-0.04205738,-0.0038312413,2,3
MRPS2,-0.021588763,-0.0038612597,2,3
MTFR1L,-0.084342934,-0.0038944632,2,3
AC127502.2,-0.01390934,-0.0039356574,2,3
DDX10,0.04147195,-0.003937632,2,3
NBPF15,-0.00021374474,-0.0039460007,2,3
ARMCX2,-0.036721904,-0.003952101,2,3
CRIP2,0.03896978,-0.0039647836,2,3
MRPS23,0.077626444,-0.003984876,2,3
TWSG1,0.027627716,-0.0039921086,2,3
ERICH1,0.09768204,-0.0040207803,2,3
ST3GAL5,-0.07312218,-0.004025586,2,3
SAV1,-0.031524155,-0.0040709786,2,3
EP400,0.029576585,-0.0040845647,2,4
TMEM106A,-0.042944875,-0.004107602,2,3
FAM172A,0.12102821,-0.00411034,2,3
RNF41,0.049159575,-0.0041119754,2,3
H2AFY2,-0.005458396,-0.0041127466,2,3
GOSR1,0.04141163,-0.0041163415,2,3
PPCDC,0.011478815,-0.004146192,2,3
RAB4B,0.06485311,-0.0041964576,2,3
INO80E,0.011885598,-0.00419908,2,4
ATR,0.0630505,-0.004222963,2,3
TMEM71,-0.011786784,-0.0042392816,2,3
KDSR,-0.03377362,-0.004244607,2,3
PVT1,-0.00724275,-0.0042984635,2,3
PAICS,-0.040484328,-0.0043261796,2,3
NFRKB,0.061012838,-0.004343627,2,3
GYG1,0.053046625,-0.004354559,2,4
BPGM,0.00051193935,-0.00438005,2,3
ZNF736,0.11775252,-0.0043919627,2,3
ACBD3,0.0006295641,-0.004399568,2,3
ZDHHC24,-0.021958193,-0.0044031963,2,3
RNF185,0.03232456,-0.004415553,2,3
N4BP1,0.09104889,-0.004420638,2,3
ZNF189,-0.00053467724,-0.004447777,2,3
SLC2A8,0.039814737,-0.0044484884,2,3
RPIA,0.07118116,-0.0044560693,2,3
CCNB1IP1,-0.01612187,-0.004488528,2,3
PILRB,0.0032114286,-0.0044913404,2,3
GCSH,-0.08288153,-0.004494384,2,3
PSIP1,-0.015585135,-0.0045182407,2,3
CBL,-0.09798765,-0.00453604,2,3
RARA,-0.0076720156,-0.004555803,2,3
LINC01504,0.0022002805,-0.0045737084,2,3
RABGEF1,-0.008689796,-0.0045895167,2,3
WDR45,0.0007439628,-0.0046069548,2,3
SNX11,0.06932667,-0.004619468,2,3
C9orf64,0.03290031,-0.0046314904,2,3
DNAJB4,0.023079297,-0.0046407264,2,3
UCKL1,-0.08490691,-0.00473145,2,3
CWC27,0.012900554,-0.00473243,2,3
STK35,0.07802452,-0.0047500134,2,3
SETD2,-0.013702189,-0.0047912,2,3
ZCCHC8,0.031729728,-0.004797239,2,3
CDK2AP1,0.09668074,-0.0048051104,2,4
COPG1,0.010162626,-0.0048146844,2,3
AGTPBP1,0.016320711,-0.004818313,2,3
ATPAF2,-0.11561664,-0.0048306696,2,3
G6PC3,0.05776893,-0.0048331246,2,4
SEPTIN10,0.04858616,-0.0048400313,2,3
ARID5B,0.017070014,-0.0048496947,2,3
IDH3A,-0.015625296,-0.0048914254,2,3
ZNF880,-0.039872248,-0.004896257,2,3
NUDT9,0.038561393,-0.0049236454,2,3
NUBPL,0.020819368,-0.0049540447,2,3
ZRANB1,-0.096357025,-0.0049994476,2,3
MAP3K7,0.024986288,-0.005004935,2,3
MCEE,0.039484765,-0.005006794,2,3
RBM15,0.043451104,-0.0050092004,2,3
FRG1,-0.070668474,-0.0050365143,2,4
ADSSL1,-0.10437096,-0.0050490983,2,3
PLD1,0.014521767,-0.005070165,2,3
FAM53B,0.029224405,-0.0050719976,2,4
BUD13,0.022558197,-0.0050727334,2,4
FBXW4,0.0730549,-0.0050761774,2,3
TIGD5,-0.06127569,-0.0050901636,2,3
LINC01268,0.0036504369,-0.005168177,2,3
MUL1,0.020865912,-0.0052090716,2,3
RAD17,-0.019200599,-0.0052153165,2,3
SETDB1,0.06269822,-0.0052341297,2,4
IFRD1,0.00791641,-0.0052348673,2,3
MICU2,-0.06763279,-0.0052523576,2,3
ASNSD1,-0.017992469,-0.0052718967,2,3
NUDT19,0.014961508,-0.005299071,2,4
LXN,-0.03931957,-0.005301051,2,3
DCP1A,-0.00093189627,-0.005328901,2,3
HSD17B7,-0.0032269657,-0.0053477734,2,3
LMBRD2,-0.023642436,-0.0053625423,2,3
MED17,0.04486586,-0.005373368,2,3
U2AF1L5,0.0150002865,-0.0053746775,2,3
VIPAS39,-0.019501518,-0.0054100584,2,3
HNRNPH2,0.015662955,-0.005415626,2,3
ZNF564,-0.067842536,-0.00546832,2,3
CFB,-0.007520566,-0.0054749288,2,3
BOLA2,-0.033795364,-0.0055097267,2,3
SULF2,0.015613816,-0.0055103973,2,3
FN3KRP,-0.0011723358,-0.005524423,2,3
C2orf49,0.04812621,-0.0055316687,2,3
WDR37,0.025805831,-0.0056060404,2,3
YARS,-0.01935339,-0.00563306,2,3
BLOC1S2,-0.0015672147,-0.0056482106,2,3
BLZF1,0.048554536,-0.0056755925,2,3
CERK,0.13730453,-0.0056961514,2,4
MAD2L1BP,0.007628826,-0.0057967473,2,3
NUDT2,0.0077864104,-0.0058015436,2,3
KYNU,0.082884446,-0.005874075,2,3
USP39,0.008678249,-0.0058988705,2,3
NSMCE3,-0.027155181,-0.00597018,2,3
TSSC4,0.045271978,-0.0059929565,2,3
SHC1,-0.0106396675,-0.0060120933,2,3
MTF2,-0.05700588,-0.006020665,2,4
FBXO42,0.09797656,-0.006026566,2,3
TXN2,-0.012058596,-0.0061181635,2,4
C16orf87,0.019431842,-0.0061401445,2,3
BROX,-0.019828023,-0.0062038526,2,3
FBXO44,-0.035569053,-0.0062163584,2,3
UTP11,0.009761323,-0.0062356777,2,3
ACY1,0.05826698,-0.006251283,2,3
TAF1C,-0.056612264,-0.0062890872,2,3
ZNF444,-0.020722872,-0.0062973313,2,3
PRR14L,0.12754647,-0.006304726,2,4
BAD,0.013242486,-0.00631883,2,3
DGCR2,-0.053177923,-0.00634788,2,3
ZNF224,-0.0053072684,-0.0063619055,2,3
PSMC6,0.121835135,-0.006365873,2,3
ANKRD40,-0.10526798,-0.0063710734,2,3
STK25,-0.0058687576,-0.006431684,2,3
WDPCP,-0.091321625,-0.006441906,2,3
SMARCA4,-0.03386927,-0.0064723194,2,4
ZNF559,-0.027150048,-0.006501708,2,3
CA2,0.05211501,-0.0065065045,2,3
MAP4K3,0.07612989,-0.0065214466,2,3
RRAS,0.037938096,-0.0065449346,2,3
NAA80,0.019865388,-0.006555143,2,3
LRRC47,-0.03909378,-0.0066104215,2,3
WDR74,0.013121183,-0.0066324845,2,3
BTBD1,0.016142728,-0.0066510253,2,3
NFYA,0.026818529,-0.006652897,2,4
ACVRL1,0.015843038,-0.0066795815,2,3
ASB16-AS1,-0.07887006,-0.0066795815,2,3
BCL2L12,0.0021329944,-0.0066795815,2,3
CNBD2,0.017890688,-0.0066795815,2,3
LIME1,-0.010445777,-0.0066795815,2,3
NUDT18,-0.013246491,-0.0066795815,2,3
PCGF2,-0.06522875,-0.0066795815,2,3
RFWD3,0.020949379,-0.0066795815,2,3
RHPN1,-0.04531436,-0.0066795815,2,3
SH2D3C,0.019733055,-0.0066795815,2,3
TCF19,0.005946934,-0.0066795815,2,3
TRAPPC13,-0.040708646,-0.0066795815,2,3
TTC33,0.010382305,-0.0066795815,2,3
UBL4A,-0.018015591,-0.0066795815,2,3
ZNF219,-0.03648518,-0.0066795815,2,3
ZER1,0.030802598,-0.006801039,2,3
ANKRD17,-0.026845954,-0.0068369433,2,3
FCF1,-0.031220263,-0.006841503,2,3
RNASE4,-0.03960726,-0.0068783015,2,3
WDR61,-0.031353656,-0.006930046,2,3
FAM160B1,-0.047595803,-0.0069726426,2,3
PBDC1,-0.104887605,-0.007024355,2,3
CD3E,-0.021552851,-0.0070487615,2,3
SKIV2L,0.015018143,-0.007105138,2,3
SLC35A4,-0.06781679,-0.007111408,2,3
DBP,0.046785355,-0.00712876,2,3
TIMM44,-0.01700992,-0.0071305707,2,3
GTF3C3,-0.02033166,-0.007171573,2,3
SRSF2,0.04188932,-0.007191092,2,4
ZNF33B,-0.03459378,-0.007198127,2,3
C3orf38,0.0065965145,-0.0072061643,2,3
ZNF227,0.035889585,-0.0072294427,2,3
SPTLC1,-0.00229291,-0.0072467513,2,3
MED31,-0.02285926,-0.0072774626,2,3
TCEA2,0.043174755,-0.0073045567,2,3
RAB42,0.0005564938,-0.007366758,2,4
TPRG1,0.007600037,-0.0073863044,2,3
UTP4,0.052292924,-0.0073942,2,3
HDHD2,-0.09558016,-0.0073981956,2,3
JMY,-0.113461114,-0.0073996773,2,3
POMC,0.01714337,-0.007418681,2,3
DHX34,-0.05989036,-0.007436758,2,3
MOB4,-0.05535992,-0.0075154677,2,3
HYPK,0.054753304,-0.0075630955,2,3
USP11,0.009044141,-0.007576667,2,3
CREB3,-0.008937459,-0.0076412447,2,3
TBC1D5,0.084727354,-0.00775069,2,4
SNAPC5,-0.005309587,-0.0077541545,2,3
HSD17B14,0.029466867,-0.0077570155,2,3
RNF4,0.056701113,-0.007759489,2,3
ALOX15B,-0.050857127,-0.0077785933,2,3
SGF29,-0.006523995,-0.0078029074,2,3
HINT2,0.0001971883,-0.007816993,2,3
AC144831.1,-0.024997612,-0.007989473,2,3
NOC3L,-0.01957273,-0.008044276,2,3
SAE1,0.048868075,-0.008056484,2,3
ZFYVE16,0.10222542,-0.0080706775,2,3
GIGYF1,-0.009325893,-0.008129522,2,3
TRAF3IP3,-0.0057647154,-0.008129522,2,3
THOC6,-0.044644594,-0.008139212,2,4
MIF4GD,0.021591997,-0.00814601,2,4
MITD1,-0.037643347,-0.008150112,2,4
PIP5K1B,0.024098994,-0.008240739,2,3
NLRX1,0.041715834,-0.008241999,2,3
CDKN2AIP,0.099949695,-0.008272041,2,3
TRADD,0.04825945,-0.00832694,2,3
THUMPD3,-0.020229744,-0.008329425,2,3
VDAC2,0.09252205,-0.008379221,2,4
ASB8,-0.09581093,-0.008395292,2,3
FP565260.1,0.0059162215,-0.008428611,2,3
PPFIBP1,-0.0654677,-0.008452835,2,3
SDHAF3,-0.008161604,-0.0084544495,2,3
TOB2,0.036865667,-0.008455738,2,3
PCCB,-0.03851292,-0.00848012,2,4
SPPL3,-0.042293936,-0.008535877,2,3
MRPL35,-0.031069009,-0.008548062,2,3
TSPAN31,-0.0046787052,-0.008615691,2,3
IL10RB,-0.0316652,-0.008619003,2,4
OGFOD3,-0.004946865,-0.008716591,2,3
ST3GAL2,0.054087143,-0.008729752,2,3
AQP9,0.01005354,-0.008765906,2,3
MRPL28,-0.003481726,-0.008794047,2,3
KRT18,-0.042220667,-0.008853711,2,3
PDK2,-0.03780638,-0.008900335,2,3
PAQR8,0.08626624,-0.00897388,2,3
RPL35A,-0.121327735,-0.009003639,2,4
QPCT,-0.03011772,-0.0090555195,2,3
SERGEF,-0.017441317,-0.009080837,2,3
UFM1,-0.025031751,-0.009119093,2,3
H6PD,-0.012082011,-0.0091296695,2,3
JMJD4,0.016084502,-0.00916068,2,3
MIR222HG,-0.05795513,-0.009160837,2,3
TMEM203,0.11389426,-0.009161219,2,4
FBXO31,-0.020956442,-0.00917488,2,4
NEPRO,0.003528813,-0.009181388,2,3
SLC35C2,-0.02604823,-0.009200513,2,3
KAT8,-0.008072655,-0.009218425,2,3
HACD2,0.039854195,-0.009267671,2,3
LRRC45,-0.009776755,-0.009268454,2,3
ZDHHC8,0.041779,-0.00928878,2,3
AKIRIN1,0.06273938,-0.009330038,2,3
RUFY2,-0.019194102,-0.009337362,2,3
CCND2,-0.07086379,-0.009406488,2,4
ING2,0.0048044077,-0.009431858,2,3
SNHG30,-0.0029977479,-0.009484448,2,3
CDC123,-0.0302286,-0.009540178,2,3
ZBTB43,-0.0067566433,-0.009558229,2,4
PMM1,-0.07044045,-0.009567982,2,3
ABHD8,0.025683768,-0.009570114,2,3
FXN,-0.106890716,-0.009628672,2,4
ING4,0.03195816,-0.009652285,2,3
TSFM,0.008931782,-0.009663146,2,3
TTC7A,0.105390854,-0.009684093,2,4
RTN2,-0.07056486,-0.009758001,2,3
KIAA1191,0.029014358,-0.009917423,2,3
RICTOR,-0.011030879,-0.01001139,2,3
HIBADH,0.047403947,-0.010013135,2,4
EI24,0.01739267,-0.010065645,2,4
DEDD2,0.010827937,-0.010159552,2,3
LRRC8D,-0.08363659,-0.010187615,2,3
SH3BP5-AS1,-0.079007596,-0.01020493,2,3
FBXO25,0.02760844,-0.010216795,2,3
TERF1,0.01704782,-0.010228846,2,3
PIGH,-0.039421212,-0.010240462,2,3
TLE4,-0.03263947,-0.010259781,2,4
SLC35B2,0.027239837,-0.010282036,2,3
OGG1,-0.011743821,-0.010284435,2,3
TMEM30A,-0.0038754742,-0.010348506,2,3
TPD52,-0.031212002,-0.010362335,2,3
TYMS,0.0026930023,-0.010367185,2,3
PRPF19,-0.083103225,-0.010379411,2,3
NOA1,0.020626912,-0.010384418,2,3
MFSD11,0.10080922,-0.0104165,2,3
SSRP1,-0.045489877,-0.010432538,2,3
TMEM14A,-0.0119699165,-0.010472385,2,4
ANAPC13,-0.0145935165,-0.010504246,2,3
ZXDC,-0.008644825,-0.010507967,2,3
PIGBOS1,-0.009436133,-0.010528557,2,3
ITPA,0.04607715,-0.010552071,2,3
CCNQ,0.004495884,-0.010552853,2,4
ZHX1,-0.011213296,-0.010568444,2,3
AP1S1,0.047573134,-0.010588165,2,3
ANAPC16,0.07956285,-0.010594338,2,4
TM2D1,0.038892407,-0.010626018,2,3
SMAD7,0.01131301,-0.010665584,2,4
RUFY3,0.040957537,-0.010667156,2,4
EBPL,-0.08975185,-0.010753838,2,3
FGGY,0.0047779917,-0.010785666,2,4
SDC2,0.028202401,-0.010823328,2,3
TRAPPC8,0.06254331,-0.01084172,2,3
SPTY2D1,-0.0131460065,-0.010855492,2,3
METTL7A,0.13438873,-0.010867491,2,3
SLC5A3,-0.05772306,-0.010905473,2,3
XAB2,-0.053347677,-0.010920942,2,4
PPTC7,-0.18360604,-0.011002045,2,4
JOSD1,0.075840324,-0.011053167,2,3
CMC1,0.016851917,-0.011059448,2,3
ARAP3,-0.08748772,-0.011061387,2,3
CCDC57,-0.066912204,-0.011090584,2,4
TMEM150A,0.104201876,-0.011134457,2,4
TRIM38,0.13051313,-0.011142507,2,4
CPVL,0.1705976,-0.01116398,2,4
UBALD1,-0.016631061,-0.011172067,2,3
MPG,-0.0044416287,-0.011223555,2,4
COA7,-0.06539223,-0.011248163,2,3
TMEM159,0.018062929,-0.0112597365,2,3
MORC3,-0.026035652,-0.011333644,2,3
TCP1,-0.016361468,-0.011392362,2,4
SH3GLB1,-0.06534351,-0.011474833,2,4
PPP3CC,0.026247581,-0.011510683,2,3
OPN3,-0.013584998,-0.011565022,2,3
AP1G2,-0.06927652,-0.011578165,2,3
CCDC25,0.09328169,-0.011578165,2,3
RPL39L,0.011062675,-0.011578165,2,3
CEBPZ,-0.026526349,-0.011642903,2,3
TSR1,-0.02629157,-0.01166437,2,3
DYNLL2,0.05209316,-0.011757962,2,3
ZNF708,0.0029277112,-0.011774201,2,3
INTS6,0.043378662,-0.011839524,2,3
NPC1,-0.057202715,-0.011935886,2,4
MBNL3,-0.018926635,-0.01197364,2,3
OXLD1,0.03653787,-0.011976384,2,4
PPIL2,0.0013739839,-0.012013435,2,3
FASN,-0.049868196,-0.012073517,2,3
JADE2,-0.06872447,-0.012085792,2,3
CLECL1,-0.023481429,-0.0121008605,2,3
HIST1H2AC,0.0052262866,-0.012178861,2,3
CCDC174,-0.0077877394,-0.012322981,2,4
FUZ,0.02264206,-0.012347587,2,3
DNAJC17,-0.033314344,-0.012370089,2,4
CDK5,-0.029572561,-0.012436498,2,3
PPID,0.091806285,-0.012472931,2,4
HCCS,-0.015956823,-0.012515098,2,3
PDRG1,-0.06647421,-0.012524473,2,4
ANKLE2,0.036033694,-0.01261159,2,4
CPSF7,-0.04422174,-0.012633681,2,4
FDX1,-0.03400317,-0.012671173,2,3
COL9A2,-0.023495464,-0.012739018,2,3
ANKRD27,-0.016502513,-0.012766629,2,3
LAP3,-0.024620513,-0.012829542,2,4
LAMTOR2,-0.041103933,-0.012829721,2,4
OSCAR,0.09744301,-0.0129185915,2,4
NUP85,0.026408732,-0.012935847,2,3
ELP2,0.0034251187,-0.013008803,2,4
SNRPB2,-0.00050120923,-0.013054427,2,4
HDDC3,-0.025797585,-0.013057213,2,3
ZNF576,-0.024741577,-0.01308511,2,4
RIC8A,0.021436838,-0.013086475,2,3
SEMA4A,0.07011705,-0.013229314,2,4
MRPL34,0.02071026,-0.013276964,2,4
HSPA4,0.01848953,-0.013301499,2,4
CENPC,-0.078431256,-0.013310183,2,3
NUP160,-0.017069137,-0.013330318,2,4
PURA,-0.076574266,-0.013469495,2,4
NELFB,-0.0054730824,-0.013478823,2,3
SRP68,-0.06931332,-0.013479553,2,4
KMO,0.017035058,-0.013531059,2,3
GTF2A2,0.023041254,-0.013542801,2,4
PPCS,-0.06519422,-0.013673037,2,4
NUDT22,-0.010647434,-0.01369293,2,4
CGGBP1,0.075938135,-0.013723932,2,4
RFC1,-0.053229418,-0.013744503,2,3
ARL3,-0.00021851312,-0.013804875,2,3
PPP1R3B,0.029096736,-0.013825595,2,4
MRPL58,-0.0046138815,-0.013859682,2,3
MDFIC,-0.008730684,-0.013917826,2,3
ASXL2,-0.01097698,-0.013977379,2,3
TPST2,-0.08420179,-0.013982505,2,4
EXOSC4,-0.025224874,-0.014060877,2,3
INTS4,0.044122294,-0.014198933,2,3
NDUFA9,-0.058761716,-0.014211364,2,3
HMGN4,-0.0052702227,-0.0142131,2,3
RUNDC1,0.049662977,-0.0142744705,2,3
CNOT9,-0.057564225,-0.014281321,2,3
XPR1,-0.018882474,-0.014335159,2,4
C2orf74,0.0004720787,-0.014343083,2,3
TMEM255B,0.035906304,-0.01437071,2,3
PARL,0.073083155,-0.014424913,2,4
NLRP1,0.012363295,-0.014436234,2,3
LINC-PINT,-0.06841835,-0.014566004,2,3
EXOSC7,0.0351955,-0.0145763755,2,4
RIPK2,0.04848084,-0.014607411,2,3
C15orf39,-0.019839332,-0.014622264,2,3
EGLN1,-0.016617967,-0.014630318,2,4
CREBL2,-0.041917924,-0.014655188,2,4
ALDH3B1,-0.031336457,-0.014739491,2,4
ANXA11,0.04795455,-0.014818311,2,4
GCA,0.10351431,-0.014971606,2,3
MIR155HG,-0.085600026,-0.015043337,2,4
FAM20A,0.23127349,-0.015056942,2,3
ASH1L,-0.039337587,-0.015073828,2,4
SARS,-0.05369538,-0.015077293,2,3
HACD4,-0.04364273,-0.015101373,2,3
EFCAB2,-0.0102382675,-0.015122868,2,3
PPP2R5A,-0.0101417145,-0.015148066,2,3
ACAA2,0.058676243,-0.015178654,2,4
ANKRD13A,-0.029776307,-0.015229739,2,3
RALBP1,-0.024050623,-0.015243277,2,3
PHLDA1,-0.087440796,-0.015245974,2,3
RCN2,-0.041197438,-0.015248276,2,3
POLR2H,-0.035965934,-0.015265971,2,4
HTATIP2,0.06730202,-0.015278563,2,4
ZNHIT3,0.05188598,-0.015308879,2,4
POLR2C,-0.05187569,-0.015346982,2,4
SRD5A3,0.060320023,-0.015353642,2,3
ZDHHC16,-0.031470176,-0.015355632,2,3
MCCC2,0.03207344,-0.015369806,2,4
DNTTIP2,-0.0340651,-0.015423492,2,4
CD69,0.012173037,-0.015433028,2,3
LINC00324,-0.028856007,-0.015448287,2,3
NRBF2,-0.013609305,-0.015467063,2,4
GAPLINC,-0.0538158,-0.015478866,2,4
COPB1,0.030077308,-0.015481513,2,4
XPA,0.024114301,-0.015577771,2,3
NPDC1,-0.06309781,-0.015602477,2,3
COMMD10,0.057378408,-0.015617322,2,3
TMEM44-AS1,0.00025869906,-0.015709631,2,4
CD33,-0.037936278,-0.01578638,2,4
TSN,-0.054740533,-0.015832976,2,3
AC078883.1,-0.011066473,-0.015854755,2,3
DR1,-0.09603418,-0.01586502,2,3
AP5S1,-0.05470444,-0.01587667,2,4
TMEM50B,-0.011960042,-0.015940256,2,4
UBE2F,0.005747517,-0.01594238,2,4
DOK1,-0.062430378,-0.015987009,2,3
SBF1,0.0016842807,-0.01600841,2,3
PPIE,-0.06133461,-0.016018812,2,4
COG5,-0.038522843,-0.016215548,2,3
FAM216A,-0.028201079,-0.016215548,2,3
PLA2G4A,-0.035174955,-0.016215548,2,3
SKP2,-0.06058536,-0.016215548,2,3
SPRED2,-0.023699699,-0.016215548,2,3
TIMM9,-0.026354648,-0.016215548,2,3
USP38,-0.04274046,-0.016215548,2,3
ZBTB25,0.03582613,-0.016215548,2,3
ZC3H12A,0.015585005,-0.016215548,2,3
ZNF44,-0.08887339,-0.016215548,2,3
ZNF785,-0.02581697,-0.016215548,2,3
PIGL,-0.008692649,-0.016281575,2,3
MAFG,-0.07563994,-0.016290601,2,3
CYHR1,0.067918606,-0.01633744,2,4
TNFSF15,0.04603961,-0.016356334,2,4
GADD45GIP1,0.20208211,-0.016393006,2,4
RACK1,-0.17847456,-0.016393125,2,4
USP16,-0.09355277,-0.016408518,2,4
CHCHD1,-0.028475,-0.016422093,2,3
DRG1,-0.078348465,-0.016442891,2,3
HNRNPH3,0.0438206,-0.016468808,2,3
FGD5-AS1,0.039469536,-0.016593799,2,4
RNF135,-0.08112482,-0.016630039,2,3
AIFM1,0.04574597,-0.016640076,2,3
CIAO2B,0.027331421,-0.016645715,2,4
KLF2,-0.07316148,-0.016688377,2,4
ANKRD10,0.12065988,-0.016696393,2,3
STK19,0.015830634,-0.016732201,2,3
HEATR1,-0.049667288,-0.016760373,2,4
ALDH6A1,-0.05144742,-0.016786922,2,4
ELMO2,-0.043136742,-0.016817354,2,4
CISD1,-0.13272898,-0.016949803,2,4
PDK3,0.00051123154,-0.016985051,2,3
SMIM8,0.079818405,-0.016990332,2,4
SC5D,-0.035847697,-0.01709081,2,3
JAK2,-0.034863472,-0.017130919,2,4
URM1,-0.0056331917,-0.017148852,2,3
NDUFAF4,-0.04017662,-0.017312571,2,3
PIGP,-0.046682168,-0.017315216,2,3
YBEY,-0.052421253,-0.017351173,2,3
HEMK1,0.042937744,-0.017382756,2,4
GSE1,0.027307501,-0.0173999,2,4
TPRKB,0.05631962,-0.017407976,2,4
MED28,-0.030481944,-0.017431833,2,4
IL10RA,-0.07472639,-0.017541409,2,4
CD300C,-0.04344779,-0.017587774,2,4
TMEM63A,0.025201613,-0.017613012,2,3
TIMM13,-0.07313188,-0.017679587,2,4
RNF10,-0.02032035,-0.017688371,2,4
PHPT1,-0.017246237,-0.017730266,2,4
CXXC5,0.097667515,-0.017741561,2,4
NGLY1,-0.028956527,-0.017803475,2,3
CDK5RAP1,-0.009547874,-0.017912952,2,3
UQCC2,0.048132822,-0.017926857,2,4
ASF1B,-0.021643007,-0.01796082,2,3
DDIT3,-0.071576454,-0.017995372,2,3
H2AFV,0.02610897,-0.018006116,2,4
ZDHHC14,0.0041167587,-0.018021647,2,3
HAUS1,-0.06223622,-0.018051405,2,4
PMPCA,-0.0705231,-0.018109202,2,4
AIMP1,-0.026153268,-0.018118136,2,4
ARID4A,0.009539701,-0.018143602,2,3
SDC4,0.005069258,-0.018198173,2,4
RBL2,0.024086796,-0.01819899,2,4
AMD1,0.04234256,-0.018202953,2,3
CBWD1,-0.017760048,-0.018217012,2,4
TRPM7,0.008588125,-0.018259402,2,4
C12orf10,-0.035549004,-0.018282946,2,3
HAGHL,-0.004005144,-0.018311858,2,3
THOC7,-0.0895136,-0.018366039,2,4
MARCKSL1,-0.019066218,-0.018410537,2,3
CLEC4A,0.039519224,-0.018446848,2,4
ZNF791,-0.0438837,-0.018615087,2,4
PPM1F,-0.025115924,-0.018788658,2,4
ZNF3,-0.05799544,-0.01879396,2,3
KEAP1,-0.042824056,-0.01879619,2,4
PAG1,-0.10642808,-0.018849343,2,4
CEP83,0.031032637,-0.018886723,2,4
GATD3B,0.025354154,-0.018974714,2,4
KLHDC8B,0.07334504,-0.019023824,2,3
DOCK11,-0.009586826,-0.019079566,2,3
MCOLN2,0.008215983,-0.019111633,2,3
INTS11,-0.0616451,-0.019329019,2,4
TOM1L2,-0.012755479,-0.019550644,2,3
MID1IP1,-0.06957663,-0.019556865,2,3
WDR43,0.15614466,-0.019626252,2,3
EMC6,0.06454523,-0.019823179,2,4
MRRF,-0.036746442,-0.019829378,2,4
DMAC2L,-0.016793845,-0.019873586,2,4
ACAA1,0.011580254,-0.019907922,2,4
TLN2,-0.080534145,-0.019918798,2,3
RPA1,-0.023011347,-0.019928098,2,4
CIR1,0.01776188,-0.019973949,2,4
NIPA2,-0.017601857,-0.01997916,2,4
CCDC32,0.008337046,-0.019983154,2,4
BRCA2,-0.027736844,-0.020033993,2,3
NRDE2,-0.05092752,-0.020042483,2,3
NUBP1,0.06994177,-0.020119883,2,4
POLR3K,-0.00065458316,-0.020129696,2,4
THAP4,0.002466018,-0.020181425,2,4
PFDN1,-0.063970976,-0.020217434,2,3
AHSA1,-0.0009906167,-0.020276174,2,4
LAPTM4A,0.09673349,-0.020338878,2,4
NUP210,-0.05994454,-0.020424008,2,3
BCL7B,-0.12715329,-0.0204757,2,3
GAPT,0.01389804,-0.020533606,2,3
G6PD,0.05455351,-0.020664923,2,4
CHIC2,-0.0047937334,-0.02068358,2,3
MIB2,-0.029111758,-0.020735856,2,4
DYM,-0.032038096,-0.02075138,2,4
NAB1,0.014717709,-0.020769011,2,3
PHETA1,-0.040196404,-0.020769011,2,3
VPS11,-0.035174828,-0.020769011,2,3
CPEB2,-0.027223045,-0.020774603,2,3
PSMD1,-0.15979624,-0.02078344,2,4
TK1,0.0027879204,-0.020889292,2,3
PIGT,-0.051048785,-0.020893939,2,4
GSR,0.0929066,-0.020934705,2,4
MDP1,-0.034626964,-0.020957071,2,4
SRA1,0.012897673,-0.021008164,2,3
JDP2,0.02159965,-0.021129314,2,4
MAGT1,-0.09230918,-0.021141201,2,4
MRPL4,-0.09384894,-0.021144345,2,4
UBXN4,0.011220485,-0.02118674,2,4
SMG5,0.015305136,-0.021286607,2,4
ORAI1,-0.0006225544,-0.021299496,2,3
ABCE1,-0.019404264,-0.021406531,2,4
SCAMP2,-0.10637357,-0.021624833,2,4
TBC1D23,0.027785817,-0.021671206,2,4
MZT2A,-0.07670992,-0.02168931,2,4
COA5,-0.039592154,-0.021769762,2,3
GCHFR,0.0017195841,-0.021774918,2,4
SETDB2,-0.04285549,-0.021839146,2,3
MSL1,-0.027345682,-0.02184856,2,4
TBCB,-0.008593947,-0.021887437,2,4
PAK1IP1,-0.001772143,-0.022020053,2,4
UMPS,-0.0634089,-0.022027306,2,4
GLOD4,-0.030663589,-0.022038281,2,4
DDX49,-0.022490092,-0.02217324,2,3
DIP2B,-0.026788225,-0.022204157,2,4
GLB1,-0.056487184,-0.022255443,2,4
PRKAG2,0.16977711,-0.02241068,2,4
AMMECR1L,-0.025313145,-0.022438098,2,3
ZNF318,-0.051845163,-0.022438098,2,3
TBC1D2B,0.010137578,-0.022492528,2,4
C6orf120,-0.038506065,-0.02250215,2,4
ELK4,-0.05077197,-0.022512402,2,3
SRSF9,-0.07829732,-0.02258356,2,4
BCL9L,0.0036221594,-0.022605075,2,4
UPF3B,-0.16096492,-0.022660721,2,4
SLU7,0.022145012,-0.02278427,2,4
TGS1,-0.005419875,-0.022805646,2,3
HLA-DQB2,-0.0011584709,-0.022905685,2,4
NUDT1,-0.014964606,-0.022933207,2,4
VASH1,-0.16468255,-0.023189992,2,4
CNN2,-0.02145948,-0.023228284,2,4
RWDD4,0.0013955534,-0.023232121,2,4
RFC2,-0.06334054,-0.02327824,2,4
UBE2I,-0.081980355,-0.02328442,2,4
ZSWIM7,-0.06860009,-0.023290142,2,4
VAC14,0.04041863,-0.023533143,2,4
KCTD20,-0.105356514,-0.023626164,2,4
C5orf56,-0.060212027,-0.023642309,2,3
COPS3,-0.031353023,-0.023659099,2,4
HDAC3,-0.02943025,-0.0237668,2,4
SLC39A13,-0.026746744,-0.023793265,2,3
HPS4,0.10950763,-0.023811452,2,3
CHST14,0.004199212,-0.02385025,2,4
ABI3,-0.10322363,-0.023946509,2,4
MFSD14A,-0.014043358,-0.023979656,2,4
C19orf33,-0.099698685,-0.024063725,2,4
EGLN2,-0.07844954,-0.024175644,2,3
HBP1,-0.047242347,-0.024269022,2,4
HRAS,-0.12984054,-0.024292594,2,3
KIF3B,-0.02542028,-0.024292594,2,3
RABGAP1,0.002222122,-0.02432736,2,4
PRKCH,-0.14861315,-0.024423258,2,4
MRC2,-0.06548602,-0.024425045,2,3
REV3L,0.027859056,-0.024451371,2,4
FUCA2,-0.004568681,-0.024497226,2,3
TMUB2,0.036049176,-0.02450987,2,4
WTAP,0.017297825,-0.024573728,2,4
USP30,-0.10166762,-0.024666714,2,3
CDK6,-0.011408447,-0.024695162,2,4
TRIAP1,0.010355793,-0.024753805,2,3
CRIPAK,-0.05571567,-0.02477367,2,3
FAM189B,-0.050920382,-0.02477367,2,3
BLOC1S5,-0.011376795,-0.024909303,2,4
TAF6,0.009183526,-0.02496938,2,4
SS18,-0.025112063,-0.02501829,2,4
C1orf52,-0.071274616,-0.025027357,2,4
DCTN6,-0.023486013,-0.0252014,2,4
EIF4E2,-0.032238837,-0.025205746,2,4
SPRYD7,-0.013190425,-0.025246147,2,4
POLR3H,-0.034002353,-0.025257055,2,3
MED15,-0.029646223,-0.025413394,2,3
SYPL1,0.020718118,-0.025414178,2,4
ATP5MC1,0.04009612,-0.025430053,2,4
UBE2A,-0.059439596,-0.025489971,2,3
NDUFS8,-0.10114356,-0.025541633,2,4
CCND3,0.04803923,-0.02556464,2,4
RAB34,-0.013685092,-0.025886148,2,4
NRP2,0.045637533,-0.025898471,2,4
PPM1L,-0.000406382,-0.025925545,2,3
SETD9,-0.05374757,-0.025995787,2,4
EIF2AK4,0.008194032,-0.0260043,2,4
MLX,0.052672762,-0.026010923,2,4
ARL5A,0.06558404,-0.026017219,2,3
EIF5,0.07192422,-0.02604656,2,4
Z93241.1,0.019612461,-0.026069406,2,3
NBPF26,-0.048884045,-0.026137657,2,4
TBRG4,-0.043191925,-0.026299726,2,4
LNPEP,0.00936342,-0.02631899,2,4
S100A10,-0.23759238,-0.026320696,2,4
ALKBH5,-0.042379107,-0.026383936,2,3
CENPBD1,-0.040663123,-0.026454384,2,3
GBGT1,0.00250114,-0.026507638,2,3
ACOT8,-0.00017017622,-0.0265891,2,4
ARCN1,-0.03095003,-0.026600286,2,4
SLC39A10,-0.024198053,-0.026659608,2,3
APEX1,0.074799694,-0.026798323,2,4
KRT10,-0.088223666,-0.026859172,2,4
XYLB,-0.038273294,-0.026941365,2,3
NMI,0.022940567,-0.027052453,2,4
CRK,0.17011614,-0.027114995,2,4
UBE2E1,0.10256913,-0.0271575,2,4
SELENOK,0.14722288,-0.027279511,2,4
ACAP3,-0.026182806,-0.027344095,2,4
ALG2,0.059087534,-0.027362484,2,3
EXOSC3,-0.058023397,-0.027448593,2,3
NHP2,-0.07618663,-0.02753751,2,4
CEBPG,-0.024282748,-0.027545154,2,3
MRFAP1L1,0.037145633,-0.027556088,2,4
CORO1C,-0.11556658,-0.027579293,2,4
KHSRP,0.011533509,-0.027606066,2,4
ACOT2,-0.08093331,-0.027698617,2,4
ATP5F1A,-0.032311726,-0.027810067,2,4
VWA5A,-0.03716409,-0.02785869,2,3
MAP4K1,0.015500829,-0.028056435,2,3
MTERF4,-0.046746958,-0.028089598,2,4
PPP4C,-0.028111925,-0.028426215,2,4
VPS29,-0.0030268084,-0.028560951,2,4
BTBD7,-0.04734987,-0.028561246,2,3
STARD7,-0.008099228,-0.028662227,2,3
PLAA,-0.068321705,-0.028693661,2,4
GIHCG,-0.08022431,-0.028768485,2,4
BORCS8,0.0020035815,-0.02896075,2,3
PANK2,-0.041028142,-0.02901186,2,4
C6orf226,0.029312069,-0.029108066,2,4
LINC00174,-0.030606642,-0.029139822,2,3
WASHC5,-0.03649314,-0.029149085,2,3
EIF2S1,0.024904067,-0.02937971,2,4
MCMBP,0.02134647,-0.02938107,2,4
RAB2A,-0.0457785,-0.029463977,2,4
CXorf40B,0.049235452,-0.02966439,2,4
AC092747.4,-0.041031275,-0.02971372,2,3
DDI2,0.062054858,-0.02971372,2,3
NFIA,-0.075338386,-0.02971372,2,3
NT5DC2,-0.04971303,-0.02971372,2,3
RELL1,-0.09113733,-0.02971372,2,3
ELOVL5,-0.03249031,-0.030142378,2,3
DDX6,0.0009541611,-0.030260757,2,4
KDM1A,-0.013454165,-0.030264184,2,4
VEZT,0.027062178,-0.030368444,2,4
AKIP1,-0.0034011703,-0.030454203,2,4
XPC,0.020397387,-0.030673757,2,4
C15orf61,0.029740483,-0.031016814,2,4
NCK1,-0.04573981,-0.03109847,2,3
THAP7,-0.03992322,-0.031154811,2,3
ARL6IP6,-0.030791892,-0.03127765,2,4
CLIC4,0.017627234,-0.03129901,2,4
IMPACT,-0.05998766,-0.03132294,2,3
IRF2,-0.02892104,-0.031378917,2,4
EDC3,-0.012437272,-0.03140697,2,4
SESN1,0.00072147447,-0.031536207,2,4
DDOST,0.12429402,-0.03161455,2,4
TRMT2A,-0.031098275,-0.031699996,2,4
OGA,-0.006635701,-0.031709947,2,4
SNHG6,0.066215135,-0.03177993,2,4
HS1BP3,-0.07362335,-0.031803682,2,3
NBPF14,-0.11030397,-0.031805202,2,3
ADCY3,-0.09631955,-0.031832222,2,3
CDKN2A,-0.003986171,-0.031832222,2,3
CENPS,-0.028448576,-0.031832222,2,3
MT1H,-0.11392883,-0.031832222,2,3
RAB7B,-0.045892555,-0.031832222,2,3
WDR73,-0.0037832286,-0.031832222,2,3
TADA3,0.0023914773,-0.031919837,2,4
USP40,-0.045979828,-0.031979352,2,4
AL499604.1,-0.002969594,-0.03215462,2,3
PPIH,-0.02171292,-0.032163545,2,3
MSRB2,-0.11498449,-0.032238983,2,4
LY86,0.01058044,-0.032307744,2,3
GRWD1,-0.095509835,-0.032430306,2,4
LMNB2,0.015095691,-0.03244163,2,4
MRPL32,-0.08070744,-0.03245391,2,4
TRPM4,0.021400243,-0.03259849,2,4
GALM,-0.08257657,-0.032670453,2,4
MDH1,-0.027090082,-0.032738432,2,4
SMPDL3A,-0.051235985,-0.032738477,2,3
PET100,0.08202217,-0.032744735,2,4
CENPX,-0.01867941,-0.032762133,2,4
DGUOK,-0.021796146,-0.032849744,2,4
NADSYN1,-0.16333188,-0.033020265,2,3
BUD31,-0.032044966,-0.033041224,2,4
MIR29B2CHG,0.0725858,-0.03318456,2,4
PCMTD2,0.027422165,-0.03319659,2,4
MMAB,-0.055270392,-0.03319965,2,3
ZNF480,-0.030518977,-0.03319965,2,3
SIRT6,-0.0065469095,-0.033262238,2,4
NDUFA5,-0.11920709,-0.033368453,2,4
ZNF652,-0.017493226,-0.033373386,2,3
PPP2R2D,0.077552505,-0.033418268,2,4
LRCH1,-0.028626427,-0.033419672,2,4
RNF126,-0.027817925,-0.03342994,2,4
HERPUD2,-0.024105495,-0.03364639,2,4
PDCD6IP,0.10559454,-0.03365034,2,4
PRMT7,0.0114938915,-0.033659995,2,4
PSMA4,-0.04292771,-0.03370759,2,3
ABRAXAS1,-0.042648867,-0.033740766,2,3
FDXR,0.014708345,-0.033740766,2,3
IL18BP,-0.05892386,-0.033740766,2,3
IQSEC2,-0.054275285,-0.033740766,2,3
XYLT2,-0.06633861,-0.033740766,2,3
PRPF39,-0.02539781,-0.03379853,2,4
NDUFAF3,0.021831384,-0.033890665,2,4
SYT11,0.09005177,-0.034026597,2,4
GAS2L1,-0.01283815,-0.03408716,2,4
BTAF1,-0.030518025,-0.03419594,2,3
ACACA,-0.09406969,-0.034268625,2,3
HLA-F,-0.09901411,-0.034294188,2,4
CYB5R4,-0.013051604,-0.034302007,2,4
OTULIN,-0.048656818,-0.034358636,2,3
TNKS2,0.11546887,-0.034596205,2,4
AP000873.2,-0.03733618,-0.03469077,2,4
DYNLT1,0.011771634,-0.034705013,2,4
TMEM37,0.090982355,-0.034708902,2,3
MED4,-0.013255045,-0.034744676,2,4
CSNK1D,-0.0680523,-0.034903347,2,4
CLASP1,0.020910084,-0.03491041,2,4
TSR3,0.008607487,-0.034922354,2,4
DDX41,-0.08065977,-0.034936927,2,4
SNHG12,-0.025907522,-0.034969144,2,4
EBNA1BP2,-0.019812396,-0.03498168,2,4
SF3B2,-0.07246399,-0.034990117,2,4
P2RY11,0.009834993,-0.03506781,2,4
DUSP1,0.0554353,-0.03510976,2,4
NOP10,-0.20684676,-0.03515914,2,4
TMEM127,0.063618936,-0.035182565,2,4
SPEN,-0.084678076,-0.03548096,2,4
SERINC1,-0.022117106,-0.03561738,2,4
YIPF3,0.0015515685,-0.03561773,2,4
ABCF3,-0.13524514,-0.0358331,2,4
LLPH,0.0445098,-0.035885826,2,4
VAPB,-0.040047593,-0.03596794,2,4
COMMD3,-0.016977735,-0.036020584,2,3
RYK,-0.030519634,-0.036039405,2,3
ASCL2,0.11370055,-0.036100492,2,4
NDUFV2,0.077790715,-0.03617668,2,4
ATXN7L3B,-0.015825242,-0.036215086,2,4
TEPSIN,-0.03869157,-0.0362271,2,4
CCPG1,-0.036805533,-0.036237337,2,3
FIS1,-0.06674508,-0.036279038,2,4
TMEM62,-0.1530896,-0.036311425,2,4
C14orf119,-0.0690281,-0.03632638,2,4
TRIM56,-0.03652047,-0.036544062,2,4
IFNAR1,-0.03985211,-0.03662668,2,4
CCDC93,-0.007645493,-0.03667792,2,4
RCE1,-0.03651163,-0.036738914,2,4
UBE2H,-0.17303288,-0.036830343,2,3
WASHC3,-0.015917132,-0.03688553,2,4
SNRPC,-0.0017573735,-0.036974594,2,4
PSMD7,-0.110098846,-0.03714998,2,4
ADPRHL2,-0.01949872,-0.037169226,2,4
PPP4R2,-0.014595767,-0.037380744,2,4
ATP1B1,-0.06533577,-0.03772708,2,4
BAZ1A,-0.0253814,-0.03786491,2,4
ZC3H7A,-0.17949353,-0.037960663,2,4
AC004817.3,-0.030403897,-0.038104296,2,3
BTBD2,-0.058579948,-0.038104296,2,3
ITGB3BP,-0.022643423,-0.038104296,2,3
MAFF,-0.045276746,-0.038104296,2,3
PIGS,-0.05892417,-0.038104296,2,3
TMEM263,-0.032132015,-0.038104296,2,3
UNC5B,-0.025762575,-0.038104296,2,3
USP49,-0.07366469,-0.038104296,2,3
ZNF675,-0.00088723004,-0.038104296,2,3
GUSB,-0.06049834,-0.038181283,2,4
C5AR1,0.0080399765,-0.03824903,2,4
CAMK1D,-0.039177183,-0.03826998,2,4
POP5,-0.05339891,-0.038355578,2,4
MSRB1,-0.06803066,-0.038471814,2,4
MCRIP2,-0.113794275,-0.038542137,2,4
MAF1,-0.15579158,-0.03862582,2,4
CFLAR,0.13697955,-0.038703173,2,4
SDHB,-0.06306098,-0.038708434,2,4
RSF1,-0.057043195,-0.03871639,2,4
TRIM65,-0.036391664,-0.038913697,2,4
CBX5,-0.029487012,-0.038976777,2,4
GPATCH8,-0.103689045,-0.03906163,2,4
SAP18,0.1680801,-0.039102852,2,4
TXNDC12,-0.06570379,-0.039346278,2,4
SNHG1,-0.08743981,-0.039349582,2,4
F8,-0.0622558,-0.039355684,2,3
FAM120B,-0.053541373,-0.039355684,2,3
CEP250,0.06892111,-0.039503433,2,4
UBXN2B,0.0032139968,-0.039532464,2,4
IER5,0.12315061,-0.03955728,2,4
NBPF12,-0.059296567,-0.03968694,2,4
CNIH4,-0.07492319,-0.04005903,2,3
ZFP91,-0.007551089,-0.040135585,2,4
MARK3,0.0014886161,-0.04014059,2,4
RAD21,-0.057270218,-0.040183503,2,4
PRXL2C,0.058403235,-0.04021823,2,4
PCNA,-0.0148826735,-0.04025393,2,4
EIF3E,-0.09558318,-0.040400773,2,3
SDSL,-0.012989454,-0.040434733,2,4
VKORC1,-0.06182303,-0.040456563,2,4
NDUFA4,-0.08491421,-0.04050696,2,4
EIF5A,-0.28750202,-0.04051143,2,4
YPEL3,0.013674378,-0.040589735,2,4
MRPS36,-0.08132818,-0.04063469,2,4
TSPAN3,0.038701165,-0.040642902,2,4
C1orf131,-0.017945766,-0.040656112,2,4
TMEM120A,-0.021876188,-0.04072752,2,4
MTG2,-0.11571241,-0.040766783,2,4
MKLN1,-0.040391546,-0.040793024,2,4
RASGEF1B,0.056838024,-0.04080248,2,4
TEX264,-0.032931227,-0.040947095,2,4
ARPP19,-0.041264996,-0.04119783,2,4
SMS,-0.10827834,-0.04133071,2,4
CDS2,-0.031614922,-0.04143944,2,4
PSMC2,-0.04274456,-0.041617997,2,4
NDUFA11,-0.076138884,-0.04173404,2,4
FBXO22,0.024181055,-0.042000897,2,4
STT3B,-0.05487011,-0.042000905,2,4
NCOA4,0.02453491,-0.042150766,2,4
POLR3A,-0.028879434,-0.042173177,2,4
COX7A2,-0.046620708,-0.042330146,2,4
MRPS21,0.03277902,-0.042337954,2,4
MRPL11,-0.0690652,-0.0424314,2,4
YIPF4,-0.01744563,-0.042661205,2,4
NBEAL2,-0.04700542,-0.04268438,2,4
DNAJC15,-0.039874073,-0.042730406,2,4
CCT4,0.0474306,-0.04282184,2,4
ZNF317,-0.07532156,-0.043004807,2,3
CNEP1R1,-0.07389948,-0.043162238,2,4
EMC3,-0.04983135,-0.043241464,2,4
PSMB8-AS1,-0.010477464,-0.043277875,2,4
SLC25A29,-0.034714993,-0.043279603,2,4
MRPL30,-0.007601917,-0.04331587,2,4
GTF2B,0.004587131,-0.043457843,2,4
PTDSS1,-0.04042801,-0.043459266,2,4
PSMC3,0.05039112,-0.043517936,2,4
LSM5,0.0335678,-0.04354804,2,4
MRPS10,-0.030214759,-0.04365612,2,4
SLC25A25,-0.02141042,-0.043667924,2,4
CASP4,-0.009412375,-0.043717936,2,4
PCBP1,0.11744916,-0.043752223,2,4
PHKG2,-0.026387878,-0.04392843,2,4
DUSP3,-0.035751857,-0.044150583,2,4
ZNF800,-0.093796134,-0.04416622,2,4
PTOV1,-0.0393648,-0.044182442,2,4
CHCHD5,-0.09008392,-0.04422541,2,4
MLST8,-0.04855129,-0.04429213,2,4
SMIM7,-0.05931698,-0.04433573,2,4
PSMD8,-0.17072475,-0.04435338,2,4
SIAH1,-0.039093673,-0.044483762,2,4
CYSTM1,-0.027741633,-0.044486053,2,3
ICAM2,0.016106365,-0.044553213,2,4
MEAF6,0.06531719,-0.044634044,2,4
ERN1,-0.14000352,-0.04463846,2,3
TTF2,-0.04889959,-0.04463846,2,3
METAP1,-0.013741806,-0.04474433,2,4
HSPA8,-0.020954758,-0.044887543,2,4
SUPT16H,-0.06274816,-0.044974282,2,3
HMCES,-0.03695112,-0.045026913,2,4
APTX,-0.015278994,-0.045045644,2,4
DHRSX,0.0022537608,-0.045181498,2,4
SACM1L,-0.15399712,-0.045321606,2,3
GTF2E2,0.026809609,-0.045329094,2,4
SSH2,0.010129243,-0.045436725,2,4
SFI1,-0.014836925,-0.045602687,2,4
TMEM242,-0.0047816336,-0.045738265,2,4
IMP3,-0.024656227,-0.04587236,2,4
CSNK1G3,-0.0718196,-0.045929268,2,3
EDC4,-0.058133785,-0.045929268,2,3
POP7,-0.027160024,-0.04594353,2,4
CUL2,-0.05990158,-0.04597671,2,4
KRR1,-0.060286205,-0.046178214,2,4
PTPRC,0.13140316,-0.04621333,2,4
ACSL3,0.14136498,-0.046250872,2,4
MPHOSPH6,0.006133117,-0.04654442,2,4
PAPOLA,0.012338,-0.04665851,2,4
DECR1,0.0625883,-0.046734586,2,4
UBA2,-0.07955944,-0.04684723,2,4
SNHG3,-0.06531086,-0.046881974,2,3
TRAF3,-0.018197574,-0.04704363,2,4
CHML,-0.05362943,-0.047106687,2,4
PNRC2,-0.045882847,-0.04711634,2,4
UBE2D1,-0.012903755,-0.047165073,2,4
TTC38,-0.028253237,-0.04744395,2,4
RELT,-0.026672563,-0.04750194,2,4
SELENOS,-0.028621653,-0.04752502,2,4
TSC22D3,0.09217628,-0.047567844,2,4
ARRDC4,-0.030106535,-0.04763622,2,4
KMT2E,0.11054069,-0.047935918,2,4
OSBPL8,0.059744626,-0.04800044,2,4
SSU72,-0.0934863,-0.04810612,2,4
PDSS2,-0.09852595,-0.048139088,2,4
PSMC1,-0.0047371886,-0.048216112,2,4
MRPS28,-0.08961913,-0.048439816,2,4
HSD17B12,-0.028644571,-0.048464768,2,4
EIF4EBP2,-0.029785862,-0.048504155,2,4
U2SURP,0.09992751,-0.048646852,2,4
TMEM63B,-0.058454406,-0.048892483,2,3
GRN,0.22295074,-0.04894185,2,4
KDELR2,0.05332167,-0.04921034,2,4
AIMP2,-0.03765175,-0.049342416,2,4
NSD3,0.06838664,-0.049495645,2,4
MXD1,-0.08051282,-0.049718134,2,4
HOXB4,-0.06240047,-0.049956314,2,4
LILRA2,-0.06001552,-0.04997582,2,3
UBL3,-0.06307262,-0.050281174,2,4
CHCHD3,0.005273501,-0.050301984,2,4
WBP2,0.0532247,-0.050413195,2,4
RPAIN,-0.06535736,-0.0504228,2,4
KDELR1,0.020701349,-0.050468773,2,4
CYLD,-0.12080601,-0.050605737,2,4
SECISBP2L,-0.03814285,-0.050767846,2,4
EAPP,-0.057385672,-0.050769374,2,4
ALAS1,-0.044992745,-0.050792865,2,4
ECH1,-0.06381779,-0.051066224,2,4
DNAJC9,-0.05636626,-0.05119302,2,4
MIS12,-0.0861403,-0.051258087,2,3
INO80D,-0.101973414,-0.051299974,2,4
CNIH1,-0.013593118,-0.051305704,2,4
CKS1B,0.02506516,-0.051404715,2,4
ARMC7,-0.049049985,-0.051508937,2,4
ZMPSTE24,-0.052332792,-0.05157016,2,4
LINC00342,-0.06858237,-0.05165159,2,4
PRCC,-0.050249774,-0.051863853,2,4
SRP14,0.11445761,-0.052039564,2,4
FSD1L,-0.09107924,-0.052225966,2,3
APOBEC3C,-0.027230635,-0.0522985,2,4
CNP,-0.052634407,-0.05238163,2,3
GRSF1,-0.04278331,-0.052445073,2,4
CHMP5,-0.06914217,-0.052571625,2,4
TRAM1,-0.02265577,-0.052580908,2,4
PES1,-0.088279635,-0.05263205,2,4
ABI1,-0.065352574,-0.052635998,2,4
TMEM87A,-0.013645086,-0.052731235,2,4
TMED2,-0.026483977,-0.052831754,2,4
TWF1,0.014747714,-0.05319315,2,4
EIF4E,-0.10504237,-0.053226173,2,4
CD300A,0.06355315,-0.053253517,2,4
CEP350,0.021776535,-0.053353027,2,4
MYADM,-0.0033376329,-0.053379312,2,4
TMEM35B,-0.04972471,-0.05338472,2,4
XPOT,-0.038047962,-0.05370086,2,4
PALM2-AKAP2,-0.008454491,-0.053889304,2,4
SAT2,0.039415706,-0.05395879,2,4
H1FX,0.035648078,-0.05405075,2,4
ZNF585A,-0.050585706,-0.054069255,2,4
MLH1,-0.058491945,-0.054308154,2,4
MRPL40,-0.11242139,-0.05435364,2,4
ZNF75A,-0.100524925,-0.05444689,2,4
OTOA,-0.07294414,-0.05452738,2,4
RAB11B,0.03919813,-0.054530248,2,4
ZNF207,-0.085917264,-0.05479844,2,4
RNF187,0.019870495,-0.05482757,2,4
GTF2F1,-0.0059464374,-0.054908585,2,4
POLB,-0.05736093,-0.055637315,2,4
AAGAB,-0.15977922,-0.055693515,2,4
ANKRD36,-0.044543415,-0.055747464,2,4
GGA1,0.04840739,-0.05586678,2,4
C4orf3,-0.0828343,-0.055998474,2,4
ATP6V1H,0.06599335,-0.05608912,2,4
NAT9,-0.053638417,-0.056209274,2,4
TCEAL8,-0.09770024,-0.056339156,2,4
CALML4,-0.07690348,-0.056454778,2,3
RNASEH2B,-0.044338018,-0.05662605,2,4
CXCL10,0.28357258,-0.05680054,2,4
PRAF2,-0.11055693,-0.056872964,2,3
SWAP70,0.10992042,-0.056917176,2,4
CALHM6,0.073018305,-0.05712664,2,4
ARL2BP,-0.11405357,-0.057320986,2,4
PHAX,0.04604514,-0.057624504,2,4
HPF1,-0.08718755,-0.057721596,2,4
IDH3B,0.011157115,-0.05775498,2,4
UBE2J1,-0.08818066,-0.057821084,2,4
ANKRD36B,-0.04728244,-0.057862204,2,3
SRGAP2B,-0.044549853,-0.058424078,2,3
H2AFY,0.08375251,-0.05854425,2,4
METTL5,-0.07695084,-0.058549613,2,4
S100A6,-0.029922983,-0.05876136,2,4
ALDOA,0.045681197,-0.058928907,2,4
PNPLA8,-0.08462199,-0.059102803,2,4
AC025164.1,0.0034122665,-0.059140056,2,3
PEA15,0.038567524,-0.05933401,2,4
SERPINB1,-0.051995058,-0.05944188,2,4
POLK,-0.056272626,-0.059665445,2,4
ANP32A,-0.09466281,-0.059689745,2,4
SERTAD1,-0.052806348,-0.059939146,2,4
DDA1,-0.06824804,-0.059966233,2,4
MYDGF,-0.0805876,-0.060006425,2,4
ETFA,-0.07091985,-0.060367122,2,4
FLOT2,-0.04126822,-0.060424957,2,4
UFC1,-0.019196475,-0.060594022,2,4
PDCD5,-0.073961064,-0.0606519,2,4
SPOP,-0.049152717,-0.06083991,2,4
ACP1,-0.058480185,-0.060894668,2,4
GALT,-0.038611103,-0.060899798,2,4
COPRS,-0.04243232,-0.060907714,2,4
GAS5,-0.116954215,-0.06093061,2,4
ARPC3,-0.06351358,-0.060947478,2,4
GLTP,-0.06262571,-0.06096085,2,4
ANP32B,-0.013652663,-0.06101203,2,4
TREM1,-0.10186977,-0.061273135,2,4
MRPL45,-0.061166633,-0.06134378,2,4
STX4,0.05785648,-0.061456874,2,4
CCDC43,-0.09310538,-0.061545942,2,3
NDUFAF2,-0.097022116,-0.06158711,2,4
REL,0.09166741,-0.061590597,2,4
SP140,-0.10541322,-0.061864424,2,4
PPA1,-0.073509395,-0.06193669,2,4
EXOSC8,-0.048148483,-0.061939493,2,4
DNAJA2,-0.056137454,-0.062132493,2,4
LAMTOR1,-0.06655136,-0.06213688,2,4
BID,-0.0018277764,-0.06220284,2,4
DUSP2,-0.107422374,-0.062656775,2,3
CMTM3,-0.09208098,-0.062659234,2,4
NDUFA10,-0.13167545,-0.06284439,2,4
GTF3C2,-0.062437456,-0.06285845,2,4
IP6K2,-0.068517536,-0.06324314,2,3
MGST3,-0.04587053,-0.06350529,2,4
TEX261,-0.09439078,-0.06351149,2,4
TM2D2,-0.08816279,-0.06379469,2,4
SLC25A19,-0.06541987,-0.06390768,2,4
MAFB,0.15649103,-0.06391698,2,4
CD40,0.12091573,-0.064046726,2,4
OAS1,0.13923927,-0.06439951,2,4
HSD17B4,-0.049841106,-0.06448636,2,4
CUL5,-0.068412386,-0.06462039,2,4
RABGGTB,-0.03367284,-0.06477812,2,4
IARS,-0.103579044,-0.065186225,2,4
DCPS,-0.052038055,-0.06520379,2,4
GBP5,-0.066698976,-0.06536223,2,4
HDHD5,0.0123583,-0.06541657,2,4
ZNF644,-0.021947453,-0.06557299,2,4
CRIP1,-0.01043572,-0.06566715,2,4
PSENEN,-0.03585103,-0.0659084,2,4
ARHGEF6,-0.058083814,-0.065962985,2,4
SLC31A1,0.02820307,-0.06630148,2,4
RELA,-0.063200675,-0.06638478,2,4
RPP21,-0.10036743,-0.06716575,2,4
CHD8,-0.1084308,-0.067224644,2,4
FPGT,-0.085565835,-0.067413725,2,4
AKR7A2,-0.05773093,-0.0676701,2,4
CHMP4A,-0.06255994,-0.067711286,2,4
MCTS1,-0.06126204,-0.06772838,2,4
SERPINF1,-0.02547209,-0.06781408,2,4
LAMTOR4,-0.1519361,-0.06792006,2,4
STX11,0.018110843,-0.06817297,2,4
IFI6,0.021104136,-0.0682388,2,4
OCIAD1,-0.01880289,-0.068975285,2,4
PAK2,-0.08609071,-0.06927788,2,4
CREG1,0.04037641,-0.06993154,2,4
RHOG,-0.018019736,-0.07063052,2,4
TSC22D1,0.009056727,-0.07084836,2,4
PDCD10,-0.040795997,-0.071143255,2,4
GSTO1,0.015029351,-0.07189819,2,4
CRYBG1,-0.14634188,-0.07189947,2,3
MRPL16,-0.08320669,-0.07252982,2,4
ELF1,0.076460056,-0.0727463,2,4
PTPN2,-0.028293371,-0.07284722,2,4
COX14,-0.042871475,-0.072928205,2,4
COPZ1,-0.018069208,-0.07329139,2,4
ANKRD26,-0.08062809,-0.07342495,2,3
RBM8A,-0.083047576,-0.07372859,2,4
NT5C3A,-0.10172099,-0.074087046,2,4
NDUFB6,-0.09265558,-0.07438511,2,4
H2AFJ,-0.11523359,-0.07450046,2,4
ZNHIT6,-0.08140764,-0.07459636,2,3
PRKAG1,-0.048723906,-0.07474066,2,3
TAPT1,-0.059716772,-0.07514347,2,3
CNOT8,-0.08500745,-0.075324796,2,4
BABAM2,-0.053280193,-0.07540698,2,4
MBP,-0.008909757,-0.075834826,2,4
RAB5IF,-0.16839726,-0.07590828,2,4
MRPL57,-0.049594473,-0.07674968,2,4
NDUFB8,-0.24513607,-0.076766044,2,4
TMX1,-0.07117469,-0.0771627,2,4
CWF19L1,-0.11024535,-0.077298045,2,4
CDK11B,-0.07487912,-0.077813596,2,4
SELENOF,0.06777047,-0.07807769,2,4
NR2C1,-0.04645295,-0.078081846,2,4
CHCHD10,-0.22387381,-0.07823551,2,4
NFKBIZ,0.14282307,-0.07832585,2,4
ARF4,-0.042392436,-0.078335,2,4
NCF1,0.008618335,-0.078630924,2,4
KCTD2,-0.10994158,-0.07868123,2,3
NR1H2,-0.044703614,-0.07882379,2,4
NPM1,-0.056854818,-0.079129025,2,4
C11orf98,-0.06006683,-0.07939865,2,4
ATP5F1B,-0.0836216,-0.07967371,2,4
TIMM10,-0.1337004,-0.07967401,2,4
GOLGA7,-0.044816196,-0.07970297,2,4
RPL5,-0.088728964,-0.08005208,2,4
DNAJA1,-0.056661364,-0.080169916,2,4
ITGB1,0.0047673583,-0.08049533,2,4
RELB,-0.039133843,-0.08054716,2,4
SMYD3,-0.009500603,-0.08055535,2,4
NR1H3,0.04342407,-0.08076407,2,4
CCDC59,-0.09497788,-0.08077097,2,4
ATG7,-0.15121211,-0.08080924,2,4
CLINT1,-0.18918568,-0.081166126,2,4
GABARAPL2,-0.040401284,-0.0819234,2,4
TMEM179B,-0.02338172,-0.082161844,2,4
BCL2A1,-0.17404282,-0.082280055,2,4
ANTKMT,-0.08778571,-0.082615614,2,4
PRDX4,-0.056128044,-0.082633875,2,4
CCDC18-AS1,-0.10059959,-0.083090305,2,3
FDPS,-0.08073143,-0.083523884,2,4
PSMD4,-0.16798337,-0.08393164,2,4
LILRB4,-0.037625898,-0.084071815,2,4
AARS,-0.089273684,-0.084352255,2,4
IFNGR1,-0.04615332,-0.085074246,2,4
KCNMA1,0.046039265,-0.085138455,2,4
NAMPT,-0.042479437,-0.08552718,2,4
FIG4,0.027237525,-0.08605686,2,4
DNAJB14,-0.095231794,-0.08682753,2,4
MRPS12,-0.087988,-0.08697552,2,4
PIH1D1,-0.013966054,-0.08732836,2,4
LIMD2,-0.19562508,-0.0877277,2,4
UBE2D4,-0.079008415,-0.08772847,2,4
IGSF6,-0.104157865,-0.08960363,2,4
ZMAT2,-0.06789738,-0.08987422,2,4
GNG5,-0.15125716,-0.09010631,2,4
SFT2D2,-0.20134778,-0.0903138,2,4
MTHFD1,-0.15199704,-0.090359524,2,4
SLC20A1,-0.10968258,-0.090449825,2,4
ATP6V0B,0.072698765,-0.092306316,2,4
FAM168B,-0.12999369,-0.092331946,2,4
TERF2IP,-0.13170685,-0.09243871,2,4
VARS,-0.088737585,-0.092702016,2,4
ZCRB1,-0.017434577,-0.09296048,2,4
FXYD5,-0.22014034,-0.09367943,2,4
CNOT4,-0.04674531,-0.09470105,2,4
SPSB3,-0.10181266,-0.09501155,2,4
TBC1D9,-0.062330473,-0.09520997,2,4
RTN1,-0.08357672,-0.09548976,2,4
SNX9,0.013140355,-0.095546395,2,4
OAZ1,-0.07698897,-0.09587169,2,4
SPCS1,0.036776036,-0.09608183,2,4
COX16,-0.059189994,-0.096350566,2,4
FAM174C,-0.060139563,-0.09753183,2,4
CCDC130,-0.030035017,-0.09758158,2,4
NDUFC2,-0.026196519,-0.09810269,2,4
MITF,-0.08972994,-0.09828225,2,4
TMEM147,-0.002960821,-0.09853862,2,4
PLD4,-0.20346053,-0.09868795,2,4
NRROS,-0.05814874,-0.09915871,2,4
PTMA,-0.107528366,-0.09921074,2,4
SPCS2,-0.060011894,-0.09956669,2,4
PRCP,-0.055262357,-0.100063495,2,4
PPDPF,0.111868165,-0.1003955,2,4
PRDX3,-0.09263235,-0.101549506,2,4
CD83,0.11537832,-0.10155997,2,4
ATP6V0C,0.10159326,-0.10159588,2,4
ATF5,-0.014190783,-0.10216914,2,4
ZC3H15,-0.07684876,-0.10260954,2,4
DDX19A,-0.11786165,-0.104141116,2,4
CHKA,0.0021968682,-0.10442215,2,4
MTLN,-0.09544378,-0.10475759,2,4
RASA4,-0.14277394,-0.10497741,2,4
TRMT112,-0.069655515,-0.10581395,2,4
CTSL,0.03253271,-0.10610166,2,4
FAU,-0.35158587,-0.10655892,2,4
PDXDC1,-0.07208396,-0.1070217,2,4
TMEM141,-0.1684503,-0.10721127,2,4
EPRS,-0.13285005,-0.10749417,2,4
RALA,-0.11403074,-0.10849862,2,4
YWHAE,-0.23144169,-0.109059274,2,4
ARL6IP1,-0.04126496,-0.109452575,2,4
LSM7,-0.14638841,-0.109678894,2,4
FBXW2,-0.15557803,-0.109814465,2,4
ARL6IP5,0.007467533,-0.11003162,2,4
S100A11,0.05598549,-0.11032283,2,4
MEA1,-0.023618862,-0.11050841,2,4
FUOM,-0.13893025,-0.1106043,2,4
RPL39,-0.22874701,-0.11116183,2,4
MYC,-0.0953908,-0.1114143,2,4
PRDM1,-0.1094825,-0.11149104,2,4
NOTCH2,-0.08380044,-0.11251415,2,4
PSMA3,-0.0016814073,-0.113101445,2,4
MYD88,-0.10576699,-0.11466332,2,4
ERP29,-0.041164294,-0.11516778,2,4
TIPRL,-0.047078803,-0.11595874,2,4
EIF1B,-0.0663453,-0.119228706,2,4
LSP1,-0.20729198,-0.119564,2,4
RPL11,-0.4208006,-0.1225965,2,4
WASHC2A,-0.084424585,-0.122842826,2,4
PSMA2,-0.12442467,-0.12287964,2,4
RPL26L1,-0.14617817,-0.12406852,2,4
DDX1,-0.09647959,-0.12475504,2,4
NDUFA3,-0.02827692,-0.1250746,2,4
ST13,-0.036206942,-0.12588295,2,4
RCSD1,-0.11715176,-0.1265564,2,4
KDM2A,-0.07768724,-0.12670282,2,4
HLA-DQB1,-0.089446604,-0.1267871,2,4
SAMD8,-0.05734411,-0.1269021,2,4
UBXN1,-0.068821155,-0.12697579,2,4
UBN1,-0.17049307,-0.12750523,2,4
PSMD3,-0.11942512,-0.12762886,2,4
PHF20,-0.0798969,-0.12814334,2,4
PILRA,0.0023091633,-0.12996463,2,4
SYF2,-0.103851475,-0.1300373,2,4
ARL8B,-0.13786058,-0.13095239,2,4
LBR,-0.09762146,-0.13193156,2,4
NBDY,-0.14775497,-0.13262373,2,4
PEBP1,-0.083009325,-0.13337485,2,4
CFD,-0.043625806,-0.13396809,2,4
GBP2,-0.06344126,-0.13760313,2,4
NUPR1,-0.020488093,-0.13833776,2,4
SOAT1,-0.15141426,-0.13881624,2,4
CALM1,-0.20053475,-0.14086968,2,4
DPH3,-0.1656756,-0.14215179,2,4
EIF3I,-0.18312132,-0.14353263,2,4
EIF3A,-0.15840681,-0.14383063,2,4
CD74,-0.059235495,-0.1452558,2,4
C15orf48,-0.30300006,-0.14594722,2,4
GK,-0.14072827,-0.14623445,2,4
CXCL16,0.031317603,-0.14697692,2,4
CD48,-0.045814306,-0.14730754,2,4
MAX,-0.05188914,-0.14932969,2,4
NENF,-0.08144896,-0.15177453,2,4
GPNMB,0.06783885,-0.15644416,2,4
M6PR,-0.16369584,-0.15854527,2,4
SLC25A11,-0.09653834,-0.1605709,2,4
H2AFZ,-0.25918588,-0.16294007,2,4
RPL34,-0.29925904,-0.16349101,2,4
RSRP1,-0.1636128,-0.1676645,2,4
CYB5R3,-0.09717619,-0.16844684,2,4
BNIP3L,-0.14868164,-0.17210463,2,4
AHR,-0.22343482,-0.17305103,2,4
ELMO1,-0.18649624,-0.17328182,2,4
RSBN1L,-0.119242616,-0.17432278,2,4
PFKL,-0.19854383,-0.1754175,2,4
POLR1D,-0.0932456,-0.17643839,2,4
HLA-DRB5,0.104998045,-0.17817459,2,4
MS4A4A,-0.083868444,-0.17970382,2,4
CTSH,-0.033021312,-0.18247294,2,4
BRK1,-0.27534744,-0.18767214,2,4
OSBPL11,-0.18029052,-0.1912609,2,4
RSL1D1,-0.18846835,-0.19281209,2,4
CEBPD,-0.1952083,-0.19608879,2,4
ATP6V0E1,-0.063581645,-0.19629733,2,4
BAX,-0.23415072,-0.19642806,2,4
DRAP1,-0.24621801,-0.20020573,2,4
HNRNPC,-0.1335777,-0.20507978,2,4
CSNK2B,-0.16963746,-0.20866588,2,4
SVBP,-0.20894505,-0.21115628,2,4
ID2,-0.23291616,-0.21259871,2,4
LGALS3,0.06658582,-0.21761402,2,4
MTCH1,-0.25368652,-0.23768598,2,4
HLA-DPB1,-0.26430503,-0.24180329,2,4
CXCR4,-0.2075479,-0.2789698,2,4
FABP5,-0.16129403,-0.30749017,2,4
APOC2,-0.27139995,-0.33532095,2,4
A1BG-AS1,-0.0062835347,0.0,1,2
A2M-AS1,0.0006852479,0.0,1,0
A2ML1,0.00015444263,0.0,1,0
A4GNT,5.524237e-05,0.0,1,0
ABCA6,0.00029439424,0.0,1,0
ABCB4,-0.0019867609,0.0,1,1
ABCB6,0.0060264687,0.0,1,1
ABCC6,-0.0030446958,0.0,1,1
ABCC9,0.00016672531,0.0,1,0
ABHD1,-0.0026946804,0.0,1,1
ABHD12B,0.003316946,0.0,1,1
ABHD15,0.002431864,0.0,1,2
ABTB2,0.021205472,0.0,1,1
AC000035.1,0.000118619064,0.0,1,0
AC000120.1,0.0012561264,0.0,1,1
AC002044.1,0.0024085115,0.0,1,0
AC002070.1,0.00047953604,0.0,1,0
AC002074.1,0.00020371308,0.0,1,0
AC002076.1,0.00019511509,0.0,1,0
AC002094.2,0.0003601491,0.0,1,0
AC002115.1,0.0002196807,0.0,1,0
AC002116.2,0.0005388102,0.0,1,0
AC002347.1,0.00033020254,0.0,1,0
AC002398.2,0.00016216027,0.0,1,0
AC002451.1,0.023210248,0.0,1,1
AC002456.1,-0.05583648,0.0,1,2
AC002467.1,-0.0006936503,0.0,1,2
AC002470.1,0.0004079869,0.0,1,0
AC002553.1,0.00048884406,0.0,1,0
AC002553.2,0.00014509981,0.0,1,0
AC003093.1,0.0011656398,0.0,1,1
AC003101.2,0.03695592,0.0,1,1
AC004067.1,0.0002323409,0.0,1,0
AC004076.2,0.0052309446,0.0,1,0
AC004233.2,0.04783274,0.0,1,0
AC004471.1,0.00014045388,0.0,1,0
AC004494.1,0.0002351651,0.0,1,0
AC004540.1,-0.012776293,0.0,1,2
AC004556.3,-0.01431638,0.0,1,1
AC004584.3,0.00050029607,0.0,1,0
AC004771.1,0.00012176569,0.0,1,0
AC004771.3,0.0012443984,0.0,1,1
AC004771.5,0.00024201964,0.0,1,0
AC004803.1,0.04751314,0.0,1,1
AC004817.5,0.00022115913,0.0,1,0
AC004832.6,0.00018019527,0.0,1,0
AC004834.1,0.00016747352,0.0,1,0
AC004837.4,5.318142e-05,0.0,1,0
AC004846.2,-0.00018879538,0.0,1,1
AC004847.1,-0.019912738,0.0,1,2
AC004877.1,-0.009226229,0.0,1,1
AC004889.1,0.0037464795,0.0,1,1
AC004895.1,0.00019699127,0.0,1,0
AC004918.4,-0.0017480995,0.0,1,1
AC004921.1,0.0019262809,0.0,1,1
AC004947.3,0.0011298687,0.0,1,0
AC004951.1,-0.0031241847,0.0,1,1
AC004982.1,0.00054701354,0.0,1,0
AC004982.2,0.0013169452,0.0,1,0
AC005005.3,0.00045325918,0.0,1,0
AC005037.1,-0.0023030818,0.0,1,2
AC005041.4,1.2734284e-05,0.0,1,0
AC005041.5,-0.014116011,0.0,1,1
AC005046.1,0.0002911971,0.0,1,0
AC005050.1,0.00028382547,0.0,1,0
AC005050.3,-0.014947973,0.0,1,2
AC005052.2,0.000500706,0.0,1,0
AC005081.1,0.00027776285,0.0,1,0
AC005082.1,0.00013730007,0.0,1,0
AC005083.1,-0.010154278,0.0,1,2
AC005220.1,5.7781737e-05,0.0,1,0
AC005224.2,-0.018850908,0.0,1,2
AC005225.2,0.00014104959,0.0,1,0
AC005253.1,0.00041316138,0.0,1,0
AC005288.1,-0.0004703574,0.0,1,1
AC005342.2,-0.0023203422,0.0,1,1
AC005363.2,-0.0026297814,0.0,1,1
AC005391.1,0.0011522694,0.0,1,1
AC005410.2,0.001344619,0.0,1,0
AC005479.1,0.022657827,0.0,1,0
AC005479.2,0.00015236872,0.0,1,0
AC005480.1,0.0002612381,0.0,1,0
AC005520.3,0.00034959114,0.0,1,0
AC005520.5,3.7408532e-05,0.0,1,0
AC005532.1,0.00020163467,0.0,1,0
AC005537.1,0.00028529504,0.0,1,0
AC005562.1,0.014691888,0.0,1,2
AC005614.1,7.134857e-05,0.0,1,0
AC005618.1,0.00037142204,0.0,1,0
AC005740.4,0.00015855425,0.0,1,0
AC005759.1,0.0033772222,0.0,1,1
AC005786.2,0.00012990265,0.0,1,0
AC005840.2,0.0006655986,0.0,1,0
AC005840.4,0.00034308629,0.0,1,0
AC005842.1,0.0001606567,0.0,1,0
AC005845.1,8.839975e-05,0.0,1,0
AC005899.6,0.002192541,0.0,1,1
AC005899.7,0.033249743,0.0,1,1
AC005920.1,0.00029132926,0.0,1,0
AC005921.2,0.019233456,0.0,1,1
AC005944.1,-0.008711996,0.0,1,2
AC005972.3,0.00035261796,0.0,1,0
AC006008.1,0.00022704525,0.0,1,0
AC006027.1,6.344938e-05,0.0,1,0
AC006042.4,0.0018590409,0.0,1,1
AC006064.2,0.00059672544,0.0,1,0
AC006115.2,0.0002630875,0.0,1,0
AC006141.1,-0.0019075976,0.0,1,1
AC006146.1,0.0003408128,0.0,1,0
AC006213.2,-0.008464237,0.0,1,2
AC006213.4,0.0011479885,0.0,1,0
AC006237.1,0.00018953571,0.0,1,0
AC006252.1,0.00027592762,0.0,1,0
AC006299.1,0.00015294504,0.0,1,0
AC006329.1,0.00045220446,0.0,1,0
AC006504.7,0.00042023996,0.0,1,0
AC006547.3,0.00019482612,0.0,1,0
AC006942.1,0.0002968735,0.0,1,0
AC006974.2,0.024849817,0.0,1,0
AC007009.1,-0.0031848482,0.0,1,1
AC007014.2,0.0002777115,0.0,1,0
AC007036.2,2.1366985e-05,0.0,1,0
AC007066.3,9.519269e-05,0.0,1,0
AC007098.1,0.00015855722,0.0,1,0
AC007182.1,0.00021578783,0.0,1,0
AC007250.1,0.00027879502,0.0,1,0
AC007262.2,-0.033755846,0.0,1,2
AC007285.1,0.0003331684,0.0,1,0
AC007292.3,0.00019627441,0.0,1,0
AC007298.2,0.00037318922,0.0,1,0
AC007325.4,0.0012988272,0.0,1,0
AC007376.2,-0.0015555713,0.0,1,1
AC007378.1,0.00039402093,0.0,1,0
AC007389.3,0.013647679,0.0,1,1
AC007390.2,0.0003136076,0.0,1,0
AC007448.4,0.0015940005,0.0,1,0
AC007533.1,0.00017491051,0.0,1,0
AC007541.1,0.042294174,0.0,1,2
AC007566.1,0.0002226339,0.0,1,0
AC007608.3,0.00020138075,0.0,1,0
AC007610.1,0.00032080794,0.0,1,0
AC007620.2,-0.0050768624,0.0,1,1
AC007666.1,0.00034959114,0.0,1,0
AC007686.4,0.000246318,0.0,1,0
AC007695.1,0.0024087701,0.0,1,1
AC007728.1,-0.002063347,0.0,1,1
AC007780.1,0.00042412782,0.0,1,0
AC007785.1,0.00081558013,0.0,1,0
AC007823.1,0.0015246422,0.0,1,0
AC007877.1,0.0018407082,0.0,1,0
AC007879.3,0.0003874336,0.0,1,0
AC007938.2,0.00025850977,0.0,1,0
AC007950.2,0.0014815963,0.0,1,1
AC007952.4,-0.011272941,0.0,1,1
AC007952.7,7.022801e-05,0.0,1,0
AC008074.2,-0.0039754123,0.0,1,2
AC008105.1,0.0049236943,0.0,1,1
AC008115.3,0.0038057985,0.0,1,1
AC008121.3,0.0002916494,0.0,1,0
AC008264.2,0.00032808012,0.0,1,0
AC008267.5,0.01966953,0.0,1,2
AC008269.1,-0.002978565,0.0,1,1
AC008277.1,0.00025933303,0.0,1,0
AC008280.3,0.00051979296,0.0,1,0
AC008397.1,0.00022576352,0.0,1,0
AC008434.1,0.029709145,0.0,1,0
AC008443.2,0.0003767866,0.0,1,0
AC008443.5,-0.014654745,0.0,1,2
AC008443.8,0.00020501374,0.0,1,0
AC008462.1,0.0005185402,0.0,1,0
AC008467.1,-0.0040188427,0.0,1,1
AC008522.1,0.0008175163,0.0,1,0
AC008554.1,0.00028436762,0.0,1,0
AC008558.1,0.0003426954,0.0,1,0
AC008591.1,0.0010462409,0.0,1,1
AC008592.1,0.003829019,0.0,1,1
AC008608.2,0.00028152732,0.0,1,0
AC008629.1,-0.014718371,0.0,1,1
AC008649.1,0.00026622348,0.0,1,0
AC008655.2,0.0001166058,0.0,1,0
AC008687.4,0.001531259,0.0,1,1
AC008735.2,0.00020793563,0.0,1,0
AC008736.1,0.00196757,0.0,1,0
AC008738.2,0.0006467763,0.0,1,0
AC008759.3,-0.0041623493,0.0,1,1
AC008771.1,0.004641306,0.0,1,2
AC008870.2,0.0001275822,0.0,1,0
AC008875.2,-0.002106203,0.0,1,1
AC008906.1,3.0598178e-05,0.0,1,0
AC008915.1,0.0026171692,0.0,1,1
AC008915.2,-0.010042611,0.0,1,2
AC008937.2,0.00017133799,0.0,1,0
AC008945.1,0.045184538,0.0,1,2
AC008957.1,-0.008813511,0.0,1,2
AC008966.1,0.004630146,0.0,1,1
AC008972.1,0.00016801844,0.0,1,0
AC008972.2,0.0014500954,0.0,1,1
AC009034.1,0.00019176956,0.0,1,0
AC009054.2,0.0007365408,0.0,1,0
AC009065.4,-0.015741974,0.0,1,2
AC009065.8,0.00023268121,0.0,1,0
AC009088.1,0.0007807522,0.0,1,0
AC009119.1,0.0042295023,0.0,1,2
AC009120.5,0.00051540666,0.0,1,0
AC009123.1,0.0015717227,0.0,1,0
AC009126.1,0.0027542321,0.0,1,1
AC009133.4,0.000121390454,0.0,1,0
AC009159.3,0.00094946305,0.0,1,0
AC009163.7,0.00030619296,0.0,1,0
AC009237.14,0.0027277984,0.0,1,1
AC009283.1,-0.017691696,0.0,1,1
AC009292.2,0.000314422,0.0,1,0
AC009318.1,-0.042240392,0.0,1,2
AC009318.4,0.00021147258,0.0,1,0
AC009403.1,0.029169492,0.0,1,2
AC009403.2,9.516679e-05,0.0,1,0
AC009404.1,-0.022944199,0.0,1,2
AC009495.2,0.00022244426,0.0,1,0
AC009506.1,-0.01683846,0.0,1,2
AC009549.1,0.00042634993,0.0,1,0
AC009570.1,-0.0009555143,0.0,1,1
AC009812.1,0.025095517,0.0,1,1
AC009831.1,0.00041836538,0.0,1,0
AC009902.3,0.0005595365,0.0,1,0
AC009948.3,0.0009132985,0.0,1,0
AC009951.6,0.0035850992,0.0,1,1
AC009961.1,0.005319034,0.0,1,1
AC009961.4,0.025422445,0.0,1,1
AC009996.1,0.0034485233,0.0,1,1
AC010132.4,0.00042684205,0.0,1,0
AC010168.2,0.00020305316,0.0,1,0
AC010173.1,0.018504519,0.0,1,1
AC010201.1,1.6226395e-05,0.0,1,0
AC010201.2,0.00021551824,0.0,1,0
AC010245.2,0.0006862823,0.0,1,0
AC010247.1,-0.017576013,0.0,1,2
AC010280.2,-0.02099871,0.0,1,2
AC010285.1,0.0002651663,0.0,1,0
AC010325.1,0.0002771479,0.0,1,0
AC010327.7,0.00015652149,0.0,1,0
AC010331.1,0.0002714625,0.0,1,0
AC010359.3,0.0018217176,0.0,1,1
AC010378.2,0.00017147446,0.0,1,0
AC010401.1,0.0002588096,0.0,1,0
AC010442.1,0.00017672974,0.0,1,0
AC010491.1,0.00017238791,0.0,1,0
AC010531.6,0.00084445835,0.0,1,1
AC010615.2,0.0004421024,0.0,1,0
AC010624.5,0.00864045,0.0,1,1
AC010680.2,-0.0067594857,0.0,1,1
AC010719.1,0.00025181205,0.0,1,0
AC010809.2,0.00013225152,0.0,1,0
AC010834.1,0.00018805642,0.0,1,0
AC010834.3,0.0010376005,0.0,1,0
AC010883.2,-0.039572943,0.0,1,2
AC010894.2,-0.02609048,0.0,1,1
AC010978.1,0.000258462,0.0,1,0
AC010996.1,0.00014510285,0.0,1,0
AC010999.1,0.00019823258,0.0,1,0
AC011043.1,0.00030700568,0.0,1,0
AC011346.1,-0.014204995,0.0,1,2
AC011374.1,0.0008492446,0.0,1,0
AC011379.2,0.0004790975,0.0,1,0
AC011416.3,7.2502145e-05,0.0,1,0
AC011444.2,0.00034618753,0.0,1,0
AC011445.2,0.0014915568,0.0,1,1
AC011468.5,0.00083212537,0.0,1,0
AC011476.3,-0.006647471,0.0,1,1
AC011481.2,4.9108425e-05,0.0,1,0
AC011484.1,0.012245993,0.0,1,2
AC011498.1,0.00035013646,0.0,1,0
AC011503.2,0.0009634083,0.0,1,0
AC011586.1,0.00027572547,0.0,1,0
AC011753.2,0.000101115154,0.0,1,0
AC011815.2,0.00013222136,0.0,1,0
AC011825.4,0.0015086597,0.0,1,0
AC011933.2,0.00053128233,0.0,1,0
AC011933.3,0.0002528378,0.0,1,0
AC012063.1,-0.0006459563,0.0,1,1
AC012073.1,0.000100601115,0.0,1,0
AC012291.2,0.00022115913,0.0,1,0
AC012313.1,0.0007883329,0.0,1,0
AC012358.3,0.00026872152,0.0,1,0
AC012443.2,0.00027591517,0.0,1,0
AC012459.1,0.00024105479,0.0,1,0
AC012510.1,-0.0024728917,0.0,1,1
AC012511.1,4.722665e-05,0.0,1,0
AC012603.1,0.00021554246,0.0,1,0
AC012615.1,-0.0056783073,0.0,1,2
AC012615.6,0.000563299,0.0,1,0
AC012640.1,0.00026051985,0.0,1,0
AC012640.4,0.00034209352,0.0,1,0
AC012668.3,0.00023405376,0.0,1,0
AC013270.1,7.301884e-05,0.0,1,0
AC013400.1,-0.0012222274,0.0,1,1
AC013451.1,0.00017191375,0.0,1,0
AC013565.3,0.00023374333,0.0,1,0
AC013714.1,0.00032266168,0.0,1,0
AC015660.2,0.000493454,0.0,1,0
AC015726.1,0.0008565656,0.0,1,0
AC015802.4,-0.013512466,0.0,1,1
AC015802.6,0.00014280311,0.0,1,0
AC015871.4,-0.08196998,0.0,1,1
AC015871.7,0.00039782593,0.0,1,0
AC015909.1,0.00019804198,0.0,1,0
AC015912.1,0.022417823,0.0,1,1
AC015982.2,0.00023029216,0.0,1,1
AC016152.1,0.0002829094,0.0,1,0
AC016355.1,0.00155647,0.0,1,1
AC016394.1,-0.010099191,0.0,1,2
AC016405.1,0.00044049043,0.0,1,0
AC016526.2,0.00031511777,0.0,1,0
AC016542.1,0.002060889,0.0,1,1
AC016575.1,0.0006238362,0.0,1,0
AC016575.2,0.0002643861,0.0,1,0
AC016583.2,2.971924e-05,0.0,1,0
AC016590.3,0.0001562287,0.0,1,0
AC016737.1,0.00044103301,0.0,1,0
AC016745.2,0.00019165066,0.0,1,0
AC016773.1,-0.017864766,0.0,1,2
AC017028.1,0.00025287902,0.0,1,0
AC017033.1,0.00024768518,0.0,1,0
AC017071.1,3.0252928e-05,0.0,1,0
AC017083.1,-0.004317509,0.0,1,2
AC017083.2,-0.017610447,0.0,1,2
AC017116.1,0.00016710664,0.0,1,0
AC018362.1,9.9285884e-05,0.0,1,0
AC018413.1,-0.0032267775,0.0,1,1
AC018445.5,0.00014402533,0.0,1,0
AC018638.6,0.00034922882,0.0,1,0
AC018647.2,0.002497425,0.0,1,1
AC018755.5,0.026925832,0.0,1,1
AC018761.3,0.00015914584,0.0,1,0
AC018816.1,0.0012211058,0.0,1,1
AC019080.1,0.0002938305,0.0,1,0
AC019131.2,0.0002663701,0.0,1,0
AC019186.1,0.00019269988,0.0,1,0
AC020656.1,-0.023620611,0.0,1,2
AC020661.1,0.00022791012,0.0,1,0
AC020663.3,9.72054e-05,0.0,1,0
AC020907.3,0.0002468238,0.0,1,0
AC020910.5,0.0010963323,0.0,1,0
AC020978.1,0.00016216027,0.0,1,0
AC021016.2,0.0014655947,0.0,1,1
AC021028.1,0.0009223926,0.0,1,1
AC021087.1,-0.004589083,0.0,1,1
AC021491.2,4.4843182e-07,0.0,1,0
AC021613.3,0.0022864984,0.0,1,0
AC021660.2,0.00019001268,0.0,1,0
AC021739.2,0.00022355921,0.0,1,0
AC022075.1,0.003419176,0.0,1,1
AC022100.1,0.000304229,0.0,1,0
AC022126.1,0.00040427689,0.0,1,0
AC022137.4,0.056317594,0.0,1,0
AC022144.1,0.00016853692,0.0,1,0
AC022150.4,-0.0019339765,0.0,1,1
AC022167.2,0.0014949903,0.0,1,1
AC022182.2,8.057493e-06,0.0,1,0
AC022306.2,0.00035513254,0.0,1,0
AC022395.1,0.00025148582,0.0,1,0
AC022506.2,0.00026129404,0.0,1,0
AC022535.2,0.00022487594,0.0,1,0
AC022558.1,0.002200831,0.0,1,1
AC022726.1,0.0002916494,0.0,1,0
AC022726.2,0.00015236872,0.0,1,0
AC022784.1,0.028856145,0.0,1,1
AC022819.1,3.7035593e-07,0.0,1,0
AC022868.2,-0.0072025456,0.0,1,1
AC022893.1,0.0001928408,0.0,1,0
AC022960.2,0.00028453078,0.0,1,0
AC022966.1,7.896739e-05,0.0,1,0
AC022966.2,0.0010030684,0.0,1,0
AC023024.1,0.00022704525,0.0,1,0
AC023283.1,0.00034592245,0.0,1,0
AC023355.1,0.00017392573,0.0,1,0
AC023483.1,0.00013380109,0.0,1,0
AC023790.2,0.002250286,0.0,1,0
AC023794.3,0.0015906272,0.0,1,0
AC024243.1,0.00036142897,0.0,1,0
AC024267.4,0.00026105138,0.0,1,0
AC024267.5,0.00029027145,0.0,1,0
AC024270.5,0.0032159565,0.0,1,1
AC024361.1,0.0015717227,0.0,1,0
AC024361.2,0.00018666832,0.0,1,0
AC024451.4,-0.019179234,0.0,1,2
AC024560.5,0.0010037934,0.0,1,1
AC024575.1,-0.0060759955,0.0,1,1
AC024588.1,2.0311757e-06,0.0,1,0
AC024909.1,0.0003816906,0.0,1,1
AC025031.4,0.006018764,0.0,1,0
AC025048.4,0.009934892,0.0,1,1
AC025062.3,-0.009711732,0.0,1,1
AC025165.2,0.0003524326,0.0,1,0
AC025165.4,0.00022563623,0.0,1,0
AC025165.5,0.00029780835,0.0,1,0
AC025171.3,0.0024323517,0.0,1,1
AC025178.1,0.00072419766,0.0,1,0
AC025181.2,0.00041161198,0.0,1,0
AC025259.3,-0.045838226,0.0,1,2
AC025423.1,0.00041491943,0.0,1,1
AC025423.4,0.022445373,0.0,1,2
AC025442.2,0.00044589772,0.0,1,0
AC025539.1,0.00056106696,0.0,1,0
AC025580.2,-0.013408526,0.0,1,1
AC026150.3,0.000392204,0.0,1,0
AC026202.2,0.00014176681,0.0,1,0
AC026202.3,-0.00996414,0.0,1,1
AC026333.4,0.001730105,0.0,1,0
AC026341.1,0.00017605147,0.0,1,0
AC026369.3,0.00033323548,0.0,1,0
AC026401.3,-0.0046058036,0.0,1,1
AC026471.4,0.0016153287,0.0,1,0
AC026740.1,0.00019176956,0.0,1,0
AC026748.3,-0.007569279,0.0,1,1
AC027020.2,-0.025370905,0.0,1,2
AC027288.3,0.0016153821,0.0,1,0
AC027307.2,-0.011953817,0.0,1,2
AC027307.3,0.0017969616,0.0,1,0
AC027319.1,0.000104934465,0.0,1,0
AC027373.1,0.0005374904,0.0,1,0
AC027544.2,0.00028857082,0.0,1,0
AC027575.2,0.001939505,0.0,1,1
AC027601.1,0.0011460352,0.0,1,0
AC027601.2,0.00019727783,0.0,1,0
AC027601.6,0.0010287523,0.0,1,0
AC027644.3,-0.01623853,0.0,1,2
AC027682.6,0.029607715,0.0,1,1
AC027702.1,0.0005768199,0.0,1,0
AC034102.4,0.00030872374,0.0,1,0
AC034111.1,-0.0050445646,0.0,1,1
AC034193.1,-0.008543647,0.0,1,2
AC034199.1,0.0009001615,0.0,1,1
AC034243.1,0.021066405,0.0,1,2
AC036108.2,0.00022685195,0.0,1,0
AC036176.1,-0.0073180613,0.0,1,1
AC037459.2,0.0011180913,0.0,1,0
AC037459.3,0.00019176956,0.0,1,0
AC040970.1,0.0016816308,0.0,1,1
AC040977.1,0.0005901708,0.0,1,1
AC041005.1,0.0002624813,0.0,1,0
AC044802.2,0.0018917955,0.0,1,1
AC044839.1,0.00012376835,0.0,1,0
AC044849.1,0.027705656,0.0,1,1
AC044893.1,0.0008215746,0.0,1,1
AC046134.2,-0.009719583,0.0,1,1
AC046143.1,0.00013573276,0.0,1,0
AC048341.2,0.0011154413,0.0,1,1
AC048344.4,0.00012943546,0.0,1,0
AC048382.5,0.0010903844,0.0,1,0
AC048383.1,6.794088e-05,0.0,1,0
AC051619.7,-0.002436828,0.0,1,1
AC051619.8,0.03614967,0.0,1,1
AC053503.2,0.00016308838,0.0,1,0
AC053513.1,8.899536e-05,0.0,1,0
AC053527.2,-0.00022945523,0.0,1,1
AC055764.2,0.0003652396,0.0,1,0
AC060766.4,0.00034560196,0.0,1,0
AC063965.2,0.0020339654,0.0,1,0
AC064807.1,-0.006588225,0.0,1,1
AC064836.3,1.1300144e-05,0.0,1,0
AC066613.1,0.0004516749,0.0,1,0
AC067817.1,0.0013152487,0.0,1,0
AC067838.1,0.0009656828,0.0,1,0
AC067930.2,0.00022146362,0.0,1,0
AC067956.1,0.00024083338,0.0,1,0
AC068075.2,0.00013740013,0.0,1,0
AC068189.1,0.00028382547,0.0,1,0
AC068413.1,-0.001245383,0.0,1,1
AC068446.2,0.0005597283,0.0,1,0
AC068491.3,-0.010208479,0.0,1,2
AC068580.3,0.00029982932,0.0,1,0
AC068587.4,-0.011467765,0.0,1,2
AC068620.1,0.0003995912,0.0,1,0
AC068620.2,0.0006339287,0.0,1,0
AC068722.2,9.602673e-05,0.0,1,0
AC068790.7,0.0014902306,0.0,1,0
AC068870.2,0.00032234253,0.0,1,0
AC068888.2,0.00065121124,0.0,1,0
AC069200.1,0.0052309446,0.0,1,0
AC069224.1,-0.0036083518,0.0,1,1
AC069277.1,0.0012194213,0.0,1,0
AC069307.1,8.204271e-05,0.0,1,0
AC069360.1,-0.0011467267,0.0,1,1
AC069368.2,0.07520533,0.0,1,2
AC069431.1,-0.008622465,0.0,1,1
AC069544.1,-0.0064702206,0.0,1,1
AC069549.1,0.00028152193,0.0,1,0
AC072022.1,0.00023095745,0.0,1,0
AC072054.1,0.03674485,0.0,1,1
AC073046.1,0.002352849,0.0,1,0
AC073046.4,0.00018088454,0.0,1,0
AC073140.1,0.00018474576,0.0,1,0
AC073254.1,0.0059154686,0.0,1,1
AC073270.2,0.000231058,0.0,1,0
AC073342.1,0.00019174737,0.0,1,0
AC073343.2,0.00028529504,0.0,1,0
AC073349.1,-0.0045924713,0.0,1,1
AC073365.1,0.0052309446,0.0,1,0
AC073370.1,0.00072643143,0.0,1,1
AC073389.2,0.0002979299,0.0,1,0
AC073389.3,0.0005546272,0.0,1,0
AC073487.1,0.00048014437,0.0,1,0
AC073508.3,-0.0019746951,0.0,1,1
AC073529.1,0.00026548916,0.0,1,0
AC073569.3,0.00049433584,0.0,1,0
AC073575.2,0.00011370457,0.0,1,0
AC073611.1,-0.00068291486,0.0,1,1
AC073655.3,0.00018608106,0.0,1,0
AC073840.1,0.0002604315,0.0,1,0
AC073863.1,9.659346e-05,0.0,1,0
AC073869.3,0.02474913,0.0,1,1
AC073912.2,0.00030007656,0.0,1,0
AC073934.1,-0.001368273,0.0,1,1
AC073957.1,0.04783274,0.0,1,0
AC073957.3,0.0005954507,0.0,1,0
AC074008.1,0.002311886,0.0,1,1
AC074032.1,-0.016266076,0.0,1,2
AC074099.1,0.0016937224,0.0,1,0
AC074138.1,0.00028366328,0.0,1,0
AC074212.1,-0.0016222367,0.0,1,1
AC078795.2,0.00028453078,0.0,1,0
AC078846.1,0.05969551,0.0,1,2
AC078852.1,0.00029853938,0.0,1,0
AC079015.1,6.0544717e-05,0.0,1,0
AC079142.1,0.00023022272,0.0,1,0
AC079298.3,0.0002621221,0.0,1,0
AC079305.1,0.0007278177,0.0,1,0
AC079322.1,0.00019625422,0.0,1,0
AC079447.1,0.0043702894,0.0,1,1
AC079601.1,0.00033083142,0.0,1,0
AC079684.1,-0.034405578,0.0,1,1
AC079753.2,0.00068763114,0.0,1,0
AC079779.2,0.0003355645,0.0,1,0
AC079848.1,0.0003988035,0.0,1,0
AC079921.2,0.00029133935,0.0,1,0
AC079949.6,0.0002585054,0.0,1,0
AC080013.5,0.015026973,0.0,1,1
AC080013.6,8.276567e-05,0.0,1,0
AC080023.1,4.4841396e-05,0.0,1,0
AC080112.1,0.00019668967,0.0,1,0
AC080129.2,0.00026252627,0.0,1,0
AC080188.1,0.00014045388,0.0,1,0
AC083809.1,0.00015783326,0.0,1,0
AC083843.2,9.67501e-05,0.0,1,0
AC083843.3,0.0018182596,0.0,1,1
AC083949.1,5.6744757e-05,0.0,1,0
AC084018.2,-0.0018788379,0.0,1,1
AC084024.3,0.00018628612,0.0,1,0
AC084871.3,0.00019176956,0.0,1,0
AC087045.2,0.0002855692,0.0,1,0
AC087071.1,0.00018889671,0.0,1,0
AC087175.1,0.00043733782,0.0,1,0
AC087273.2,0.0024965412,0.0,1,1
AC087286.3,0.00021054018,0.0,1,0
AC087289.5,0.00020909177,0.0,1,0
AC087294.1,0.00017311155,0.0,1,0
AC087392.5,0.000318942,0.0,1,0
AC087468.2,0.00028873983,0.0,1,0
AC087498.1,0.0002178414,0.0,1,0
AC087521.2,0.00015416452,0.0,1,0
AC087683.2,6.455361e-05,0.0,1,0
AC087752.3,0.00020445237,0.0,1,0
AC087893.2,0.001040686,0.0,1,1
AC089999.2,0.00035252908,0.0,1,0
AC090061.1,0.00015120504,0.0,1,0
AC090192.2,0.00060744485,0.0,1,1
AC090360.1,-0.08580405,0.0,1,2
AC090409.1,0.00014104959,0.0,1,0
AC090515.2,7.429023e-05,0.0,1,0
AC090519.2,0.00024306863,0.0,1,0
AC090579.1,-0.009502213,0.0,1,1
AC090587.2,0.00016531255,0.0,1,0
AC090617.3,-0.009321325,0.0,1,1
AC090617.5,3.0258205e-05,0.0,1,0
AC090630.1,0.000113952534,0.0,1,0
AC090651.1,0.001118,0.0,1,1
AC090739.1,0.0004036492,0.0,1,0
AC090772.3,0.004230242,0.0,1,1
AC090946.1,0.00017509244,0.0,1,0
AC091057.3,0.0021075283,0.0,1,1
AC091078.1,0.0015580746,0.0,1,0
AC091132.4,0.00013479144,0.0,1,0
AC091153.3,7.1655006e-05,0.0,1,0
AC091173.1,0.00064990233,0.0,1,0
AC091180.2,0.00043735906,0.0,1,0
AC091185.1,0.00021035133,0.0,1,0
AC091564.2,0.00014176681,0.0,1,0
AC091729.3,-0.0057583028,0.0,1,2
AC092053.4,0.0010962564,0.0,1,0
AC092068.3,-0.0011880654,0.0,1,1
AC092117.1,-0.015774444,0.0,1,2
AC092118.2,8.659351e-05,0.0,1,0
AC092123.1,0.00014748519,0.0,1,0
AC092159.2,0.0020189423,0.0,1,0
AC092171.3,-0.0010326833,0.0,1,1
AC092171.4,0.0003332419,0.0,1,0
AC092296.2,0.00016239242,0.0,1,0
AC092375.2,0.00023327039,0.0,1,0
AC092376.2,0.0006729329,0.0,1,0
AC092428.1,0.030939454,0.0,1,2
AC092445.1,-0.018488875,0.0,1,2
AC092484.1,0.0029851776,0.0,1,0
AC092546.1,0.00032981104,0.0,1,0
AC092650.1,0.00046057804,0.0,1,0
AC092652.1,0.00018370459,0.0,1,0
AC092652.3,9.098917e-05,0.0,1,0
AC092718.1,0.0004197293,0.0,1,0
AC092718.4,0.00017875056,0.0,1,0
AC092756.1,0.00016608248,0.0,1,0
AC092757.2,0.0012245907,0.0,1,1
AC092757.3,0.0002612291,0.0,1,0
AC092794.2,0.00017491051,0.0,1,0
AC092803.3,0.00065237,0.0,1,1
AC092803.4,0.0002791743,0.0,1,0
AC092809.4,0.00022300018,0.0,1,0
AC092835.1,-0.013140835,0.0,1,2
AC092868.2,0.00958294,0.0,1,2
AC092910.3,0.0019962091,0.0,1,1
AC093001.2,8.070658e-05,0.0,1,0
AC093157.2,0.00027477005,0.0,1,0
AC093227.3,0.00025181205,0.0,1,0
AC093249.6,0.00031923744,0.0,1,1
AC093330.1,0.00022704525,0.0,1,0
AC093388.1,6.224475e-05,0.0,1,0
AC093425.1,0.0017235634,0.0,1,1
AC093484.2,0.00028928815,0.0,1,0
AC093510.1,0.001832679,0.0,1,1
AC093510.2,0.000112144604,0.0,1,0
AC093525.7,-0.013489048,0.0,1,1
AC093535.1,0.00027533466,0.0,1,0
AC093567.1,0.00014919088,0.0,1,0
AC093627.22,0.00020604684,0.0,1,0
AC093627.6,-0.04470178,0.0,1,1
AC093635.1,-0.014072187,0.0,1,1
AC093677.2,2.5418432e-05,0.0,1,0
AC093726.2,0.0005512867,0.0,1,0
AC093732.2,0.00020138743,0.0,1,0
AC093752.2,0.00023405376,0.0,1,0
AC093788.1,0.00028453078,0.0,1,0
AC093835.1,0.00027848445,0.0,1,0
AC093849.2,-0.002401695,0.0,1,1
AC093849.4,0.0010569018,0.0,1,1
AC093916.1,0.0001007264,0.0,1,0
AC093928.1,0.00020887378,0.0,1,0
AC095055.1,0.006018764,0.0,1,0
AC095057.3,0.00073794555,0.0,1,0
AC096537.1,0.00084966567,0.0,1,0
AC096564.1,-0.0005141638,0.0,1,1
AC096733.2,-0.008330564,0.0,1,1
AC096921.2,0.00084691524,0.0,1,0
AC096992.2,-0.0104638785,0.0,1,2
AC097105.1,0.001435354,0.0,1,1
AC097359.2,0.034213018,0.0,1,2
AC097382.1,0.00074180355,0.0,1,1
AC097468.3,0.00047125583,0.0,1,0
AC097504.2,0.00015236872,0.0,1,0
AC097662.1,0.003088804,0.0,1,1
AC098484.2,0.0020189423,0.0,1,0
AC098487.1,0.00016712926,0.0,1,0
AC098679.1,0.002286093,0.0,1,0
AC098818.2,0.00072686694,0.0,1,0
AC098934.4,0.00017425891,0.0,1,0
AC099063.4,0.013002233,0.0,1,2
AC099343.2,9.452744e-05,0.0,1,0
AC099343.4,-0.06620461,0.0,1,1
AC099489.1,-0.00029012593,0.0,1,1
AC099518.5,0.0001559204,0.0,1,0
AC099524.1,-0.0072434726,0.0,1,2
AC099541.2,0.0006625601,0.0,1,0
AC099542.1,0.00021147258,0.0,1,0
AC099550.1,0.00042684205,0.0,1,0
AC099568.1,0.00031044893,0.0,1,0
AC099778.1,-0.010289854,0.0,1,2
AC100778.2,0.0012461012,0.0,1,0
AC100786.1,0.0028437332,0.0,1,1
AC100793.2,-0.011870138,0.0,1,2
AC100827.4,3.832563e-05,0.0,1,0
AC100861.1,-0.00017679048,0.0,1,1
AC102953.1,0.00061377365,0.0,1,0
AC102953.2,0.00043679835,0.0,1,0
AC103563.9,0.00015311729,0.0,1,0
AC103702.1,0.00031616862,0.0,1,0
AC103703.1,0.00029027145,0.0,1,0
AC103706.1,-0.019475179,0.0,1,2
AC103769.1,-0.051692247,0.0,1,1
AC103810.5,0.0024172643,0.0,1,0
AC103833.2,0.00035580856,0.0,1,0
AC103858.3,0.000304229,0.0,1,0
AC103923.1,0.00016216027,0.0,1,0
AC103974.1,0.00043219083,0.0,1,0
AC103996.2,0.01744338,0.0,1,1
AC104024.4,0.0008053559,0.0,1,1
AC104031.1,0.00073091144,0.0,1,0
AC104109.2,0.0002447383,0.0,1,0
AC104118.1,-0.014478755,0.0,1,1
AC104126.1,0.00031299688,0.0,1,0
AC104134.1,0.00028366328,0.0,1,0
AC104162.2,-0.01213964,0.0,1,2
AC104170.1,0.00044821005,0.0,1,0
AC104211.1,5.5766297e-05,0.0,1,0
AC104506.1,-0.0017037328,0.0,1,1
AC104532.2,0.00027796856,0.0,1,0
AC104564.5,0.002286093,0.0,1,0
AC104596.1,0.0005084592,0.0,1,0
AC104653.1,-0.010387533,0.0,1,2
AC104695.3,0.00079736795,0.0,1,1
AC104850.2,0.00023907864,0.0,1,0
AC104964.1,0.0018979433,0.0,1,1
AC104971.1,0.0003104233,0.0,1,0
AC105020.1,0.0005819308,0.0,1,0
AC105020.6,0.0008226568,0.0,1,1
AC105052.4,0.0014753942,0.0,1,1
AC105219.1,0.000681568,0.0,1,0
AC105265.4,0.0002855143,0.0,1,0
AC105285.1,0.00014895822,0.0,1,0
AC105339.6,4.566132e-05,0.0,1,0
AC105429.1,-0.020799724,0.0,1,2
AC105446.1,-0.0026684988,0.0,1,1
AC106028.3,0.00022207537,0.0,1,0
AC106707.1,-0.0044000847,0.0,1,2
AC106782.5,0.00041784858,0.0,1,0
AC106795.2,0.00013782589,0.0,1,0
AC106795.5,0.0013359458,0.0,1,0
AC106865.2,0.0003897797,0.0,1,0
AC106886.3,0.00058591197,0.0,1,0
AC106897.1,-0.0016569641,0.0,1,1
AC107027.1,0.00032529677,0.0,1,1
AC107068.1,0.0005331295,0.0,1,1
AC107081.2,0.00035411012,0.0,1,0
AC107223.1,0.00022589095,0.0,1,0
AC107294.2,0.00015485873,0.0,1,1
AC107884.1,-0.0024169118,0.0,1,2
AC107959.2,0.00029780835,0.0,1,0
AC108463.3,0.00031059474,0.0,1,0
AC108471.3,0.00026315788,0.0,1,0
AC108488.3,0.003394965,0.0,1,1
AC108676.1,0.00032944884,0.0,1,0
AC108718.1,0.00023509529,0.0,1,0
AC109322.1,-0.009757575,0.0,1,1
AC109460.1,7.587989e-05,0.0,1,0
AC109597.2,0.036345184,0.0,1,0
AC109630.1,0.0020889034,0.0,1,1
AC110285.2,0.046934724,0.0,1,2
AC110609.1,0.0005704625,0.0,1,0
AC110611.1,0.00043468978,0.0,1,0
AC110611.2,2.4289979e-05,0.0,1,0
AC110620.2,0.0012287061,0.0,1,1
AC110741.1,0.0002771479,0.0,1,0
AC110792.3,0.00022906468,0.0,1,0
AC111182.1,0.02089714,0.0,1,1
AC112236.2,-0.008694018,0.0,1,1
AC112236.3,0.00024531354,0.0,1,0
AC112253.1,0.0013594077,0.0,1,1
AC112484.1,0.00031072946,0.0,1,0
AC112484.3,0.00027776285,0.0,1,0
AC112907.3,0.00020547723,0.0,1,0
AC113133.1,0.00044164155,0.0,1,0
AC113189.1,0.00020116544,0.0,1,0
AC113382.1,0.0002468238,0.0,1,0
AC114271.1,0.00039671632,0.0,1,0
AC114763.1,0.0029036978,0.0,1,1
AC114956.3,0.00027297816,0.0,1,0
AC114977.1,0.00040999203,0.0,1,0
AC114980.1,0.0015001544,0.0,1,1
AC115618.1,0.015172537,0.0,1,1
AC116407.2,-0.006291487,0.0,1,2
AC116535.1,0.0005185402,0.0,1,0
AC116563.1,0.0002267509,0.0,1,0
AC116651.1,0.000180392,0.0,1,0
AC117382.2,-0.008063245,0.0,1,2
AC117528.1,0.00019415276,0.0,1,0
AC118757.1,0.00024694082,0.0,1,0
AC119396.2,0.00032733285,0.0,1,0
AC119403.1,0.00034912536,0.0,1,0
AC119673.2,1.2833974e-05,0.0,1,0
AC119800.1,0.00031113223,0.0,1,0
AC120049.1,0.00018953571,0.0,1,0
AC120053.1,0.0003125317,0.0,1,0
AC120193.1,0.0009903295,0.0,1,0
AC121761.1,0.00018169398,0.0,1,0
AC121761.2,0.00031726933,0.0,1,0
AC122710.2,0.00017887582,0.0,1,0
AC123595.2,-0.069487415,0.0,1,2
AC123768.4,0.00038543568,0.0,1,0
AC123777.1,0.0039250576,0.0,1,0
AC123912.1,2.2430622e-05,0.0,1,0
AC124017.1,0.00029421717,0.0,1,0
AC124045.1,-0.035817605,0.0,1,1
AC124067.2,0.0008051076,0.0,1,1
AC124283.3,0.00032046062,0.0,1,0
AC124798.2,0.00039629263,0.0,1,0
AC125437.1,0.0005147415,0.0,1,0
AC125494.1,0.0012081466,0.0,1,0
AC125611.3,0.0009139692,0.0,1,0
AC126283.1,0.0023615465,0.0,1,1
AC126544.2,0.00014175422,0.0,1,0
AC126696.1,0.0006725839,0.0,1,0
AC126755.2,4.7364542e-06,0.0,1,0
AC126773.6,0.00024978907,0.0,1,0
AC127002.2,0.001705382,0.0,1,1
AC127024.6,0.00033083142,0.0,1,0
AC127070.1,-0.007902163,0.0,1,1
AC127496.6,0.0003238511,0.0,1,0
AC127526.5,0.00012990265,0.0,1,0
AC130324.3,0.0012741914,0.0,1,1
AC130371.2,-0.0114926705,0.0,1,1
AC131159.2,0.00023405376,0.0,1,0
AC131210.1,0.00015721114,0.0,1,0
AC131237.1,0.00029720244,0.0,1,0
AC131971.1,0.00022207537,0.0,1,0
AC132872.1,0.0021708817,0.0,1,0
AC132872.5,-0.008850507,0.0,1,2
AC132938.6,0.0014801234,0.0,1,1
AC133550.3,-0.005580723,0.0,1,1
AC134682.1,0.006018764,0.0,1,0
AC135048.3,0.00022418406,0.0,1,0
AC135279.4,-0.0022350168,0.0,1,1
AC135782.3,0.00020501374,0.0,1,0
AC135803.1,5.0819188e-05,0.0,1,0
AC136475.2,0.001948027,0.0,1,1
AC136475.5,0.0007890751,0.0,1,1
AC136604.2,0.00019001268,0.0,1,0
AC136604.3,0.0012578072,0.0,1,0
AC137056.1,0.0001941072,0.0,1,0
AC137630.3,8.270036e-05,0.0,1,0
AC137630.4,0.00027087997,0.0,1,0
AC137695.3,0.00014508092,0.0,1,0
AC138035.1,-0.039026808,0.0,1,1
AC138207.7,0.0003833055,0.0,1,0
AC138649.1,0.006018764,0.0,1,0
AC138696.2,0.00017857063,0.0,1,0
AC138932.2,0.00029439424,0.0,1,0
AC138932.5,0.0002790545,0.0,1,0
AC138965.2,0.00020501374,0.0,1,0
AC139530.1,0.0019767813,0.0,1,1
AC139530.3,-0.046334494,0.0,1,1
AC144652.1,-0.0011523919,0.0,1,1
AC145207.5,-0.012613074,0.0,1,1
AC145212.1,0.00045578755,0.0,1,0
AC145285.2,5.0764513e-05,0.0,1,0
AC145343.1,0.00037543545,0.0,1,0
AC145350.2,0.00022569986,0.0,1,0
AC145423.3,-0.009347585,0.0,1,1
AC211433.1,0.00038936295,0.0,1,0
AC211476.6,0.03731673,0.0,1,0
AC232271.3,0.00031126972,0.0,1,0
AC239800.2,0.0007365209,0.0,1,1
AC239809.3,0.0018044839,0.0,1,0
AC239868.1,0.04768983,0.0,1,2
AC240565.1,0.0004151736,0.0,1,0
AC240565.2,0.00010637966,0.0,1,0
AC243547.2,0.0002532307,0.0,1,0
AC243772.2,0.0010991661,0.0,1,1
AC243829.1,0.021259025,0.0,1,2
AC243960.1,-0.002835116,0.0,1,1
AC244093.4,0.037604358,0.0,1,1
AC244453.3,0.00021971065,0.0,1,0
AC244502.1,0.00067559886,0.0,1,0
AC245052.7,0.00026315788,0.0,1,0
AC245140.2,2.0316802e-05,0.0,1,0
AC245164.2,0.00019678932,0.0,1,0
AC245452.1,-0.0063369256,0.0,1,1
AC254633.1,-0.0047425153,0.0,1,2
ACHE,3.9261726e-05,0.0,1,0
ACKR2,-0.004981576,0.0,1,1
ACOX2,-0.013947167,0.0,1,2
ACP6,0.0028901405,0.0,1,1
ACR,0.0004764467,0.0,1,0
ACSM5,0.02410951,0.0,1,2
ACTL10,0.0018638755,0.0,1,1
ACTN2,0.0084195705,0.0,1,2
ACTR6,0.05457746,0.0,1,2
ADAM19,-0.021930186,0.0,1,2
ADAM32,0.0005145289,0.0,1,0
ADAMTS14,0.018553123,0.0,1,1
ADAMTS17,0.00021759818,0.0,1,0
ADAMTS2,-0.014349942,0.0,1,1
ADAMTS4,0.0002309635,0.0,1,0
ADAMTS9,0.00019254937,0.0,1,0
ADAMTSL2,0.04432422,0.0,1,2
ADARB2,0.00032312356,0.0,1,0
ADGRB1,0.0009748886,0.0,1,0
ADGRB3,0.0017020019,0.0,1,0
ADGRD1,0.000335922,0.0,1,1
ADGRG2,0.0001659944,0.0,1,0
ADGRL1,0.00039591422,0.0,1,0
ADGRL2,0.00044766246,0.0,1,0
ADGRL4,0.022807278,0.0,1,0
ADH1B,0.00072962727,0.0,1,0
ADHFE1,0.0053437897,0.0,1,1
ADIRF-AS1,0.0032674316,0.0,1,1
ADNP-AS1,9.482804e-06,0.0,1,0
ADRA2A,0.0002855692,0.0,1,0
ADRA2C,0.00020602485,0.0,1,0
AEN,-0.013827053,0.0,1,2
AF064858.1,-0.018549854,0.0,1,2
AF111167.1,0.00023405376,0.0,1,0
AF111169.4,0.0004608107,0.0,1,0
AF127936.2,0.0010541873,0.0,1,0
AF131215.2,-0.002026259,0.0,1,1
AF131215.4,0.00048077715,0.0,1,0
AF131215.5,-0.0065468946,0.0,1,1
AF131215.6,0.00028481314,0.0,1,0
AF131215.7,0.00032733285,0.0,1,0
AF230666.1,0.0003429257,0.0,1,0
AF235103.3,0.0006825338,0.0,1,0
AF250324.1,0.00016245445,0.0,1,0
AF305872.2,0.00026443182,0.0,1,0
AFAP1,-0.06899458,0.0,1,2
AFF3,-0.00428996,0.0,1,2
AFG1L,-0.0028696635,0.0,1,1
AGAP1,0.0025829123,0.0,1,1
AGAP2,-0.011532963,0.0,1,2
AGAP6,8.421624e-05,0.0,1,0
AGBL3,-0.00030383855,0.0,1,1
AGER,-0.007670628,0.0,1,2
AGFG2,-0.002025984,0.0,1,2
AGR2,0.00019176956,0.0,1,0
AHCYL2,-0.017593885,0.0,1,2
AJ239328.1,9.445663e-05,0.0,1,0
AKAP3,0.00021809463,0.0,1,0
AKR1B10,0.036345184,0.0,1,0
AKR1C3,0.00024741032,0.0,1,0
AKR1C8P,0.00016281211,0.0,1,0
AKR1E2,-0.01279237,0.0,1,2
AKR7A3,0.0011607073,0.0,1,1
AL008721.2,0.0004576482,0.0,1,0
AL009031.1,0.00010941631,0.0,1,0
AL009176.1,-0.0020253619,0.0,1,1
AL009178.2,0.0002658129,0.0,1,0
AL009181.1,0.00042576072,0.0,1,0
AL020997.2,0.00032794802,0.0,1,0
AL021368.2,0.019817995,0.0,1,2
AL021392.1,0.00020407063,0.0,1,0
AL021395.1,0.0002324769,0.0,1,0
AL021707.1,0.00032930938,0.0,1,0
AL021707.2,0.0006977243,0.0,1,0
AL021707.5,0.000104948056,0.0,1,0
AL021707.8,0.00027592762,0.0,1,0
AL021807.1,0.00022685195,0.0,1,0
AL021918.5,2.4981631e-05,0.0,1,0
AL022069.1,0.027085641,0.0,1,1
AL022157.1,0.05000117,0.0,1,2
AL022322.2,0.0010990299,0.0,1,1
AL022326.1,0.0002636876,0.0,1,0
AL022329.1,0.00020830739,0.0,1,0
AL022345.4,0.0010903348,0.0,1,1
AL023653.1,0.00024784254,0.0,1,0
AL023803.1,0.00012522236,0.0,1,0
AL031123.5,0.00013225152,0.0,1,0
AL031283.2,0.052687157,0.0,1,0
AL031432.3,0.00041440906,0.0,1,0
AL031587.3,0.00025777007,0.0,1,0
AL031590.1,0.004747113,0.0,1,1
AL031600.1,2.0353511e-05,0.0,1,0
AL031673.1,0.00017509244,0.0,1,0
AL031775.1,-0.0024465711,0.0,1,1
AL031775.2,0.0018589195,0.0,1,0
AL031848.2,1.7601124e-05,0.0,1,0
AL031985.4,0.00030207247,0.0,1,0
AL033523.1,0.00036093532,0.0,1,0
AL033527.4,0.0011776605,0.0,1,1
AL033528.2,0.0003323371,0.0,1,0
AL035425.3,0.00015914584,0.0,1,0
AL035587.1,-0.045565557,0.0,1,2
AL035661.2,0.00028305725,0.0,1,0
AL049539.1,0.00017229987,0.0,1,0
AL049557.1,0.00049906125,0.0,1,0
AL049775.1,0.027527057,0.0,1,1
AL049795.1,0.0002636112,0.0,1,0
AL049796.1,-0.05196263,0.0,1,1
AL049840.2,0.019063007,0.0,1,1
AL049840.6,0.00045416303,0.0,1,0
AL050344.1,0.00016216027,0.0,1,0
AL078587.2,0.019076278,0.0,1,1
AL078600.1,0.022198593,0.0,1,1
AL078604.2,0.00057372585,0.0,1,0
AL078645.1,0.0002547507,0.0,1,0
AL080317.2,0.000267548,0.0,1,0
AL096678.1,0.0007601145,0.0,1,1
AL096701.4,0.0010643476,0.0,1,0
AL096803.2,0.0014268061,0.0,1,0
AL096840.2,0.036345184,0.0,1,0
AL096870.6,0.000246318,0.0,1,0
AL109615.3,-0.003677032,0.0,1,1
AL109627.1,0.00033020254,0.0,1,0
AL109628.2,-0.0061122845,0.0,1,1
AL109809.5,0.0004906139,0.0,1,0
AL109811.1,0.00017023309,0.0,1,0
AL109955.1,0.00014423124,0.0,1,0
AL109976.1,0.0017168145,0.0,1,1
AL110114.1,0.0005961861,0.0,1,0
AL117332.1,-0.0065381955,0.0,1,2
AL117336.2,0.0355873,0.0,1,2
AL117350.1,0.0009557254,0.0,1,1
AL117379.1,0.0008018873,0.0,1,1
AL118508.1,0.0067355125,0.0,1,1
AL118558.3,0.015178881,0.0,1,2
AL118558.4,0.0008695156,0.0,1,0
AL121652.1,-0.010097348,0.0,1,2
AL121658.1,0.000416251,0.0,1,0
AL121820.1,0.0002587661,0.0,1,0
AL121820.2,-0.015430227,0.0,1,1
AL121832.3,0.00020330875,0.0,1,0
AL121839.2,5.4091546e-05,0.0,1,0
AL121894.1,0.00021298231,0.0,1,0
AL121899.1,0.00021336366,0.0,1,0
AL121906.2,0.00033679538,0.0,1,0
AL121917.1,0.00016645511,0.0,1,0
AL121929.2,1.8415352e-05,0.0,1,0
AL121929.3,3.3129163e-05,0.0,1,0
AL121936.1,0.00018272037,0.0,1,0
AL121972.1,3.999786e-05,0.0,1,0
AL122017.1,0.0003643691,0.0,1,0
AL122023.1,0.00024760657,0.0,1,0
AL132639.2,0.0024573084,0.0,1,1
AL132780.2,0.02817936,0.0,1,2
AL133163.2,0.00022355921,0.0,1,0
AL133243.2,0.010448877,0.0,1,2
AL133353.1,-0.0130246505,0.0,1,2
AL133355.1,0.00016216027,0.0,1,0
AL133367.1,0.00032046062,0.0,1,0
AL133371.2,0.00010892415,0.0,1,0
AL133410.1,6.143161e-05,0.0,1,0
AL133410.2,0.0018589195,0.0,1,0
AL133453.1,0.005221989,0.0,1,1
AL133477.2,0.00054101035,0.0,1,0
AL133485.2,0.00014070526,0.0,1,0
AL133523.1,0.0002587661,0.0,1,0
AL135925.1,-0.013322393,0.0,1,2
AL136038.2,0.00042101392,0.0,1,0
AL136038.5,-0.019714752,0.0,1,1
AL136162.1,7.331758e-05,0.0,1,0
AL136169.1,8.372357e-06,0.0,1,0
AL136295.17,0.017491287,0.0,1,2
AL136295.2,0.00011130329,0.0,1,0
AL136301.1,0.000316239,0.0,1,0
AL136304.1,0.0008593215,0.0,1,0
AL136368.1,0.00023753126,0.0,1,0
AL136419.3,0.00230775,0.0,1,1
AL136441.1,0.0003382044,0.0,1,0
AL136454.1,-0.02553667,0.0,1,1
AL136531.1,1.039325e-05,0.0,1,0
AL136961.1,-0.017019637,0.0,1,1
AL136962.1,0.00032825954,0.0,1,0
AL136985.3,0.0017999046,0.0,1,1
AL137003.1,0.0008326154,0.0,1,0
AL137077.2,0.00024224356,0.0,1,0
AL138756.1,-0.011793077,0.0,1,2
AL138767.3,0.00034183636,0.0,1,0
AL138831.1,-0.009662516,0.0,1,1
AL138895.1,0.0013078279,0.0,1,1
AL138899.1,0.006397791,0.0,1,1
AL138955.1,5.8014216e-06,0.0,1,0
AL138976.2,0.0015539791,0.0,1,0
AL138995.1,0.00016216027,0.0,1,0
AL139243.1,-0.0017592598,0.0,1,1
AL139246.5,-0.0003868253,0.0,1,2
AL139260.1,0.059307557,0.0,1,2
AL139317.3,0.0013640817,0.0,1,1
AL139317.5,0.0004914698,0.0,1,0
AL139339.2,0.00012847454,0.0,1,0
AL139819.1,0.00019064547,0.0,1,0
AL157388.1,-0.005580193,0.0,1,1
AL157392.3,-0.0013370282,0.0,1,2
AL157394.3,-0.017247017,0.0,1,2
AL157813.2,0.000200405,0.0,1,0
AL157834.1,0.00017512887,0.0,1,0
AL157893.2,0.0001581871,0.0,1,0
AL158071.3,0.0010073892,0.0,1,1
AL158151.3,0.010289907,0.0,1,0
AL158151.4,0.0002716086,0.0,1,0
AL158163.1,0.00047205822,0.0,1,0
AL158163.2,-0.0022543764,0.0,1,1
AL158198.2,0.0002546668,0.0,1,0
AL158212.3,0.000114210336,0.0,1,0
AL158834.1,0.0004421675,0.0,1,0
AL158835.2,0.00024224356,0.0,1,0
AL159169.2,-0.007528513,0.0,1,1
AL160006.1,-0.0026301725,0.0,1,1
AL160171.1,0.0023101873,0.0,1,1
AL160272.1,-0.0045469287,0.0,1,1
AL160408.2,0.004042587,0.0,1,2
AL161421.1,0.00088736345,0.0,1,0
AL161457.2,0.0007016328,0.0,1,1
AL161717.1,0.00016977153,0.0,1,0
AL161756.3,0.000121390454,0.0,1,0
AL162258.2,-0.00020402251,0.0,1,1
AL162274.1,0.00022672328,0.0,1,0
AL162377.1,-0.0155368075,0.0,1,2
AL162411.1,0.0006542124,0.0,1,0
AL162586.1,-0.0022841885,0.0,1,2
AL162724.2,0.00021965078,0.0,1,0
AL163051.1,0.00091150746,0.0,1,0
AL352979.4,0.00021989056,0.0,1,0
AL353135.1,0.0008751003,0.0,1,1
AL353138.1,4.2754615e-05,0.0,1,0
AL353147.1,0.019122392,0.0,1,1
AL353152.2,0.00019174737,0.0,1,0
AL353194.1,3.2298267e-06,0.0,1,0
AL353572.4,0.00028507618,0.0,1,0
AL353596.1,0.001006111,0.0,1,1
AL353708.3,0.00039873435,0.0,1,0
AL353759.1,0.00016081239,0.0,1,0
AL353801.2,0.0002657666,0.0,1,0
AL354696.1,0.0006776752,0.0,1,1
AL354710.2,-0.014134675,0.0,1,1
AL354743.2,0.0016174209,0.0,1,0
AL354809.1,0.0007901611,0.0,1,0
AL354872.2,0.000231058,0.0,1,0
AL354892.2,-0.002056406,0.0,1,1
AL354892.3,0.0009849678,0.0,1,1
AL354919.1,0.0005398312,0.0,1,0
AL355075.4,0.0010119906,0.0,1,1
AL355312.3,0.00023082345,0.0,1,0
AL355336.1,-0.00097056595,0.0,1,1
AL355388.2,0.0024517507,0.0,1,1
AL355574.1,0.001261316,0.0,1,1
AL355802.3,0.0005476368,0.0,1,0
AL355816.2,-0.0076465756,0.0,1,1
AL355916.1,0.00039182496,0.0,1,0
AL355999.1,-0.0018590018,0.0,1,1
AL356019.2,2.282369e-05,0.0,1,0
AL356234.2,0.00026900697,0.0,1,0
AL356414.1,2.540488e-05,0.0,1,0
AL356417.3,-0.008237599,0.0,1,2
AL356512.1,-0.0049010008,0.0,1,1
AL357033.4,0.0012275063,0.0,1,1
AL357078.2,0.00030668438,0.0,1,0
AL357079.1,0.0006257594,0.0,1,0
AL357093.2,0.0001161434,0.0,1,0
AL357140.2,0.01492174,0.0,1,1
AL357315.1,0.00018723133,0.0,1,0
AL357522.1,0.0018929112,0.0,1,0
AL357833.1,0.00019447238,0.0,1,0
AL357873.1,0.0002049111,0.0,1,0
AL357874.2,0.00018382586,0.0,1,0
AL358472.2,0.0012047426,0.0,1,1
AL358777.1,-0.0066200863,0.0,1,1
AL358781.2,0.00021526036,0.0,1,0
AL358852.1,0.00031420178,0.0,1,0
AL358933.1,0.00019254937,0.0,1,0
AL359091.4,0.002306986,0.0,1,0
AL359220.1,-0.0028072835,0.0,1,2
AL359378.1,0.00023095745,0.0,1,0
AL359397.2,0.0004038889,0.0,1,0
AL359513.1,0.00023996155,0.0,1,0
AL359532.1,0.00081752706,0.0,1,0
AL359636.2,0.0013696974,0.0,1,1
AL359643.3,0.00548981,0.0,1,1
AL359644.1,-0.0018335119,0.0,1,1
AL359693.1,0.00016853692,0.0,1,0
AL359764.2,0.00022959245,0.0,1,0
AL359813.1,5.0008424e-05,0.0,1,0
AL359834.1,0.00044545406,0.0,1,0
AL359881.1,0.00014919088,0.0,1,0
AL359921.1,0.00027853614,0.0,1,0
AL359921.2,0.0002602455,0.0,1,0
AL360015.1,0.00032641552,0.0,1,0
AL360020.1,0.00041428852,0.0,1,0
AL360091.1,0.00037514002,0.0,1,0
AL360219.1,0.00017191375,0.0,1,0
AL365181.1,0.00013583622,0.0,1,0
AL365181.2,0.0002547507,0.0,1,0
AL365226.1,-0.0019487642,0.0,1,1
AL365295.1,0.0010380029,0.0,1,1
AL390195.1,3.5839505e-05,0.0,1,0
AL390208.1,0.00014402533,0.0,1,0
AL390860.1,0.0002916494,0.0,1,0
AL390957.1,0.00013387985,0.0,1,0
AL391056.2,4.2040327e-05,0.0,1,0
AL391095.1,0.00026768088,0.0,1,0
AL391121.1,0.00027819644,0.0,1,1
AL391497.1,0.00014045388,0.0,1,0
AL391650.1,0.0002628209,0.0,1,0
AL391684.1,0.0008712993,0.0,1,1
AL391988.1,0.00029138438,0.0,1,0
AL392046.1,-0.0019904457,0.0,1,1
AL392048.1,0.00016692506,0.0,1,0
AL442128.2,3.9534487e-05,0.0,1,1
AL442663.3,0.0005177812,0.0,1,0
AL445222.1,0.00055178144,0.0,1,0
AL445231.1,0.00196757,0.0,1,0
AL445248.1,0.00017509244,0.0,1,0
AL445524.1,3.2105793e-06,0.0,1,1
AL450311.1,0.00040418725,0.0,1,0
AL451042.2,0.0007550149,0.0,1,0
AL451050.2,-0.007464684,0.0,1,1
AL451069.1,0.00064642105,0.0,1,0
AL451069.3,0.00032885835,0.0,1,0
AL451085.1,0.00069597014,0.0,1,0
AL451085.2,0.00011339865,0.0,1,0
AL451123.1,-0.017406669,0.0,1,2
AL451123.2,0.0027930618,0.0,1,0
AL512283.1,0.0011211127,0.0,1,1
AL512306.2,0.0003610067,0.0,1,0
AL512329.2,0.00017229987,0.0,1,0
AL512422.1,0.0016421425,0.0,1,0
AL512598.1,0.00034083682,0.0,1,0
AL512603.1,0.0003491382,0.0,1,0
AL512625.1,4.9474726e-05,0.0,1,0
AL512652.1,0.00022614631,0.0,1,0
AL512791.2,0.00020383841,0.0,1,0
AL513218.2,7.798896e-05,0.0,1,0
AL513303.1,-0.001975893,0.0,1,1
AL513314.2,7.9053025e-05,0.0,1,0
AL513548.1,0.00026986763,0.0,1,0
AL583722.1,0.010289907,0.0,1,0
AL589765.5,0.00013460655,0.0,1,0
AL589787.2,0.0011952753,0.0,1,0
AL589843.1,0.00093978737,0.0,1,0
AL589863.2,0.0015539791,0.0,1,0
AL589986.2,0.0003243,0.0,1,0
AL590062.1,-0.04645106,0.0,1,1
AL590064.1,0.029512852,0.0,1,2
AL590101.1,3.684316e-05,0.0,1,0
AL590226.1,0.0020842005,0.0,1,0
AL590226.2,0.00020038057,0.0,1,0
AL590369.1,0.00035077546,0.0,1,0
AL590438.1,6.170759e-05,0.0,1,0
AL590648.2,0.00022677377,0.0,1,0
AL590705.1,0.00020330875,0.0,1,0
AL590822.3,0.00061482127,0.0,1,0
AL591506.1,0.00019678932,0.0,1,0
AL591623.1,0.00020249811,0.0,1,0
AL592071.1,0.00095557765,0.0,1,0
AL592183.1,0.00093313743,0.0,1,1
AL592211.1,0.00039177202,0.0,1,0
AL592295.4,-0.00679607,0.0,1,2
AL592435.1,-0.0068071126,0.0,1,2
AL596094.1,0.001557909,0.0,1,1
AL596202.1,0.0012510527,0.0,1,1
AL603756.1,0.00015914584,0.0,1,0
AL603783.1,0.0002874076,0.0,1,0
AL606469.1,3.9036e-06,0.0,1,0
AL606534.1,0.00030674963,0.0,1,0
AL606760.2,0.00039081767,0.0,1,0
AL606807.1,5.030011e-05,0.0,1,0
AL627309.5,-0.0075899526,0.0,1,2
AL645933.3,-0.00869315,0.0,1,1
AL645941.1,0.00028857082,0.0,1,0
AL662873.1,0.00032794802,0.0,1,0
AL662884.3,0.0003312727,0.0,1,0
AL672310.1,0.0003827943,0.0,1,0
AL683807.2,0.00029078632,0.0,1,0
AL683813.1,0.0009504004,0.0,1,0
AL691403.2,4.846269e-05,0.0,1,0
AL691482.3,0.0003654431,0.0,1,0
AL713852.1,0.00035985545,0.0,1,0
AL731563.3,0.00012661952,0.0,1,0
AL731567.1,0.019406239,0.0,1,0
AL731568.1,0.0004224896,0.0,1,0
AL731569.1,0.00027821996,0.0,1,0
AL732372.1,0.0006173388,0.0,1,0
AL928596.1,0.021507956,0.0,1,0
ALAS2,0.00023082345,0.0,1,0
ALDH3B2,-0.001831972,0.0,1,1
ALDH8A1,0.00011157838,0.0,1,0
ALG8,-0.010971848,0.0,1,2
ALKBH2,-0.020818546,0.0,1,2
ALKBH8,-0.01686269,0.0,1,2
ALMS1-IT1,0.002665436,0.0,1,0
ALOX15,0.00012376835,0.0,1,0
ALPK2,0.00023533015,0.0,1,1
ALS2CL,0.06242908,0.0,1,2
AMIGO1,0.000259071,0.0,1,0
AMIGO2,-0.01021257,0.0,1,2
AMOTL1,0.01866817,0.0,1,1
ANGPT2,0.0006225469,0.0,1,0
ANGPTL2,0.0005111876,0.0,1,0
ANK3,0.020075532,0.0,1,1
ANKDD1A,-0.07792018,0.0,1,2
ANKLE1,-0.0133721195,0.0,1,2
ANKMY1,0.009878998,0.0,1,2
ANKRD2,0.00023905087,0.0,1,0
ANKRD23,0.00052267587,0.0,1,0
ANKRD24,0.0013973172,0.0,1,0
ANKRD29,0.0016044676,0.0,1,1
ANKRD31,0.00038195917,0.0,1,0
ANKRD33,0.00052407064,0.0,1,0
ANKRD34A,-0.04640424,0.0,1,1
ANKRD45,0.00016674044,0.0,1,0
ANKRD53,0.0003476249,0.0,1,0
ANKRD66,0.00026130505,0.0,1,0
ANKUB1,0.0003574322,0.0,1,0
ANO4,0.00034618753,0.0,1,0
ANO7,0.015986834,0.0,1,2
ANXA13,0.0016423344,0.0,1,0
ANXA2R,0.016601967,0.0,1,2
ANXA3,0.03439607,0.0,1,2
AOC3,0.00023269201,0.0,1,0
AOPEP,-0.021764683,0.0,1,2
AP000251.1,9.154562e-06,0.0,1,0
AP000253.1,0.00010698227,0.0,1,0
AP000255.1,0.00024378643,0.0,1,0
AP000439.2,0.0008663035,0.0,1,0
AP000442.1,-0.0055482723,0.0,1,1
AP000465.1,0.0012832377,0.0,1,0
AP000525.1,8.602157e-05,0.0,1,0
AP000553.8,0.00020052721,0.0,1,0
AP000662.1,0.0003038457,0.0,1,0
AP000688.1,6.564656e-05,0.0,1,0
AP000688.2,0.0007458021,0.0,1,0
AP000692.1,1.4570697e-05,0.0,1,0
AP000695.1,0.00037318922,0.0,1,0
AP000704.1,-0.018400697,0.0,1,1
AP000757.1,0.0010537999,0.0,1,1
AP000763.3,0.0012091786,0.0,1,1
AP000766.1,-0.013909216,0.0,1,1
AP000769.2,0.00024258032,0.0,1,0
AP000779.1,0.0004353059,0.0,1,0
AP000786.1,0.00023268121,0.0,1,0
AP000787.1,0.00044483063,0.0,1,0
AP000812.1,-0.0052820095,0.0,1,1
AP000845.1,-0.0015099092,0.0,1,1
AP000866.6,0.00064251345,0.0,1,0
AP000880.1,0.00032853385,0.0,1,0
AP000897.1,0.0017481548,0.0,1,1
AP000919.4,-0.010846148,0.0,1,1
AP000977.1,0.00018402845,0.0,1,0
AP001001.1,0.0003243,0.0,1,0
AP001020.2,0.0002643861,0.0,1,0
AP001021.3,0.00011029872,0.0,1,0
AP001033.1,-0.0025908595,0.0,1,1
AP001033.2,0.0005073321,0.0,1,1
AP001042.1,0.0004055431,0.0,1,0
AP001053.1,0.00019401615,0.0,1,0
AP001056.2,-0.016505657,0.0,1,2
AP001059.3,0.00010330801,0.0,1,0
AP001062.3,0.00067340233,0.0,1,0
AP001063.1,0.00011993069,0.0,1,0
AP001065.4,0.0003158174,0.0,1,0
AP001107.2,0.00019124134,0.0,1,0
AP001160.1,0.00051735627,0.0,1,0
AP001160.2,0.00035926994,0.0,1,0
AP001160.3,-0.006260254,0.0,1,1
AP001160.4,0.0010015751,0.0,1,0
AP001189.5,0.00020230566,0.0,1,0
AP001198.1,0.00022611435,0.0,1,0
AP001269.4,7.479007e-05,0.0,1,0
AP001372.2,-0.0056667384,0.0,1,1
AP001437.1,0.0002293942,0.0,1,0
AP001437.2,0.0013359458,0.0,1,0
AP001453.3,0.00091460877,0.0,1,0
AP001462.1,-0.014124632,0.0,1,1
AP001610.2,-0.0058001373,0.0,1,1
AP001816.1,0.0001246684,0.0,1,1
AP001830.1,9.3456665e-06,0.0,1,0
AP001885.2,7.939564e-06,0.0,1,0
AP001893.1,0.0019482874,0.0,1,0
AP002026.1,-0.0057326225,0.0,1,1
AP002490.1,0.009286609,0.0,1,2
AP002840.2,0.0022479456,0.0,1,0
AP002852.1,0.00038962727,0.0,1,0
AP002982.2,-0.04645521,0.0,1,1
AP003110.1,0.0004111909,0.0,1,0
AP003120.1,0.0007958347,0.0,1,0
AP003168.2,0.00028507618,0.0,1,0
AP003390.1,0.0002244351,0.0,1,0
AP003419.2,0.0021256716,0.0,1,0
AP003465.1,0.0010420692,0.0,1,1
AP003469.4,0.00030065657,0.0,1,0
AP003680.1,7.217618e-05,0.0,1,0
AP003717.4,0.004720138,0.0,1,1
AP003721.4,0.00079152343,0.0,1,1
AP003778.1,0.0003679086,0.0,1,0
AP003785.1,0.0005749401,0.0,1,0
AP005019.1,0.0019496294,0.0,1,2
AP005131.6,0.0015609171,0.0,1,1
AP005136.3,0.0003315464,0.0,1,0
AP005329.1,-0.008005503,0.0,1,1
AP005329.3,0.00034195287,0.0,1,0
AP005432.1,-0.00064428407,0.0,1,1
AP005671.1,0.00196757,0.0,1,0
AP005717.1,0.00036183806,0.0,1,0
AP006284.1,-0.003348749,0.0,1,1
AP1M2,-0.0002573221,0.0,1,1
AP4S1,0.004692962,0.0,1,2
APBB1,-0.004527505,0.0,1,2
APCDD1,0.00012839159,0.0,1,0
APOBEC3B,-0.00028916015,0.0,1,2
APOBEC3D,0.021361975,0.0,1,2
APOBEC3F,-0.0053718016,0.0,1,2
APOC4,-0.0054541654,0.0,1,2
APTR,-0.0015472532,0.0,1,1
AQP1,0.00037314757,0.0,1,0
AQP6,2.274085e-05,0.0,1,0
AQP7,0.0015561433,0.0,1,1
AQP8,0.00035215498,0.0,1,0
ARC,-0.00118082,0.0,1,1
ARF4-AS1,0.00015547918,0.0,1,0
ARG1,0.00022614631,0.0,1,0
ARHGAP19,-0.006694189,0.0,1,2
ARHGAP29,-0.0086219795,0.0,1,2
ARHGAP42,0.00010089545,0.0,1,0
ARHGAP5-AS1,-0.024929501,0.0,1,2
ARHGAP8,0.00024828254,0.0,1,0
ARHGEF16,7.9503125e-06,0.0,1,0
ARHGEF26,0.00012334358,0.0,1,0
ARHGEF28,0.00023405376,0.0,1,0
ARHGEF33,0.0013744574,0.0,1,1
ARHGEF35,-0.0019988378,0.0,1,1
ARHGEF37,-0.0021339133,0.0,1,1
ARHGEF39,-0.00090917666,0.0,1,1
ARL13B,0.0017225351,0.0,1,2
ARL17B,-0.063138135,0.0,1,2
ARL5C,0.00018382586,0.0,1,0
ARL6,-0.014158878,0.0,1,2
ARMC3,-0.046538632,0.0,1,1
ARMCX4,0.036605597,0.0,1,1
ARMH4,0.00013687811,0.0,1,0
ARNTL,0.0032271508,0.0,1,2
ARRDC5,-0.035459667,0.0,1,2
ARSE,0.00018272037,0.0,1,0
AS3MT,0.00041373505,0.0,1,0
ASAH2B,0.000107401516,0.0,1,0
ASB14,0.0001733447,0.0,1,0
ASB2,-0.017711634,0.0,1,2
ASCL1,0.00016144617,0.0,1,0
ASDURF,0.00022252499,0.0,1,0
ASIC1,0.0009059896,0.0,1,0
ASIP,-0.046446025,0.0,1,2
ASNS,0.0006988989,0.0,1,1
ASPHD1,-0.0020972912,0.0,1,1
ASPHD2,-0.0075766686,0.0,1,2
ASPRV1,0.0008242495,0.0,1,0
ASTE1,-0.008156134,0.0,1,2
ASTL,6.6866785e-05,0.0,1,0
ASTN2,0.00073446723,0.0,1,1
ATG9B,-0.0029146867,0.0,1,1
ATL1,0.00037148557,0.0,1,0
ATP13A4,0.00019131754,0.0,1,0
ATP1A1-AS1,0.002436438,0.0,1,1
ATP1A4,-0.005470406,0.0,1,1
ATP2A1,0.0014586351,0.0,1,0
ATP2B2,5.8091635e-05,0.0,1,0
ATP4B,0.0002774037,0.0,1,0
ATP5MGL,0.0004884193,0.0,1,0
ATP6AP1L,-0.034249876,0.0,1,2
ATP6V1C2,5.6392553e-05,0.0,1,0
ATP6V1G2,5.308851e-05,0.0,1,0
ATP7B,0.00036656766,0.0,1,0
ATP8A1,0.002009678,0.0,1,2
ATP8B1,0.00017692428,0.0,1,1
ATP9A,-0.0010793598,0.0,1,1
ATXN2-AS,0.0002599908,0.0,1,0
AURKC,0.0006513307,0.0,1,1
AXIN1,0.0026551306,0.0,1,1
AXIN2,0.0006705926,0.0,1,0
B3GNT8,-0.013887382,0.0,1,2
B4GALNT4,-0.0017409819,0.0,1,1
B4GALT6,4.7990103e-05,0.0,1,0
BAALC-AS1,0.000354556,0.0,1,0
BACE1-AS,-0.01988841,0.0,1,2
BACE2,-0.0020768933,0.0,1,1
BACH1-IT2,0.00044397637,0.0,1,0
BAG2,0.0035199344,0.0,1,1
BAMBI,-0.0033196,0.0,1,1
BBOF1,-0.0027679305,0.0,1,1
BBS10,0.01634751,0.0,1,2
BBS5,-0.02452219,0.0,1,2
BCAR1,5.1844672e-05,0.0,1,0
BCAS1,0.0002742205,0.0,1,0
BCAT2,-0.007005584,0.0,1,2
BCHE,0.00022238267,0.0,1,0
BCL11A,-0.069551855,0.0,1,2
BCORL1,-0.00091668376,0.0,1,1
BCR,0.004985676,0.0,1,2
BEND5,-0.018354513,0.0,1,1
BEND7,0.00034922882,0.0,1,0
BEX1,0.0008208868,0.0,1,0
BEX2,0.0008319418,0.0,1,0
BEX5,0.00020358556,0.0,1,0
BFSP1,0.000790132,0.0,1,1
BMP6,0.0018526347,0.0,1,0
BMP7,0.00015663805,0.0,1,0
BOLA1,-0.036009807,0.0,1,2
BOLA3-AS1,0.00054512266,0.0,1,1
BORA,-0.013107565,0.0,1,2
BRD1,-0.010242882,0.0,1,2
BRIP1,0.0006739058,0.0,1,0
BRMS1L,-0.009852321,0.0,1,1
BRWD1-AS2,0.00049803086,0.0,1,0
BTBD11,4.309637e-05,0.0,1,0
BTBD8,-0.017847022,0.0,1,2
BTG3-AS1,0.0030472346,0.0,1,1
BTN3A3,0.004792154,0.0,1,2
BTNL2,0.00035013646,0.0,1,0
BTNL9,0.00013222136,0.0,1,0
BVES-AS1,0.00023749552,0.0,1,0
BX005040.1,0.00039402093,0.0,1,0
BX284668.6,-0.0017638487,0.0,1,1
BX293535.1,0.00019176956,0.0,1,0
BX322234.1,0.0005839311,0.0,1,1
BX323046.1,0.0009827552,0.0,1,0
BX649632.1,0.0023484288,0.0,1,0
BX842570.1,0.0008203147,0.0,1,0
C10orf90,-0.002062002,0.0,1,1
C11orf95,0.0007751365,0.0,1,0
C12orf74,0.00018608106,0.0,1,0
C14orf93,-0.00737684,0.0,1,2
C15orf56,0.0001717563,0.0,1,0
C16orf86,-0.002241587,0.0,1,1
C16orf89,0.0008139216,0.0,1,1
C17orf100,0.0014543835,0.0,1,1
C17orf67,0.00096886855,0.0,1,0
C18orf65,0.00016378037,0.0,1,0
C19orf44,-0.0259956,0.0,1,1
C19orf47,-0.005534951,0.0,1,1
C19orf71,0.00024694082,0.0,1,0
C19orf73,-0.01641613,0.0,1,1
C1QTNF1,0.054346714,0.0,1,2
C1QTNF12,0.0007865759,0.0,1,0
C1QTNF3,0.056284785,0.0,1,1
C1QTNF6,0.013605039,0.0,1,1
C1RL-AS1,-0.014674473,0.0,1,1
C1S,-0.05191842,0.0,1,1
C1orf127,0.0043627317,0.0,1,2
C1orf159,-0.012519334,0.0,1,2
C1orf210,0.00024929954,0.0,1,0
C1orf226,-0.0019705954,0.0,1,1
C1orf229,0.00024930912,0.0,1,0
C1orf61,0.00046639098,0.0,1,0
C2-AS1,0.00042684205,0.0,1,0
C2CD4D,0.00034954087,0.0,1,0
C2CD4D-AS1,0.0002950457,0.0,1,0
C2orf69,-0.04948317,0.0,1,2
C2orf92,0.00059071364,0.0,1,0
C3orf14,0.008805205,0.0,1,1
C3orf18,0.03725297,0.0,1,1
C3orf33,-0.0022929357,0.0,1,2
C3orf35,0.047531914,0.0,1,1
C3orf62,-0.016240682,0.0,1,2
C3orf67,0.00023936674,0.0,1,0
C3orf70,0.0020171197,0.0,1,0
C4B,0.00020399208,0.0,1,0
C4BPB,0.00029439424,0.0,1,0
C4orf47,-0.011693151,0.0,1,2
C5,0.0027391603,0.0,1,2
C5orf49,-0.007621178,0.0,1,1
C6orf132,0.04706065,0.0,1,1
C6orf163,0.00037580007,0.0,1,0
C6orf47-AS1,0.00028772946,0.0,1,0
C7,0.00037856444,0.0,1,0
C7orf25,-0.0073952586,0.0,1,2
C7orf57,0.0016421425,0.0,1,0
C7orf61,0.00090940885,0.0,1,1
C8orf34-AS1,8.703951e-05,0.0,1,0
C8orf48,0.00054569024,0.0,1,0
C9orf106,-0.013398986,0.0,1,1
C9orf147,0.00063622266,0.0,1,0
C9orf153,0.00028840208,0.0,1,0
C9orf163,0.0010376005,0.0,1,0
C9orf170,0.00079314184,0.0,1,0
C9orf24,-0.047215123,0.0,1,2
CA1,0.00029811243,0.0,1,0
CA13,0.00043253772,0.0,1,0
CA14,0.00048014437,0.0,1,0
CA3,1.2564841e-05,0.0,1,0
CA3-AS1,0.00022933318,0.0,1,0
CA4,0.0015987264,0.0,1,0
CAB39L,0.00071280805,0.0,1,0
CABLES1,-0.0048477612,0.0,1,2
CABYR,0.00013478224,0.0,1,1
CACFD1,0.015687184,0.0,1,2
CACHD1,0.00028992936,0.0,1,0
CACNA1C,0.00018354312,0.0,1,0
CACNA1G,-0.016409509,0.0,1,1
CACNA2D3,0.017394027,0.0,1,2
CACNB1,0.0004269597,0.0,1,0
CACNB3,-0.0029192523,0.0,1,1
CACTIN,0.00406567,0.0,1,2
CADM2,0.00048929447,0.0,1,0
CADPS,0.0004525728,0.0,1,0
CADPS2,-0.011211275,0.0,1,2
CAGE1,0.0015710272,0.0,1,1
CALB2,0.00011217749,0.0,1,0
CALCRL,0.0019213815,0.0,1,1
CALML6,0.00012922159,0.0,1,0
CAPN5,-0.009465096,0.0,1,1
CAPS2,-0.023718907,0.0,1,2
CASC9,0.0002091092,0.0,1,0
CASP3,-0.003219204,0.0,1,2
CASTOR3,-0.012524807,0.0,1,1
CATSPER2,-0.008308362,0.0,1,1
CATSPER3,0.00055314513,0.0,1,1
CATSPERG,-0.005125075,0.0,1,1
CAV2,0.00022727123,0.0,1,0
CAVIN1,-0.008243007,0.0,1,2
CAVIN4,0.0006284968,0.0,1,0
CBARP,-0.0058790618,0.0,1,1
CBFA2T3,0.0003166179,0.0,1,0
CBS,0.022659054,0.0,1,1
CBSL,3.09092e-05,0.0,1,0
CBWD3,0.0010981732,0.0,1,1
CBX2,-0.002557829,0.0,1,1
CBY3,0.0014902306,0.0,1,0
CC2D2A,0.0021455844,0.0,1,1
CCDC102A,0.0016458598,0.0,1,1
CCDC102B,-0.0012349994,0.0,1,1
CCDC113,0.00046441678,0.0,1,0
CCDC120,0.00075600477,0.0,1,1
CCDC121,0.035028357,0.0,1,2
CCDC122,0.00092984876,0.0,1,0
CCDC13,0.004291853,0.0,1,1
CCDC141,8.570869e-05,0.0,1,0
CCDC150,0.000233654,0.0,1,0
CCDC151,0.002210265,0.0,1,1
CCDC152,-0.024377396,0.0,1,1
CCDC153,0.0034272827,0.0,1,1
CCDC157,-0.0021395043,0.0,1,2
CCDC163,0.00043090244,0.0,1,0
CCDC168,0.00017509244,0.0,1,0
CCDC173,0.03746072,0.0,1,1
CCDC180,0.0026043945,0.0,1,0
CCDC183,0.000843991,0.0,1,0
CCDC183-AS1,8.980976e-06,0.0,1,0
CCDC191,-0.0014345966,0.0,1,1
CCDC26,-0.018338615,0.0,1,1
CCDC3,0.00028539184,0.0,1,0
CCDC39,-0.0060061477,0.0,1,1
CCDC61,-0.010403508,0.0,1,2
CCDC68,0.0012034941,0.0,1,1
CCDC78,-0.040802825,0.0,1,2
CCDC8,0.00026252627,0.0,1,0
CCDC80,-0.006373389,0.0,1,2
CCDC81,0.0002007376,0.0,1,0
CCDC83,0.022657827,0.0,1,0
CCDC84-DT,5.9229944e-05,0.0,1,0
CCDC85A,0.00042254536,0.0,1,0
CCDC9B,-0.033726152,0.0,1,2
CCIN,0.02328071,0.0,1,0
CCL1,0.00020148624,0.0,1,0
CCL14,0.000451571,0.0,1,0
CCL17,0.0068361964,0.0,1,1
CCL21,0.00046062432,0.0,1,0
CCN1,0.0006175732,0.0,1,0
CCN2,-0.008571892,0.0,1,1
CCN3,0.0002173654,0.0,1,0
CCNA1,6.625877e-05,0.0,1,0
CCNA2,-0.0067740274,0.0,1,1
CCNB3,0.0007877943,0.0,1,0
CCNT2-AS1,-0.0076594003,0.0,1,1
CCR2,-0.028652025,0.0,1,2
CCR7,-0.006819056,0.0,1,1
CCSER1,-0.010975611,0.0,1,2
CCT6B,0.00033281263,0.0,1,0
CD1A,0.00030512802,0.0,1,0
CD1C,-0.010961973,0.0,1,2
CD22,-0.020791804,0.0,1,2
CD248,0.0003520626,0.0,1,0
CD320,0.0066207983,0.0,1,1
CD5,-0.026058426,0.0,1,1
CD7,-0.05165304,0.0,1,2
CD79A,-0.0062817927,0.0,1,1
CD81-AS1,0.0005555419,0.0,1,0
CDC20,-0.012087789,0.0,1,1
CDC25A,0.0011407937,0.0,1,0
CDC25C,-0.00075666653,0.0,1,2
CDC37L1-DT,0.0011323856,0.0,1,1
CDC42BPA,0.0004969899,0.0,1,1
CDC42EP2,4.5528635e-05,0.0,1,0
CDC42EP5,3.400835e-05,0.0,1,0
CDC6,0.0004784492,0.0,1,1
CDC7,0.00053739495,0.0,1,0
CDCA4,-0.0014409131,0.0,1,2
CDCA8,-0.0025216583,0.0,1,2
CDH1,0.015984172,0.0,1,2
CDH11,0.009673432,0.0,1,1
CDH13,0.00021010695,0.0,1,0
CDH24,0.0002126629,0.0,1,0
CDH26,0.00033147485,0.0,1,0
CDH6,-0.0012098228,0.0,1,1
CDK1,-0.006502617,0.0,1,2
CDK20,0.000106693245,0.0,1,0
CDKN2B,-0.04600647,0.0,1,2
CDO1,0.00030378744,0.0,1,0
CEACAM1,0.0017094259,0.0,1,1
CEL,0.00015068486,0.0,1,0
CELF4,-0.0037280999,0.0,1,1
CELF5,0.00021526036,0.0,1,0
CELSR1,-0.04738243,0.0,1,2
CELSR3,0.00040268118,0.0,1,0
CEMIP,0.019406239,0.0,1,0
CENPA,0.0004715633,0.0,1,0
CENPE,-0.0025225892,0.0,1,2
CENPI,-0.048978016,0.0,1,1
CENPV,-0.0013930771,0.0,1,1
CEP131,-0.00094688806,0.0,1,1
CEP83-DT,1.4516622e-05,0.0,1,0
CERCAM,0.0005565649,0.0,1,2
CERS1,0.00019861502,0.0,1,0
CFAP126,3.546001e-05,0.0,1,0
CFAP157,0.00036093532,0.0,1,0
CFAP44,-0.004199797,0.0,1,1
CFAP45,0.0013178732,0.0,1,0
CFAP53,0.0040489943,0.0,1,2
CFAP69,0.0014044308,0.0,1,1
CFAP70,-0.014509499,0.0,1,1
CFAP73,-0.046368033,0.0,1,1
CFAP97D1,6.2715575e-05,0.0,1,0
CFLAR-AS1,0.00035181324,0.0,1,0
CGNL1,9.445663e-05,0.0,1,0
CHAC2,-0.015145308,0.0,1,2
CHADL,-0.005563324,0.0,1,2
CHEK2,0.009317776,0.0,1,1
CHI3L1,-0.0061573633,0.0,1,2
CHKB-DT,-0.046229947,0.0,1,2
CHN1,1.7073316e-05,0.0,1,0
CHRFAM7A,0.0063695717,0.0,1,2
CHRM2,0.00053564034,0.0,1,0
CHRNA10,0.011583769,0.0,1,2
CHRNB1,-0.0011943445,0.0,1,2
CHRNE,-0.05425698,0.0,1,2
CHST10,0.002744412,0.0,1,2
CHST13,-0.0015630033,0.0,1,2
CHST7,-0.00020423143,0.0,1,1
CHSY3,2.8410383e-05,0.0,1,0
CIART,0.0002122911,0.0,1,1
CIB2,0.024816737,0.0,1,2
CIDEA,0.0002635204,0.0,1,0
CILP,0.0013455787,0.0,1,1
CKAP2L,-0.005917478,0.0,1,2
CKMT2-AS1,-0.0020109953,0.0,1,2
CLCN1,7.638028e-06,0.0,1,0
CLCN4,-0.005213199,0.0,1,1
CLCNKA,0.0007329867,0.0,1,0
CLDN11,0.00085944746,0.0,1,0
CLDN12,-0.01610522,0.0,1,2
CLDN23,0.04424024,0.0,1,2
CLDN5,0.00010409438,0.0,1,0
CLEC18A,0.0016423344,0.0,1,0
CLEC18B,0.00030668438,0.0,1,0
CLEC20A,7.059691e-05,0.0,1,0
CLEC9A,0.033893652,0.0,1,2
CLHC1,0.02218463,0.0,1,1
CLIC3,-0.011594612,0.0,1,2
CLIC6,0.0004213981,0.0,1,0
CLLU1OS,0.00080314645,0.0,1,0
CLUAP1,-0.0003880281,0.0,1,1
CLVS1,0.00054165605,0.0,1,0
CMBL,-0.01180558,0.0,1,2
CMTM2,0.00041325125,0.0,1,0
CMTM8,0.0026065658,0.0,1,1
CMYA5,0.0017804616,0.0,1,1
CNGB1,0.00012376835,0.0,1,0
CNKSR1,-0.00078488234,0.0,1,2
CNKSR3,-0.0011120331,0.0,1,1
CNN1,0.0003038457,0.0,1,0
CNN3,0.0010790355,0.0,1,0
CNPY4,-0.009463766,0.0,1,2
CNR1,0.0007693534,0.0,1,1
CNTNAP3B,0.0002474888,0.0,1,0
COA6-AS1,0.002216989,0.0,1,1
COBLL1,0.00025149505,0.0,1,0
COL10A1,0.002306986,0.0,1,0
COL13A1,0.00029768693,0.0,1,0
COL15A1,-0.017659064,0.0,1,2
COL18A1,-0.0023278745,0.0,1,2
COL1A2,0.04169199,0.0,1,2
COL23A1,0.0052309446,0.0,1,0
COL4A1,0.0003113713,0.0,1,0
COL4A5,0.00043613845,0.0,1,0
COL5A1,0.00027755284,0.0,1,0
COL5A2,0.0002115403,0.0,1,0
COL6A2,-0.046541046,0.0,1,1
COL6A3,-0.006768269,0.0,1,1
COL9A3,0.00015762231,0.0,1,0
COLCA1,0.00014796488,0.0,1,0
COLCA2,0.0043349494,0.0,1,1
COLQ,-0.00991054,0.0,1,1
COPG2,-0.064901285,0.0,1,2
COQ10A,0.0026996357,0.0,1,1
COQ3,0.012276723,0.0,1,2
COX10-AS1,-0.0053660995,0.0,1,2
COX7A1,-0.001757298,0.0,1,1
CPA5,0.0019299757,0.0,1,0
CPA6,0.0007312158,0.0,1,0
CPB2-AS1,0.0017900565,0.0,1,1
CPS1-IT1,0.00024201964,0.0,1,0
CPT1C,0.00082617183,0.0,1,0
CPZ,0.00020148624,0.0,1,0
CR786580.1,0.00014632511,0.0,1,0
CRB3,0.0004403173,0.0,1,0
CREG2,0.0013487769,0.0,1,0
CRISPLD2,-0.00441088,0.0,1,1
CRYAB,-0.021439688,0.0,1,2
CRYBB2,0.0014330012,0.0,1,0
CRYBB3,0.0001878229,0.0,1,0
CRYGN,0.0005815753,0.0,1,0
CRYGS,0.0002464871,0.0,1,1
CRYM,0.00061446655,0.0,1,0
CSAD,-0.0061965785,0.0,1,2
CSE1L-AS1,0.0002354448,0.0,1,0
CSF1,0.018774008,0.0,1,2
CSNK2A3,0.000116889154,0.0,1,0
CSPG4,0.0002949458,0.0,1,1
CSPG5,0.00019401615,0.0,1,0
CSPP1,-0.02894946,0.0,1,2
CSRP2,-0.0016938568,0.0,1,1
CSTF3-DT,8.7485765e-05,0.0,1,0
CT69,0.0002354448,0.0,1,0
CT70,0.009185634,0.0,1,1
CTBP1-AS,0.0011268551,0.0,1,0
CTF1,-0.011853411,0.0,1,2
CTHRC1,0.0005758807,0.0,1,0
CTLA4,0.001386771,0.0,1,1
CTNNAL1,0.039301194,0.0,1,1
CTNND2,0.00018918475,0.0,1,0
CTRB1,0.00012079349,0.0,1,0
CTSF,-0.018426917,0.0,1,2
CU633904.1,0.00086649606,0.0,1,0
CU633906.1,3.182632e-05,0.0,1,0
CU633967.1,0.0010227878,0.0,1,0
CUBN,0.0006979418,0.0,1,0
CXCL11,0.03301504,0.0,1,2
CXCL6,9.5197094e-05,0.0,1,0
CXCR5,0.00034861863,0.0,1,0
CXCR6,-0.025252357,0.0,1,2
CYB5R2,0.024175024,0.0,1,2
CYB5RL,-0.06712011,0.0,1,2
CYP26B1,0.0009246422,0.0,1,0
CYP2D6,0.00077378144,0.0,1,1
CYP2J2,-0.0016409544,0.0,1,1
CYP3A5,2.1521779e-05,0.0,1,0
CYP3A7,0.00020820102,0.0,1,0
CYP46A1,9.846831e-05,0.0,1,0
CYP4F12,0.00031574725,0.0,1,0
CYP4F3,0.00017491051,0.0,1,0
CYP51A1-AS1,4.650536e-05,0.0,1,0
CYSLTR2,-0.008753729,0.0,1,1
CYYR1,0.00027592762,0.0,1,0
DACH1,0.00013222136,0.0,1,0
DBF4,-0.016308108,0.0,1,2
DBNDD1,0.00044866317,0.0,1,0
DCAF12L1,0.0002585054,0.0,1,0
DCAF4L1,0.0006357126,0.0,1,0
DCBLD2,-0.032526135,0.0,1,2
DCDC2B,0.01928859,0.0,1,1
DCST1-AS1,9.599316e-06,0.0,1,0
DCUN1D2,0.0031089,0.0,1,2
DCXR-DT,0.0001133093,0.0,1,0
DDAH1,0.00042895493,0.0,1,0
DDR2,0.00081558013,0.0,1,0
DDTL,-0.0048657893,0.0,1,2
DDX11-AS1,0.00017082908,0.0,1,0
DDX20,-0.011129345,0.0,1,2
DDX28,-0.040206287,0.0,1,2
DDX43,0.0038406355,0.0,1,1
DDX47,0.011249165,0.0,1,2
DDX55,-0.01072602,0.0,1,2
DDX59-AS1,0.00038018753,0.0,1,0
DENND5B,5.595153e-06,0.0,1,0
DENND6A-DT,0.00026252627,0.0,1,0
DEPP1,0.012140763,0.0,1,2
DEPTOR,-0.005019765,0.0,1,2
DET1,-0.002747492,0.0,1,1
DEUP1,0.00028540465,0.0,1,0
DGAT2,0.00031159577,0.0,1,1
DGCR6,0.00014410545,0.0,1,0
DGKG,-0.088615395,0.0,1,2
DGKI,0.001206359,0.0,1,0
DHRS12,-0.004071688,0.0,1,2
DHX32,-0.013631198,0.0,1,2
DIAPH2-AS1,0.0015866513,0.0,1,1
DICER1-AS1,-0.035280507,0.0,1,2
DIO3,0.00026051985,0.0,1,0
DIO3OS,0.00024694082,0.0,1,0
DIPK1B,0.00024064921,0.0,1,0
DIRAS3,-0.0018950639,0.0,1,1
DLC1,0.0003173283,0.0,1,0
DLEU2L,0.004978376,0.0,1,1
DLG2,0.00030461352,0.0,1,0
DLG5,0.001571904,0.0,1,1
DLGAP2,0.0001950037,0.0,1,0
DLGAP4-AS1,0.00022684508,0.0,1,0
DLGAP5,-0.006400606,0.0,1,2
DLL3,-0.0018037827,0.0,1,1
DLX2,0.00022016103,0.0,1,0
DMC1,-0.0001514263,0.0,1,1
DMGDH,0.0005710434,0.0,1,1
DMKN,-0.0012090044,0.0,1,1
DMTN,-0.035204764,0.0,1,1
DNAH10OS,0.0014456335,0.0,1,1
DNAH11,0.03679008,0.0,1,1
DNAH14,-0.0021175116,0.0,1,1
DNAH17-AS1,0.00015148432,0.0,1,0
DNAJB5,0.0010603764,0.0,1,1
DNAJB5-DT,0.0038511443,0.0,1,1
DNAJC18,-0.010531404,0.0,1,1
DNAJC22,0.0002716086,0.0,1,0
DNAJC27,-0.0011761872,0.0,1,1
DNAJC5B,-0.052738752,0.0,1,2
DNAJC6,0.0003464228,0.0,1,0
DNALI1,-0.0015312777,0.0,1,1
DNASE2B,-0.007575461,0.0,1,1
DND1,-0.038285397,0.0,1,2
DNM3,0.00073374837,0.0,1,0
DNM3-IT1,0.00037318215,0.0,1,0
DNM3OS,0.0007175591,0.0,1,0
DNMBP-AS1,0.00032721832,0.0,1,0
DNMT3B,0.0012195961,0.0,1,0
DNMT3L,0.00022614915,0.0,1,0
DOC2B,0.00028907848,0.0,1,0
DOCK3,-0.007875717,0.0,1,2
DOCK4-AS1,0.00021803188,0.0,1,0
DPEP3,-0.008900416,0.0,1,1
DPH5,-0.00073613384,0.0,1,2
DPH6,-0.010351603,0.0,1,1
DPT,0.0003662672,0.0,1,0
DPY19L2,0.000316239,0.0,1,0
DPY19L3,-0.009134651,0.0,1,2
DPYSL3,-0.016141525,0.0,1,2
DQX1,-0.001958399,0.0,1,1
DRC1,0.002606196,0.0,1,0
DRD4,0.0006621943,0.0,1,0
DRP2,6.680534e-05,0.0,1,0
DSCAM,0.021284858,0.0,1,1
DSCC1,0.024338262,0.0,1,1
DSEL,0.00066766934,0.0,1,0
DSPP,-0.01522585,0.0,1,1
DTX4,-0.0052862447,0.0,1,1
DUBR,-0.009590522,0.0,1,2
DUSP19,-0.06815015,0.0,1,2
DUSP8,0.026395833,0.0,1,2
DYNC1I1,0.00020468049,0.0,1,0
DYNLRB2,0.00057988655,0.0,1,0
DZANK1,9.43852e-05,0.0,1,0
DZIP1,0.00040199884,0.0,1,0
E2F3-IT1,-0.006696189,0.0,1,1
EAF2,-0.035345938,0.0,1,2
EBF1,3.0078847e-05,0.0,1,0
EBF2,0.0003647322,0.0,1,0
EBP,0.07020591,0.0,1,2
ECM2,0.0008800048,0.0,1,0
ECRG4,0.0018506338,0.0,1,0
ECSIT,-0.0030626238,0.0,1,2
ECT2,-0.0031915132,0.0,1,1
EDA2R,-0.008612991,0.0,1,2
EDNRB,0.0025928884,0.0,1,1
EDRF1-AS1,0.00031694476,0.0,1,0
EFCAB10,0.0004257563,0.0,1,0
EFCAB6,0.00028470068,0.0,1,0
EFEMP1,0.0001416845,0.0,1,0
EFHB,0.0004920084,0.0,1,2
EFHC2,0.00016216027,0.0,1,0
EFHD1,-0.0051097893,0.0,1,1
EFNA1,9.972756e-05,0.0,1,0
EFNB2,-0.001784036,0.0,1,1
EFR3B,0.00013415093,0.0,1,0
EFS,0.0014695587,0.0,1,0
EGOT,1.0579049e-05,0.0,1,0
EGR4,-0.012416136,0.0,1,1
EHD2,0.0005602715,0.0,1,0
EHD3,0.00025308458,0.0,1,1
EHF,-0.008987996,0.0,1,2
EIF3J-DT,0.0042350707,0.0,1,2
EIF5AL1,0.0005098518,0.0,1,0
ELFN1,0.0014902306,0.0,1,0
ELFN1-AS1,-0.026248707,0.0,1,1
ELN,0.0002418334,0.0,1,0
ELN-AS1,0.0002790545,0.0,1,0
EME1,0.00016063324,0.0,1,0
EML1,-0.0066320803,0.0,1,2
EML2-AS1,0.0011176703,0.0,1,1
EMX2,-0.056050126,0.0,1,2
ENHO,0.0017754833,0.0,1,1
ENO3,-0.02041612,0.0,1,2
ENPP6,-0.034729067,0.0,1,2
ENTPD2,0.00020148624,0.0,1,0
EOMES,-0.002080824,0.0,1,1
EPB41L5,-0.001562951,0.0,1,1
EPCAM,-0.015011313,0.0,1,2
EPCAM-DT,0.0002544931,0.0,1,0
EPHX3,-0.017981859,0.0,1,2
EPN3,0.025730448,0.0,1,0
EPOP,-0.0018119272,0.0,1,1
EPOR,-0.015852213,0.0,1,2
EPPK1,-0.0018377546,0.0,1,1
EPYC,0.013762873,0.0,1,0
ERBB4,0.0006152016,0.0,1,0
ERCC6L,-0.0011691406,0.0,1,1
ERG,0.00019768567,0.0,1,0
ERICD,0.0016012999,0.0,1,1
ERICH4,0.0001659944,0.0,1,0
ERICH5,0.01519218,0.0,1,1
ERMN,0.000640916,0.0,1,0
ESAM,0.0018526347,0.0,1,0
ESCO2,-0.002875786,0.0,1,2
ESPL1,-0.001163461,0.0,1,1
ESR2,0.00015914584,0.0,1,0
ESRRG,3.3467793e-05,0.0,1,0
ETFBKMT,0.032121666,0.0,1,2
ETV4,0.00032654536,0.0,1,0
EVC2,-0.0014266861,0.0,1,1
EVPLL,0.00015914584,0.0,1,0
EXO5,-0.0052675307,0.0,1,1
EXPH5,0.00020508251,0.0,1,0
EXTL1,0.00068146427,0.0,1,0
EYA4,0.0005185402,0.0,1,0
F5,0.0058580874,0.0,1,1
FAAH,-0.012693994,0.0,1,1
FAAH2,0.00024697988,0.0,1,0
FAAP24,-0.012517366,0.0,1,2
FABP1,0.00019415276,0.0,1,0
FAHD2B,-0.0020808864,0.0,1,1
FAIM,-0.0007003099,0.0,1,1
FAM110C,0.0022835536,0.0,1,1
FAM117A,-0.013391254,0.0,1,2
FAM117B,0.031250503,0.0,1,2
FAM120C,0.002454675,0.0,1,1
FAM124A,0.0004891153,0.0,1,0
FAM131B,0.0011948291,0.0,1,0
FAM149A,0.012003511,0.0,1,2
FAM151B,-0.005497528,0.0,1,1
FAM157C,0.033120614,0.0,1,2
FAM160A1,-0.005010949,0.0,1,2
FAM161A,-0.019174017,0.0,1,2
FAM161B,-0.0026055088,0.0,1,1
FAM166B,0.0006419679,0.0,1,0
FAM166C,0.00013143348,0.0,1,0
FAM169A,-0.06612454,0.0,1,1
FAM171B,0.0015906272,0.0,1,0
FAM178B,0.00026060131,0.0,1,0
FAM180B,0.0003647322,0.0,1,0
FAM182A,0.00021770403,0.0,1,0
FAM186B,0.00019044861,0.0,1,0
FAM187B,0.00013656863,0.0,1,0
FAM209A,0.00042045632,0.0,1,0
FAM209B,0.00012950924,0.0,1,0
FAM215A,0.00024604012,0.0,1,0
FAM215B,0.007395549,0.0,1,2
FAM218A,-0.009864664,0.0,1,1
FAM220A,-0.0009957388,0.0,1,1
FAM222A,0.00017238791,0.0,1,0
FAM227B,-0.000267718,0.0,1,2
FAM229A,-0.0010472564,0.0,1,1
FAM229B,0.0032020954,0.0,1,1
FAM234B,-0.014124106,0.0,1,2
FAM241B,-0.044302586,0.0,1,2
FAM245A,0.00023405376,0.0,1,0
FAM3B,-0.020947106,0.0,1,2
FAM41C,2.5940555e-05,0.0,1,0
FAM66B,0.00011340637,0.0,1,0
FAM66C,0.0037495268,0.0,1,1
FAM71D,0.00026943648,0.0,1,0
FAM72C,4.239625e-05,0.0,1,0
FAM76A,0.012446833,0.0,1,2
FAM81B,0.00017229987,0.0,1,0
FAM83D,0.00017512887,0.0,1,0
FAM83E,0.033592854,0.0,1,0
FAM83F,0.024849817,0.0,1,0
FAM86B1,0.00014285976,0.0,1,1
FAM86C1,0.00073692604,0.0,1,1
FAM98C,-0.013089399,0.0,1,2
FAM9B,0.00026521238,0.0,1,0
FANCB,-0.006305702,0.0,1,2
FANCM,0.01504646,0.0,1,2
FANK1,4.479351e-06,0.0,1,0
FASTKD1,-0.014637285,0.0,1,1
FASTKD5,0.0028515568,0.0,1,1
FAT1,-0.04503806,0.0,1,1
FAT2,0.00035086702,0.0,1,0
FBLIM1,0.0016314742,0.0,1,0
FBLN1,0.0010690849,0.0,1,0
FBN1,0.037398327,0.0,1,0
FBXL13,-0.0025481544,0.0,1,1
FBXL18,-0.02861164,0.0,1,2
FBXL19-AS1,0.001064368,0.0,1,0
FBXL22,0.03353609,0.0,1,1
FBXL8,0.0010018084,0.0,1,1
FBXO15,0.015688723,0.0,1,1
FBXO17,-0.011205803,0.0,1,1
FBXO2,-0.0021387746,0.0,1,1
FBXO27,0.00019435154,0.0,1,0
FBXO32,-0.00063276786,0.0,1,2
FBXO39,0.00015759136,0.0,1,0
FBXO40,0.0002483951,0.0,1,0
FBXO46,-0.0022315227,0.0,1,1
FBXO5,-0.009255311,0.0,1,2
FCER2,0.00018616421,0.0,1,0
FCRL4,0.0002855143,0.0,1,0
FCRLA,0.0002153099,0.0,1,0
FER1L6,-0.0028777353,0.0,1,1
FERMT1,0.00024827648,0.0,1,0
FERMT2,0.008571356,0.0,1,1
FEZ1,6.979413e-05,0.0,1,0
FFAR3,-0.017856784,0.0,1,1
FGD1,3.2815413e-05,0.0,1,0
FGF12,0.00030668438,0.0,1,0
FGF14-AS2,0.00080299686,0.0,1,1
FGF14-IT1,0.006018764,0.0,1,0
FGF17,0.0017876561,0.0,1,0
FGF18,0.00023014103,0.0,1,0
FGF20,-0.0019124076,0.0,1,1
FGF9,0.00048985245,0.0,1,0
FGFBP1,0.0013413836,0.0,1,0
FGFR4,-0.0020138642,0.0,1,1
FGL1,0.00046121035,0.0,1,0
FHL1,0.014625269,0.0,1,2
FHL2,0.00026842472,0.0,1,0
FICD,-0.0050490047,0.0,1,1
FIGNL2,0.00020830739,0.0,1,0
FILIP1,0.00016785228,0.0,1,0
FILNC1,0.0022055672,0.0,1,1
FIRRE,-0.008125284,0.0,1,2
FITM1,0.0008555276,0.0,1,0
FITM2,-0.016273389,0.0,1,2
FKBP10,0.00012840965,0.0,1,0
FKBP14,-0.056125384,0.0,1,2
FKBP1B,-0.003357691,0.0,1,2
FKBP6,0.0005630092,0.0,1,0
FKBP7,0.0010326545,0.0,1,0
FLG-AS1,0.0014409401,0.0,1,1
FLJ45513,0.0012231879,0.0,1,0
FLNC,0.00040547832,0.0,1,0
FLRT2,0.000398707,0.0,1,0
FLT1,0.0151870465,0.0,1,1
FLVCR1,0.017820649,0.0,1,2
FLVCR1-DT,0.0022492406,0.0,1,1
FMO1,0.00042809264,0.0,1,0
FMO2,0.0017193072,0.0,1,1
FMOD,0.00010245588,0.0,1,0
FMR1-AS1,-0.0018891855,0.0,1,1
FNDC1,0.029709145,0.0,1,0
FO393415.1,0.003132373,0.0,1,0
FO704657.1,0.00019373263,0.0,1,0
FOLR3,0.00011338622,0.0,1,0
FOSL1,-0.0018264031,0.0,1,1
FOXD2,0.024849817,0.0,1,0
FOXD2-AS1,-0.017537909,0.0,1,1
FOXD4,0.0012202131,0.0,1,0
FOXN3-AS1,-0.010168332,0.0,1,2
FOXO4,0.006073419,0.0,1,1
FOXP1-IT1,-0.014532893,0.0,1,2
FOXP3,-0.004339659,0.0,1,1
FOXQ1,0.013064395,0.0,1,1
FP236241.1,0.00016564324,0.0,1,0
FP236383.3,0.00076309923,0.0,1,1
FP236383.4,0.032342933,0.0,1,2
FP671120.4,0.0004608352,0.0,1,0
FP671120.7,-0.0017315377,0.0,1,2
FPR2,-0.008703868,0.0,1,2
FREM2,0.00019044861,0.0,1,0
FRG1-DT,7.8060744e-05,0.0,1,0
FRMD1,0.00028529504,0.0,1,0
FRMD3,-0.0007198006,0.0,1,1
FRMD6,-0.017059555,0.0,1,1
FRY,0.024491772,0.0,1,2
FRZB,6.386731e-05,0.0,1,0
FSBP,-0.024434468,0.0,1,1
FUT10,0.0018955834,0.0,1,2
FUT7,-0.023982259,0.0,1,2
FXYD3,0.02278166,0.0,1,1
FXYD6,-0.017554542,0.0,1,2
FZD4-DT,0.00025902738,0.0,1,0
FZD7,0.00026152228,0.0,1,0
FZD9,-0.014594481,0.0,1,1
GABRA3,0.0023484288,0.0,1,0
GABRR2,0.033592854,0.0,1,0
GAD1,0.00023476609,0.0,1,0
GALNT15,0.0022479456,0.0,1,0
GALNT3,-0.0069776606,0.0,1,2
GALNT5,0.00016853692,0.0,1,0
GALR2,0.00028989933,0.0,1,0
GALR3,0.00031079687,0.0,1,0
GAS2,0.000937676,0.0,1,1
GATD3A,0.015099168,0.0,1,2
GCAT,-0.0018691876,0.0,1,1
GCDH,-0.0073122736,0.0,1,2
GCH1,-3.0329451e-05,0.0,1,1
GCNA,0.023242248,0.0,1,1
GCNT3,0.00030263967,0.0,1,0
GCOM1,-0.02181469,0.0,1,2
GCSAM,5.07228e-05,0.0,1,0
GDPD1,-0.007201863,0.0,1,2
GDPD3,0.0071106316,0.0,1,2
GDPGP1,0.0027676055,0.0,1,1
GEM,-0.0011065159,0.0,1,1
GEMIN7-AS1,0.00039690678,0.0,1,0
GET1,0.00313141,0.0,1,2
GFI1,0.03750739,0.0,1,2
GFOD2,0.003976039,0.0,1,2
GGH,-0.012080457,0.0,1,2
GGPS1,-0.0031149674,0.0,1,2
GGT1-1,-0.009480835,0.0,1,2
GGTLC2,0.039530598,0.0,1,1
GIPC3,-0.0029901788,0.0,1,1
GK-IT1,-0.01362019,0.0,1,2
GLDC,0.0017816738,0.0,1,1
GLDN,0.0033000472,0.0,1,2
GLIPR1L2,0.009221245,0.0,1,1
GLIS2-AS1,0.00012522236,0.0,1,0
GLIS3,0.0029454783,0.0,1,1
GLS2,0.00037394467,0.0,1,0
GLTPD2,-0.018119814,0.0,1,2
GMNC,0.00022576352,0.0,1,0
GNAL,0.00042430116,0.0,1,0
GNG11,-0.0021188345,0.0,1,2
GNG4,0.00026252627,0.0,1,0
GOLGA6L4,-0.00069755624,0.0,1,2
GOLGA6L9,0.00044689723,0.0,1,1
GOLGA8K,0.00029280985,0.0,1,0
GOLT1A,0.00044242304,0.0,1,0
GP6,0.00040609532,0.0,1,0
GPC1,7.779784e-06,0.0,1,0
GPC5,0.00032565603,0.0,1,0
GPER1,0.001983748,0.0,1,1
GPHN,-0.00045900574,0.0,1,1
GPKOW,-0.010217865,0.0,1,2
GPR137C,0.00037958435,0.0,1,0
GPR143,0.00056348037,0.0,1,0
GPR146,0.0021593345,0.0,1,0
GPR173,0.002370262,0.0,1,0
GPR31,9.9563586e-05,0.0,1,0
GPR42,0.00036842772,0.0,1,0
GPR52,0.0015398986,0.0,1,1
GPR68,-0.026135089,0.0,1,1
GPR85,-0.082714304,0.0,1,1
GPRASP2,5.3768705e-05,0.0,1,0
GPRC5A,0.0007360165,0.0,1,1
GPRC5B,-0.016807536,0.0,1,1
GRAMD1C,0.049891222,0.0,1,1
GRAMD2B,-0.015422908,0.0,1,2
GRAPL,0.00015245743,0.0,1,0
GRB7,0.00021552411,0.0,1,0
GREB1,0.00079317903,0.0,1,0
GREB1L,0.00016457797,0.0,1,0
GREM1,0.024849817,0.0,1,0
GREM2,0.0003187573,0.0,1,0
GRHL1,0.00087930256,0.0,1,1
GRHL2,0.00012504477,0.0,1,0
GRIA2,0.00016662932,0.0,1,0
GRIK1-AS1,0.00024768518,0.0,1,0
GRIN2C,0.0001402443,0.0,1,0
GRIN2D,-0.020145131,0.0,1,2
GRIP2,4.9630256e-05,0.0,1,0
GRK7,0.00026356583,0.0,1,0
GSC,-0.0040314873,0.0,1,1
GSEC,0.00094940764,0.0,1,0
GSN-AS1,0.0006818523,0.0,1,0
GSTM3,0.0013396153,0.0,1,1
GSTM5,0.00012806074,0.0,1,0
GTF2IRD1,-0.0024865016,0.0,1,2
GTSE1,-0.0016981164,0.0,1,2
GUCY1A1,-0.011335451,0.0,1,2
GUCY1B1,-0.012755959,0.0,1,2
GUCY2C,0.00026521238,0.0,1,0
GULP1,0.00017133799,0.0,1,0
GVQW3,-0.0068148305,0.0,1,1
GYPE,0.00025403986,0.0,1,0
GZMB,-0.024210194,0.0,1,2
GZMM,0.01719177,0.0,1,2
H19,-0.010390225,0.0,1,2
H1FX-AS1,0.0006067089,0.0,1,0
HABP4,0.0024794708,0.0,1,1
HACD1,0.00013132962,0.0,1,0
HACL1,0.009565718,0.0,1,2
HAGLROS,0.00069807656,0.0,1,0
HAL,0.00019454102,0.0,1,0
HAND2,0.0013152487,0.0,1,0
HAR1A,0.00027185248,0.0,1,0
HARBI1,-0.0061383625,0.0,1,2
HAS1,0.00043198475,0.0,1,0
HASPIN,0.00030257652,0.0,1,0
HBA1,0.0006453181,0.0,1,0
HBA2,2.6114983e-05,0.0,1,0
HBG1,0.00017542602,0.0,1,0
HBG2,0.00036392556,0.0,1,0
HCG11,0.0015745076,0.0,1,2
HCG25,5.1015366e-05,0.0,1,0
HCG27,0.0003669044,0.0,1,0
HCN3,0.0008202735,0.0,1,1
HDAC4,-0.020254822,0.0,1,2
HECW2-AS1,0.00013961447,0.0,1,0
HELLPAR,-0.0018101573,0.0,1,1
HEMGN,0.00033281624,0.0,1,0
HES6,-0.00892327,0.0,1,2
HEXD-IT1,0.0048612696,0.0,1,1
HEXIM2,0.015464332,0.0,1,2
HEYL,0.00030124243,0.0,1,0
HHAT,0.0015028423,0.0,1,1
HHIPL1,0.0019482874,0.0,1,0
HIC1,4.9588347e-05,0.0,1,0
HID1,0.0015517321,0.0,1,1
HIST1H2AD,0.0010627513,0.0,1,1
HIST1H2AE,0.031458624,0.0,1,2
HIST1H2AG,0.0064995107,0.0,1,2
HIST1H2AH,-0.0016967752,0.0,1,1
HIST1H2BE,0.0008019952,0.0,1,1
HIST1H2BI,0.00028545948,0.0,1,0
HIST1H2BJ,0.03537698,0.0,1,1
HIST1H2BM,0.00017564297,0.0,1,0
HIST1H3B,0.054091066,0.0,1,1
HIST1H3E,-0.0010586643,0.0,1,1
HIST1H3H,0.0038908937,0.0,1,1
HIST1H3I,0.0003785394,0.0,1,0
HIST1H3J,-0.0021044342,0.0,1,1
HIST1H4E,-0.0012960638,0.0,1,1
HIST1H4H,-0.010271933,0.0,1,2
HIST1H4K,-0.013821331,0.0,1,1
HIST2H2AA3,0.0026567036,0.0,1,0
HIST3H2BB,-0.0010292501,0.0,1,1
HLCS-IT1,0.00014402533,0.0,1,0
HLX-AS1,6.241005e-05,0.0,1,0
HMCN2,0.00016853692,0.0,1,0
HMGN3-AS1,0.0010201503,0.0,1,1
HMGN5,0.0006105012,0.0,1,1
HNRNPA1P48,-0.0081967795,0.0,1,1
HOMER1,0.00023634778,0.0,1,1
HOOK1,0.00010205324,0.0,1,0
HORMAD1,0.00031348105,0.0,1,0
HOXA2,0.00034725314,0.0,1,0
HOXA9,1.7607914e-05,0.0,1,0
HOXB5,-0.003412387,0.0,1,1
HOXD8,-0.00972392,0.0,1,1
HPDL,0.0025642854,0.0,1,0
HPS6,-0.0033946217,0.0,1,2
HPX,0.00052610575,0.0,1,0
HR,0.00011438149,0.0,1,0
HRCT1,0.00015955787,0.0,1,0
HRK,-0.009257909,0.0,1,1
HS3ST3A1,0.00014402533,0.0,1,0
HS6ST1,-0.02290766,0.0,1,2
HSD11B1-AS1,0.00012769787,0.0,1,0
HSD11B2,0.06184596,0.0,1,1
HSF2,-0.002481539,0.0,1,1
HSF5,0.00014181335,0.0,1,0
HSPA12B,0.002043138,0.0,1,1
HSPA4L,0.00093133654,0.0,1,1
HSPB2,0.00020338444,0.0,1,0
HSPB9,4.0147083e-06,0.0,1,0
HSPG2,-0.05066902,0.0,1,2
HTRA2,-0.014027155,0.0,1,2
HUNK,0.00024550597,0.0,1,0
HUS1B,0.00021526036,0.0,1,0
HYAL3,0.005423947,0.0,1,1
HYDIN,0.00033783514,0.0,1,0
HYMAI,-0.010319841,0.0,1,2
IBA57,-0.0062680966,0.0,1,2
IBA57-DT,-0.005167196,0.0,1,1
ICA1L,0.0029573066,0.0,1,1
ICAM4,-0.0019891895,0.0,1,1
ID1,-0.010337236,0.0,1,1
ID4,0.029964881,0.0,1,1
IDO1,-0.01777341,0.0,1,2
IFNB1,0.00048348066,0.0,1,0
IFT140,-0.00018619669,0.0,1,1
IGF2BP1,0.00038830852,0.0,1,0
IGFBP3,-0.009055436,0.0,1,1
IGFBP6,-0.0067405268,0.0,1,1
IGFBP7,0.0028794955,0.0,1,1
IGFL2-AS1,0.00018272037,0.0,1,0
IGFL3,0.00026808414,0.0,1,0
IGHA1,-0.024243703,0.0,1,2
IGHA2,0.00021474659,0.0,1,0
IGHEP2,0.029600227,0.0,1,2
IGHG2,0.00073679816,0.0,1,0
IGHG4,-0.008921123,0.0,1,1
IGHV1-18,0.10116527,0.0,1,0
IGHV1-46,0.06482009,0.0,1,0
IGHV1-69,0.0007444429,0.0,1,1
IGHV1-69-2,0.0031641128,0.0,1,0
IGHV2-5,0.00254899,0.0,1,0
IGHV3-21,-0.012338811,0.0,1,1
IGHV3-30,0.0235904,0.0,1,1
IGHV4-34,0.00037297411,0.0,1,0
IGHV4-39,-0.07631927,0.0,1,2
IGHV4-4,0.0008695156,0.0,1,0
IGHV4-59,0.0027139261,0.0,1,0
IGHV4-61,0.006665706,0.0,1,1
IGHV5-10-1,7.320923e-05,0.0,1,0
IGHV6-1,0.00036042035,0.0,1,0
IGHVII-44-2,0.0014660981,0.0,1,0
IGKV1-16,0.00019454102,0.0,1,0
IGKV1D-16,0.11629716,0.0,1,0
IGKV1OR1-1,4.9760816e-05,0.0,1,0
IGKV2-28,0.00043126396,0.0,1,0
IGKV2-29,0.0011375666,0.0,1,0
IGKV2-30,0.0031133424,0.0,1,0
IGKV2D-29,0.0039250576,0.0,1,0
IGKV4-1,0.019372003,0.0,1,2
IGKV6D-41,0.00029480841,0.0,1,0
IGLC1,0.011997419,0.0,1,1
IGLC2,-0.015793094,0.0,1,2
IGLV2-18,7.700975e-05,0.0,1,0
IGLV2-23,-0.011450485,0.0,1,2
IGLV3-16,-0.009850075,0.0,1,1
IGLV3-25,0.0066347867,0.0,1,1
IGLV5-37,0.0004891249,0.0,1,0
IGLV7-46,5.769495e-05,0.0,1,0
IGLV8-61,0.06413195,0.0,1,2
IGSF10,0.0009374493,0.0,1,0
IGSF22,0.00026769578,0.0,1,0
IGSF8,-0.024988586,0.0,1,2
IGSF9,0.00017259955,0.0,1,0
IL12A-AS1,8.8822446e-05,0.0,1,0
IL12B,0.0012194213,0.0,1,0
IL12RB2,0.0014087792,0.0,1,1
IL17B,0.0014167364,0.0,1,1
IL17RC,-5.9153885e-05,0.0,1,1
IL17RE,-0.012754315,0.0,1,2
IL19,-0.0034897802,0.0,1,1
IL1A,-0.02243126,0.0,1,1
IL20RB,8.718654e-06,0.0,1,0
IL23A,0.00045100017,0.0,1,0
IL27,0.05914861,0.0,1,2
IL36G,0.000101115154,0.0,1,0
IL6R-AS1,0.001830033,0.0,1,1
INA,7.5101874e-05,0.0,1,0
INCENP,0.009304705,0.0,1,2
INE1,0.00065998896,0.0,1,0
ING1,0.0035056695,0.0,1,2
INHBC,0.0006991912,0.0,1,0
INKA2-AS1,8.763443e-05,0.0,1,0
INPP4B,-0.01104167,0.0,1,2
INSR,-0.0195,0.0,1,2
INSYN2B,0.00037137137,0.0,1,0
INTS6-AS1,-0.027746035,0.0,1,2
INTS6L,0.000692054,0.0,1,2
INVS,-0.024060396,0.0,1,2
IPO9-AS1,0.0013448113,0.0,1,1
IPPK,0.0013680542,0.0,1,1
IQANK1,0.00019763451,0.0,1,0
IQCA1,0.0006569663,0.0,1,0
IQCC,0.00044349988,0.0,1,0
IQCN,0.002583021,0.0,1,1
IQSEC3,0.0002667431,0.0,1,0
IRF2BP1,-0.011724509,0.0,1,2
IRF6,0.00033266353,0.0,1,0
IRS1,0.00018382586,0.0,1,0
IRX3,-0.009574763,0.0,1,1
ISOC1,-0.044074062,0.0,1,2
ITGA2,0.0062200488,0.0,1,2
ITGA7,0.00031556922,0.0,1,0
ITGB1BP2,0.0016133777,0.0,1,1
ITGB6,0.00020185778,0.0,1,0
ITPKA,0.00012376835,0.0,1,0
ITPKB-AS1,0.00016323409,0.0,1,0
ITPKB-IT1,-0.0056951554,0.0,1,1
ITPR3,0.004742905,0.0,1,1
IZUMO1,0.00019873762,0.0,1,0
JAG2,0.0020624513,0.0,1,1
JAKMIP2,0.013512113,0.0,1,1
JARID2-AS1,0.00015860853,0.0,1,0
JRK,0.0014520377,0.0,1,1
JSRP1,0.0005460071,0.0,1,0
KALRN,1.5858153e-05,0.0,1,0
KANK3,-0.0015544384,0.0,1,1
KATNAL2,-0.0028027708,0.0,1,1
KAZALD1,0.0007380384,0.0,1,0
KBTBD3,0.01019653,0.0,1,2
KBTBD8,-0.014720823,0.0,1,2
KCND1,-0.05703992,0.0,1,2
KCNE5,0.0003241502,0.0,1,0
KCNIP1,0.0019968736,0.0,1,1
KCNIP3,3.245137e-05,0.0,1,0
KCNJ1,0.0004560091,0.0,1,0
KCNJ14,0.00023128469,0.0,1,0
KCNJ2,0.0035078165,0.0,1,1
KCNK1,0.00023548429,0.0,1,0
KCNK10,0.0046444377,0.0,1,1
KCNK5,0.00024741032,0.0,1,0
KCNMB2-AS1,0.030073812,0.0,1,1
KCNMB3,7.436153e-05,0.0,1,0
KCNRG,0.0017635614,0.0,1,1
KCP,-0.014199294,0.0,1,2
KCTD1,0.018509652,0.0,1,1
KCTD11,-0.021570807,0.0,1,2
KDELR3,0.019057088,0.0,1,2
KDF1,6.1358634e-07,0.0,1,0
KDM2B-DT,8.9623114e-05,0.0,1,0
KDM4A-AS1,0.00082322134,0.0,1,1
KDM7A-DT,-0.0075259297,0.0,1,2
KHDRBS2,-0.014227692,0.0,1,1
KIAA1210,0.04783274,0.0,1,0
KIAA1211,0.0001928408,0.0,1,0
KIAA1324,-0.016524164,0.0,1,2
KIAA1549,0.005566167,0.0,1,1
KIAA1614,-0.0020294182,0.0,1,1
KIF12,-0.045183882,0.0,1,1
KIF15,-0.014223493,0.0,1,2
KIF18A,-0.0014737345,0.0,1,1
KIF1A,-0.0013067783,0.0,1,1
KIF20A,0.03219537,0.0,1,2
KIF4A,0.024761977,0.0,1,1
KIF6,0.00028453078,0.0,1,0
KIF9,-0.0133204805,0.0,1,2
KIFC1,-0.0011559761,0.0,1,1
KITLG,-0.00042917486,0.0,1,1
KLF5,0.045437682,0.0,1,2
KLF7-IT1,-0.0009456898,0.0,1,1
KLHDC9,0.0009860325,0.0,1,1
KLHL13,7.990096e-05,0.0,1,0
KLHL15,-0.0011548518,0.0,1,2
KLHL23,0.0006853792,0.0,1,0
KLHL25,0.00021521612,0.0,1,0
KLHL30,0.0018044839,0.0,1,0
KLHL35,-0.0021814043,0.0,1,1
KLHL41,0.000873761,0.0,1,0
KLHL42,0.013510846,0.0,1,2
KLHL7-DT,1.0843952e-05,0.0,1,0
KLK1,0.00039882972,0.0,1,0
KLK10,0.0006565021,0.0,1,0
KLK11,0.0030273723,0.0,1,0
KLRC4,0.00056946464,0.0,1,1
KNL1,0.00085185823,0.0,1,0
KRBA2,0.026330719,0.0,1,2
KRBOX1,-0.009643694,0.0,1,1
KRT222,0.02328071,0.0,1,0
KRT23,-0.009498478,0.0,1,1
KRT36,0.0009091981,0.0,1,1
KRT86,-0.026209371,0.0,1,1
KRTAP4-11,0.00037689708,0.0,1,0
KRTCAP3,-0.0021933897,0.0,1,2
KYAT1,0.01972427,0.0,1,1
L3MBTL3,-0.004447279,0.0,1,1
LACTB2-AS1,0.0002621221,0.0,1,0
LAMA3,0.00072727463,0.0,1,0
LAMC1,-0.008581364,0.0,1,2
LAMP3,-0.012461651,0.0,1,1
LAMP5,0.00069026696,0.0,1,0
LAMTOR5-AS1,0.0029150469,0.0,1,1
LANCL3,0.0011268551,0.0,1,0
LATS1,-0.03298078,0.0,1,2
LAX1,-0.0016816963,0.0,1,1
LBHD1,-0.00097116065,0.0,1,1
LCAT,-0.0016539603,0.0,1,1
LCMT2,0.0005174827,0.0,1,1
LCN2,0.004998501,0.0,1,1
LDB1,-0.016125644,0.0,1,2
LDHAL6B,0.00016977153,0.0,1,0
LDLRAP1,-0.01453881,0.0,1,2
LDOC1,-0.00068442384,0.0,1,1
LEFTY1,0.0005188293,0.0,1,0
LENG8-AS1,-0.012232799,0.0,1,2
LETM2,-0.0056520873,0.0,1,1
LGALS9C,0.0004693373,0.0,1,0
LGALSL,0.00025166792,0.0,1,0
LGALSL-DT,0.024849817,0.0,1,0
LGR6,0.00017877998,0.0,1,0
LGSN,0.00027755753,0.0,1,0
LHFPL5,0.004587545,0.0,1,1
LHFPL6,0.0030704287,0.0,1,1
LHX1,-0.00094441837,0.0,1,1
LIF,-0.0018179336,0.0,1,1
LIG3,0.019813227,0.0,1,2
LIMS4,-0.010131597,0.0,1,1
LIN37,-0.006466158,0.0,1,2
LIN54,-0.0080802515,0.0,1,2
LIN9,-0.051138196,0.0,1,1
LINC00092,0.00044040135,0.0,1,0
LINC00114,0.0002624813,0.0,1,0
LINC00159,0.00016177491,0.0,1,0
LINC00173,-0.01585882,0.0,1,2
LINC00200,-0.009901718,0.0,1,1
LINC00239,0.00014848629,0.0,1,0
LINC00313,0.00045220446,0.0,1,0
LINC00322,0.00017249711,0.0,1,0
LINC00354,0.036345184,0.0,1,0
LINC00355,0.00054337113,0.0,1,0
LINC00390,8.15984e-05,0.0,1,0
LINC00461,0.0002527554,0.0,1,0
LINC00470,0.00020072312,0.0,1,0
LINC00487,0.00054642226,0.0,1,0
LINC00504,0.00021227822,0.0,1,0
LINC00520,0.00020116544,0.0,1,0
LINC00544,0.00022352941,0.0,1,0
LINC00562,0.023241082,0.0,1,1
LINC00571,-0.004964706,0.0,1,1
LINC00595,0.00039216422,0.0,1,0
LINC00612,0.03701188,0.0,1,1
LINC00629,0.00017790882,0.0,1,0
LINC00638,0.0012064144,0.0,1,0
LINC00641,-0.012203093,0.0,1,1
LINC00653,0.00021093393,0.0,1,0
LINC00654,0.0028855437,0.0,1,1
LINC00663,-0.0027798302,0.0,1,1
LINC00683,0.00014402533,0.0,1,0
LINC00702,0.00023268121,0.0,1,0
LINC00707,0.033592854,0.0,1,0
LINC00852,-0.032919772,0.0,1,2
LINC00861,-0.05281688,0.0,1,2
LINC00877,0.022133762,0.0,1,1
LINC00899,2.0366162e-05,0.0,1,1
LINC00907,0.00017151202,0.0,1,0
LINC00920,-0.009629401,0.0,1,1
LINC00923,6.31848e-05,0.0,1,1
LINC00944,0.00025897313,0.0,1,0
LINC00954,-0.00087292027,0.0,1,1
LINC00957,0.019226193,0.0,1,2
LINC00958,-0.003368331,0.0,1,1
LINC00987,0.01864939,0.0,1,2
LINC01001,-0.010050553,0.0,1,1
LINC01004,-0.0022941406,0.0,1,1
LINC01011,0.00024357562,0.0,1,0
LINC01063,0.0001034885,0.0,1,0
LINC01096,0.00022109837,0.0,1,0
LINC01106,0.00018272037,0.0,1,0
LINC01116,-0.005755637,0.0,1,1
LINC01117,4.5439887e-05,0.0,1,0
LINC01118,0.0014626024,0.0,1,1
LINC01126,0.0029869804,0.0,1,0
LINC01134,0.0004897618,0.0,1,0
LINC01138,-0.007383076,0.0,1,2
LINC01154,0.00021010695,0.0,1,0
LINC01215,0.00029280985,0.0,1,0
LINC01220,0.0021123986,0.0,1,2
LINC01224,0.00014866034,0.0,1,0
LINC01238,0.00040070657,0.0,1,0
LINC01266,5.9653084e-05,0.0,1,0
LINC01270,0.00023320697,0.0,1,0
LINC01277,-0.036112245,0.0,1,1
LINC01285,0.00045220446,0.0,1,0
LINC01305,0.0003466305,0.0,1,0
LINC01309,0.00030707652,0.0,1,0
LINC01311,-0.0006059402,0.0,1,1
LINC01315,-0.012294213,0.0,1,2
LINC01353,0.004156801,0.0,1,2
LINC01354,0.00032437494,0.0,1,0
LINC01366,-0.001852709,0.0,1,1
LINC01376,0.022419536,0.0,1,1
LINC01415,0.00039751336,0.0,1,0
LINC01422,-0.048552025,0.0,1,2
LINC01426,0.0012414454,0.0,1,0
LINC01465,0.00076710776,0.0,1,0
LINC01526,0.0011407937,0.0,1,0
LINC01534,0.044462804,0.0,1,1
LINC01537,0.00030263967,0.0,1,0
LINC01546,-0.014947603,0.0,1,2
LINC01554,-0.007008474,0.0,1,1
LINC01560,0.00071360683,0.0,1,0
LINC01569,-0.0015392294,0.0,1,1
LINC01605,0.00026315788,0.0,1,0
LINC01614,0.0009346216,0.0,1,1
LINC01619,0.00029841726,0.0,1,0
LINC01624,0.00053168443,0.0,1,0
LINC01666,0.00031072946,0.0,1,0
LINC01675,0.0012417372,0.0,1,1
LINC01686,0.0012473735,0.0,1,0
LINC01715,0.00074468873,0.0,1,0
LINC01725,0.00025833194,0.0,1,0
LINC01772,0.00015236872,0.0,1,0
LINC01775,0.00046149167,0.0,1,0
LINC01806,0.0005776439,0.0,1,0
LINC01816,-0.003888462,0.0,1,1
LINC01841,0.00029811243,0.0,1,0
LINC01855,0.00016520252,0.0,1,0
LINC01877,0.06482009,0.0,1,0
LINC01907,0.00038501155,0.0,1,0
LINC01909,0.00020856694,0.0,1,0
LINC01943,-0.0241171,0.0,1,2
LINC01954,0.001193749,0.0,1,1
LINC01960,0.0002532863,0.0,1,0
LINC01963,-0.0017299931,0.0,1,1
LINC02006,0.0036886837,0.0,1,2
LINC02018,0.0008422357,0.0,1,1
LINC02019,0.0011894502,0.0,1,1
LINC02067,0.0002950457,0.0,1,0
LINC02068,-0.0033166616,0.0,1,1
LINC02076,0.00082380604,0.0,1,0
LINC02100,-0.025843555,0.0,1,1
LINC02104,0.00043182867,0.0,1,0
LINC02145,0.0005731734,0.0,1,0
LINC02193,0.0013675551,0.0,1,1
LINC02201,9.445663e-05,0.0,1,0
LINC02202,0.0014902306,0.0,1,0
LINC02208,0.00015221232,0.0,1,0
LINC02236,0.00018723821,0.0,1,0
LINC02244,0.022576697,0.0,1,1
LINC02246,0.0006391055,0.0,1,0
LINC02257,0.0002919385,0.0,1,0
LINC02259,0.0015378274,0.0,1,0
LINC02280,0.00046149167,0.0,1,0
LINC02285,-0.00048727822,0.0,1,1
LINC02321,0.00015648815,0.0,1,0
LINC02323,0.024662575,0.0,1,1
LINC02332,0.00021555857,0.0,1,0
LINC02340,0.0005419788,0.0,1,0
LINC02361,-0.014710113,0.0,1,2
LINC02384,-0.024554998,0.0,1,1
LINC02397,-0.01581193,0.0,1,2
LINC02422,-0.009511504,0.0,1,2
LINC02446,-0.022826502,0.0,1,2
LINC02454,0.00016847345,0.0,1,0
LINC02526,0.0002244351,0.0,1,0
LINC02574,0.0003767866,0.0,1,0
LINC02577,0.00013525861,0.0,1,1
LINC02580,0.0012821088,0.0,1,0
LINC02605,8.046045e-06,0.0,1,0
LINC02606,-0.008909627,0.0,1,1
LINC02609,2.8084808e-06,0.0,1,0
LINC02615,0.00016475267,0.0,1,0
LINC02656,0.0003059615,0.0,1,0
LINC02675,0.00061225326,0.0,1,0
LINC02693,-0.0059834966,0.0,1,1
LINC02701,-0.002863856,0.0,1,1
LINC02723,-0.015067727,0.0,1,1
LINC02731,0.0012483989,0.0,1,1
LINC02732,0.00024741032,0.0,1,0
LINC02733,-0.0010546123,0.0,1,1
LINC02736,0.00023409643,0.0,1,0
LINC02762,0.06262962,0.0,1,2
LINC02766,0.00018388657,0.0,1,0
LINC02773,0.00052176305,0.0,1,0
LINC02803,0.0030862037,0.0,1,1
LINC02804,-0.01361851,0.0,1,1
LINC02812,0.0010234707,0.0,1,0
LINC02813,0.0001717563,0.0,1,0
LINC02846,-0.0012273635,0.0,1,1
LINC02851,0.0004446459,0.0,1,0
LIPG,0.0002585054,0.0,1,0
LIPH,0.00023346818,0.0,1,0
LIX1,0.0020189423,0.0,1,0
LKAAEAR1,0.0005345353,0.0,1,0
LLPH-DT,0.014245453,0.0,1,0
LMBR1,0.0041915397,0.0,1,1
LMCD1,-0.005538622,0.0,1,1
LMCD1-AS1,-0.01306577,0.0,1,2
LMF1,0.0025224239,0.0,1,1
LMO3,0.000518972,0.0,1,0
LMO7,-0.038270313,0.0,1,2
LMO7-AS1,-0.0011089434,0.0,1,1
LMTK2,-0.022583388,0.0,1,2
LNCOC1,0.00024201964,0.0,1,0
LNX1,0.00046009663,0.0,1,0
LPP-AS2,0.02921866,0.0,1,1
LRATD1,-0.009708299,0.0,1,1
LRFN1,-0.0070046,0.0,1,2
LRG1,7.659001e-05,0.0,1,0
LRP5,0.0054412936,0.0,1,1
LRP8,0.00087194354,0.0,1,1
LRRC17,0.00063168426,0.0,1,0
LRRC20,0.0009299755,0.0,1,1
LRRC24,0.0017466458,0.0,1,0
LRRC26,0.0004255787,0.0,1,0
LRRC29,-0.0038101978,0.0,1,1
LRRC37A,-0.0024097885,0.0,1,1
LRRC39,0.005989269,0.0,1,1
LRRC43,6.959431e-05,0.0,1,0
LRRC46,-0.06493999,0.0,1,2
LRRC61,0.019328123,0.0,1,1
LRRC63,0.0017981419,0.0,1,1
LRRC75A,9.158301e-05,0.0,1,0
LRRC8C-DT,-0.005092952,0.0,1,1
LRRN2,0.00020880839,0.0,1,0
LRRTM2,0.00012990265,0.0,1,0
LRTOMT,0.00046508526,0.0,1,0
LTA,0.0003650838,0.0,1,0
LTB4R2,-0.021178218,0.0,1,2
LUM,0.0018463639,0.0,1,1
LY6E-DT,-0.0016166613,0.0,1,1
LY6G6C,-0.0057972595,0.0,1,1
LYG2,0.00030596863,0.0,1,0
LYPD6,0.00017425891,0.0,1,0
LYPD6B,0.0351603,0.0,1,0
LYSMD1,0.00021609881,0.0,1,0
MAATS1,0.00056119025,0.0,1,0
MAGI1,0.0035587363,0.0,1,2
MAGI2-AS3,0.00019425277,0.0,1,0
MAGI3,0.00016245445,0.0,1,0
MAGIX,-0.006070522,0.0,1,1
MALL,0.0011071262,0.0,1,1
MAMDC2-AS1,0.00017699254,0.0,1,0
MAMDC4,-0.017785344,0.0,1,2
MAMSTR,4.9026217e-05,0.0,1,0
MAN1B1-DT,-0.013030483,0.0,1,1
MANEA-DT,0.0002842703,0.0,1,0
MANSC4,3.3217813e-05,0.0,1,0
MAOB,0.00030674963,0.0,1,0
MAP1A,-0.004752955,0.0,1,1
MAP1LC3A,0.0051081534,0.0,1,2
MAP1LC3B2,-0.008524304,0.0,1,1
MAP1LC3C,0.00097264984,0.0,1,0
MAP2,-0.0040298225,0.0,1,2
MAP2K6,-0.017593328,0.0,1,2
MAP3K14-AS1,0.00022146362,0.0,1,0
MAP3K9,0.0010392896,0.0,1,1
MAP6,0.00023346818,0.0,1,0
MAPK10,0.020979322,0.0,1,1
MAPK12,-0.0068202247,0.0,1,1
MAPK15,-0.0017910661,0.0,1,1
MAPK8IP2,0.0017084824,0.0,1,1
MARC1,0.005072895,0.0,1,1
MARCH8,0.0015438404,0.0,1,2
MARS2,-0.0089428285,0.0,1,2
MARVELD2,0.00017820543,0.0,1,0
MASTL,-0.0053445115,0.0,1,1
MATN4,0.00029780835,0.0,1,0
MBLAC1,0.037086386,0.0,1,1
MBLAC2,-0.000114806775,0.0,1,1
MBNL1-AS1,0.020262338,0.0,1,2
MBTD1,0.009564116,0.0,1,2
MBTPS2,0.0067565925,0.0,1,2
MC1R,0.00076204987,0.0,1,0
MCAT,0.0039729215,0.0,1,2
MCPH1-AS1,0.00046146507,0.0,1,0
MCU,0.010458894,0.0,1,2
MDS2,0.0002772502,0.0,1,0
MECOM,-0.0019771776,0.0,1,1
MED12L,0.0009541041,0.0,1,1
MED20,-0.0036473868,0.0,1,2
MED4-AS1,0.0052309446,0.0,1,0
MEDAG,0.000392734,0.0,1,0
MEF2C-AS1,0.0008546033,0.0,1,2
MEFV,-0.0014049258,0.0,1,2
MEIOC,0.0006698593,0.0,1,0
MELTF-AS1,-0.011810999,0.0,1,2
MEOX1,0.0006873475,0.0,1,0
MEPE,0.007379633,0.0,1,1
METTL27,-0.012713119,0.0,1,2
MEX3A,0.0043205707,0.0,1,1
MEX3B,0.00034722456,0.0,1,0
MFAP5,0.0016423344,0.0,1,0
MFSD4A,0.0011700989,0.0,1,1
MFSD6L,-0.0050988374,0.0,1,1
MFSD9,-0.0022970045,0.0,1,1
MIAT,-0.007656584,0.0,1,1
MIATNB,-0.0085607115,0.0,1,1
MICAL3,-0.015639706,0.0,1,2
MICU3,0.0072535113,0.0,1,2
MIF-AS1,0.0002926933,0.0,1,0
MIGA1,0.05352666,0.0,1,2
MIR100HG,-0.015504654,0.0,1,1
MIR17HG,0.00046902196,0.0,1,0
MIR193BHG,0.0002658129,0.0,1,0
MIR200CHG,0.0036768473,0.0,1,1
MIR205HG,0.022807278,0.0,1,0
MIR302CHG,7.780892e-05,0.0,1,0
MIR3936HG,-0.051275477,0.0,1,2
MIR4453HG,0.0001769329,0.0,1,0
MIR600HG,0.0005127819,0.0,1,0
MIR762HG,-0.011170282,0.0,1,2
MIR9-3HG,-0.044467,0.0,1,1
MIS18A,0.00012325899,0.0,1,1
MISP,0.00044821005,0.0,1,0
MISP3,-0.0015012174,0.0,1,1
MLH3,-0.02610878,0.0,1,2
MLPH,0.0023237064,0.0,1,2
MMEL1,-7.165223e-05,0.0,1,1
MMP11,0.0010795746,0.0,1,0
MMP12,0.009344078,0.0,1,1
MMP15,0.0012894236,0.0,1,1
MMP17,-0.0029650794,0.0,1,1
MMP25,0.017163126,0.0,1,2
MMP25-AS1,0.00070777134,0.0,1,0
MMP7,-0.00022432895,0.0,1,1
MNT,-0.03806534,0.0,1,2
MOB3B,0.00048914365,0.0,1,1
MOCOS,0.0027853127,0.0,1,1
MORC4,0.0018940646,0.0,1,1
MORN1,-0.017947035,0.0,1,1
MORN4,0.0008860685,0.0,1,0
MPDZ,0.00032236602,0.0,1,0
MPIG6B,8.569536e-05,0.0,1,0
MPP3,0.00016810185,0.0,1,0
MPP7,0.00016111352,0.0,1,0
MPPED2,0.00024562157,0.0,1,0
MPRIP-AS1,0.00036073834,0.0,1,0
MPV17L,0.0023479129,0.0,1,1
MPZL2,0.00050535606,0.0,1,0
MRPL53,0.00424613,0.0,1,1
MRS2,0.025710741,0.0,1,2
MS4A6E,-0.0026327802,0.0,1,2
MSH5,0.0007308976,0.0,1,1
MSLN,-0.053461026,0.0,1,2
MSRB3,0.0014467231,0.0,1,1
MSTN,0.00026716414,0.0,1,0
MSX1,0.00015344635,0.0,1,0
MT3,0.014245453,0.0,1,0
MTBP,-0.0055273366,0.0,1,1
MTRNR2L8,0.026573813,0.0,1,2
MTSS2,-0.04664817,0.0,1,1
MUC16,-0.009626447,0.0,1,1
MUC4,0.0002914337,0.0,1,0
MUC5B,0.0002635204,0.0,1,0
MUC6,0.0003444118,0.0,1,0
MUSTN1,-0.013659005,0.0,1,2
MXD3,0.019639933,0.0,1,2
MXRA8,0.00029841726,0.0,1,0
MYB,-0.00060404604,0.0,1,1
MYBL1,-0.006827582,0.0,1,2
MYBPH,0.03692372,0.0,1,2
MYCBP2-AS1,-0.007914817,0.0,1,1
MYCN,0.0006682174,0.0,1,0
MYEF2,-0.0038084628,0.0,1,2
MYH14,-0.0009773386,0.0,1,1
MYH3,0.013954484,0.0,1,1
MYL4,-0.0020414914,0.0,1,1
MYLK,0.056199566,0.0,1,1
MYLK3,-0.016182048,0.0,1,1
MYLK4,0.0008244165,0.0,1,0
MYO5B,0.04263623,0.0,1,2
MYO5C,-0.0018935528,0.0,1,1
MYOCOS,0.00017582776,0.0,1,0
MYOM1,-0.00667206,0.0,1,1
MYOM2,0.0011353194,0.0,1,0
MYOT,0.00020820102,0.0,1,0
MYRF,0.0019302503,0.0,1,0
MYRIP,0.0018780861,0.0,1,1
MZB1,0.0010662725,0.0,1,1
MZF1-AS1,0.0010025416,0.0,1,0
N4BP2L2-IT2,0.0009995026,0.0,1,1
N4BP3,-0.01836644,0.0,1,1
NAA30,0.008992607,0.0,1,1
NAALADL2,-0.0015097511,0.0,1,1
NACA2,0.00024550597,0.0,1,0
NAF1,-0.0074581946,0.0,1,2
NAGS,0.0005115051,0.0,1,0
NALT1,-0.0010547541,0.0,1,1
NANOS1,0.0002195909,0.0,1,0
NANOS3,0.0007145384,0.0,1,0
NANP,-0.0031723736,0.0,1,1
NAP1L3,0.0006751376,0.0,1,0
NAPB,0.06754095,0.0,1,2
NAPSA,0.00034168363,0.0,1,1
NARS2,-0.010148199,0.0,1,2
NATD1,2.8969409e-05,0.0,1,0
NBPF3,0.0015775947,0.0,1,1
NCAPH,-0.0017830095,0.0,1,1
NCBP2-AS1,0.0001733447,0.0,1,0
NCDN,-0.0049937973,0.0,1,1
NCR3LG1,0.00040578548,0.0,1,0
NCS1,-0.006307872,0.0,1,2
NDUFAF6,-0.01158803,0.0,1,2
NDUFAF7,-0.0032179318,0.0,1,2
NDUFV2-AS1,0.0014196639,0.0,1,1
NEB,0.0033901667,0.0,1,1
NEGR1,0.00020072312,0.0,1,0
NEIL3,-0.012485742,0.0,1,1
NEK5,0.0012278954,0.0,1,1
NELL2,-0.06635149,0.0,1,1
NEU4,-0.008445032,0.0,1,1
NEURL3,0.020091958,0.0,1,2
NEXN,0.0061012045,0.0,1,2
NFIB,-0.004719414,0.0,1,1
NFYC-AS1,0.0014940213,0.0,1,1
NHLRC4,0.0014518132,0.0,1,1
NHS,-0.03730226,0.0,1,2
NHSL1,-0.016687501,0.0,1,2
NIF3L1,-0.011311571,0.0,1,2
NIM1K,0.0004954093,0.0,1,0
NINL,5.3327956e-05,0.0,1,0
NIPA1,-0.008083285,0.0,1,1
NKAPL,0.0018752279,0.0,1,1
NKILA,-0.008532882,0.0,1,1
NKPD1,0.00029841726,0.0,1,0
NKX3-1,-0.0073893294,0.0,1,1
NLGN3,0.00041326287,0.0,1,0
NLGN4X,0.00010030119,0.0,1,0
NLK,-0.00011268817,0.0,1,1
NLRP4,0.022680512,0.0,1,1
NNAT,0.00011686873,0.0,1,0
NOMO2,0.06067735,0.0,1,2
NOTCH4,-0.001262986,0.0,1,2
NOXO1,0.00021581107,0.0,1,0
NOXRED1,4.4407567e-05,0.0,1,0
NPAS2,0.00018953571,0.0,1,0
NPAS3,8.625134e-06,0.0,1,0
NPIPA3,0.0058915126,0.0,1,1
NPIPB11,0.014114778,0.0,1,1
NPIPB2,0.000206901,0.0,1,0
NPIPB3,0.0045625684,0.0,1,2
NPIPB7,9.460526e-05,0.0,1,0
NPIPB8,0.00034707494,0.0,1,0
NPM2,-0.0058494736,0.0,1,2
NPNT,0.00018251198,0.0,1,0
NPR1,0.00028908908,0.0,1,0
NPR2,0.0026576717,0.0,1,1
NPW,-0.040912464,0.0,1,2
NR1D1,-0.009589396,0.0,1,2
NR1I3,0.00023842811,0.0,1,0
NR2F6,-0.01322621,0.0,1,2
NR3C2,0.00075778086,0.0,1,0
NRAD1,0.00025181205,0.0,1,0
NRARP,-0.009994809,0.0,1,1
NRAV,-0.008254663,0.0,1,1
NRG4,0.00028366328,0.0,1,0
NRGN,0.001249645,0.0,1,1
NRL,0.0032548278,0.0,1,1
NRN1,0.00032817945,0.0,1,0
NRN1L,0.024404652,0.0,1,1
NRSN2-AS1,-0.011123225,0.0,1,2
NSG2,0.00018370459,0.0,1,0
NSMCE1-DT,-0.014739911,0.0,1,2
NT5DC3,-0.0028543547,0.0,1,2
NT5DC4,0.00010409438,0.0,1,0
NT5E,0.004360963,0.0,1,1
NTN1,0.00021974063,0.0,1,0
NTRK3,0.00015617676,0.0,1,0
NUAK2,-0.0020048171,0.0,1,1
NUDT8,-0.017430289,0.0,1,2
NUP210L,0.0004846086,0.0,1,0
NUP35,0.0013263104,0.0,1,0
NUSAP1,-0.00936395,0.0,1,2
NUTM2A,0.0019302503,0.0,1,0
NUTM2B,0.0017333431,0.0,1,1
NUTM2E,0.00018999916,0.0,1,0
NXF3,0.00084730034,0.0,1,1
NXN,-0.015118784,0.0,1,1
NXT2,0.0049363486,0.0,1,1
OCM2,0.0002547507,0.0,1,0
ODF3L1,-0.0018300106,0.0,1,1
OGDHL,8.9524685e-05,0.0,1,0
OLFML1,1.5184283e-05,0.0,1,0
OLFML2A,-0.017945806,0.0,1,1
OR2A1-AS1,0.00013111033,0.0,1,0
OR2T8,0.00016262826,0.0,1,0
OR3A2,0.0058808937,0.0,1,1
OR4D1,0.0002643861,0.0,1,0
OR52H1,0.00026843676,0.0,1,0
OR52N4,0.00045986997,0.0,1,0
ORC1,-0.010212468,0.0,1,2
ORC6,-0.0026337032,0.0,1,1
OSBPL6,0.00013073148,0.0,1,0
OSCP1,-0.009165703,0.0,1,1
OSER1-DT,-0.00799752,0.0,1,2
OSGEPL1,0.0033705926,0.0,1,1
OSGEPL1-AS1,-0.006535129,0.0,1,1
OSGIN1,0.0023349186,0.0,1,1
OSMR,0.00069718505,0.0,1,0
OSR1,0.0003408128,0.0,1,0
OSR2,-0.0038051717,0.0,1,1
OTUB2,-0.00421154,0.0,1,1
OTUD7A,0.0012965547,0.0,1,1
OTX1,0.00019324588,0.0,1,0
OVOL2,0.00018388657,0.0,1,0
OXCT2,0.0013089067,0.0,1,1
OXER1,0.0018540109,0.0,1,1
P2RX5,-0.071744,0.0,1,2
P2RY14,-0.102716126,0.0,1,2
P2RY2,-0.008376932,0.0,1,2
P2RY8,-0.0071141664,0.0,1,2
P3H2,-0.053015035,0.0,1,2
P3H2-AS1,0.003908358,0.0,1,1
P3H4,-0.00022944722,0.0,1,1
PAIP2B,0.00081287813,0.0,1,0
PAK6,-0.006647142,0.0,1,2
PAN3-AS1,0.00048622643,0.0,1,0
PANX2,0.00010407309,0.0,1,0
PAPPA2,0.00025911463,0.0,1,0
PAQR6,1.559197e-05,0.0,1,0
PARD6B,0.0023344548,0.0,1,1
PARD6G-AS1,0.00021894886,0.0,1,0
PARM1,0.0032654004,0.0,1,1
PART1,0.00015591341,0.0,1,0
PAX5,0.00017509244,0.0,1,0
PAXBP1-AS1,-0.01676887,0.0,1,2
PAXIP1,-0.016487515,0.0,1,2
PCAT1,-0.007651843,0.0,1,1
PCAT6,0.010122317,0.0,1,1
PCBP4,-0.0026006675,0.0,1,1
PCDH10,0.00041032964,0.0,1,0
PCDH7,-0.00983535,0.0,1,1
PCDHAC2,0.00025990288,0.0,1,0
PCDHB14,0.00019504601,0.0,1,0
PCDHB16,0.00036412574,0.0,1,0
PCDHGA11,0.00042791665,0.0,1,0
PCDHGA7,0.00046166405,0.0,1,0
PCDHGB2,0.0005446788,0.0,1,0
PCDHGB3,0.00035695266,0.0,1,0
PCDHGB5,0.000965544,0.0,1,0
PCDHGB6,0.00045496225,0.0,1,0
PCDHGC3,5.2009786e-05,0.0,1,0
PCDHGC4,0.0016421425,0.0,1,0
PCF11-AS1,0.0007080808,0.0,1,0
PCNX3,-0.012339677,0.0,1,2
PCOLCE,-0.0012320528,0.0,1,1
PCSK1N,0.00012986564,0.0,1,0
PCSK4,0.004978953,0.0,1,1
PCTP,0.0021969725,0.0,1,2
PDC,0.0003165208,0.0,1,0
PDCD2L,-0.0051974566,0.0,1,2
PDCL2,0.0004266807,0.0,1,0
PDE2A,0.0021270155,0.0,1,1
PDE4C,0.00018143706,0.0,1,0
PDE4D,-0.008691799,0.0,1,1
PDE6B,-0.048532378,0.0,1,2
PDGFRB,0.00017509244,0.0,1,0
PDGFRL,0.0002736187,0.0,1,0
PDIA5,0.0062096533,0.0,1,1
PDLIM1,-0.024692193,0.0,1,2
PDZD4,0.0014319919,0.0,1,1
PDZD7,-0.007236144,0.0,1,1
PDZK1IP1,0.00018782158,0.0,1,0
PDZRN3,0.00018575444,0.0,1,0
PECR,-0.023650996,0.0,1,2
PEG3,0.0006425609,0.0,1,0
PELI2,0.019481147,0.0,1,2
PEX11A,0.00043645376,0.0,1,1
PEX11G,-0.03888413,0.0,1,2
PF4,0.0002547507,0.0,1,0
PF4V1,0.00028168122,0.0,1,0
PFKFB1,0.037281204,0.0,1,1
PGA3,0.006018764,0.0,1,0
PGAP1,-0.051454913,0.0,1,2
PGAP3,-0.03582513,0.0,1,2
PGF,0.0011350157,0.0,1,1
PGLYRP2,0.010085099,0.0,1,1
PHETA2,0.003577903,0.0,1,1
PHF13,-0.024968622,0.0,1,2
PHLPP1,-0.027289277,0.0,1,2
PHYHD1,-0.011875432,0.0,1,2
PIFO,0.00027066979,0.0,1,0
PIGA,-0.0077571925,0.0,1,2
PIH1D2,0.0011664936,0.0,1,1
PIK3CD-AS1,0.00089738704,0.0,1,0
PIK3IP1-AS1,0.00023008669,0.0,1,0
PIMREG,4.8879883e-07,0.0,1,0
PINX1,0.009775502,0.0,1,2
PIP5KL1,0.00045162128,0.0,1,0
PIR,0.0034781725,0.0,1,1
PITPNA-AS1,-0.011214339,0.0,1,2
PITPNM1,-0.01709443,0.0,1,2
PITPNM2,0.014696226,0.0,1,1
PITPNM3,-0.009501119,0.0,1,1
PIWIL4,0.0035891694,0.0,1,1
PKD1L3,-0.03577346,0.0,1,1
PKD2L2,0.00041917563,0.0,1,0
PKIA,0.00034486732,0.0,1,0
PKIG,0.0017217974,0.0,1,1
PKMYT1,-0.0016077968,0.0,1,1
PKP3,-0.00327929,0.0,1,1
PKP4,-0.0077210814,0.0,1,2
PLA2G2D,0.00054814224,0.0,1,0
PLA2G4E-AS1,7.730784e-05,0.0,1,0
PLAAT1,0.00052231073,0.0,1,0
PLAAT5,0.00024216888,0.0,1,0
PLAC8L1,0.0027137194,0.0,1,1
PLAC9,0.0011433384,0.0,1,0
PLAGL2,-0.0052838624,0.0,1,2
PLAT,6.375011e-05,0.0,1,0
PLCB1,-0.004034299,0.0,1,2
PLCD3,0.036046725,0.0,1,1
PLCL1,0.0023201285,0.0,1,1
PLCXD1,-0.0009851971,0.0,1,1
PLCXD3,0.00032362726,0.0,1,0
PLEKHA4,-0.045676496,0.0,1,2
PLEKHG1,0.0008380532,0.0,1,1
PLEKHG3,-0.052396473,0.0,1,2
PLEKHH1,0.0016880449,0.0,1,1
PLEKHH2,0.00012352958,0.0,1,0
PLEKHH3,-0.003970047,0.0,1,1
PLEKHS1,-0.001669108,0.0,1,1
PLLP,0.0007277242,0.0,1,0
PLPP1,0.036849696,0.0,1,2
PLPP4,0.0143342875,0.0,1,2
PLPPR2,0.021931224,0.0,1,2
PLS1,0.00011800488,0.0,1,0
PLS3,0.00044201213,0.0,1,0
PLSCR4,0.0006987459,0.0,1,0
PLVAP,-0.0443102,0.0,1,2
PLXNB1,-0.0017671752,0.0,1,1
PM20D2,-0.008382739,0.0,1,2
PMEL,8.197349e-05,0.0,1,0
PNCK,0.029219987,0.0,1,1
PNMA3,0.00028998632,0.0,1,0
PNMA8A,-0.008192682,0.0,1,1
PNMA8B,0.0156683,0.0,1,2
PNPLA1,0.000278512,0.0,1,0
POC1B-AS1,-0.034969002,0.0,1,2
PODNL1,0.00014919088,0.0,1,0
PODXL,-0.0020302758,0.0,1,1
POGLUT2,-0.005163825,0.0,1,2
POLR3G,0.0012879288,0.0,1,1
POPDC2,0.0017043235,0.0,1,1
POT1-AS1,0.0017367224,0.0,1,1
POTEC,0.00025287902,0.0,1,0
POU2F3,-0.007974598,0.0,1,1
POU6F1,0.00052767125,0.0,1,0
PPAT,0.0039773183,0.0,1,1
PPBP,0.00025402615,0.0,1,0
PPEF1,0.00045433524,0.0,1,0
PPFIA3,0.0014418763,0.0,1,1
PPFIA4,0.0010753273,0.0,1,0
PPIAL4C,0.00032733285,0.0,1,0
PPM1H,0.0019415222,0.0,1,1
PPM1J,0.00028842525,0.0,1,0
PPME1,0.032271627,0.0,1,2
PPP1R13L,-0.008051098,0.0,1,2
PPP1R14A,-0.00019381824,0.0,1,1
PPP1R14B-AS1,-0.014540866,0.0,1,1
PPP1R16B,-0.0022209792,0.0,1,1
PPP1R1A,0.0014853025,0.0,1,0
PPP1R1B,-0.002426081,0.0,1,1
PPP1R26-AS1,5.1498122e-05,0.0,1,0
PPP1R2C,-0.0063978676,0.0,1,1
PPP1R32,0.0005676642,0.0,1,0
PPP1R3F,-0.011917521,0.0,1,2
PPP2R3B,-0.0027581204,0.0,1,2
PRDM15,-0.003670628,0.0,1,2
PRDM6,0.00024978907,0.0,1,0
PRG2,0.0005332725,0.0,1,0
PRICKLE1,0.0017637162,0.0,1,1
PRICKLE4,-0.00018250337,0.0,1,1
PRKCG,0.00026801098,0.0,1,0
PRKCQ,0.06476585,0.0,1,1
PRKCQ-AS1,0.024123983,0.0,1,2
PRKCZ-AS1,0.0005492901,0.0,1,0
PRKD1,0.04783274,0.0,1,0
PRKD2,-0.007204113,0.0,1,2
PRKN,-0.020254401,0.0,1,2
PRMT5-AS1,0.00027572547,0.0,1,0
PRMT6,0.0026149934,0.0,1,1
PROCA1,-0.0007348129,0.0,1,2
PROK2,0.013959399,0.0,1,0
PROM1,0.00029439424,0.0,1,0
PROM2,-0.007161792,0.0,1,2
PROSER2,0.0002742205,0.0,1,0
PROSER3,-0.0144846635,0.0,1,2
PROX1,0.0017398346,0.0,1,0
PRPH,0.00093231275,0.0,1,0
PRPH2,0.00030872374,0.0,1,0
PRR15,-0.0024938039,0.0,1,1
PRR19,-0.0105075305,0.0,1,1
PRR29,0.00017229987,0.0,1,0
PRRG4,-0.052724432,0.0,1,2
PRSS1,0.00038297698,0.0,1,0
PRSS21,-0.013613288,0.0,1,2
PRSS23,0.00034031513,0.0,1,0
PRSS27,-0.0016981232,0.0,1,1
PRTFDC1,-0.0023063424,0.0,1,1
PSAT1,1.1113317e-05,0.0,1,0
PSEN2,-0.0031263742,0.0,1,1
PSKH1,-0.00030205538,0.0,1,1
PSMD6-AS2,0.032419946,0.0,1,2
PSPN,0.001265734,0.0,1,1
PSTK,-0.011019126,0.0,1,2
PTCRA,0.0051945527,0.0,1,1
PTGER1,0.00047026458,0.0,1,0
PTGER3,0.00023430167,0.0,1,0
PTGES3L,0.0002232172,0.0,1,0
PTGR2,-0.008066048,0.0,1,2
PTH2R,-0.002066568,0.0,1,1
PTHLH,0.009770148,0.0,1,0
PTK7,0.00013003421,0.0,1,0
PTN,-0.0049958224,0.0,1,1
PTOV1-AS2,0.0015288931,0.0,1,1
PTP4A3,-0.00111679,0.0,1,1
PTPN13,0.0030894384,0.0,1,1
PTPN20,0.064641304,0.0,1,1
PTPN21,0.0004584587,0.0,1,0
PTPRD,6.813835e-05,0.0,1,0
PTPRF,-8.335306e-05,0.0,1,2
PTPRG,0.053306367,0.0,1,2
PTPRG-AS1,0.0002653371,0.0,1,0
PTPRK,0.0009663427,0.0,1,1
PTPRS,-0.0016814456,0.0,1,1
PTPRU,0.00043503367,0.0,1,1
PTTG2,0.00014577879,0.0,1,0
PTX3,-0.021109177,0.0,1,1
PURPL,0.00031079687,0.0,1,0
PVRIG,0.0038966015,0.0,1,2
PWRN1,0.036345184,0.0,1,0
PXMP4,0.0012785768,0.0,1,1
PYCARD-AS1,-0.00028721508,0.0,1,1
PYCR3,-0.05094427,0.0,1,2
QPCTL,0.037819013,0.0,1,1
QRICH2,-0.0025131886,0.0,1,1
RAB11B-AS1,-0.037048537,0.0,1,2
RAB11FIP3,-0.029584708,0.0,1,2
RAB11FIP4,0.00017112338,0.0,1,0
RAB17,-0.015498011,0.0,1,1
RAB25,0.046961,0.0,1,1
RAB27B,0.000318016,0.0,1,0
RAB39B,0.00027484764,0.0,1,0
RAB40AL,0.0002772502,0.0,1,0
RAB40B,-0.009706002,0.0,1,2
RAB6B,-0.0019987836,0.0,1,1
RAB9B,5.933262e-06,0.0,1,0
RABGAP1L-IT1,0.00031059474,0.0,1,0
RABL2A,-0.00033330233,0.0,1,2
RAD1,-0.08155339,0.0,1,2
RAD18,0.006431689,0.0,1,1
RAD51-AS1,-0.01958677,0.0,1,2
RAD9B,9.105012e-05,0.0,1,0
RAE1,-0.038528264,0.0,1,2
RAG1,0.00020138743,0.0,1,0
RAI2,0.0012256048,0.0,1,1
RALGPS2,0.02723468,0.0,1,2
RAMP1,0.0012613446,0.0,1,1
RANBP17,-0.00010898593,0.0,1,1
RAP1GAP,0.0013152487,0.0,1,0
RAP2C-AS1,0.017589688,0.0,1,2
RAPGEF4,0.00022685195,0.0,1,0
RAPSN,-0.009084961,0.0,1,1
RASA3-IT1,0.0014902306,0.0,1,0
RASAL1,0.037191994,0.0,1,1
RASD2,0.00018128015,0.0,1,0
RASEF,-0.002029149,0.0,1,1
RASGRP1,-0.0037622598,0.0,1,1
RASL11A,-0.012276814,0.0,1,2
RASSF1-AS1,2.154704e-05,0.0,1,0
RASSF3,-0.009093176,0.0,1,2
RB1-DT,0.0017913185,0.0,1,1
RBBP8NL,0.00017798429,0.0,1,0
RBFADN,0.00015582096,0.0,1,0
RBFOX2,-0.01057915,0.0,1,2
RBMXL2,0.00011438149,0.0,1,0
RBP4,0.0021876956,0.0,1,1
RBPMS,-0.0019972108,0.0,1,2
RDH12,0.0046331394,0.0,1,1
REELD1,0.00011009764,0.0,1,0
REEP1,0.0005419788,0.0,1,0
REM1,-0.002850009,0.0,1,1
RERE-AS1,6.488831e-05,0.0,1,0
RERG,0.03767444,0.0,1,1
RETREG1,-0.018438619,0.0,1,1
REV3L-IT1,0.00011098672,0.0,1,0
RFLNB,-0.016486438,0.0,1,2
RFPL1,9.9977035e-05,0.0,1,0
RFX3-AS1,0.0017603695,0.0,1,0
RFXAP,0.0023599963,0.0,1,1
RGMB,0.020577226,0.0,1,2
RGN,2.5784248e-05,0.0,1,0
RGPD1,0.06482009,0.0,1,0
RGPD2,-0.0091191465,0.0,1,1
RGPD4,0.0019750574,0.0,1,0
RGS11,0.00027175486,0.0,1,0
RGS13,0.00027140928,0.0,1,1
RGS17,0.00034636454,0.0,1,0
RGS9,0.00036539868,0.0,1,1
RGS9BP,0.00017229987,0.0,1,0
RHCE,4.0627154e-05,0.0,1,0
RHEX,0.000316662,0.0,1,0
RHO,5.3093187e-05,0.0,1,0
RHOD,0.047496844,0.0,1,1
RIC3,-0.0029417102,0.0,1,1
RIIAD1,0.00040979625,0.0,1,0
RIMBP3,-0.0049410113,0.0,1,1
RIMBP3C,0.0004836912,0.0,1,0
RIMKLB,-0.007491359,0.0,1,2
RIN1,-0.0045178854,0.0,1,2
RMI2,-0.017018136,0.0,1,2
RNASE10,0.00017209013,0.0,1,0
RNASE3,-0.002217398,0.0,1,1
RNASEH1-AS1,0.024660647,0.0,1,2
RNASEH2B-AS1,9.508687e-05,0.0,1,0
RNF139-AS1,-0.021289125,0.0,1,2
RNF144A-AS1,0.0022640538,0.0,1,0
RNF152,0.0003048062,0.0,1,0
RNF157,0.00076508225,0.0,1,0
RNF157-AS1,0.004090762,0.0,1,1
RNF180,7.971479e-05,0.0,1,0
RNF2,-0.036656875,0.0,1,2
RNF207,-0.005948316,0.0,1,1
RNF227,0.022613587,0.0,1,2
RNF32,0.00012520317,0.0,1,0
RNF43,0.0011292179,0.0,1,1
RNFT1-DT,0.0001862611,0.0,1,1
ROPN1L,-0.0026953341,0.0,1,1
RPA4,-0.0012758952,0.0,1,1
RPGRIP1,-3.7561014e-05,0.0,1,1
RPGRIP1L,-0.021292934,0.0,1,2
RPH3AL,-0.010893859,0.0,1,1
RPUSD4,0.0068855453,0.0,1,1
RRH,0.00022316755,0.0,1,0
RRM2,-0.0022219324,0.0,1,1
RSPH14,0.0022640538,0.0,1,0
RSPH4A,3.649281e-05,0.0,1,0
RSPH9,0.0005587496,0.0,1,0
RSPO3,0.0002892482,0.0,1,0
RSPO4,0.00015914584,0.0,1,0
RTL10,-0.018550446,0.0,1,2
RTN4R,0.0013535247,0.0,1,1
RUNDC3A,0.00055998337,0.0,1,0
RUNDC3A-AS1,0.0021168191,0.0,1,0
RUSC1-AS1,0.0016142293,0.0,1,1
RUSC2,0.0010234951,0.0,1,1
RUVBL1-AS1,0.00032788515,0.0,1,0
RWDD2A,-0.0096045695,0.0,1,2
S100A3,0.0014108779,0.0,1,1
S100A7,0.022657827,0.0,1,0
SAA1,-0.006675147,0.0,1,1
SAA4,0.00022637029,0.0,1,0
SAMD12,0.0015143878,0.0,1,1
SAMD13,-0.018393852,0.0,1,2
SAMD15,0.00044369118,0.0,1,0
SAP130,0.058736447,0.0,1,2
SAP30L-AS1,0.042428624,0.0,1,1
SAPCD1,-0.0049981647,0.0,1,1
SAPCD2,-0.0021121867,0.0,1,1
SAXO2,0.0004845344,0.0,1,0
SBSPON,-0.008401185,0.0,1,1
SCARA3,0.0011830729,0.0,1,0
SCARNA9,0.00020830739,0.0,1,0
SCART1,0.00096977554,0.0,1,0
SCAT1,0.0031945612,0.0,1,0
SCGB1B2P,0.00096211256,0.0,1,0
SCGB1D2,-0.009746811,0.0,1,1
SCGB2A1,-0.045158487,0.0,1,2
SCIN,0.017802669,0.0,1,2
SCN9A,7.907177e-05,0.0,1,0
SCNN1D,0.014906512,0.0,1,1
SCRN3,0.0092019485,0.0,1,2
SDC1,-0.000780548,0.0,1,1
SDCBP2,-0.0053087864,0.0,1,1
SDR42E2,0.016321072,0.0,1,2
SEC14L2,-0.0019621411,0.0,1,1
SEC22A,-0.00056127115,0.0,1,1
SEC24B-AS1,-0.021365633,0.0,1,1
SELENBP1,-0.022769406,0.0,1,1
SEMA3B,0.00047547984,0.0,1,0
SEMA3F,0.0001878229,0.0,1,0
SEMA3G,0.00029386382,0.0,1,0
SEMA4G,0.00020509085,0.0,1,0
SEMA6B,0.00046232282,0.0,1,1
SEMA6C,0.00011158028,0.0,1,0
SEMA6D,-0.0031204133,0.0,1,1
SEPTIN1,0.03522794,0.0,1,2
SEPTIN4,0.0029399728,0.0,1,1
SERF1B,0.00023749552,0.0,1,0
SERHL2,0.0011363243,0.0,1,1
SERINC2,0.022386827,0.0,1,2
SERPINA5,0.0011479885,0.0,1,0
SERPINB3,2.682566e-05,0.0,1,0
SERPINE2,-0.009751244,0.0,1,1
SFN,0.00059057167,0.0,1,0
SFT2D3,-0.0025875783,0.0,1,2
SGCE,0.00044942414,0.0,1,0
SGIP1,-0.01279821,0.0,1,2
SGK2,0.00033281624,0.0,1,0
SGO1-AS1,0.00072287867,0.0,1,0
SH2D2A,-0.007228549,0.0,1,1
SH2D7,0.037398327,0.0,1,0
SH3D19,-0.004942196,0.0,1,2
SH3PXD2B,-0.009629971,0.0,1,1
SH3RF3-AS1,0.0021256716,0.0,1,0
SHANK3,0.0020204636,0.0,1,0
SHBG,0.00030674963,0.0,1,0
SHC4,0.00034486732,0.0,1,0
SHLD3,-0.0016815156,0.0,1,1
SHROOM4,0.00029854453,0.0,1,0
SIAE,-0.019612348,0.0,1,2
SIDT1,0.0077955388,0.0,1,1
SIRPD,-0.0015118738,0.0,1,1
SIT1,-0.0017399442,0.0,1,2
SKA3,1.6470934e-05,0.0,1,0
SKIDA1,0.00030532165,0.0,1,0
SKOR1,0.00035752833,0.0,1,0
SLAMF6,-0.03752085,0.0,1,2
SLAMF9,0.055286642,0.0,1,1
SLC10A1,0.00022906468,0.0,1,0
SLC12A3,2.45108e-05,0.0,1,0
SLC12A5-AS1,0.00024101649,0.0,1,0
SLC12A8,0.0010756237,0.0,1,0
SLC15A2,-0.0012968556,0.0,1,2
SLC16A7,-0.0066156783,0.0,1,2
SLC16A9,0.034507554,0.0,1,1
SLC18A1,0.00020107643,0.0,1,0
SLC18B1,-0.007519836,0.0,1,1
SLC1A2,0.00023095745,0.0,1,0
SLC22A1,0.0013881341,0.0,1,1
SLC22A17,0.00020596896,0.0,1,0
SLC22A18AS,0.014055006,0.0,1,2
SLC22A5,-0.07983798,0.0,1,2
SLC23A1,0.0003198076,0.0,1,0
SLC23A3,0.000197467,0.0,1,0
SLC24A1,-0.0061293244,0.0,1,1
SLC24A4,-0.003576071,0.0,1,1
SLC25A30-AS1,0.00021569058,0.0,1,0
SLC25A42,-0.012344658,0.0,1,2
SLC25A52,0.015856568,0.0,1,0
SLC26A1,0.037096404,0.0,1,1
SLC26A4,0.00034574603,0.0,1,0
SLC26A5,0.00035215498,0.0,1,0
SLC26A6,-0.0526287,0.0,1,2
SLC26A7,0.00014265651,0.0,1,0
SLC29A2,0.0001915638,0.0,1,0
SLC35C1,0.0021559221,0.0,1,1
SLC35D2,-0.016747607,0.0,1,2
SLC35F1,0.00027507092,0.0,1,0
SLC35G1,0.035884865,0.0,1,1
SLC39A14,0.0049089356,0.0,1,1
SLC39A5,0.00030538606,0.0,1,0
SLC3A1,-0.013183626,0.0,1,1
SLC41A1,0.006344596,0.0,1,2
SLC43A1,-0.012206785,0.0,1,2
SLC45A2,0.0020171197,0.0,1,0
SLC46A2,-0.0019805117,0.0,1,1
SLC49A4,0.014695476,0.0,1,2
SLC4A11,0.002985357,0.0,1,1
SLC4A3,0.00028291033,0.0,1,0
SLC4A5,0.00022243227,0.0,1,0
SLC66A1,0.0015546767,0.0,1,2
SLC6A11,0.0002685288,0.0,1,0
SLC6A7,-0.017018935,0.0,1,1
SLC8A1-AS1,0.00041285905,0.0,1,0
SLC9A5,0.00015850358,0.0,1,0
SLFNL1,0.00022614631,0.0,1,0
SLIT1,-0.0020570667,0.0,1,1
SLITRK4,0.028100194,0.0,1,1
SMAD1,0.0063901567,0.0,1,1
SMAGP,6.2110215e-05,0.0,1,0
SMG7-AS1,0.010030907,0.0,1,2
SMIM10L2A,8.118333e-05,0.0,1,0
SMIM11A,-0.0040195016,0.0,1,1
SMIM15-AS1,0.00017738268,0.0,1,0
SMIM35,0.00013213954,0.0,1,0
SMIM6,0.0014266492,0.0,1,1
SMKR1,-0.002627725,0.0,1,1
SMPD3,-0.0027014378,0.0,1,2
SMYD4,-0.024431745,0.0,1,2
SNAI2,0.00032362726,0.0,1,0
SNAI3,0.0019953398,0.0,1,1
SNCAIP,0.00023203563,0.0,1,0
SNHG11,-0.009583437,0.0,1,2
SNHG18,0.00019593148,0.0,1,0
SNHG31,0.0001637633,0.0,1,1
SNPH,0.00017752101,0.0,1,0
SNTA1,-0.0060685035,0.0,1,2
SNURF,-0.0007705777,0.0,1,1
SNX16,-0.0081594,0.0,1,2
SNX21,-0.0065305443,0.0,1,2
SNX33,-0.003117102,0.0,1,2
SOBP,-0.00265482,0.0,1,2
SOCS5,-0.0098959915,0.0,1,2
SOGA3,3.673641e-05,0.0,1,0
SORBS1,0.00021224597,0.0,1,0
SORCS1,0.021507956,0.0,1,0
SOS1-IT1,0.002313317,0.0,1,1
SOX11,0.036345184,0.0,1,0
SOX13,-0.04573047,0.0,1,2
SOX15,0.0007053051,0.0,1,0
SOX18,0.0003336186,0.0,1,0
SOX5-AS1,0.0025642854,0.0,1,0
SOX9,-0.003785598,0.0,1,2
SP6,0.00028873983,0.0,1,0
SPAG1,0.0028709406,0.0,1,1
SPAG4,-0.0030916098,0.0,1,2
SPAG5,-0.006592672,0.0,1,2
SPAG6,0.0052309446,0.0,1,0
SPART-AS1,0.00054011936,0.0,1,0
SPATA1,-0.018901818,0.0,1,2
SPATA12,1.8836154e-05,0.0,1,0
SPATA13-AS1,0.0030686266,0.0,1,1
SPATA18,0.0026975537,0.0,1,1
SPATA41,0.00012802123,0.0,1,0
SPATA6L,-0.002970499,0.0,1,2
SPATA9,0.00043365953,0.0,1,0
SPATC1,0.0008647262,0.0,1,1
SPC24,0.022118675,0.0,1,2
SPC25,0.000100381534,0.0,1,0
SPDL1,0.0027172081,0.0,1,2
SPDYE3,-0.0020718332,0.0,1,1
SPEGNB,0.0006210912,0.0,1,0
SPIB,-0.042434935,0.0,1,2
SPIC,0.0019581586,0.0,1,0
SPIN2B,-0.01626646,0.0,1,2
SPIN4,-0.00036584493,0.0,1,2
SPOCD1,7.746972e-05,0.0,1,0
SPRN,0.00019627441,0.0,1,0
SPRTN,0.03127938,0.0,1,2
SPRYD4,0.005882345,0.0,1,1
SPSB1,0.000108663306,0.0,1,1
SPTA1,0.00011000109,0.0,1,0
SPTBN2,0.0004655264,0.0,1,0
SPTBN4,0.0016541063,0.0,1,1
SPTLC3,-0.0046687475,0.0,1,2
SPTY2D1OS,-0.0022283716,0.0,1,1
SRCIN1,-0.009242526,0.0,1,1
SRGAP2-AS1,0.033483278,0.0,1,0
SRRM2-AS1,0.00067486893,0.0,1,1
SRXN1,-0.0025771128,0.0,1,2
SSBP3-AS1,0.00028907848,0.0,1,0
SSC4D,0.0013571841,0.0,1,1
SSH3,-0.014497747,0.0,1,2
SSPO,0.00084942713,0.0,1,0
SSTR2,0.0010890273,0.0,1,1
ST3GAL5-AS1,-0.012564901,0.0,1,1
ST7-AS1,-0.010638599,0.0,1,1
ST8SIA1,-0.0012878855,0.0,1,2
STAR,0.00020625483,0.0,1,0
STARD7-AS1,0.05782488,0.0,1,2
STEAP1,-0.008009399,0.0,1,2
STEAP2,0.00023423739,0.0,1,0
STK24-AS1,0.00014411482,0.0,1,0
STK31,0.0001992387,0.0,1,0
STON1,0.00070066826,0.0,1,0
STON2,9.822861e-05,0.0,1,0
STRC,0.037125338,0.0,1,1
STRIP2,-0.0020165993,0.0,1,1
STUM,0.000100271136,0.0,1,0
STX18-AS1,0.0060644266,0.0,1,1
STX19,0.00046719945,0.0,1,0
STX1A,2.5056148e-05,0.0,1,0
STXBP4,-0.036852676,0.0,1,2
STXBP5,-0.0029071197,0.0,1,2
SULT1A2,0.0002559316,0.0,1,0
SUMO4,-0.0021201198,0.0,1,1
SUSD4,-0.009283894,0.0,1,1
SVIL,-0.007612216,0.0,1,1
SVOPL,0.0001928408,0.0,1,0
SWSAP1,-0.02159595,0.0,1,2
SWT1,0.004430722,0.0,1,2
SYBU,1.8477216e-05,0.0,1,0
SYCE1,0.0011046123,0.0,1,0
SYCE1L,0.0052525923,0.0,1,1
SYCE2,9.2100054e-05,0.0,1,0
SYCP2,0.0009913426,0.0,1,0
SYCP3,0.00045613793,0.0,1,0
SYNDIG1L,9.910283e-05,0.0,1,0
SYNJ2,0.014652807,0.0,1,1
SYNM,0.00022685195,0.0,1,0
SYP,-0.0015815279,0.0,1,1
SYT7,0.025730448,0.0,1,0
TAC3,0.0005127764,0.0,1,0
TADA2A,0.035425693,0.0,1,2
TAF8,-0.0008099309,0.0,1,1
TAFA2,-0.00668609,0.0,1,2
TAL1,0.0022195405,0.0,1,0
TAS2R20,0.0006595678,0.0,1,0
TAS2R30,0.00011009764,0.0,1,0
TAS2R4,0.00041735172,0.0,1,0
TBC1D19,-0.024061447,0.0,1,2
TBC1D24,-0.0010452764,0.0,1,1
TBC1D25,-0.018272148,0.0,1,2
TBC1D3B,0.013576445,0.0,1,1
TBC1D3G,0.00066785235,0.0,1,0
TBC1D8,0.008123693,0.0,1,2
TBC1D8-AS1,0.0021344258,0.0,1,0
TBC1D8B,0.0032323236,0.0,1,1
TBCE,0.0028890343,0.0,1,1
TBCE-1,0.0061078523,0.0,1,1
TBKBP1,-0.010696605,0.0,1,2
TBL1X,0.049107257,0.0,1,2
TBL2,0.06278657,0.0,1,2
TBX1,0.00015462317,0.0,1,0
TBX20,0.00023095745,0.0,1,0
TC2N,-0.016798375,0.0,1,1
TCAF2C,0.001042457,0.0,1,1
TCEA3,-0.016824678,0.0,1,2
TCEAL2,0.0037740956,0.0,1,1
TCEANC,-0.0049630394,0.0,1,2
TCF7,0.03698225,0.0,1,1
TCF7L1,0.00020686926,0.0,1,0
TCP10L,0.0004500995,0.0,1,0
TCP11,0.0005953211,0.0,1,0
TCP11L2,-0.008155849,0.0,1,2
TCTE1,0.00032266168,0.0,1,0
TCTEX1D4,0.00020371308,0.0,1,0
TDO2,0.0017623067,0.0,1,1
TDRD7,-0.01063365,0.0,1,2
TDRKH-AS1,0.001382491,0.0,1,0
TEAD2,-0.00942106,0.0,1,1
TECTA,0.0007123852,0.0,1,0
TEK,0.0016481141,0.0,1,0
TEKT1,0.0020171197,0.0,1,0
TEKT2,-0.046091754,0.0,1,1
TENM1,0.00019504601,0.0,1,0
TENT4B,0.014360572,0.0,1,2
TENT5B,0.0016174209,0.0,1,0
TENT5C,0.00045934692,0.0,1,1
TEPP,0.0015717718,0.0,1,1
TEX14,0.00032236602,0.0,1,0
TEX41,0.0018971526,0.0,1,1
TFAP2A,0.000318984,0.0,1,0
TFAP2A-AS1,0.00025262544,0.0,1,0
TFAP2A-AS2,-0.005110253,0.0,1,1
TFAP2E,0.021851359,0.0,1,1
TGFA,-0.013296321,0.0,1,1
TGFBR3,0.0001606733,0.0,1,0
TGFBR3L,-0.001246688,0.0,1,1
THAP10,-0.006422793,0.0,1,1
THORLNC,0.00031616862,0.0,1,0
THRB-AS1,0.00010498264,0.0,1,0
THSD1,0.0005241961,0.0,1,0
TICRR,0.0002716086,0.0,1,0
TIGD1,-0.011982657,0.0,1,1
TIGD2,0.0015554737,0.0,1,1
TIGD4,0.030571697,0.0,1,2
TIGD6,-0.0021642328,0.0,1,2
TIGIT,0.00028239665,0.0,1,1
TIMD4,0.0022744096,0.0,1,1
TIMM22,-0.015968015,0.0,1,2
TIMP3,-0.005634192,0.0,1,1
TIMP4,-0.0054889764,0.0,1,1
TJP1,0.0026248007,0.0,1,1
TJP2,-0.013012826,0.0,1,2
TJP3,0.0008909067,0.0,1,0
TKTL2,0.00023492095,0.0,1,0
TLE1,0.0005046891,0.0,1,1
TLR9,1.8274333e-05,0.0,1,0
TM4SF5,0.00017509244,0.0,1,0
TM7SF2,0.0027236163,0.0,1,1
TMC4,0.0015556585,0.0,1,1
TMC5,0.00025777007,0.0,1,0
TMC7,-0.010514009,0.0,1,1
TMCC1-AS1,0.0004066246,0.0,1,1
TMCC2,0.039393008,0.0,1,1
TMED2-DT,0.00038277233,0.0,1,0
TMED6,0.00043982491,0.0,1,0
TMEM100,-0.008638821,0.0,1,1
TMEM120B,-0.024480658,0.0,1,2
TMEM121,0.00030570937,0.0,1,0
TMEM130,0.0017129342,0.0,1,1
TMEM145,-0.024087546,0.0,1,2
TMEM151B,0.00026919768,0.0,1,0
TMEM163,-0.011138875,0.0,1,2
TMEM170B,-0.028810717,0.0,1,2
TMEM171,0.0007143233,0.0,1,0
TMEM177,0.0009847755,0.0,1,2
TMEM182,0.0013024281,0.0,1,1
TMEM191B,0.0024654435,0.0,1,1
TMEM229B,-0.016240561,0.0,1,2
TMEM231,-0.006500691,0.0,1,2
TMEM236,0.00041963547,0.0,1,0
TMEM240,1.6662563e-05,0.0,1,0
TMEM249,0.0010860201,0.0,1,1
TMEM25,-0.01586186,0.0,1,2
TMEM253,0.00016239242,0.0,1,0
TMEM254-AS1,0.00010189193,0.0,1,0
TMEM255A,-0.045794845,0.0,1,2
TMEM267,-0.011671788,0.0,1,2
TMEM38A,9.404338e-05,0.0,1,0
TMEM38B,0.004835629,0.0,1,1
TMEM44,-0.0015282935,0.0,1,1
TMEM54,2.3640692e-05,0.0,1,2
TMEM67,-0.0013849455,0.0,1,1
TMEM72-AS1,-0.01822458,0.0,1,1
TMEM81,0.00039081767,0.0,1,0
TMEM8B,0.0002641674,0.0,1,1
TMEM97,0.007960515,0.0,1,1
TMPRSS3,0.0007113581,0.0,1,0
TMPRSS5,7.489017e-06,0.0,1,0
TMSB15A,0.00017259955,0.0,1,0
TMSB15B,-0.014616419,0.0,1,1
TNC,0.014949235,0.0,1,1
TNFRSF10A,-0.01153589,0.0,1,2
TNFRSF11B,-0.006605649,0.0,1,1
TNFRSF4,0.0018973692,0.0,1,1
TNFSF14,-0.002405459,0.0,1,2
TNK2-AS1,-0.01296628,0.0,1,2
TNN,0.00035985545,0.0,1,0
TNNI1,0.0002977476,0.0,1,0
TNNI3,-0.009346032,0.0,1,1
TOM1L1,-0.003318104,0.0,1,1
TOMM20L,0.00017491051,0.0,1,0
TOX,0.00025063413,0.0,1,0
TP53RK,0.0016345369,0.0,1,2
TP53TG3D,0.0004133164,0.0,1,0
TP73,2.9168974e-05,0.0,1,0
TPBGL,0.0011360439,0.0,1,0
TPD52L1,-0.0095397215,0.0,1,1
TPPP2,0.00024930912,0.0,1,0
TPPP3,-0.004325083,0.0,1,1
TPRG1-AS1,-0.0010195506,0.0,1,1
TPRG1L,-0.021668212,0.0,1,2
TPSAB1,0.000986115,0.0,1,1
TPSB2,-0.0132363355,0.0,1,2
TRABD2A,0.00047899006,0.0,1,0
TRAIP,-0.003800908,0.0,1,1
TRAV12-1,0.00017425891,0.0,1,0
TRAV13-1,0.00083811255,0.0,1,1
TRAV19,0.055709735,0.0,1,1
TRAV21,0.00021062813,0.0,1,0
TRAV26-1,0.00066283694,0.0,1,0
TRAV30,0.00017790882,0.0,1,0
TRAV38-2DV8,-0.0025777053,0.0,1,1
TRAV5,-0.04090472,0.0,1,2
TRAV8-1,7.4239455e-05,0.0,1,0
TRAV8-3,-0.04900888,0.0,1,1
TRBJ2-3,0.00026379304,0.0,1,0
TRBV12-3,0.036042262,0.0,1,1
TRBV12-4,0.00048008966,0.0,1,0
TRBV15,0.00068075146,0.0,1,0
TRBV16,0.0003979994,0.0,1,0
TRBV18,0.0005914549,0.0,1,0
TRBV2,-0.09519685,0.0,1,1
TRBV27,0.00084202754,0.0,1,0
TRBV3-1,0.00031228905,0.0,1,0
TRBV30,0.00023671292,0.0,1,0
TRBV4-1,0.00015113493,0.0,1,0
TRBV5-4,0.00024122349,0.0,1,0
TRBV5-6,-0.0049570873,0.0,1,1
TRBV6-2,-0.0027530512,0.0,1,1
TRBV7-9,4.1739706e-05,0.0,1,0
TRDV1,0.033398803,0.0,1,1
TREML4,0.00024909448,0.0,1,0
TRGV5,-0.004183467,0.0,1,1
TRGV5P,0.00027879502,0.0,1,0
TRGV8,0.0023347184,0.0,1,1
TRGV9,0.0002013661,0.0,1,0
TRIM16,-0.0067157634,0.0,1,1
TRIM2,0.00013855433,0.0,1,0
TRIM24,-0.016406264,0.0,1,2
TRIM31,0.00023374333,0.0,1,0
TRIM32,0.00028430033,0.0,1,1
TRIM35,-0.017522374,0.0,1,2
TRIM36,-0.014519594,0.0,1,2
TRIM45,0.00064443966,0.0,1,0
TRIM54,0.006018764,0.0,1,0
TRIM6,-0.00037284088,0.0,1,1
TRIM61,0.0005429427,0.0,1,1
TRIM62,0.0030141007,0.0,1,1
TRIM63,0.0015909305,0.0,1,1
TRIM66,0.0118634375,0.0,1,2
TRIM68,-0.008877889,0.0,1,2
TRIM7,0.00048198845,0.0,1,0
TRIM73,-0.006197943,0.0,1,1
TRIM74,0.00030819047,0.0,1,0
TRIP13,0.0034658602,0.0,1,1
TRMT9B,0.0013178732,0.0,1,0
TRNP1,0.0014902306,0.0,1,0
TRPC6,0.052687157,0.0,1,0
TRPM3,0.00021569058,0.0,1,0
TRPV5,0.00025063413,0.0,1,0
TSACC,9.199749e-05,0.0,1,0
TSC22D1-AS1,0.023150919,0.0,1,1
TSHZ1,-0.003211844,0.0,1,1
TSHZ2,-0.0053795087,0.0,1,2
TSIX,-0.029861944,0.0,1,1
TSNARE1,-0.0013351686,0.0,1,1
TSPAN1,3.6956724e-05,0.0,1,0
TSPAN12,0.00019064547,0.0,1,0
TSPAN13,0.004071632,0.0,1,1
TSPAN7,-0.0019069366,0.0,1,1
TSPAN8,0.0003450426,0.0,1,0
TSPOAP1,0.017104203,0.0,1,1
TSTD3,-0.011515535,0.0,1,2
TTC12,-0.008338704,0.0,1,2
TTC16,-0.0019944916,0.0,1,1
TTC22,-0.0020924623,0.0,1,1
TTC26,0.0009325212,0.0,1,0
TTC27,0.0182645,0.0,1,2
TTC34,0.0013888519,0.0,1,0
TTC8,0.022210076,0.0,1,1
TTI1,0.00073007745,0.0,1,2
TTYH1,0.00020138743,0.0,1,0
TUB,0.00021989056,0.0,1,0
TUBB3,0.0013833115,0.0,1,0
TUBB4A,2.7027758e-08,0.0,1,0
TUBD1,0.00031475132,0.0,1,1
TUFT1,-0.0021601722,0.0,1,1
TUSC1,0.044017117,0.0,1,1
TVP23A,0.004166424,0.0,1,1
TVP23C,-0.016889336,0.0,1,2
TXK,-0.0016933237,0.0,1,1
TYW5,-0.0075961403,0.0,1,2
U47924.3,0.00027357435,0.0,1,0
U62317.1,0.0026449438,0.0,1,1
UBAC2-AS1,-0.012274708,0.0,1,2
UBAP1L,-0.050433096,0.0,1,2
UBD,0.004693398,0.0,1,1
UBE2C,-0.005123913,0.0,1,1
UBE2E2-AS1,0.00024201964,0.0,1,0
UBE2L5,0.0015086597,0.0,1,0
UBE2Q2L,0.00023156252,0.0,1,0
UBOX5,-0.025678212,0.0,1,2
UBQLN2,0.014356345,0.0,1,2
UBQLNL,-0.002031422,0.0,1,1
UBXN8,-0.042244583,0.0,1,2
UCA1,0.00042606567,0.0,1,0
ULBP2,-0.0020044432,0.0,1,1
UMAD1,0.010164625,0.0,1,2
UNC119B,0.00067084003,0.0,1,0
UNC5D,0.0001928408,0.0,1,0
UNC79,-0.014799699,0.0,1,1
UPB1,0.00048719803,0.0,1,0
UPK3A,0.0010292212,0.0,1,0
UPK3B,0.000752009,0.0,1,0
UPK3BL2,-0.014041345,0.0,1,2
USP2,0.03578289,0.0,1,1
USP2-AS1,0.00019403889,0.0,1,0
USP20,-0.024700388,0.0,1,2
USP27X,0.0002982465,0.0,1,0
USP28,-0.0005032544,0.0,1,2
USP31,0.0028407618,0.0,1,1
USP41,0.0011368102,0.0,1,1
USP44,0.00015344635,0.0,1,0
USP46-AS1,0.0017964123,0.0,1,1
USP50,0.0014660981,0.0,1,0
USP51,-0.048778906,0.0,1,2
USP54,0.0005590028,0.0,1,0
UTP25,0.019798076,0.0,1,2
UTS2,0.0012567722,0.0,1,1
VANGL1,-0.00044937697,0.0,1,1
VASH1-AS1,0.024664387,0.0,1,2
VAT1L,0.00036172604,0.0,1,0
VCAM1,0.0065892455,0.0,1,1
VCL,-0.015574035,0.0,1,2
VCPKMT,-0.020032326,0.0,1,2
VGF,0.00012209296,0.0,1,0
VGLL3,0.00030461352,0.0,1,0
VMAC,-0.00744904,0.0,1,2
VNN3,0.03179807,0.0,1,1
VPS37D,-0.011520695,0.0,1,1
VPS9D1-AS1,0.001291664,0.0,1,1
VSTM1,0.0015414231,0.0,1,1
VSTM2L,0.00023268121,0.0,1,0
VTCN1,-0.012987122,0.0,1,2
VTN,0.0008955426,0.0,1,0
VWA3A,0.0001282869,0.0,1,0
VWA8,0.008679189,0.0,1,2
VWA8-AS1,0.00024930912,0.0,1,0
VWF,-0.0043335063,0.0,1,1
VXN,0.015856568,0.0,1,0
WASF1,0.00036388065,0.0,1,0
WBP2NL,8.189472e-05,0.0,1,0
WDCP,0.0020111224,0.0,1,1
WDFY3-AS2,-0.011193987,0.0,1,1
WDR17,-0.0030866943,0.0,1,1
WDR31,-0.001033493,0.0,1,1
WDR34,-0.0063133533,0.0,1,2
WDR35,0.0020540154,0.0,1,1
WDR62,-0.002126151,0.0,1,1
WDR66,0.00061588874,0.0,1,0
WDR78,-0.0020088765,0.0,1,1
WDR86,0.036159705,0.0,1,1
WDR90,-0.0124943135,0.0,1,2
WDR93,0.00016553613,0.0,1,0
WFDC3,0.00042156604,0.0,1,0
WNT10A,0.00015617676,0.0,1,0
WNT7A,0.0005246378,0.0,1,0
WRNIP1,-0.0048551266,0.0,1,2
WT1,-0.0017416278,0.0,1,2
WT1-AS,-0.00019522182,0.0,1,2
WWC2-AS2,-0.010608883,0.0,1,1
WWTR1,-0.0067313532,0.0,1,1
XACT,-0.0012783301,0.0,1,1
XCL1,0.009659302,0.0,1,2
XCL2,-0.01579897,0.0,1,2
XIRP1,0.00022040207,0.0,1,0
XKR6,0.0006680622,0.0,1,0
XKR9,0.00026623052,0.0,1,0
XPNPEP2,0.0011479885,0.0,1,0
XRCC3,-0.013465657,0.0,1,1
YBX2,0.00017259955,0.0,1,0
YES1,7.8527104e-05,0.0,1,0
YIPF5,0.0025522646,0.0,1,2
YPEL4,-0.0009179187,0.0,1,1
YY2,0.0002594205,0.0,1,0
Z68871.1,0.00023492095,0.0,1,0
Z80897.1,0.0006071466,0.0,1,0
Z82195.3,0.0009474813,0.0,1,0
Z84485.1,0.00014919088,0.0,1,0
Z93022.1,0.00065405434,0.0,1,1
Z95331.1,0.00046774079,0.0,1,0
Z97192.2,1.43445895e-05,0.0,1,0
Z97192.4,0.00025703953,0.0,1,0
Z98200.1,0.00041389046,0.0,1,0
Z98752.4,0.00028315806,0.0,1,0
Z99127.4,0.007633183,0.0,1,2
Z99716.2,0.00093513186,0.0,1,0
ZAP70,-0.012135071,0.0,1,2
ZBED6CL,0.013039281,0.0,1,2
ZBTB11-AS1,-0.0031251982,0.0,1,1
ZBTB12,1.1636682e-05,0.0,1,0
ZBTB18,-0.008425706,0.0,1,2
ZBTB3,-0.030732283,0.0,1,2
ZBTB42,-0.014061689,0.0,1,2
ZBTB49,-0.016806126,0.0,1,2
ZBTB5,-0.010412902,0.0,1,2
ZBTB8A,0.00020868906,0.0,1,1
ZC4H2,0.0003945385,0.0,1,1
ZCCHC12,0.00048643025,0.0,1,0
ZCCHC18,0.00024024521,0.0,1,0
ZCWPW1,-0.00783732,0.0,1,2
ZDHHC1,-0.0018572697,0.0,1,1
ZEB1-AS1,0.001761872,0.0,1,1
ZFHX2-AS1,-0.010905839,0.0,1,1
ZFHX4,0.0006284981,0.0,1,1
ZFP2,0.0010554377,0.0,1,0
ZFP28,0.00093123503,0.0,1,0
ZFP3,0.00052650244,0.0,1,1
ZFP37,-0.003904675,0.0,1,2
ZFP69B,0.0003591881,0.0,1,0
ZFP92,0.00051431044,0.0,1,0
ZFPM1,-0.03412402,0.0,1,2
ZFPM2-AS1,0.0006240006,0.0,1,0
ZFYVE28,0.007583197,0.0,1,1
ZHX2,0.001790533,0.0,1,1
ZIC1,0.0004989784,0.0,1,0
ZIC4,0.00028907848,0.0,1,0
ZIK1,0.00093817007,0.0,1,1
ZKSCAN2-DT,-0.03621344,0.0,1,2
ZKSCAN7,0.029087925,0.0,1,2
ZKSCAN8,-0.013763596,0.0,1,2
ZMYM4-AS1,0.0003323371,0.0,1,0
ZNF112,-0.020824093,0.0,1,1
ZNF114,0.0014259397,0.0,1,1
ZNF117,-0.0013926425,0.0,1,1
ZNF154,-0.009921232,0.0,1,1
ZNF175,-0.004981254,0.0,1,2
ZNF180,-0.010584898,0.0,1,2
ZNF184,0.01691184,0.0,1,2
ZNF197,0.008635398,0.0,1,2
ZNF20,-0.012072325,0.0,1,2
ZNF208,0.0002636381,0.0,1,0
ZNF211,-0.061189044,0.0,1,2
ZNF213-AS1,-0.00015790497,0.0,1,1
ZNF215,0.0008075929,0.0,1,0
ZNF232,-0.0103680175,0.0,1,1
ZNF233,0.004187065,0.0,1,1
ZNF236-DT,-0.011881857,0.0,1,1
ZNF250,-0.005122701,0.0,1,1
ZNF251,-0.013236594,0.0,1,2
ZNF252P-AS1,0.0011407937,0.0,1,0
ZNF257,0.0009620278,0.0,1,1
ZNF280C,-0.015359174,0.0,1,2
ZNF285,0.0011274177,0.0,1,1
ZNF286A,-2.3031918e-05,0.0,1,1
ZNF300,0.037235804,0.0,1,1
ZNF32-AS1,3.1832915e-05,0.0,1,0
ZNF320,-0.0032769626,0.0,1,1
ZNF324B,0.0014312753,0.0,1,1
ZNF337-AS1,0.00027850972,0.0,1,0
ZNF34,-0.0076338,0.0,1,1
ZNF343,-0.012311314,0.0,1,2
ZNF346-IT1,7.837809e-05,0.0,1,0
ZNF366,0.0004280934,0.0,1,0
ZNF367,-0.0038404495,0.0,1,1
ZNF382,-0.012390462,0.0,1,2
ZNF383,0.030831194,0.0,1,2
ZNF385C,0.0003905585,0.0,1,0
ZNF385D-AS1,9.469099e-05,0.0,1,0
ZNF391,0.0001928408,0.0,1,0
ZNF396,0.036113445,0.0,1,1
ZNF410,-0.021579884,0.0,1,2
ZNF415,0.0011814361,0.0,1,0
ZNF416,-0.0015937212,0.0,1,1
ZNF418,0.00015416452,0.0,1,0
ZNF419,0.0019716013,0.0,1,1
ZNF436,0.035871234,0.0,1,1
ZNF443,0.014174349,0.0,1,2
ZNF470,0.032752324,0.0,1,2
ZNF471,-0.005284988,0.0,1,1
ZNF473,-0.0077908747,0.0,1,2
ZNF483,0.00034144614,0.0,1,0
ZNF486,-0.00102405,0.0,1,1
ZNF487,-0.00989664,0.0,1,1
ZNF497,0.00046003316,0.0,1,1
ZNF502,0.004990632,0.0,1,1
ZNF507,-0.0015651286,0.0,1,1
ZNF514,-0.09141681,0.0,1,2
ZNF526,-0.034301553,0.0,1,2
ZNF530,-0.018481385,0.0,1,2
ZNF541,3.1625405e-05,0.0,1,0
ZNF546,0.003980815,0.0,1,1
ZNF554,-5.8587175e-05,0.0,1,1
ZNF557,-0.004977469,0.0,1,2
ZNF57,0.0023030958,0.0,1,1
ZNF571-AS1,0.00031276754,0.0,1,0
ZNF572,0.06443815,0.0,1,1
ZNF589,-0.026021173,0.0,1,2
ZNF599,-0.001157915,0.0,1,2
ZNF608,0.027721852,0.0,1,1
ZNF613,0.05381218,0.0,1,2
ZNF614,-0.0057854145,0.0,1,2
ZNF624,0.0013985567,0.0,1,1
ZNF625,-0.009732629,0.0,1,2
ZNF626,0.034636945,0.0,1,2
ZNF630,-0.00037691448,0.0,1,1
ZNF646,0.0032770943,0.0,1,1
ZNF653,0.0013398877,0.0,1,1
ZNF658,0.00028301464,0.0,1,0
ZNF667,8.1508944e-05,0.0,1,0
ZNF670,-0.011994843,0.0,1,2
ZNF674,0.016790716,0.0,1,2
ZNF683,0.05873524,0.0,1,2
ZNF687-AS1,0.00081483944,0.0,1,0
ZNF695,0.0003679086,0.0,1,0
ZNF697,0.00028382218,0.0,1,0
ZNF70,-0.0147465905,0.0,1,2
ZNF704,-0.038052704,0.0,1,1
ZNF707,-0.04397591,0.0,1,2
ZNF710-AS1,0.0013243025,0.0,1,0
ZNF726,0.0031489388,0.0,1,1
ZNF728,0.0001928408,0.0,1,0
ZNF74,0.0022474146,0.0,1,1
ZNF749,-0.008221231,0.0,1,2
ZNF761,0.0020431278,0.0,1,1
ZNF764,-4.1866053e-05,0.0,1,1
ZNF775,0.0011991854,0.0,1,1
ZNF778,-0.0004128747,0.0,1,1
ZNF781,0.0004889614,0.0,1,1
ZNF782,-0.004275475,0.0,1,1
ZNF786,0.0010868892,0.0,1,0
ZNF789,-0.010519906,0.0,1,2
ZNF790,0.02700451,0.0,1,2
ZNF790-AS1,0.0009179129,0.0,1,1
ZNF793,0.032859746,0.0,1,1
ZNF827,-0.011217114,0.0,1,1
ZNF829,-0.0005668349,0.0,1,1
ZNF837,0.0006851701,0.0,1,1
ZNF843,0.064551614,0.0,1,1
ZNF845,-0.0016287304,0.0,1,2
ZNF853,0.00024472302,0.0,1,0
ZNF862,0.002593431,0.0,1,1
ZNF878,-0.037521075,0.0,1,2
ZNF879,0.0015189882,0.0,1,1
ZNF883,0.0008559883,0.0,1,0
ZNF90,0.0042218096,0.0,1,1
ZNF98,0.0005390628,0.0,1,0
ZNF99,0.036345184,0.0,1,0
ZNRF3-AS1,0.0003241502,0.0,1,0
ZP3,0.01583714,0.0,1,2
ZSCAN16,0.0012510779,0.0,1,2
ZSCAN2,-0.012017052,0.0,1,2
ZSCAN22,0.0019281851,0.0,1,1
ZSCAN25,-0.010217194,0.0,1,1
ZSCAN9,-0.0017258339,0.0,1,1
ZSWIM1,-0.0030131477,0.0,1,1
ZSWIM9,0.015560243,0.0,1,2
SATB1-AS1,-0.010094192,-1.5082769e-05,1,3
HINFP,0.012615,-2.039317e-05,1,3
TNRC6C,-0.011583738,-2.2027642e-05,1,3
SLC27A5,-0.0036291003,-6.7174435e-05,1,3
TRBC2,-0.036860555,-7.241592e-05,1,3
MEI1,-0.040330682,-8.500181e-05,1,3
SLC38A5,-0.006291772,-0.00013434049,1,3
AL162253.2,-0.0005599062,-0.00013783574,1,3
FAM76B,0.003875042,-0.0001381915,1,3
CENPK,0.021244517,-0.000168561,1,3
EIF3CL,-0.008732452,-0.00017184485,1,3
AC106028.4,-0.021067688,-0.00018935092,1,3
NAV2,-0.0040212697,-0.00019286084,1,3
FUT8,-0.03207096,-0.00019678101,1,3
AC093827.4,-0.06283679,-0.0002173325,1,3
ZNF600,-0.003252654,-0.0002187118,1,3
DPH2,-0.049287766,-0.00022033602,1,3
LTBP4,-0.03809501,-0.00023549423,1,3
UBR7,-0.010758338,-0.00023977458,1,3
FAM149B1,-0.015938401,-0.00026447326,1,3
LCA5,-0.055136155,-0.00027155806,1,3
CLYBL,-0.035669427,-0.00027228612,1,3
STK36,0.02551628,-0.00029515848,1,3
ZNF93,-0.011423208,-0.00029786024,1,3
SDHAF4,-0.010106748,-0.00029803626,1,3
FP700111.1,0.0076500047,-0.00029816595,1,3
HIST1H2AJ,0.006731886,-0.00031452999,1,3
SLC25A22,0.02204048,-0.0003164932,1,3
FASTKD2,0.041221593,-0.00032375753,1,3
SEPHS1,-0.048523754,-0.00033439882,1,3
OIP5,-0.024704287,-0.00035978435,1,3
MAL2,0.033657048,-0.00037374534,1,3
TREML1,-0.00996475,-0.00040651485,1,3
AC245060.5,0.016524848,-0.0004065307,1,3
ATG4D,-0.03295053,-0.0004315488,1,3
RNF20,-0.0034948823,-0.0004366003,1,3
GDAP1,0.010251303,-0.0004755035,1,3
NAIF1,-0.02566301,-0.00048522,1,3
ZSCAN5A,-0.013282567,-0.00048534293,1,3
WWC2,-0.01685668,-0.00051020086,1,3
ATP6V1E2,-0.07947174,-0.0005192878,1,3
CNNM3,-0.022212192,-0.000569826,1,3
SLC25A17,0.0033292305,-0.0005971957,1,3
RBMX2,-0.016805252,-0.0006064251,1,3
FAM83H,0.032159045,-0.0006223661,1,3
GAS6-AS1,-0.0017752424,-0.0006335005,1,3
CEP44,0.0030277576,-0.00066163205,1,3
MTMR11,-0.0125310095,-0.0006745649,1,3
GZMH,-0.039035663,-0.00068456656,1,3
PUSL1,0.0048542344,-0.0006850809,1,3
GOLGA8B,0.012375493,-0.0006885901,1,3
PPIP5K1,-0.059567798,-0.00068950653,1,3
FCER1A,-0.021583261,-0.0006943394,1,3
KANTR,0.023537733,-0.00072944164,1,3
CINP,0.09403094,-0.00073011965,1,3
SVIP,-0.03215511,-0.00074728206,1,3
POLR3F,0.005914574,-0.00074896123,1,3
INHBA,-0.05253294,-0.00074942806,1,3
ST3GAL3,0.054884333,-0.00079281256,1,3
ARMH1,-0.020166442,-0.00081763277,1,3
ZNF525,-0.0329021,-0.00081848353,1,3
BTRC,-0.058563072,-0.00083658285,1,3
AC079630.1,0.012096097,-0.0008507897,1,3
ZNF552,0.0022910915,-0.0008707959,1,3
LYPD1,0.042992044,-0.0009046681,1,3
ASGR2,-0.029134942,-0.000907301,1,3
MXI1,-0.06813614,-0.0009080097,1,3
ENDOD1,-0.0069452054,-0.0009446293,1,3
CASP6,0.026042745,-0.0009547379,1,3
SLC25A32,-0.01675069,-0.00097422674,1,3
LINC01410,-0.0246057,-0.000977416,1,3
DDX11,0.01846653,-0.0009815916,1,3
AC006059.1,-0.013478515,-0.0009895992,1,3
CNFN,0.017599666,-0.0009911037,1,3
MTURN,-0.021514608,-0.0010046177,1,3
SUDS3,-0.0014646439,-0.0010065958,1,3
NIPAL2,0.023570826,-0.0010266826,1,3
CDK2,0.010762483,-0.001041091,1,3
CD300LB,-0.008553614,-0.0010546148,1,3
LINC01480,-0.012181538,-0.0010576695,1,3
CIP2A,-0.058376953,-0.0010634665,1,3
LAYN,-0.021074103,-0.0010819805,1,3
LPIN2,-0.04178199,-0.0010913163,1,3
RNF170,0.00019468305,-0.0010927729,1,3
FADS2,-0.038875643,-0.0010938756,1,3
NBEAL1,0.065813616,-0.0011071786,1,3
COG6,0.044221584,-0.0011211224,1,3
ACTR3C,-0.027400412,-0.0011370378,1,3
B4GALT1-AS1,-0.0084219845,-0.0011500925,1,3
ESCO1,0.052376162,-0.0011923648,1,3
PLK4,0.015897758,-0.001202344,1,3
ZDHHC18,-0.016990157,-0.0012349468,1,4
ACACB,-0.037600864,-0.0012499294,1,3
ASB9,-0.010110642,-0.0012608897,1,3
TANGO6,0.0226166,-0.0012738053,1,3
AC146944.4,0.011234357,-0.0012944259,1,3
ANKRD13C,0.02763985,-0.0013078339,1,3
SEC61A2,-0.036718376,-0.0013109571,1,3
CD79B,-0.015886355,-0.0013141364,1,3
PAQR4,-0.021979555,-0.0013327952,1,3
ULK1,-0.0037686937,-0.0013438798,1,3
SENP1,-0.023494033,-0.0013789032,1,3
SYNPO,-0.018769132,-0.0013864555,1,3
FAM50B,-0.035484653,-0.0013991445,1,3
TRAF4,-0.023672113,-0.0014030356,1,3
GK5,0.026914395,-0.0014237985,1,3
RHOF,-0.03553074,-0.0014366098,1,3
ZNF586,-0.062232893,-0.0014455821,1,3
MLF1,-0.021805115,-0.0014609545,1,3
MYO6,-0.032149855,-0.0014988738,1,3
DARS2,0.00075631094,-0.0015067765,1,3
NMRK1,-0.041560706,-0.0015341267,1,3
REEP6,-0.021880627,-0.0015416094,1,3
MARK4,0.027121663,-0.001554573,1,3
PDE8A,-0.005596464,-0.0015774518,1,3
COIL,-0.03864933,-0.0015855879,1,3
NFXL1,-0.021099962,-0.0015868675,1,3
TSEN2,0.00040400526,-0.0016007721,1,3
TMEM41A,-0.010218258,-0.0016055815,1,3
SKAP1,0.03300826,-0.0016207425,1,3
RBM43,0.02076038,-0.0016259775,1,3
SP4,0.039712623,-0.0016335864,1,3
FRRS1,0.002972116,-0.0016380642,1,3
STARD10,-0.016301064,-0.0016763024,1,3
SNX25,-0.082562976,-0.0016853083,1,3
CYB5D1,-0.008953008,-0.0016951971,1,3
DTX3,-0.016700396,-0.0017009256,1,3
BDH1,-0.037211027,-0.0017013927,1,3
ZNF212,-0.12846725,-0.0017030304,1,3
NUP50-DT,-0.023763394,-0.0017173188,1,3
LDHD,0.0018010162,-0.0017340714,1,3
NEK3,-0.008653748,-0.0017552301,1,3
AC092368.3,-0.0714657,-0.0017744862,1,3
TM4SF1,-0.008611766,-0.0018322708,1,3
CPLANE1,-0.08661603,-0.0018369853,1,3
FBXL20,-0.03641082,-0.0018769465,1,3
ENDOV,-0.011201595,-0.0018790625,1,3
PDE1B,-0.008819921,-0.0019054264,1,3
RANBP10,-0.050048936,-0.0019201785,1,3
MFAP3,-0.035434943,-0.0019266275,1,3
MICALL1,-0.008864074,-0.0019543953,1,3
CD8B,0.095062114,-0.0019660369,1,3
AP002748.4,0.018946515,-0.001979786,1,3
ZNF496,-0.08130332,-0.0019892976,1,3
MAGED1,-0.04936124,-0.0019961055,1,3
ZNF772,-0.02476547,-0.0019985996,1,3
CYB561,-0.023255432,-0.0020092037,1,3
WDR19,-0.03543781,-0.0020117322,1,3
NCAPD2,-0.017579585,-0.002054126,1,4
C2orf81,-0.017416397,-0.0020573772,1,3
CHD6,-0.19907816,-0.00205886,1,3
TRIP10,-0.044314113,-0.002070684,1,3
MLLT3,-0.018091926,-0.002079803,1,3
TRMT44,0.007667056,-0.0021030484,1,3
FGD6,-0.031143561,-0.0021098554,1,3
BYSL,0.0030824246,-0.002111571,1,3
CACNB4,-0.021876432,-0.0021131374,1,3
CD1D,-0.027011333,-0.002143979,1,3
EPAS1,0.0005228414,-0.0021702815,1,3
MANEA,0.026726872,-0.0021784287,1,3
STARD4,-0.012093856,-0.0022390038,1,3
SCAI,-0.056910846,-0.0022757296,1,3
CD6,-0.06283386,-0.002283195,1,3
ERLIN1,-0.02875779,-0.0022866903,1,4
ZBTB41,-0.031334024,-0.0023143291,1,3
PTER,-0.047983754,-0.0023180917,1,3
ZDHHC9,-0.009723282,-0.0023302492,1,3
STRBP,-0.008026946,-0.0023624683,1,3
AKAP8L,0.0065884404,-0.0024078935,1,3
KAT7,-0.062108446,-0.0024679005,1,3
UBASH3B,0.0100070685,-0.0024902672,1,3
APOL1,0.021744216,-0.0025042444,1,3
MRPL49,-0.014094862,-0.0025184862,1,3
JADE1,-0.017079927,-0.0025702529,1,3
SLC25A20,-0.016513385,-0.002570373,1,3
SPSB2,-0.007386137,-0.00257219,1,3
ZFP69,-0.043805987,-0.0025823405,1,3
ZNF493,0.05932671,-0.0025903322,1,3
MIR3945HG,-0.014678215,-0.0026160572,1,3
SESN2,-0.041386034,-0.002619084,1,3
SHB,-0.013791512,-0.0026248433,1,3
TFB1M,-0.00813922,-0.0026637688,1,3
RARRES1,-0.07851174,-0.0026880875,1,3
STRADB,-0.018633282,-0.0027016345,1,3
AL022328.4,-0.015396292,-0.0027018916,1,3
ARMC6,-0.044796396,-0.0027101077,1,3
IPO4,-0.04380015,-0.0027663456,1,3
RIOX1,-0.023107415,-0.0027670776,1,3
BCAR3,0.020125724,-0.0027702386,1,3
GDAP2,-0.043635678,-0.0027870275,1,3
CD226,0.014254451,-0.002824176,1,3
PDF,-0.016554704,-0.002849711,1,3
TRNT1,-0.0100268405,-0.0028611217,1,3
FOXC1,0.037212227,-0.0028666456,1,3
CD96,0.019370185,-0.0028848099,1,3
GTF3C4,0.0025043525,-0.0028910171,1,3
HYLS1,-0.029651046,-0.0028921906,1,3
AC244033.2,-0.024357498,-0.0029108606,1,3
AC008875.3,0.0068022883,-0.0029118396,1,3
UPRT,-0.0075391657,-0.0029239543,1,3
CDKN3,0.028673058,-0.0029346314,1,3
TMCO3,-0.032841224,-0.002971977,1,4
MED27,-0.046455752,-0.0029771551,1,3
PTGER2,0.0487116,-0.0029954573,1,3
IPO13,-0.027068177,-0.0030001588,1,3
CCNB2,-0.04814412,-0.0030088578,1,3
ODC1,-0.050886616,-0.0030174106,1,3
C12orf75,0.03815342,-0.0030286433,1,3
SH3RF1,-0.00800436,-0.003043905,1,3
RNASEH2A,-0.05868182,-0.0030499734,1,3
AC005280.2,0.01176053,-0.003098363,1,3
LAT,-0.038218968,-0.0031282487,1,3
NDC80,-0.040740598,-0.0031451643,1,3
PROC,-0.02410203,-0.0031707939,1,3
GNE,-0.012376807,-0.0032141414,1,3
AC099343.3,-0.046295885,-0.003232982,1,3
IL27RA,-0.06082521,-0.0032474678,1,4
URB1-AS1,0.009892359,-0.0032834709,1,4
ZNF275,0.001525946,-0.0032906597,1,3
LANCL2,-0.0600417,-0.003315568,1,3
FRS2,-0.0052036713,-0.003381716,1,3
ZNF687,0.012114768,-0.0033959504,1,4
PCNX2,0.0032697197,-0.0033971444,1,3
MOSPD3,0.016348047,-0.0034395456,1,4
SLC25A53,-0.033214357,-0.0034422195,1,3
PIGV,-0.021219479,-0.0035608783,1,3
TRIM58,-0.021076007,-0.0035923254,1,3
AC002310.1,-0.091170244,-0.0036071138,1,3
INKA1,-0.06788847,-0.0036088582,1,3
SLC33A1,-0.027272424,-0.003609093,1,3
ANKS6,-0.023988297,-0.0036530974,1,3
NDUFAF5,-0.020931438,-0.0036670566,1,3
SLC35E4,-0.0135593945,-0.0036802161,1,3
ZNF699,0.027470067,-0.003692423,1,4
TIFAB,-0.07422408,-0.0037074478,1,3
ASRGL1,0.023316676,-0.0037195338,1,3
NAALADL1,-0.01347347,-0.0037294524,1,3
ZNF77,-0.020143522,-0.0037427489,1,3
LRR1,-0.04354146,-0.0037894212,1,3
APBA3,0.015944367,-0.0037918054,1,3
TAPT1-AS1,0.042649854,-0.0038150563,1,3
LMTK3,-0.020667749,-0.0038361703,1,3
BTBD10,-0.0106149055,-0.0038531348,1,3
EHMT2,-0.008481525,-0.0038601458,1,3
PEX2,-0.05896571,-0.0038627498,1,4
ADAMTSL4-AS1,-0.010447512,-0.003870164,1,3
GCC1,-0.008399691,-0.0038735662,1,3
ZMYND19,-0.05659151,-0.0038828293,1,3
ZNF691,-0.013893232,-0.0038837716,1,3
WDR89,-0.059085146,-0.0038865972,1,3
CREB3L4,-0.010619859,-0.0039234804,1,3
TNIK,0.0018136869,-0.003934046,1,3
TBCCD1,0.003222673,-0.0039856173,1,4
ZBTB21,-0.014402051,-0.0040088315,1,3
INTS5,-0.02055288,-0.004016524,1,3
RPP25L,-0.031753305,-0.0040372387,1,3
AC147067.1,0.029942984,-0.0040495554,1,3
LINC00528,0.009828852,-0.0040511326,1,3
NDUFS1,0.011722017,-0.0040722974,1,4
GNB5,0.027158746,-0.0040810443,1,3
GABPB1-IT1,-0.03524081,-0.004089402,1,3
METTL6,-0.007708183,-0.0041050836,1,3
SEPSECS-AS1,-0.02700451,-0.004176168,1,3
CEACAM4,0.04072987,-0.004190367,1,3
TTC39B,-0.019240396,-0.0042473786,1,3
C1orf112,-0.011452612,-0.004260415,1,3
DOLK,-0.0012988305,-0.0043098386,1,3
UNG,-0.02414531,-0.0043818057,1,3
JMJD7,-0.017234972,-0.0043875724,1,3
THAP2,-0.07333397,-0.0044563413,1,3
AC106791.1,-0.08062187,-0.0045506777,1,3
INO80C,-0.006643684,-0.004550956,1,3
RCN1,-0.060754154,-0.004583083,1,4
PIGZ,-0.008820599,-0.0046121976,1,3
AC027097.2,-0.021376854,-0.0046202578,1,3
C1RL,0.0045446553,-0.004622298,1,3
PRKCE,-0.014620441,-0.0046227276,1,3
FP565260.3,-0.012638359,-0.0046456046,1,3
LIN7B,-0.0015178038,-0.004647999,1,3
C16orf95,-0.046374142,-0.004671384,1,3
PTCD2,-0.046589997,-0.0046892697,1,4
RPARP-AS1,-0.022296706,-0.0047086775,1,3
KANSL2,-0.027315078,-0.0047119595,1,3
VSIG10,-0.02035864,-0.0047318456,1,3
HINT3,-0.020092983,-0.004737079,1,3
FAM222B,-0.03454946,-0.0047655273,1,3
ST18,-0.02504125,-0.0047774278,1,3
SDHAF1,-0.008845034,-0.0047866404,1,3
CENPW,-0.02113545,-0.0048210137,1,3
NFE2L3,-0.1453422,-0.0048233382,1,3
LETMD1,-0.047938596,-0.0048294216,1,3
ZNF689,-0.044262428,-0.0048786383,1,3
MCCC1,-0.017442346,-0.0048903953,1,3
CCZ1,0.012304954,-0.0048918687,1,3
TCTEX1D2,-0.027307702,-0.0049173925,1,3
MINDY3,-0.07510597,-0.004922921,1,3
SBNO1-AS1,0.017026342,-0.0049471054,1,3
TUBG1,0.058886442,-0.0050505716,1,3
FLNB,-0.023606105,-0.005106802,1,3
P4HA2,-0.023311222,-0.0051285885,1,3
DLEU7,-0.018972738,-0.005151909,1,3
TPRN,-0.054385047,-0.0051852884,1,3
PDCD4-AS1,-0.009142778,-0.005189482,1,3
GPR18,-0.034226384,-0.0052122376,1,3
DHODH,-0.046695635,-0.005223781,1,3
HDAC11,-0.05431034,-0.005232676,1,3
CHRNA6,-0.03739431,-0.0052690925,1,3
POLR3D,-0.019017274,-0.0053676125,1,3
HSPBAP1,-0.013736525,-0.00537879,1,3
ACVR1,-0.004135898,-0.005397496,1,3
PEX16,-0.029295826,-0.0054006726,1,3
GRK6,-0.04482236,-0.005417835,1,3
DNAAF2,-0.03463861,-0.005474597,1,3
TRIM13,0.0048456434,-0.0055176076,1,3
HOPX,0.08822773,-0.005585699,1,3
ZNF335,-0.05735117,-0.005587982,1,3
AGK,-0.026261663,-0.0056304373,1,3
PEX11B,-0.00025245795,-0.0056835636,1,3
ZC3H12C,-0.07090024,-0.005685456,1,3
CCDC126,0.05993331,-0.0057280445,1,4
CTU1,0.013123743,-0.005730778,1,3
LAMA5,-0.08350554,-0.0057600266,1,3
TRIM4,0.02314642,-0.0058006234,1,3
AVPI1,-0.015117711,-0.0058147907,1,3
LSS,0.002861678,-0.0058779623,1,3
ASCC1,-0.003239192,-0.005902052,1,3
MRM3,0.0055337436,-0.0059281867,1,3
RAPGEFL1,-0.033576135,-0.0059338356,1,3
FYCO1,0.03476243,-0.0059455037,1,4
LINC00909,-0.034208585,-0.005976497,1,3
TBC1D10A,-0.025381574,-0.006013658,1,3
METTL15,-0.04768324,-0.006056726,1,3
PIGB,-0.0038454207,-0.00608511,1,3
LY9,-0.04381974,-0.0061293235,1,3
PPP1R3E,0.018540375,-0.006150035,1,3
DLG4,-0.035666462,-0.006188186,1,3
ACAD9,-0.054080863,-0.006189022,1,4
LRRC6,-0.010008722,-0.0062208544,1,3
C5orf51,-0.05125859,-0.0062309504,1,3
HMGB3,-0.0150526315,-0.006259827,1,4
ITGB7,-0.044240657,-0.0062730336,1,3
USP37,-0.04740678,-0.0062826145,1,4
CXCR3,-0.0119261,-0.0063836575,1,3
AC093512.2,-0.016976243,-0.00638532,1,4
HS3ST3B1,-0.017829396,-0.0064244214,1,3
HHLA3,-0.029863477,-0.0064517744,1,4
BLOC1S3,0.04235741,-0.006456321,1,4
UBR5-AS1,0.014018889,-0.0064577274,1,3
CTDP1,-0.01823371,-0.0065264516,1,3
PLPP6,-0.063789,-0.006546573,1,3
LRWD1,-0.016694935,-0.0065586125,1,3
THRA,-0.05338873,-0.006563686,1,3
CCSER2,0.04036613,-0.006580781,1,3
ZNF484,-0.017928908,-0.0065966547,1,3
NUDT16L1,-0.049492996,-0.00659718,1,3
CAT,-0.09151396,-0.006609313,1,4
CCDC24,-0.023430973,-0.0066795815,1,3
PKP2,-0.04126778,-0.0066795815,1,3
SMC5-AS1,-0.05189463,-0.0066795815,1,3
SMIM1,-0.010472469,-0.0066795815,1,3
LINC01409,-0.025244461,-0.0066886386,1,3
PMM2,-0.032421008,-0.0066899387,1,3
CDKN1B,0.006294264,-0.00669007,1,3
VBP1,-0.036039222,-0.006693583,1,4
TRIM11,-0.026906766,-0.006700048,1,3
AC099518.1,-0.0622088,-0.006706632,1,3
TAF1B,0.008971133,-0.006734276,1,3
TTYH2,-0.072716385,-0.006763231,1,3
CHORDC1,0.04599325,-0.0068093985,1,3
SDE2,-0.019783827,-0.006853642,1,3
SLC25A51,-0.047621917,-0.0068967547,1,3
MYCL,-0.014626931,-0.006944279,1,3
ZNF302,-0.076921344,-0.006976094,1,4
ZC3H8,-0.055019006,-0.0070323087,1,3
NPHP4,0.017320937,-0.0070843,1,4
SFRP2,0.012272291,-0.0070970403,1,4
NOM1,-0.002005135,-0.0071137287,1,3
CXorf38,-0.008023687,-0.007131003,1,5
PCCA,-0.023741873,-0.007225843,1,3
NSMCE2,-0.03817154,-0.0072395504,1,3
KLF13,0.034783293,-0.0073197912,1,3
ZFP90,-0.0107603595,-0.007332444,1,3
DDO,-0.009650805,-0.0074149063,1,3
SNHG9,-0.104762115,-0.0074172486,1,3
MANBAL,-0.051302392,-0.007455986,1,3
ALPK1,-0.006480634,-0.0075130686,1,5
ZNF567,-0.00019517541,-0.007601589,1,4
DXO,0.006942203,-0.007615015,1,4
SLC2A6,-0.0035799418,-0.007619269,1,4
PSMG1,0.020508824,-0.0076505356,1,3
OVCA2,-0.0026114166,-0.007661242,1,4
SURF2,-0.046098143,-0.007684,1,3
ATF2,0.05732814,-0.0077162758,1,4
TNFAIP8L1,-0.07264979,-0.00788377,1,4
LINC01637,0.03495125,-0.007900737,1,4
SIK1,-0.001481019,-0.007924609,1,3
SINHCAF,-0.029659877,-0.007964492,1,4
POLR3B,-0.025037473,-0.007978855,1,4
SLC7A1,-0.0011411583,-0.008020753,1,4
PMAIP1,-0.015297235,-0.008037593,1,4
EEF2KMT,-0.0058597834,-0.008042778,1,3
PPM1N,-0.040847566,-0.008094424,1,3
CRTC3,0.0013768077,-0.008168897,1,4
CTTN,-0.03495689,-0.008172466,1,4
ALKBH4,-0.0139242085,-0.008184712,1,3
CSKMT,-0.047437266,-0.008306736,1,3
CRTAM,-0.025600737,-0.008339508,1,3
TJAP1,-0.039440975,-0.0085796015,1,4
NAA16,-0.041417103,-0.008613445,1,3
ZNF512,-0.022435924,-0.00862794,1,4
HSD17B8,-0.045525268,-0.008685155,1,3
AZIN2,-0.029705351,-0.008687126,1,3
NNT-AS1,0.020314103,-0.00872599,1,3
SIRT3,-0.02893885,-0.00874611,1,3
NPIPA1,-0.004634215,-0.008773284,1,3
PRKCZ,0.039518032,-0.008798342,1,3
MARCH5,-0.028798886,-0.008821655,1,3
NHEJ1,0.052628446,-0.008901786,1,3
JAML,-0.10589946,-0.008917768,1,3
AC092809.2,-0.023755282,-0.008922388,1,3
FOXO1,0.0005999866,-0.008975351,1,3
PRR3,-0.033559237,-0.008979459,1,3
CTSW,-0.07796964,-0.00900758,1,3
LINC00937,-0.050426316,-0.009052828,1,3
POLH,0.05383722,-0.009061189,1,3
NFKBIB,-0.0068313056,-0.00911212,1,4
CASP9,-0.027270868,-0.009113716,1,3
SPINT1-AS1,-0.059478533,-0.0091901105,1,3
SIRT5,-0.0230408,-0.009264585,1,3
ELOA,-0.020615166,-0.009337425,1,3
EEF1AKMT2,0.088646136,-0.009374518,1,4
STAT4,-0.12100426,-0.00940359,1,4
RARS2,0.06141143,-0.009504698,1,4
PLSCR3,-0.019512972,-0.00950722,1,4
SPATA7,-0.028511638,-0.009549316,1,4
AC006504.5,-0.030814236,-0.009598542,1,3
HIST1H2BK,-0.015092618,-0.009651747,1,3
WDR48,-0.025168682,-0.009695299,1,4
ZWINT,-0.019324679,-0.009715703,1,3
FBXL4,-0.015777767,-0.009722333,1,3
ANKRD49,0.00076018955,-0.009741843,1,3
HIRIP3,-0.030439539,-0.009752868,1,3
GAR1,0.028149089,-0.009758469,1,4
NAAA,-0.08200437,-0.009799156,1,3
PHYH,-0.04198219,-0.009905996,1,4
EIPR1,-0.075349085,-0.00992338,1,4
MICB,-0.011185451,-0.009953949,1,4
ZNF503,-0.054145634,-0.009957958,1,3
SPR,-0.039766993,-0.009964814,1,3
TNFRSF10C,-0.025394678,-0.009998346,1,3
GADD45A,0.05744197,-0.010008611,1,3
TMEM161A,-0.065668456,-0.010010447,1,3
DNAAF5,-0.024950227,-0.0100506805,1,4
CD36,-0.035828117,-0.010135228,1,3
ZNF17,-0.10520644,-0.010245036,1,3
RNF25,-0.049600303,-0.010257756,1,3
MYPOP,-0.02899752,-0.010349274,1,3
ETV7,0.005009784,-0.010379039,1,3
TMEM154,-0.023541039,-0.010379236,1,4
TIPARP,-0.073373966,-0.010402873,1,3
GIMAP2,0.019832363,-0.010415502,1,4
FIP1L1,0.07274894,-0.01044872,1,4
CCDC69,-0.045870364,-0.010712018,1,4
LINC00476,0.037311394,-0.01073667,1,4
ANKS1A,-0.02039186,-0.01076155,1,3
DUSP28,-0.035521854,-0.010774046,1,3
NOTCH2NLA,-0.05042383,-0.010781505,1,3
SUPT3H,-0.02483952,-0.010829095,1,3
FYN,-0.05820776,-0.010874834,1,4
LZTFL1,-0.028868118,-0.01092463,1,4
MATK,-0.023153601,-0.010957463,1,4
AC108134.2,0.01800312,-0.011050713,1,3
SERINC5,-0.06830784,-0.011148814,1,3
AC245297.3,-0.03300821,-0.011161294,1,4
HDAC8,-0.0046061524,-0.011192527,1,5
WDR18,-0.03290245,-0.011205513,1,4
SLC25A35,-0.014936511,-0.011245559,1,3
SMAD5,-0.029187968,-0.011311557,1,4
FXR2,-0.055453677,-0.011363268,1,4
VAMP4,-0.037190817,-0.011418119,1,4
ALG5,-0.015395661,-0.011457482,1,4
DUSP16,-0.02490463,-0.011487117,1,3
MFSD5,-0.027067786,-0.011586592,1,3
CHST2,-0.040802546,-0.011599122,1,3
DIABLO,-0.01475067,-0.01168251,1,4
LCK,-0.021095442,-0.011717591,1,4
CETN3,-0.024520732,-0.011836404,1,3
PCCA-DT,-0.025914604,-0.012014329,1,3
CLDN15,-0.07519102,-0.012054276,1,3
MRNIP,-0.043990713,-0.012062293,1,3
FTCDNL1,0.029709438,-0.012099046,1,3
YARS2,-0.0069477074,-0.012175427,1,4
TEX2,-0.0012487372,-0.012305558,1,4
HSPBP1,-0.00022983365,-0.012312448,1,3
NLRP12,-0.052868795,-0.012334096,1,3
ACSL5,-0.008013797,-0.012380058,1,4
MMP2-AS1,0.015321205,-0.012463726,1,3
SRP14-AS1,-0.031693526,-0.012782248,1,3
MYO9A,-0.06295191,-0.012784548,1,4
CTDSPL2,-0.014669012,-0.012822881,1,3
FBXO28,-0.013895574,-0.012848863,1,3
EGLN3,-0.06837677,-0.012987537,1,4
ZSCAN16-AS1,-0.00060852367,-0.013115577,1,3
MIR34AHG,-0.07237864,-0.013203263,1,3
ZNF597,-0.03534941,-0.01325828,1,3
ENTPD5,0.012118161,-0.013271386,1,4
HIVEP1,0.037568495,-0.013332501,1,4
RPE,-0.030693777,-0.013405763,1,4
CAMLG,-0.036007624,-0.013424747,1,4
CD247,-0.054362252,-0.013475139,1,4
PARP3,-0.022825228,-0.013573231,1,4
MFSD2A,-0.026428744,-0.013584193,1,4
GNL3L,-0.025679022,-0.013593115,1,3
RCC1L,-0.06550396,-0.0136408545,1,4
CD8A,-0.059637655,-0.013893349,1,3
DNLZ,-0.027630737,-0.013909675,1,3
SLC22A15,-0.052159518,-0.013932866,1,3
ZNF182,-0.06506607,-0.013982499,1,3
CKAP4,-0.004608964,-0.014008377,1,4
PELO,-0.0240411,-0.014054144,1,4
TRAPPC2B,-0.038703796,-0.014064033,1,4
PHLDA2,-0.009243484,-0.014418546,1,4
ACOT7,-0.046010073,-0.014455385,1,3
GALNS,-0.022645032,-0.014497777,1,3
RNF113A,-0.043533772,-0.014513586,1,3
MRPL46,-0.023002774,-0.014583964,1,3
CCRL2,-0.009473355,-0.014690477,1,3
PTPN22,-0.00535884,-0.014854901,1,5
ZNF841,-0.042938787,-0.014912268,1,3
RPP38,-0.03762596,-0.01504264,1,4
NCBP2AS2,-0.06919616,-0.015077822,1,3
C1orf50,-0.07757618,-0.015101913,1,4
SGSH,-0.03691971,-0.015137259,1,4
HLX,-0.08904574,-0.015162833,1,3
STAT5B,-0.03064037,-0.015281189,1,4
SBF2-AS1,-0.014015739,-0.015305866,1,3
TRBC1,-0.054781605,-0.015353273,1,4
ABHD16A,-0.024157932,-0.015385725,1,4
GPATCH3,-0.04220763,-0.015387617,1,4
ZNF566,-0.018547585,-0.015403737,1,4
NIPSNAP1,0.037937663,-0.015666546,1,4
LINC00847,-0.038994346,-0.015697217,1,3
FEN1,-0.00657332,-0.015784265,1,4
GON7,-0.082587086,-0.015837763,1,4
KIF1BP,-0.010392164,-0.015854755,1,3
FMC1,0.03067518,-0.01585821,1,3
AC022706.1,-0.05380668,-0.016019594,1,3
PCYOX1,-0.03738228,-0.016064396,1,3
PCNT,-0.030392995,-0.016150108,1,4
B3GALT6,-0.018225225,-0.016215548,1,3
BIK,-0.038706515,-0.016215548,1,3
LPAR1,-0.026294978,-0.016215548,1,3
MPV17L2,-0.025464417,-0.016215548,1,3
NDUFAF1,-0.03123741,-0.016215548,1,3
PPARGC1B,-0.021862328,-0.016215548,1,3
TRAK2,-0.02937015,-0.016215548,1,3
TXNDC16,-0.018657222,-0.016215548,1,3
GNB1L,-0.035559624,-0.016287178,1,4
NAB2,-0.04810367,-0.016419986,1,4
JUP,0.009048694,-0.016557507,1,4
TMEM156,0.005106602,-0.016559713,1,4
MIRLET7BHG,-0.07873175,-0.016659524,1,3
DTWD1,-0.045864146,-0.016732693,1,3
PPM1D,0.01133797,-0.016738586,1,3
TCHP,-0.008790809,-0.016899474,1,4
SLC41A2,-0.029265644,-0.016914986,1,4
STBD1,-0.05562523,-0.017171577,1,3
C5orf34,0.028786121,-0.017198322,1,4
DOK2,-0.008818179,-0.017247405,1,4
CEP85L,0.02629585,-0.017327629,1,4
NOS1AP,-0.05523242,-0.017379647,1,3
SNAPC1,0.0044606407,-0.017398158,1,4
AC087854.1,-0.0616086,-0.01754176,1,3
DSN1,-0.045894366,-0.01756105,1,4
AC090114.2,-0.028602252,-0.017613012,1,3
TMEM218,-0.059904154,-0.017629124,1,4
ZBTB38,-0.07126996,-0.017705765,1,5
ARHGAP24,-0.042744923,-0.017797202,1,4
SFXN4,-0.024218127,-0.017809235,1,4
SELENOM,-0.10947364,-0.017822012,1,4
R3HCC1L,-0.04467009,-0.017859213,1,4
PIGX,-0.020128302,-0.018030448,1,4
MINDY2,-0.06206889,-0.01804011,1,4
CPSF4,-0.040114004,-0.018135726,1,4
CXCL3,-0.0037506733,-0.018143013,1,3
ANKEF1,-0.041371178,-0.018153057,1,4
RTP4,-0.015940446,-0.018204674,1,3
AIM2,0.007648714,-0.018325023,1,3
CALCOCO1,0.053864032,-0.018493854,1,4
GMPR,-0.020717045,-0.018545277,1,3
THUMPD2,-0.039370097,-0.018588852,1,3
THAP8,-0.032070845,-0.018674236,1,4
HIST1H2BC,-0.0016258346,-0.01871435,1,4
PIGC,-0.05939425,-0.018870048,1,4
TLR10,0.03385918,-0.019031001,1,4
SYVN1,-0.049067512,-0.019125618,1,5
NINJ2,-0.0273381,-0.019143358,1,4
WRAP73,-0.05373928,-0.019292269,1,5
MYCBP,-0.028172234,-0.019315325,1,4
SDAD1,-0.10307073,-0.019334253,1,4
WDR59,-0.07723975,-0.019382674,1,4
TAF9,-0.030829402,-0.019424392,1,4
MEPCE,-0.08003168,-0.019461367,1,4
UTP23,-0.023905583,-0.01946553,1,4
CRELD1,-0.065433405,-0.019507255,1,4
TNFAIP8L3,-0.023262188,-0.01967972,1,4
ATAD2,-0.026531404,-0.01978582,1,4
KBTBD4,-0.023018628,-0.019813862,1,4
PRIM2,-0.030197024,-0.019866887,1,4
TLK1,-0.030298114,-0.019955203,1,4
RAB38,-0.0247674,-0.020030767,1,3
FRAT2,-0.034268107,-0.020109303,1,3
PACC1,-0.032821935,-0.020269567,1,4
MRPS30,-0.024730017,-0.020406794,1,3
TAOK2,0.0017550538,-0.020466171,1,4
RUVBL2,-0.021225184,-0.020560134,1,4
ALDH7A1,0.001434397,-0.020631615,1,4
SIN3B,-0.0024647426,-0.020707652,1,4
MRPL2,-0.05606084,-0.020725468,1,4
ELP4,-0.02810661,-0.020744083,1,5
POLR1C,-0.038041193,-0.020750016,1,4
ACCS,-0.068119496,-0.020769011,1,3
MPI,-0.029076958,-0.020830648,1,4
TFAM,0.009296499,-0.020842522,1,4
MCRS1,-0.07141029,-0.020941079,1,4
CCR5AS,0.00923315,-0.020999532,1,4
KHNYN,-0.076837055,-0.02102349,1,5
SSBP4,-0.14549355,-0.02102495,1,5
PNPT1,-0.03846303,-0.021170065,1,4
NKAPD1,0.033520166,-0.021215294,1,4
GTPBP2,-0.09141537,-0.021264426,1,4
INAFM1,0.0068802186,-0.021305338,1,5
PDE6G,0.067996934,-0.021377211,1,4
HEG1,-0.05327509,-0.021434786,1,3
YBX3,-0.05197565,-0.021525264,1,4
GPX7,-0.0032718133,-0.021533586,1,4
RIDA,-0.03488401,-0.02153573,1,5
CNOT11,-0.041374866,-0.02156418,1,4
GABARAPL1,-0.07847394,-0.021623954,1,4
GABPB2,-0.044326738,-0.021641215,1,3
VRK1,-0.059775602,-0.021670137,1,4
UTP3,-0.052995127,-0.021711227,1,4
POGLUT1,-0.028186215,-0.021781288,1,3
NUDT15,-0.003683703,-0.021785354,1,4
HAT1,-0.06722461,-0.021833967,1,4
TRMT10B,-0.02371513,-0.02192426,1,4
DNTTIP1,-0.045755878,-0.021960244,1,4
SERPINF2,-0.038600225,-0.021975577,1,4
IMPA1,-0.09284094,-0.02209584,1,4
PCNX1,-0.024644563,-0.022103999,1,4
COPS6,0.059682727,-0.022387728,1,4
LSM14A,-0.06297361,-0.022634491,1,4
PLOD2,-0.0037997377,-0.022685312,1,4
ACOT13,-0.032885622,-0.02274198,1,4
CD2,-0.060683977,-0.022842508,1,4
MAP2K5,-0.026773805,-0.02295668,1,4
ZNF672,-0.015662894,-0.022995338,1,4
TMEM19,-0.0033925015,-0.023020413,1,4
TMEM150B,-0.03048175,-0.023119502,1,3
TBC1D7,-0.02124024,-0.023430094,1,4
H1F0,-0.023615217,-0.023445502,1,4
CKS2,-0.099196106,-0.023569094,1,4
EHD1,-0.0891164,-0.023579404,1,4
HIGD1A,-0.054957945,-0.02362939,1,4
USP1,-0.026167559,-0.023707904,1,4
ST7,-0.05150929,-0.023728186,1,3
AP5M1,-0.019785976,-0.023752715,1,4
ITM2C,-0.044314772,-0.02384528,1,4
DDX23,-0.034971636,-0.024022903,1,4
HVCN1,-0.070279606,-0.024032071,1,5
KRT8,-0.021345655,-0.024300199,1,4
BIRC2,0.025014421,-0.024413487,1,5
LARS2,-0.070205726,-0.024427054,1,4
COG7,-0.05831276,-0.024428392,1,4
DHRS9,0.015369241,-0.024559768,1,4
DAPP1,0.03711156,-0.024665944,1,4
PLCG1,-0.028795017,-0.024666714,1,3
MTMR4,-0.047600325,-0.024733327,1,4
CENPQ,0.0069366344,-0.025124893,1,4
NOP58,-0.021778302,-0.025248148,1,4
KCNE3,0.012275645,-0.025257234,1,4
BCAP29,0.009384385,-0.025535017,1,4
CCL18,-0.035857085,-0.025629748,1,3
TMEM115,-0.075999536,-0.025714837,1,4
GABPB1,-0.0064330474,-0.025815455,1,4
AC005332.1,-0.028836206,-0.026014056,1,3
SH2B1,-0.021795342,-0.026170041,1,4
TYMSOS,-0.0443715,-0.026248723,1,4
YDJC,-0.028499693,-0.026382308,1,4
OXCT1,-0.0660889,-0.026460584,1,4
HMBS,-0.034015335,-0.026495239,1,4
SIGMAR1,0.040334653,-0.026594423,1,5
ABL1,-0.034844495,-0.02664829,1,3
AC016831.5,-0.06573811,-0.026734356,1,4
CCDC167,-0.065481655,-0.026769856,1,4
ARRDC1,0.04488318,-0.026781425,1,4
MGAT2,0.0012061695,-0.02681033,1,4
HPCAL1,0.043688655,-0.026876442,1,5
SNHG10,-0.10094192,-0.026935052,1,4
CBLB,-0.053664025,-0.026946757,1,4
P3H1,-0.14407343,-0.027016187,1,4
NSUN3,-0.046069194,-0.027295295,1,4
BTN3A1,-0.038133938,-0.027360994,1,4
TOR2A,-0.051682513,-0.02764585,1,4
VHL,-0.06533203,-0.0276751,1,4
HIST1H4J,-0.065484725,-0.027724171,1,4
CLDND1,-0.09694224,-0.027906217,1,4
RGS12,0.021508066,-0.028131321,1,5
DCUN1D5,0.0008920903,-0.028146975,1,4
EML4,0.037853375,-0.028502539,1,5
LACC1,-0.054009844,-0.02851047,1,4
HMGCL,-0.057413395,-0.028721865,1,4
ARHGEF18,-0.034644306,-0.028865386,1,3
IGBP1,-0.08007636,-0.029042758,1,5
SLC25A10,-0.034518328,-0.029084543,1,3
FLAD1,0.00417459,-0.029167358,1,5
AL391832.3,-0.041121792,-0.029345933,1,4
DCAF13,-0.061000127,-0.029360555,1,4
EIF1AD,-0.02679567,-0.02937223,1,4
KIAA0355,-0.036493346,-0.029498361,1,3
DPCD,-0.043028142,-0.029671332,1,4
MKRN1,-0.09446599,-0.029679753,1,4
B3GAT3,-0.0013090894,-0.029684415,1,4
HDAC1,-0.04472297,-0.029692419,1,4
C11orf80,-0.04356681,-0.02971372,1,3
RAD51AP1,0.0053341486,-0.029742153,1,4
NSMCE4A,0.045640737,-0.0297658,1,4
ACD,-0.03496624,-0.029893016,1,4
MAP3K2-DT,-0.0032650537,-0.029944772,1,4
SUMF1,-0.03617477,-0.030201692,1,4
SCAMP4,0.01592922,-0.030312203,1,4
MORN2,-0.14303912,-0.030558204,1,4
DGKE,-0.04432371,-0.030571891,1,4
RNF34,-0.04317071,-0.030915342,1,4
ALYREF,-0.010845597,-0.031018136,1,4
COQ5,-0.015933296,-0.031208022,1,5
SESTD1,-0.06726482,-0.031216573,1,3
SNHG7,-0.009179455,-0.03126439,1,4
SLC39A3,-0.040749345,-0.0313031,1,5
SLAMF7,-0.059076548,-0.031446062,1,3
ZMYM1,-0.048755348,-0.031860992,1,4
TSEN54,-0.06264505,-0.032034017,1,3
KIAA0513,-0.016082602,-0.03210686,1,4
NGRN,-0.035469156,-0.032158017,1,5
MYBBP1A,-0.051056843,-0.032235984,1,4
ORAI3,-0.037276417,-0.032263912,1,5
RDH11,-0.06395831,-0.032303654,1,4
SLC2A9,-0.055532444,-0.03236048,1,4
AUP1,-0.09037437,-0.032581434,1,5
CDK14,-0.028858982,-0.03277221,1,5
HEIH,-0.02136117,-0.032860845,1,5
ANKRD28,-0.049220603,-0.032961883,1,4
HIF1A-AS3,-0.048424795,-0.033127528,1,4
WDR55,-0.10341241,-0.033223674,1,4
C17orf49,-0.15614942,-0.03322856,1,5
RAMAC,-0.033969864,-0.033300042,1,4
PTCH2,-0.027608132,-0.033302292,1,4
TIMM29,-0.032917857,-0.033323586,1,4
FAM210A,0.013243536,-0.033373855,1,4
TMED1,-0.080318205,-0.03351571,1,4
CERS4,-0.008510868,-0.034080103,1,5
RBKS,-0.063742645,-0.03447032,1,4
ZNF7,-0.050437793,-0.034632206,1,3
C1GALT1C1,0.0016538277,-0.034827277,1,4
PPIF,0.0012117922,-0.03494189,1,5
MAP3K13,-0.12660132,-0.0349529,1,4
TVP23B,-0.016816374,-0.03496928,1,4
ANKRA2,-0.049253512,-0.03498092,1,4
CEP57,0.07555979,-0.035015576,1,4
GPR137,-0.04750962,-0.03503394,1,4
ZNF592,-0.09763158,-0.03507139,1,5
SAR1B,-0.09328691,-0.035110407,1,5
DTYMK,-0.06954579,-0.03517575,1,4
PEX13,-0.01781193,-0.03525774,1,4
MIR181A1HG,-0.09068751,-0.035307504,1,4
ZCCHC7,-0.08057385,-0.035319187,1,4
AC233723.1,-0.004904926,-0.035424806,1,4
GID8,-0.1636057,-0.035629332,1,4
COX15,-0.048506197,-0.035688587,1,5
SPN,-0.08690098,-0.035756808,1,4
C14orf28,-0.060142715,-0.03595481,1,4
ITGAE,-0.068044476,-0.035978246,1,4
HSPA9,-0.006139832,-0.036322944,1,5
PRPF38A,-0.04926637,-0.036354348,1,4
LINS1,-0.039489843,-0.0363933,1,4
MDK,-0.02518613,-0.036398146,1,5
RP9,-0.043228853,-0.0364276,1,4
PANK4,-0.06687362,-0.036673553,1,4
SNRNP27,-0.042654157,-0.03674332,1,5
AF213884.3,-0.039454956,-0.036804553,1,4
RAD51C,-0.04031013,-0.036992364,1,4
TACO1,-0.04385035,-0.037264276,1,4
EXT1,-0.108862855,-0.037326545,1,4
RAB24,-0.015183206,-0.037403457,1,4
PRELID2,-0.05551966,-0.037602887,1,4
DCP1B,-0.03316768,-0.037900396,1,4
CCDC34,-0.0961011,-0.03855332,1,4
DLEU2,-0.058431435,-0.039038107,1,4
USP4,-0.013156265,-0.039338604,1,5
SUCLG2,-0.057726514,-0.03935657,1,4
TMEM131L,-0.12884125,-0.03938143,1,4
LRRC41,-0.04286753,-0.039391913,1,4
ZC3H3,-0.09892136,-0.039430648,1,4
TIMM23,-0.054591585,-0.039525058,1,4
LRRC40,-0.05610572,-0.039704572,1,4
RARS,-0.008128713,-0.03973651,1,4
TAF7,-0.01866155,-0.039793663,1,5
NEU3,0.0034682527,-0.039831325,1,5
NOMO1,-0.12219098,-0.040344447,1,4
ANGEL2,0.0033209324,-0.04035185,1,5
SNN,0.06040306,-0.040360976,1,4
PGM3,-0.039069597,-0.040383574,1,4
SNCA,-0.10684129,-0.04061401,1,4
NFATC1,-0.06446142,-0.0406305,1,5
METTL7B,-0.060312133,-0.040667824,1,4
TFDP2,-0.061168168,-0.040690064,1,4
ATP2B1-AS1,-0.04372846,-0.04088352,1,4
C5orf24,-0.054856118,-0.041016705,1,4
SF3A2,-0.08033193,-0.04107681,1,5
TSR2,-0.055114895,-0.041115552,1,4
EXOSC5,-0.090505145,-0.04121807,1,4
SMIM29,0.022700766,-0.041239113,1,5
VIM,-0.24397075,-0.04128146,1,5
THOC3,-0.03111506,-0.041394006,1,4
ISCA2,-0.13014393,-0.04152187,1,3
EPC2,-0.045201365,-0.041554786,1,4
HYI,-0.049555928,-0.041579906,1,4
RIOK3,-0.10969754,-0.04165639,1,4
TIFA,-0.14681031,-0.041673567,1,5
SAMD9,-0.088341355,-0.041711405,1,5
IDI1,0.017406175,-0.04173652,1,4
RBM18,-0.050208796,-0.041788902,1,5
C16orf91,-0.020853473,-0.041928113,1,4
GSTM1,-0.030258046,-0.04195933,1,3
IBTK,0.0011237115,-0.041980386,1,5
SEC13,-0.066227295,-0.042401418,1,4
N4BP2L1,-0.0238522,-0.042581692,1,4
TMEM220,-0.066951744,-0.042597625,1,4
UPF3A,-0.14080924,-0.04303449,1,4
MACROD1,-0.040912632,-0.043138187,1,4
BARD1,-0.09343054,-0.04326714,1,4
TAPBPL,-0.055273425,-0.043557726,1,5
ASXL1,-0.08614394,-0.04363686,1,4
PDPK1,-0.033724967,-0.043663014,1,4
SPAG7,-0.07035097,-0.04375483,1,4
SKA2,-0.07352563,-0.043757677,1,5
NOC4L,-0.046967674,-0.043816663,1,3
CDCA7L,-0.03685458,-0.04415033,1,5
FAS,0.0010868944,-0.044243842,1,4
UCHL3,-0.022772588,-0.044385843,1,5
TICAM1,-0.071923375,-0.04447291,1,4
FOXN2,-0.043635517,-0.044605277,1,5
LRRFIP2,-0.018753175,-0.044699904,1,4
DUSP10,-0.09685782,-0.045070678,1,5
ZNF561,-0.021405302,-0.04524966,1,5
CMTM7,-0.049715202,-0.045297407,1,4
VTI1A,-0.038411323,-0.045425456,1,4
SLC44A2,-0.0063857003,-0.045693193,1,4
IP6K1,-0.0155756725,-0.045800645,1,4
GFPT1,-0.03660575,-0.04589126,1,5
ZFYVE19,-0.071837015,-0.04589758,1,4
LY75,-0.14397071,-0.04611145,1,4
IMPA2,-0.034854814,-0.04611198,1,5
VIM-AS1,-0.110811174,-0.046151668,1,4
AKTIP,-0.039907992,-0.046244457,1,4
ZBED5-AS1,-0.09303372,-0.046342418,1,4
RNF5,-0.065508656,-0.046672538,1,5
MATR3-1,0.008897501,-0.04672291,1,4
RAP1B,0.061767653,-0.047035366,1,5
MKS1,-0.06394327,-0.04705705,1,5
TMEM9,-0.081321575,-0.04720928,1,4
SDHAF2,-0.027508834,-0.047228217,1,5
CCDC22,0.016629547,-0.047369026,1,5
RNF6,-0.045963973,-0.04743917,1,4
ZNF518A,-0.08920198,-0.047469243,1,4
NSL1,-0.104906045,-0.047612444,1,4
PDE4DIP,0.008787247,-0.04762028,1,4
PPIL4,-0.07187253,-0.047754202,1,4
ITGB1BP1,-0.044587404,-0.047763795,1,4
ZCCHC10,-0.04292521,-0.047990546,1,4
PRXL2B,-0.09656164,-0.048004456,1,5
ZC3H14,-0.03496323,-0.048090328,1,5
UXS1,-0.0650327,-0.048134636,1,4
PKD2L1,-0.06455244,-0.04815557,1,5
TRIM33,-0.110965185,-0.04865448,1,5
YJU2,-0.072407685,-0.049173124,1,4
SNX15,-0.06286719,-0.049180888,1,4
ATG101,-0.07622006,-0.049344674,1,5
PPP4R1,-0.10190907,-0.04937833,1,5
ELP6,-0.05305239,-0.04956723,1,4
SPATA13,-0.089319296,-0.049956314,1,5
PSMD12,-0.07278573,-0.05000101,1,5
ZNF267,-0.083718754,-0.050480057,1,5
AIFM2,-0.062936746,-0.050661813,1,5
INPP4A,-0.06741424,-0.05082409,1,4
CLMN,-0.07948238,-0.050904557,1,4
AAMDC,-0.049810644,-0.051073037,1,4
MTFP1,-0.07965579,-0.051383197,1,4
ZNF432,-0.07073306,-0.051693156,1,4
SSB,-0.0937464,-0.051827937,1,4
SARNP,-0.08587744,-0.052017376,1,4
CST7,-0.040935393,-0.052349612,1,4
CEBPZOS,-0.13370408,-0.05237787,1,4
CDC42SE2,-0.055285204,-0.052682064,1,5
RANBP3,-0.0868681,-0.05280953,1,5
FURIN,-0.063704945,-0.052824326,1,4
OSER1,-0.07259461,-0.053002864,1,5
RRAGA,-0.04630019,-0.05301436,1,5
PDIA3,-0.05874837,-0.053425133,1,5
KLF11,-0.058549788,-0.0535401,1,4
LDLRAD3,-0.0390187,-0.05359384,1,5
ZFPL1,-0.10990385,-0.053949587,1,5
FBP1,-0.11058455,-0.05417209,1,4
CCDC159,-0.06760671,-0.054266818,1,5
CDK11A,0.022573056,-0.05454117,1,5
DIS3,-0.118433334,-0.054569162,1,5
ARHGAP31,-0.061576042,-0.055084735,1,5
LSM8,-0.09043211,-0.055142134,1,5
RBP1,-0.02618467,-0.055162027,1,4
RAVER1,-0.05337824,-0.055389974,1,4
AP3S1,-0.11321477,-0.05621355,1,5
IL32,-0.019411027,-0.056462534,1,5
DYRK4,-0.047583506,-0.056996264,1,5
DNAAF1,-0.072884716,-0.05715936,1,4
PPARG,-0.056564886,-0.057171486,1,5
GNPAT,-0.04832022,-0.057332806,1,5
DESI1,-0.06394378,-0.057660274,1,5
PATL2,-0.09287786,-0.057814833,1,4
RHNO1,-0.055941686,-0.058313113,1,4
PPWD1,-0.016979529,-0.058407478,1,5
SCIMP,-0.07106928,-0.058697566,1,5
TRIM69,-0.04027951,-0.059082657,1,4
TRG-AS1,-0.07504324,-0.05935934,1,4
OAZ2,-0.0008876771,-0.059564576,1,5
PGLS,-0.038826365,-0.05975239,1,5
EMP2,-0.083971016,-0.05995643,1,4
SH3BP5,-0.0632232,-0.06018846,1,4
ARHGAP10,-0.07620961,-0.060219474,1,5
WDR60,-0.07778544,-0.060592666,1,5
GPANK1,-0.08661877,-0.06065243,1,5
STARD5,-0.053905938,-0.060711518,1,4
GALE,-0.073786505,-0.060792,1,5
CUL9,-0.09481055,-0.06110132,1,4
ZNF844,-0.05528021,-0.06115543,1,4
CKAP2,-0.04935819,-0.061313555,1,4
UCK2,-0.0069818445,-0.061382115,1,5
ATP2B4,-0.0714896,-0.06148836,1,4
UBE3A,-0.05426942,-0.061553888,1,5
PAX8,-0.078537524,-0.061666608,1,4
DONSON,-0.083351634,-0.06197577,1,4
CPM,-0.15136984,-0.06224996,1,5
PGP,-0.028780939,-0.06234774,1,5
BAIAP2,-0.04912536,-0.062419236,1,5
ACTR1A,-0.02002033,-0.062433925,1,5
MGST2,-0.07713636,-0.06277966,1,5
ZNF217,-0.0993692,-0.0637628,1,4
ZNF76,-0.07875139,-0.06387638,1,4
UIMC1,-0.08177042,-0.06388348,1,4
FABP4,-0.077958025,-0.06400239,1,4
KIF22,-0.13157666,-0.06407958,1,4
CXCL2,-0.08049369,-0.0643047,1,4
PCMT1,-0.15153717,-0.064442,1,5
PTAFR,-0.06716104,-0.064479575,1,5
CBWD2,0.024338134,-0.0646469,1,4
KANSL1-AS1,-0.011262109,-0.06466321,1,5
KDM5B,-0.06672991,-0.064814545,1,4
PTRH2,-0.1298468,-0.06524511,1,5
OTUD5,-0.040336683,-0.06557299,1,5
STARD3NL,0.0042749993,-0.06569666,1,5
SERTAD3,-0.12183384,-0.06580104,1,4
PPP1R11,-0.120843165,-0.06581878,1,4
FAM89B,-0.09301299,-0.066030785,1,5
PYURF,-0.09991002,-0.06626053,1,5
TBC1D2,-0.05289692,-0.06641903,1,4
LAMTOR3,-0.120669514,-0.06643199,1,5
C12orf76,-0.07393494,-0.06644294,1,4
AC087741.1,-0.10282264,-0.06672718,1,4
AK6,-0.098694496,-0.06683506,1,4
STRN,-0.06305033,-0.06745653,1,5
VRK2,-0.10138247,-0.067737535,1,4
TANGO2,-0.04343,-0.068030566,1,5
SMIM12,-0.11018098,-0.06832749,1,5
MRPL22,-0.081030704,-0.06836487,1,5
TMEM173,-0.07889914,-0.06872102,1,4
ZDHHC12,-0.11667208,-0.06874945,1,5
DPEP2,-0.09845084,-0.06964783,1,4
CYP27A1,0.044555247,-0.06976404,1,5
SECISBP2,-0.11872369,-0.069936514,1,5
SAYSD1,-0.035224166,-0.070529476,1,5
KTN1,-0.0690127,-0.07107821,1,5
AC244090.1,-0.07948095,-0.07154044,1,5
RGCC,-0.08999554,-0.07168466,1,5
CCT2,-0.13237083,-0.07168742,1,4
NIBAN1,-0.034428578,-0.07246293,1,5
NUDT14,-0.12338791,-0.07271224,1,5
GPAT3,-0.07537804,-0.072736084,1,5
LSM1,-0.053675916,-0.073063806,1,5
DHRS4L2,-0.07292583,-0.073200226,1,5
MCRIP1,-0.05870548,-0.074011706,1,5
ZMYM2,-0.09566211,-0.074278064,1,5
SAR1A,-0.041056335,-0.07452169,1,5
DDRGK1,-0.067127086,-0.074885435,1,5
G3BP2,-0.093810745,-0.07502633,1,5
FARP1,-0.11383321,-0.075906545,1,5
LRP10,-0.16284104,-0.0760954,1,5
CHST12,-0.097394705,-0.07728591,1,5
RBIS,-0.041911352,-0.07739918,1,5
ZFYVE21,-0.0444645,-0.07778605,1,5
ISG20,-0.11378604,-0.07826858,1,5
CCDC58,-0.08251028,-0.078465626,1,5
DLGAP1-AS1,-0.039190102,-0.07861793,1,5
PABPC4,-0.1071504,-0.079567805,1,5
ATG2B,-0.09973011,-0.079670034,1,5
NDFIP1,-0.061659902,-0.07997854,1,5
FADD,-0.09208145,-0.08062274,1,5
PTPRCAP,-0.18503076,-0.08102284,1,4
ZMYM4,-0.14147194,-0.08120237,1,5
CMPK1,-0.1029132,-0.08183394,1,5
WBP1,-0.08496275,-0.08196459,1,5
IL2RG,-0.011564136,-0.0820002,1,5
TOR3A,-0.099052824,-0.083705574,1,5
SCCPDH,-0.09539374,-0.08371104,1,5
AC096667.1,-0.10799607,-0.084175915,1,4
C1QBP,-0.1617402,-0.084421165,1,5
GET3,-0.14713795,-0.08452505,1,5
VAPA,-0.02681572,-0.085202545,1,4
RNF7,-0.122715615,-0.08520353,1,5
LILRB3,-0.09179369,-0.08534028,1,5
CCS,-0.10529188,-0.08644639,1,5
MGLL,-0.041802574,-0.087514624,1,5
SCAMP3,-0.06315074,-0.08772683,1,5
ANKRD37,-0.023430273,-0.08796029,1,5
CDK16,-0.07175545,-0.08803235,1,5
C1D,-0.08474225,-0.08812417,1,4
ADIPOR2,-0.15987082,-0.08841893,1,5
SERPINB8,-0.09707132,-0.088539705,1,4
IER3IP1,-0.11616784,-0.08867347,1,5
RNF13,-0.11370892,-0.08971104,1,5
TMEM243,-0.18541825,-0.089835525,1,5
RHEB,-0.16243176,-0.08985225,1,5
SHMT2,-0.12758717,-0.09106435,1,5
PIN4,-0.1514102,-0.091151714,1,5
FAM91A1,-0.102000415,-0.09123367,1,5
SUCLG1,-0.15065692,-0.09168442,1,5
CCDC92,-0.07198227,-0.09242487,1,5
S100A8,-0.19830269,-0.09303695,1,5
PHB,-0.10116574,-0.0930726,1,5
TXNDC9,-0.115843,-0.09323735,1,5
THUMPD3-AS1,-0.093946785,-0.09337115,1,4
TNFAIP8,-0.2039575,-0.093971424,1,5
ABHD5,-0.08408207,-0.094798565,1,4
NECTIN2,-0.1199584,-0.094807215,1,5
PPP5C,-0.099722765,-0.0949008,1,5
ENOSF1,-0.09738755,-0.09589654,1,5
PPM1B,-0.11248693,-0.09651534,1,5
CD58,-0.1451231,-0.09916431,1,5
SLC30A5,-0.08197687,-0.09934299,1,5
NUTM2A-AS1,-0.20676893,-0.099453494,1,5
HMGN2,0.0812139,-0.09949568,1,5
PHYKPL,-0.12559813,-0.10070888,1,5
CSTB,-0.017464438,-0.10206252,1,5
NIPSNAP2,-0.16387211,-0.103337206,1,5
ALKBH7,-0.11426968,-0.10437258,1,5
BX284668.5,-0.12400714,-0.10613559,1,5
COPS2,-0.13134582,-0.10744615,1,5
TMEM60,-0.12988883,-0.108749144,1,5
IL4I1,-0.11505736,-0.10911472,1,5
BORCS5,-0.13210653,-0.10960003,1,4
MRPS7,-0.08918958,-0.10976675,1,5
SMCO4,-0.074284196,-0.109968424,1,5
EMC7,-0.071198195,-0.112607054,1,5
STK17A,-0.11324688,-0.11638136,1,4
PLA2G7,-0.081489794,-0.1164292,1,5
MIS18BP1,-0.23173702,-0.11784577,1,5
CDK12,-0.11907216,-0.12036857,1,5
EPSTI1,-0.043049473,-0.12114385,1,5
DAD1,-0.1450064,-0.12150589,1,5
LPL,-0.10553243,-0.12432396,1,5
STK4,-0.204356,-0.12529348,1,5
EMC4,-0.15179092,-0.12531051,1,5
MED10,-0.0908167,-0.12628189,1,4
EMG1,-0.12909727,-0.12662555,1,4
SHTN1,-0.11772215,-0.12725538,1,4
ARFIP2,-0.11192209,-0.1273335,1,5
LCMT1,-0.19067635,-0.12769541,1,5
TMEM205,-0.14233331,-0.12909348,1,5
MPC2,-0.09201417,-0.1307509,1,5
HPS1,-0.17970736,-0.13216874,1,5
FAM162A,-0.21143089,-0.13347375,1,5
TXNL1,-0.15163994,-0.13494876,1,5
PIM3,-0.15379886,-0.13523072,1,5
CUL4A,-0.14448233,-0.13593747,1,5
UQCRC1,-0.24201338,-0.1388734,1,5
CCNH,-0.19779581,-0.14014304,1,5
SS18L2,-0.18321641,-0.1423041,1,5
CYTIP,-0.16481277,-0.14388962,1,5
ATF7IP2,-0.15702891,-0.14472623,1,5
TNFRSF14,-0.27452993,-0.14624774,1,5
DBI,-0.16278474,-0.15154687,1,5
SIVA1,-0.20713516,-0.15327767,1,5
RNH1,-0.12513803,-0.15338483,1,5
GRINA,-0.029173136,-0.1541,1,5
EFCAB14,-0.11124719,-0.15704076,1,5
ASAH1,0.1354296,-0.15873462,1,5
TM6SF1,-0.16371514,-0.15908238,1,5
DBNDD2,-0.11549731,-0.16029623,1,5
ABRACL,-0.12836109,-0.16356046,1,5
BHLHE41,-0.061577525,-0.16367191,1,5
RER1,-0.21539545,-0.16384472,1,5
FPGS,-0.19200905,-0.16413812,1,5
RAB20,-0.17363046,-0.16419153,1,5
ACP5,-0.13839796,-0.16524997,1,4
RBBP6,-0.20318215,-0.16759004,1,5
IFI30,0.1396048,-0.16796088,1,5
YPEL5,-0.23070395,-0.17097242,1,5
OLR1,-0.09650933,-0.17298062,1,5
SLC19A2,-0.16447031,-0.17705673,1,4
TNFAIP3,-0.26363477,-0.17778705,1,5
NFKBIA,-0.18902619,-0.1793325,1,5
SDS,-0.24010478,-0.18283404,1,5
TXNIP,-0.24658318,-0.18624079,1,5
ELOC,-0.17042147,-0.18667074,1,5
SF3B6,-0.23256314,-0.18785942,1,5
TMEM18,-0.20984925,-0.18967563,1,5
PDE4B,-0.2246449,-0.19017425,1,5
RBM23,-0.219576,-0.1910612,1,5
PRKAR1A,-0.22176303,-0.19350588,1,5
SEC11A,-0.24925542,-0.19377677,1,4
IFITM1,-0.28869852,-0.20367554,1,5
MRPL55,-0.2701861,-0.20806673,1,5
CD9,-0.22513525,-0.20821962,1,5
PKN2,-0.23924553,-0.21162654,1,4
RPS27L,-0.1936932,-0.21528536,1,5
HLA-DRA,-0.16367233,-0.23661232,1,5
FTH1,-0.3031262,-0.2422018,1,5
RTRAF,-0.31490213,-0.25046152,1,5
LITAF,-0.21415722,-0.2567127,1,5
NOP53,-0.30481628,-0.266627,1,5
BABAM1,-0.2416612,-0.27142325,1,5
ZFP36L2,-0.39747012,-0.27845544,1,5
ATF3,-0.1366391,-0.27937263,1,5
CD52,-0.27535924,-0.28141177,1,5
POLR2F,-0.20813341,-0.28163534,1,5
MT2A,-0.20351668,-0.28960305,1,5
HNRNPDL,-0.31624615,-0.30887797,1,5
ZFAND5,-0.3481795,-0.36533287,1,5
LYZ,-0.23487955,-0.3679527,1,5
ATP6V1G1,-0.2685346,-0.3814826,1,5
HLA-DQA1,-0.4970118,-0.42163804,1,5
A1CF,0.0,0.0,0,0
A2ML1-AS1,0.0,0.0,0,0
A2ML1-AS2,0.0,0.0,0,0
A3GALT2,0.0,0.0,0,0
A4GALT,-0.010328875,0.0,0,2
AADAC,0.0,0.0,0,0
AADACL2,0.0,0.0,0,0
AADACL2-AS1,0.0,0.0,0,0
AADACL3,0.0,0.0,0,0
AADACL4,0.0,0.0,0,0
AADAT,0.0,0.0,0,0
AANAT,0.0,0.0,0,0
AARD,-0.00022152688,0.0,0,1
AASS,-6.9478854e-05,0.0,0,1
ABCA10,-0.00047421455,0.0,0,1
ABCA12,0.0,0.0,0,0
ABCA13,0.0,0.0,0,0
ABCA4,0.0,0.0,0,0
ABCA8,0.0,0.0,0,0
ABCA9,-0.00017546478,0.0,0,1
ABCA9-AS1,0.0,0.0,0,0
ABCB1,-0.00027207073,0.0,0,1
ABCB11,0.0,0.0,0,0
ABCB5,0.0,0.0,0,0
ABCC11,0.0,0.0,0,0
ABCC12,0.0,0.0,0,0
ABCC2,-0.00024819543,0.0,0,1
ABCC5-AS1,0.0,0.0,0,0
ABCC8,0.0,0.0,0,0
ABCD2,-0.002226527,0.0,0,1
ABCG2,-0.00915685,0.0,0,2
ABCG4,0.0,0.0,0,0
ABCG5,0.0,0.0,0,0
ABCG8,0.0,0.0,0,0
ABHD15-AS1,0.0,0.0,0,0
ABHD16B,0.0,0.0,0,0
ABI3BP,-0.02420944,0.0,0,2
ABLIM1,-0.0042994027,0.0,0,2
ABLIM2,-0.00904702,0.0,0,2
ABO,-0.0041465363,0.0,0,2
ABRA,0.0,0.0,0,0
AC000032.1,-0.00070725224,0.0,0,1
AC000036.1,0.0,0.0,0,0
AC000050.1,0.0,0.0,0,0
AC000058.1,0.0,0.0,0,0
AC000061.1,0.0,0.0,0,0
AC000065.1,0.0,0.0,0,0
AC000065.2,0.0,0.0,0,0
AC000067.1,0.0,0.0,0,0
AC000068.1,0.0,0.0,0,0
AC000068.2,0.0,0.0,0,0
AC000068.3,0.0,0.0,0,0
AC000072.1,0.0,0.0,0,0
AC000082.1,0.0,0.0,0,0
AC000085.1,0.0,0.0,0,0
AC000099.1,0.0,0.0,0,0
AC000113.1,0.0,0.0,0,0
AC000123.1,0.0,0.0,0,0
AC000124.1,0.0,0.0,0,0
AC000372.1,0.0,0.0,0,0
AC000403.1,-0.0050858166,0.0,0,2
AC001226.1,0.0,0.0,0,0
AC002056.2,0.0,0.0,0,0
AC002057.1,0.0,0.0,0,0
AC002057.2,0.0,0.0,0,0
AC002064.1,0.0,0.0,0,0
AC002064.2,0.0,0.0,0,0
AC002066.1,0.0,0.0,0,0
AC002069.2,0.0,0.0,0,0
AC002072.1,0.0,0.0,0,0
AC002074.2,0.0,0.0,0,0
AC002091.2,-0.00013386978,0.0,0,1
AC002094.4,0.0,0.0,0,0
AC002101.1,0.0,0.0,0,0
AC002128.1,0.0,0.0,0,0
AC002128.2,0.0,0.0,0,0
AC002306.1,0.0,0.0,0,0
AC002310.2,0.0,0.0,0,0
AC002331.1,0.0,0.0,0,0
AC002347.2,0.0,0.0,0,0
AC002351.1,0.0,0.0,0,0
AC002368.1,0.0,0.0,0,0
AC002375.1,0.0,0.0,0,0
AC002377.1,0.0,0.0,0,0
AC002378.1,0.0,0.0,0,0
AC002383.1,0.0,0.0,0,0
AC002386.1,0.0,0.0,0,0
AC002398.1,0.0,0.0,0,0
AC002401.1,0.0,0.0,0,0
AC002401.2,0.0,0.0,0,0
AC002401.3,0.0,0.0,0,0
AC002401.4,0.0,0.0,0,0
AC002407.1,0.0,0.0,0,0
AC002428.1,0.0,0.0,0,0
AC002428.2,0.0,0.0,0,0
AC002429.2,0.0,0.0,0,0
AC002454.1,0.0,0.0,0,0
AC002458.1,0.0,0.0,0,0
AC002460.1,0.0,0.0,0,0
AC002460.2,0.0,0.0,0,0
AC002463.1,0.0,0.0,0,0
AC002464.1,0.0,0.0,0,0
AC002465.1,0.0,0.0,0,0
AC002465.2,0.0,0.0,0,0
AC002472.1,0.0,0.0,0,0
AC002480.1,0.0,0.0,0,0
AC002480.2,0.0,0.0,0,0
AC002511.1,0.0,0.0,0,0
AC002511.2,0.0,0.0,0,0
AC002519.1,0.0,0.0,0,0
AC002529.1,0.0,0.0,0,0
AC002542.6,0.0,0.0,0,0
AC002546.1,0.0,0.0,0,0
AC002550.1,-0.00019014686,0.0,0,1
AC002550.2,-0.000119039585,0.0,0,1
AC002551.1,0.0,0.0,0,0
AC002558.2,0.0,0.0,0,0
AC002563.1,0.0,0.0,0,0
AC003001.1,0.0,0.0,0,0
AC003005.2,0.0,0.0,0,0
AC003009.1,0.0,0.0,0,0
AC003035.1,0.0,0.0,0,0
AC003035.2,0.0,0.0,0,0
AC003043.1,0.0,0.0,0,0
AC003043.2,0.0,0.0,0,0
AC003044.1,0.0,0.0,0,0
AC003070.1,0.0,0.0,0,0
AC003070.2,0.0,0.0,0,0
AC003077.1,-0.00013763354,0.0,0,1
AC003084.1,0.0,0.0,0,0
AC003086.1,-7.4821306e-05,0.0,0,1
AC003087.1,0.0,0.0,0,0
AC003092.1,0.0,0.0,0,0
AC003092.2,0.0,0.0,0,0
AC003098.1,-0.00010685574,0.0,0,1
AC003101.1,0.0,0.0,0,0
AC003102.1,-0.00035353875,0.0,0,1
AC003659.1,0.0,0.0,0,0
AC003666.1,0.0,0.0,0,0
AC003681.1,-0.00022892964,0.0,0,1
AC003682.1,0.0,0.0,0,0
AC003684.1,0.0,0.0,0,0
AC003685.1,0.0,0.0,0,0
AC003687.1,0.0,0.0,0,0
AC003688.2,0.0,0.0,0,0
AC003950.1,0.0,0.0,0,0
AC003956.1,0.0,0.0,0,0
AC003958.2,0.0,0.0,0,0
AC003965.1,-0.0009473893,0.0,0,1
AC003965.2,0.0,0.0,0,0
AC003973.1,0.0,0.0,0,0
AC003975.1,0.0,0.0,0,0
AC003982.1,0.0,0.0,0,0
AC003984.1,0.0,0.0,0,0
AC003985.1,0.0,0.0,0,0
AC003986.1,0.0,0.0,0,0
AC003986.2,0.0,0.0,0,0
AC003986.3,0.0,0.0,0,0
AC003988.1,0.0,0.0,0,0
AC003991.1,-0.0001850273,0.0,0,1
AC003991.2,0.0,0.0,0,0
AC003992.1,0.0,0.0,0,0
AC004009.1,0.0,0.0,0,0
AC004012.1,0.0,0.0,0,0
AC004014.1,0.0,0.0,0,0
AC004023.1,0.0,0.0,0,0
AC004034.1,0.0,0.0,0,0
AC004039.1,0.0,0.0,0,0
AC004047.1,0.0,0.0,0,0
AC004052.1,0.0,0.0,0,0
AC004053.1,0.0,0.0,0,0
AC004054.1,0.0,0.0,0,0
AC004063.1,0.0,0.0,0,0
AC004066.2,0.0,0.0,0,0
AC004080.1,0.0,0.0,0,0
AC004080.17,0.0,0.0,0,0
AC004080.2,0.0,0.0,0,0
AC004080.4,0.0,0.0,0,0
AC004083.1,0.0,0.0,0,0
AC004112.1,0.0,0.0,0,0
AC004129.3,0.0,0.0,0,0
AC004147.1,0.0,0.0,0,0
AC004147.2,0.0,0.0,0,0
AC004147.3,0.0,0.0,0,0
AC004147.5,0.0,0.0,0,0
AC004148.1,-0.0003770274,0.0,0,1
AC004156.1,-0.00011197088,0.0,0,1
AC004158.1,0.0,0.0,0,0
AC004160.1,0.0,0.0,0,0
AC004160.2,0.0,0.0,0,0
AC004217.1,0.0,0.0,0,0
AC004221.1,0.0,0.0,0,0
AC004223.2,0.0,0.0,0,0
AC004223.4,0.0,0.0,0,0
AC004231.1,-0.00012751624,0.0,0,1
AC004231.3,0.0,0.0,0,0
AC004232.1,0.0,0.0,0,0
AC004233.1,-0.009904574,0.0,0,1
AC004233.3,0.0,0.0,0,0
AC004241.2,-0.00014627218,0.0,0,1
AC004241.3,-0.0002460724,0.0,0,1
AC004241.4,-0.00013172455,0.0,0,1
AC004253.1,-0.00052279356,0.0,0,1
AC004253.2,0.0,0.0,0,0
AC004257.1,0.0,0.0,0,0
AC004263.1,0.0,0.0,0,0
AC004263.2,0.0,0.0,0,0
AC004264.1,0.0,0.0,0,0
AC004381.1,0.0,0.0,0,0
AC004408.1,0.0,0.0,0,0
AC004415.1,0.0,0.0,0,0
AC004448.1,0.0,0.0,0,0
AC004448.2,0.0,0.0,0,0
AC004448.3,0.0,0.0,0,0
AC004448.5,0.0,0.0,0,0
AC004449.1,0.0,0.0,0,0
AC004461.2,0.0,0.0,0,0
AC004464.1,0.0,0.0,0,0
AC004466.2,0.0,0.0,0,0
AC004466.3,0.0,0.0,0,0
AC004470.1,0.0,0.0,0,0
AC004471.2,0.0,0.0,0,0
AC004477.1,-4.2549655e-05,0.0,0,1
AC004477.2,0.0,0.0,0,0
AC004477.3,0.0,0.0,0,0
AC004485.1,0.0,0.0,0,0
AC004490.1,0.0,0.0,0,0
AC004492.1,-0.0001858525,0.0,0,1
AC004522.3,0.0,0.0,0,0
AC004522.4,0.0,0.0,0,0
AC004522.5,-0.00011026324,0.0,0,1
AC004528.1,0.0,0.0,0,0
AC004528.2,0.0,0.0,0,0
AC004540.2,-0.04754715,0.0,0,2
AC004542.1,0.0,0.0,0,0
AC004542.2,0.0,0.0,0,0
AC004543.1,0.0,0.0,0,0
AC004549.1,0.0,0.0,0,0
AC004551.1,0.0,0.0,0,0
AC004554.2,0.0,0.0,0,0
AC004584.1,0.0,0.0,0,0
AC004585.1,-0.00022685232,0.0,0,1
AC004590.1,0.0,0.0,0,0
AC004593.1,0.0,0.0,0,0
AC004593.3,-0.00019830141,0.0,0,1
AC004594.1,0.0,0.0,0,0
AC004596.1,0.0,0.0,0,0
AC004597.1,0.0,0.0,0,0
AC004637.1,0.0,0.0,0,0
AC004672.1,0.0,0.0,0,0
AC004672.2,0.0,0.0,0,0
AC004674.1,0.0,0.0,0,0
AC004687.3,0.0,0.0,0,0
AC004690.2,0.0,0.0,0,0
AC004691.1,0.0,0.0,0,0
AC004692.2,0.0,0.0,0,0
AC004702.1,0.0,0.0,0,0
AC004704.1,0.0,0.0,0,0
AC004706.1,0.0,0.0,0,0
AC004706.3,-0.00020675693,0.0,0,1
AC004707.1,0.0,0.0,0,0
AC004765.1,0.0,0.0,0,0
AC004771.2,0.0,0.0,0,0
AC004771.4,0.0,0.0,0,0
AC004775.1,0.0,0.0,0,0
AC004784.1,0.0,0.0,0,0
AC004797.1,-2.0297457e-05,0.0,0,1
AC004801.3,0.0,0.0,0,0
AC004801.4,0.0,0.0,0,0
AC004801.5,0.0,0.0,0,0
AC004801.6,-0.0004551781,0.0,0,1
AC004816.1,-1.8574918e-05,0.0,0,1
AC004816.2,0.0,0.0,0,0
AC004817.1,0.0,0.0,0,0
AC004817.2,0.0,0.0,0,0
AC004817.4,0.0,0.0,0,0
AC004825.2,0.0,0.0,0,0
AC004825.3,0.0,0.0,0,0
AC004828.1,0.0,0.0,0,0
AC004828.2,0.0,0.0,0,0
AC004830.2,0.0,0.0,0,0
AC004832.1,0.0,0.0,0,0
AC004832.4,0.0,0.0,0,0
AC004832.5,0.0,0.0,0,0
AC004835.1,0.0,0.0,0,0
AC004837.2,0.0,0.0,0,0
AC004837.3,0.0,0.0,0,0
AC004839.2,-0.00017620827,0.0,0,1
AC004852.2,0.0,0.0,0,0
AC004862.1,0.0,0.0,0,0
AC004863.1,0.0,0.0,0,0
AC004869.1,0.0,0.0,0,0
AC004869.2,0.0,0.0,0,0
AC004870.2,-0.00011866767,0.0,0,1
AC004870.3,0.0,0.0,0,0
AC004870.4,0.0,0.0,0,0
AC004875.1,0.0,0.0,0,0
AC004879.1,0.0,0.0,0,0
AC004882.1,0.0,0.0,0,0
AC004882.2,0.0,0.0,0,0
AC004882.3,0.0,0.0,0,0
AC004884.2,0.0,0.0,0,0
AC004888.1,0.0,0.0,0,0
AC004893.3,-0.0002651204,0.0,0,1
AC004900.1,0.0,0.0,0,0
AC004906.1,-0.00041639092,0.0,0,1
AC004908.1,0.0,0.0,0,0
AC004908.3,0.0,0.0,0,0
AC004917.1,0.0,0.0,0,0
AC004920.1,0.0,0.0,0,0
AC004921.2,0.0,0.0,0,0
AC004923.4,0.0,0.0,0,0
AC004930.1,0.0,0.0,0,0
AC004936.1,0.0,0.0,0,0
AC004938.2,-0.00033330778,0.0,0,1
AC004941.1,0.0,0.0,0,0
AC004943.1,0.0,0.0,0,0
AC004943.3,0.0,0.0,0,0
AC004944.1,0.0,0.0,0,0
AC004946.1,0.0,0.0,0,0
AC004946.2,0.0,0.0,0,0
AC004947.1,0.0,0.0,0,0
AC004948.1,-0.0004393808,0.0,0,1
AC004949.1,0.0,0.0,0,0
AC004969.1,0.0,0.0,0,0
AC004973.1,0.0,0.0,0,0
AC004974.1,-0.0032730913,0.0,0,2
AC004975.2,0.0,0.0,0,0
AC004988.1,-0.052871317,0.0,0,2
AC004990.1,0.0,0.0,0,0
AC004994.1,0.0,0.0,0,0
AC005005.4,0.0,0.0,0,0
AC005006.1,0.0,0.0,0,0
AC005008.2,0.0,0.0,0,0
AC005009.1,0.0,0.0,0,0
AC005009.2,0.0,0.0,0,0
AC005013.1,0.0,0.0,0,0
AC005014.2,0.0,0.0,0,0
AC005014.3,0.0,0.0,0,0
AC005014.4,0.0,0.0,0,0
AC005019.2,0.0,0.0,0,0
AC005021.1,-0.00016838203,0.0,0,1
AC005034.2,0.0,0.0,0,0
AC005034.3,0.0,0.0,0,0
AC005034.4,0.0,0.0,0,0
AC005034.5,0.0,0.0,0,0
AC005034.6,0.0,0.0,0,0
AC005040.2,0.0,0.0,0,0
AC005041.3,0.0,0.0,0,0
AC005042.2,0.0,0.0,0,0
AC005050.2,0.0,0.0,0,0
AC005062.1,-0.002476437,0.0,0,2
AC005064.1,0.0,0.0,0,0
AC005071.1,0.0,0.0,0,0
AC005076.1,-0.01019816,0.0,0,2
AC005082.2,0.0,0.0,0,0
AC005086.2,0.0,0.0,0,0
AC005089.1,0.0,0.0,0,0
AC005090.1,0.0,0.0,0,0
AC005091.1,0.0,0.0,0,0
AC005096.1,0.0,0.0,0,0
AC005100.1,0.0,0.0,0,0
AC005100.2,0.0,0.0,0,0
AC005104.1,0.0,0.0,0,0
AC005104.3,0.0,0.0,0,0
AC005144.1,0.0,0.0,0,0
AC005153.1,0.0,0.0,0,0
AC005154.3,-0.00016187348,0.0,0,1
AC005154.4,0.0,0.0,0,0
AC005160.1,0.0,0.0,0,0
AC005162.1,0.0,0.0,0,0
AC005162.2,0.0,0.0,0,0
AC005162.3,0.0,0.0,0,0
AC005165.1,0.0,0.0,0,0
AC005165.3,0.0,0.0,0,0
AC005180.1,-0.000108666485,0.0,0,1
AC005180.2,0.0,0.0,0,0
AC005197.1,0.0,0.0,0,0
AC005208.1,0.0,0.0,0,0
AC005209.1,0.0,0.0,0,0
AC005224.1,-0.000112427,0.0,0,1
AC005225.1,0.0,0.0,0,0
AC005225.3,0.0,0.0,0,0
AC005229.4,-0.0009528312,0.0,0,1
AC005229.5,0.0,0.0,0,0
AC005232.1,0.0,0.0,0,0
AC005234.1,0.0,0.0,0,0
AC005234.2,0.0,0.0,0,0
AC005237.1,0.0,0.0,0,0
AC005244.2,0.0,0.0,0,0
AC005252.4,0.0,0.0,0,0
AC005253.2,0.0,0.0,0,0
AC005256.1,0.0,0.0,0,0
AC005258.2,0.0,0.0,0,0
AC005261.2,-0.000103454746,0.0,0,1
AC005261.3,0.0,0.0,0,0
AC005262.2,0.0,0.0,0,0
AC005277.1,0.0,0.0,0,0
AC005277.2,0.0,0.0,0,0
AC005280.1,-0.00012624565,0.0,0,1
AC005281.1,0.0,0.0,0,0
AC005291.1,0.0,0.0,0,0
AC005291.2,0.0,0.0,0,0
AC005293.1,0.0,0.0,0,0
AC005301.2,0.0,0.0,0,0
AC005303.1,0.0,0.0,0,0
AC005304.1,0.0,0.0,0,0
AC005304.2,0.0,0.0,0,0
AC005304.3,0.0,0.0,0,0
AC005307.1,0.0,0.0,0,0
AC005323.1,0.0,0.0,0,0
AC005323.2,0.0,0.0,0,0
AC005324.1,0.0,0.0,0,0
AC005324.2,0.0,0.0,0,0
AC005324.5,0.0,0.0,0,0
AC005329.1,-2.8362303e-05,0.0,0,1
AC005329.2,0.0,0.0,0,0
AC005329.3,0.0,0.0,0,0
AC005330.1,0.0,0.0,0,0
AC005332.2,0.0,0.0,0,0
AC005332.7,0.0,0.0,0,0
AC005339.1,0.0,0.0,0,0
AC005342.1,-0.0002653576,0.0,0,1
AC005343.1,0.0,0.0,0,0
AC005343.4,0.0,0.0,0,0
AC005344.1,0.0,0.0,0,0
AC005355.1,0.0,0.0,0,0
AC005358.1,0.0,0.0,0,0
AC005358.2,0.0,0.0,0,0
AC005379.1,0.0,0.0,0,0
AC005381.1,0.0,0.0,0,0
AC005383.1,0.0,0.0,0,0
AC005387.1,0.0,0.0,0,0
AC005387.2,0.0,0.0,0,0
AC005392.1,0.0,0.0,0,0
AC005392.2,0.0,0.0,0,0
AC005392.3,0.0,0.0,0,0
AC005393.1,0.0,0.0,0,0
AC005394.1,0.0,0.0,0,0
AC005400.1,-0.00013590974,0.0,0,1
AC005414.1,0.0,0.0,0,0
AC005476.2,-8.58693e-06,0.0,0,1
AC005481.1,0.0,0.0,0,0
AC005482.1,0.0,0.0,0,0
AC005486.1,0.0,0.0,0,0
AC005487.1,0.0,0.0,0,0
AC005495.2,0.0,0.0,0,0
AC005498.1,0.0,0.0,0,0
AC005498.3,-0.00044281592,0.0,0,1
AC005518.1,0.0,0.0,0,0
AC005519.1,-0.012728958,0.0,0,2
AC005522.1,0.0,0.0,0,0
AC005523.1,-0.00848624,0.0,0,2
AC005523.2,-3.245077e-05,0.0,0,1
AC005529.1,0.0,0.0,0,0
AC005534.1,0.0,0.0,0,0
AC005538.1,0.0,0.0,0,0
AC005538.3,0.0,0.0,0,0
AC005540.1,0.0,0.0,0,0
AC005544.1,0.0,0.0,0,0
AC005544.2,0.0,0.0,0,0
AC005546.1,0.0,0.0,0,0
AC005548.1,0.0,0.0,0,0
AC005549.1,0.0,0.0,0,0
AC005550.1,0.0,0.0,0,0
AC005550.2,0.0,0.0,0,0
AC005551.1,0.0,0.0,0,0
AC005552.1,0.0,0.0,0,0
AC005580.1,0.0,0.0,0,0
AC005586.1,0.0,0.0,0,0
AC005586.2,0.0,0.0,0,0
AC005592.1,0.0,0.0,0,0
AC005592.2,0.0,0.0,0,0
AC005594.1,0.0,0.0,0,0
AC005597.1,0.0,0.0,0,0
AC005599.1,0.0,0.0,0,0
AC005606.1,0.0,0.0,0,0
AC005606.2,0.0,0.0,0,0
AC005609.1,0.0,0.0,0,0
AC005609.2,0.0,0.0,0,0
AC005609.3,0.0,0.0,0,0
AC005609.4,0.0,0.0,0,0
AC005609.5,-7.813281e-05,0.0,0,1
AC005616.1,0.0,0.0,0,0
AC005618.2,0.0,0.0,0,0
AC005618.3,0.0,0.0,0,0
AC005618.4,-0.00023891324,0.0,0,1
AC005625.1,0.0,0.0,0,0
AC005632.5,0.0,0.0,0,0
AC005632.6,0.0,0.0,0,0
AC005670.1,0.0,0.0,0,0
AC005674.1,-0.004970077,0.0,0,1
AC005674.2,-0.00060947274,0.0,0,1
AC005682.2,0.0,0.0,0,0
AC005692.1,0.0,0.0,0,0
AC005692.2,0.0,0.0,0,0
AC005692.3,0.0,0.0,0,0
AC005695.1,0.0,0.0,0,0
AC005695.2,0.0,0.0,0,0
AC005695.3,-0.00016180251,0.0,0,1
AC005696.1,-0.0005965261,0.0,0,1
AC005696.2,0.0,0.0,0,0
AC005696.3,-0.0001931796,0.0,0,1
AC005696.4,0.0,0.0,0,0
AC005697.2,0.0,0.0,0,0
AC005697.3,0.0,0.0,0,0
AC005699.1,0.0,0.0,0,0
AC005702.5,0.0,0.0,0,0
AC005703.1,0.0,0.0,0,0
AC005703.2,0.0,0.0,0,0
AC005703.3,0.0,0.0,0,0
AC005703.4,0.0,0.0,0,0
AC005703.7,0.0,0.0,0,0
AC005722.3,0.0,0.0,0,0
AC005722.4,0.0,0.0,0,0
AC005725.1,0.0,0.0,0,0
AC005726.2,0.0,0.0,0,0
AC005726.4,0.0,0.0,0,0
AC005726.5,0.0,0.0,0,0
AC005730.2,-0.00016869332,0.0,0,1
AC005730.3,-0.0069230036,0.0,0,1
AC005736.1,0.0,0.0,0,0
AC005736.2,0.0,0.0,0,0
AC005740.3,0.0,0.0,0,0
AC005740.5,0.0,0.0,0,0
AC005746.1,0.0,0.0,0,0
AC005746.2,0.0,0.0,0,0
AC005746.3,0.0,0.0,0,0
AC005753.1,0.0,0.0,0,0
AC005753.2,0.0,0.0,0,0
AC005753.3,0.0,0.0,0,0
AC005757.1,0.0,0.0,0,0
AC005772.1,0.0,0.0,0,0
AC005772.2,0.0,0.0,0,0
AC005774.2,0.0,0.0,0,0
AC005775.1,-0.00024690645,0.0,0,1
AC005776.2,0.0,0.0,0,0
AC005785.1,-0.00020621333,0.0,0,1
AC005786.3,-0.012933727,0.0,0,1
AC005789.1,0.0,0.0,0,0
AC005790.1,0.0,0.0,0,0
AC005803.1,0.0,0.0,0,0
AC005808.1,0.0,0.0,0,0
AC005821.1,0.0,0.0,0,0
AC005821.2,0.0,0.0,0,0
AC005823.1,0.0,0.0,0,0
AC005823.2,0.0,0.0,0,0
AC005828.1,0.0,0.0,0,0
AC005828.2,0.0,0.0,0,0
AC005828.3,0.0,0.0,0,0
AC005828.4,0.0,0.0,0,0
AC005828.5,0.0,0.0,0,0
AC005832.1,0.0,0.0,0,0
AC005833.2,0.0,0.0,0,0
AC005837.1,-0.0007558726,0.0,0,1
AC005837.4,0.0,0.0,0,0
AC005838.2,-0.00012940842,0.0,0,1
AC005841.1,0.0,0.0,0,0
AC005856.1,-3.9471255e-05,0.0,0,1
AC005863.1,0.0,0.0,0,0
AC005865.2,-0.000108666485,0.0,0,1
AC005871.1,0.0,0.0,0,0
AC005871.2,0.0,0.0,0,0
AC005884.1,0.0,0.0,0,0
AC005884.2,0.0,0.0,0,0
AC005888.1,0.0,0.0,0,0
AC005899.1,0.0,0.0,0,0
AC005899.3,0.0,0.0,0,0
AC005899.5,0.0,0.0,0,0
AC005901.1,0.0,0.0,0,0
AC005906.2,0.0,0.0,0,0
AC005906.3,0.0,0.0,0,0
AC005908.2,0.0,0.0,0,0
AC005908.3,0.0,0.0,0,0
AC005909.1,0.0,0.0,0,0
AC005909.2,0.0,0.0,0,0
AC005911.1,0.0,0.0,0,0
AC005912.2,0.0,0.0,0,0
AC005914.1,0.0,0.0,0,0
AC005920.2,0.0,0.0,0,0
AC005920.3,-0.0015485348,0.0,0,1
AC005920.4,0.0,0.0,0,0
AC005921.4,0.0,0.0,0,0
AC005954.1,0.0,0.0,0,0
AC005954.2,0.0,0.0,0,0
AC005962.1,-0.00054479524,0.0,0,1
AC005962.2,-9.718646e-05,0.0,0,1
AC005993.1,0.0,0.0,0,0
AC005996.1,0.0,0.0,0,0
AC005998.1,0.0,0.0,0,0
AC005999.1,0.0,0.0,0,0
AC005999.2,0.0,0.0,0,0
AC006003.1,0.0,0.0,0,0
AC006004.1,0.0,0.0,0,0
AC006007.1,0.0,0.0,0,0
AC006013.1,0.0,0.0,0,0
AC006017.1,0.0,0.0,0,0
AC006019.1,0.0,0.0,0,0
AC006019.2,0.0,0.0,0,0
AC006019.3,0.0,0.0,0,0
AC006026.3,0.0,0.0,0,0
AC006037.1,0.0,0.0,0,0
AC006040.1,0.0,0.0,0,0
AC006041.1,0.0,0.0,0,0
AC006041.2,0.0,0.0,0,0
AC006042.1,0.0,0.0,0,0
AC006042.2,-0.00021586397,0.0,0,1
AC006043.1,0.0,0.0,0,0
AC006055.1,0.0,0.0,0,0
AC006058.1,0.0,0.0,0,0
AC006058.2,0.0,0.0,0,0
AC006058.3,0.0,0.0,0,0
AC006059.4,0.0,0.0,0,0
AC006059.5,0.0,0.0,0,0
AC006062.1,0.0,0.0,0,0
AC006063.1,0.0,0.0,0,0
AC006063.2,0.0,0.0,0,0
AC006063.3,0.0,0.0,0,0
AC006063.4,0.0,0.0,0,0
AC006064.1,0.0,0.0,0,0
AC006064.3,0.0,0.0,0,0
AC006064.5,0.0,0.0,0,0
AC006065.3,0.0,0.0,0,0
AC006065.4,0.0,0.0,0,0
AC006076.1,0.0,0.0,0,0
AC006111.1,0.0,0.0,0,0
AC006111.3,0.0,0.0,0,0
AC006112.1,0.0,0.0,0,0
AC006116.10,-0.00010685574,0.0,0,1
AC006116.11,0.0,0.0,0,0
AC006116.4,0.0,0.0,0,0
AC006116.5,0.0,0.0,0,0
AC006116.6,-0.0001641576,0.0,0,1
AC006116.8,0.0,0.0,0,0
AC006116.9,0.0,0.0,0,0
AC006130.1,0.0,0.0,0,0
AC006130.3,0.0,0.0,0,0
AC006144.2,0.0,0.0,0,0
AC006145.1,0.0,0.0,0,0
AC006148.1,0.0,0.0,0,0
AC006148.2,0.0,0.0,0,0
AC006150.1,0.0,0.0,0,0
AC006157.1,0.0,0.0,0,0
AC006159.1,0.0,0.0,0,0
AC006159.2,0.0,0.0,0,0
AC006160.1,0.0,0.0,0,0
AC006197.2,0.0,0.0,0,0
AC006205.1,0.0,0.0,0,0
AC006205.2,0.0,0.0,0,0
AC006206.1,0.0,0.0,0,0
AC006206.2,0.0,0.0,0,0
AC006207.1,0.0,0.0,0,0
AC006213.1,-0.0007224991,0.0,0,1
AC006213.3,-0.00018608636,0.0,0,1
AC006213.5,0.0,0.0,0,0
AC006213.7,0.0,0.0,0,0
AC006238.1,0.0,0.0,0,0
AC006238.2,0.0,0.0,0,0
AC006249.1,0.0,0.0,0,0
AC006262.1,-0.00012534218,0.0,0,1
AC006262.2,0.0,0.0,0,0
AC006262.3,0.0,0.0,0,0
AC006270.1,0.0,0.0,0,0
AC006272.1,0.0,0.0,0,0
AC006273.1,0.0,0.0,0,0
AC006288.1,0.0,0.0,0,0
AC006296.1,0.0,0.0,0,0
AC006296.2,0.0,0.0,0,0
AC006296.3,0.0,0.0,0,0
AC006305.1,0.0,0.0,0,0
AC006305.2,0.0,0.0,0,0
AC006305.3,0.0,0.0,0,0
AC006333.1,0.0,0.0,0,0
AC006348.1,0.0,0.0,0,0
AC006355.2,0.0,0.0,0,0
AC006357.1,0.0,0.0,0,0
AC006364.1,0.0,0.0,0,0
AC006369.1,-0.001918974,0.0,0,2
AC006369.2,0.0,0.0,0,0
AC006372.1,0.0,0.0,0,0
AC006372.2,0.0,0.0,0,0
AC006372.3,0.0,0.0,0,0
AC006378.1,0.0,0.0,0,0
AC006387.1,0.0,0.0,0,0
AC006398.1,0.0,0.0,0,0
AC006427.2,0.0,0.0,0,0
AC006435.1,0.0,0.0,0,0
AC006435.2,0.0,0.0,0,0
AC006435.3,0.0,0.0,0,0
AC006441.1,0.0,0.0,0,0
AC006441.3,0.0,0.0,0,0
AC006441.4,0.0,0.0,0,0
AC006445.3,0.0,0.0,0,0
AC006449.1,0.0,0.0,0,0
AC006449.2,-0.01750868,0.0,0,2
AC006449.3,0.0,0.0,0,0
AC006450.1,0.0,0.0,0,0
AC006450.2,0.0,0.0,0,0
AC006450.3,0.0,0.0,0,0
AC006452.1,0.0,0.0,0,0
AC006455.1,0.0,0.0,0,0
AC006455.4,0.0,0.0,0,0
AC006455.5,0.0,0.0,0,0
AC006458.1,0.0,0.0,0,0
AC006459.1,0.0,0.0,0,0
AC006460.1,0.0,0.0,0,0
AC006460.2,-0.0004982398,0.0,0,1
AC006478.1,0.0,0.0,0,0
AC006478.2,0.0,0.0,0,0
AC006482.1,0.0,0.0,0,0
AC006483.2,0.0,0.0,0,0
AC006487.1,0.0,0.0,0,0
AC006487.2,0.0,0.0,0,0
AC006504.1,-0.00072097854,0.0,0,1
AC006504.2,0.0,0.0,0,0
AC006511.4,0.0,0.0,0,0
AC006511.6,0.0,0.0,0,0
AC006517.2,0.0,0.0,0,0
AC006525.1,0.0,0.0,0,0
AC006538.1,0.0,0.0,0,0
AC006538.3,0.0,0.0,0,0
AC006538.4,0.0,0.0,0,0
AC006547.1,0.0,0.0,0,0
AC006547.2,0.0,0.0,0,0
AC006557.1,0.0,0.0,0,0
AC006557.3,0.0,0.0,0,0
AC006566.1,-0.00019114868,0.0,0,1
AC006566.2,0.0,0.0,0,0
AC006581.1,0.0,0.0,0,0
AC006581.2,0.0,0.0,0,0
AC006946.2,-0.00015510846,0.0,0,1
AC006946.3,0.0,0.0,0,0
AC006947.1,0.0,0.0,0,0
AC006960.2,0.0,0.0,0,0
AC006960.3,0.0,0.0,0,0
AC006967.2,0.0,0.0,0,0
AC006967.3,0.0,0.0,0,0
AC006970.3,0.0,0.0,0,0
AC006972.1,0.0,0.0,0,0
AC006974.1,0.0,0.0,0,0
AC006994.2,-0.00031175392,0.0,0,1
AC007001.1,0.0,0.0,0,0
AC007003.1,0.0,0.0,0,0
AC007014.1,0.0,0.0,0,0
AC007029.1,-0.00020521879,0.0,0,1
AC007036.1,-0.00048017653,0.0,0,1
AC007036.3,-0.00012617739,0.0,0,1
AC007036.5,-0.018269593,0.0,0,1
AC007038.1,-0.0002315691,0.0,0,1
AC007040.1,0.0,0.0,0,0
AC007064.2,0.0,0.0,0,0
AC007066.2,-0.034654766,0.0,0,1
AC007091.1,0.0,0.0,0,0
AC007099.1,0.0,0.0,0,0
AC007099.2,0.0,0.0,0,0
AC007100.1,0.0,0.0,0,0
AC007100.2,0.0,0.0,0,0
AC007106.1,0.0,0.0,0,0
AC007106.2,0.0,0.0,0,0
AC007114.1,-0.0027496547,0.0,0,2
AC007114.2,0.0,0.0,0,0
AC007126.1,0.0,0.0,0,0
AC007128.2,0.0,0.0,0,0
AC007130.1,0.0,0.0,0,0
AC007132.1,0.0,0.0,0,0
AC007159.1,0.0,0.0,0,0
AC007163.1,0.0,0.0,0,0
AC007179.1,0.0,0.0,0,0
AC007179.2,0.0,0.0,0,0
AC007192.2,-0.00034855024,0.0,0,1
AC007193.1,0.0,0.0,0,0
AC007193.2,0.0,0.0,0,0
AC007193.3,0.0,0.0,0,0
AC007216.1,0.0,0.0,0,0
AC007216.2,0.0,0.0,0,0
AC007216.3,-0.040334087,0.0,0,2
AC007216.4,-7.749008e-05,0.0,0,1
AC007218.1,0.0,0.0,0,0
AC007218.2,0.0,0.0,0,0
AC007218.3,0.0,0.0,0,0
AC007220.1,-9.333263e-05,0.0,0,1
AC007220.2,0.0,0.0,0,0
AC007221.1,0.0,0.0,0,0
AC007222.2,0.0,0.0,0,0
AC007223.1,0.0,0.0,0,0
AC007240.3,-0.00074823387,0.0,0,1
AC007244.1,0.0,0.0,0,0
AC007255.1,-0.00019830141,0.0,0,1
AC007269.1,0.0,0.0,0,0
AC007271.1,0.0,0.0,0,0
AC007272.1,0.0,0.0,0,0
AC007277.1,0.0,0.0,0,0
AC007278.1,0.0,0.0,0,0
AC007278.2,0.0,0.0,0,0
AC007279.2,0.0,0.0,0,0
AC007283.1,0.0,0.0,0,0
AC007285.2,0.0,0.0,0,0
AC007292.1,-0.01560115,0.0,0,1
AC007292.2,-0.0001812865,0.0,0,1
AC007298.1,-0.00016104999,0.0,0,1
AC007308.1,0.0,0.0,0,0
AC007314.1,0.0,0.0,0,0
AC007317.1,0.0,0.0,0,0
AC007317.2,0.0,0.0,0,0
AC007319.1,-0.000116972245,0.0,0,1
AC007325.1,0.0,0.0,0,0
AC007325.2,0.0,0.0,0,0
AC007326.2,0.0,0.0,0,0
AC007326.5,-0.00029338448,0.0,0,1
AC007327.2,0.0,0.0,0,0
AC007333.1,0.0,0.0,0,0
AC007333.2,0.0,0.0,0,0
AC007336.2,-0.0025348412,0.0,0,2
AC007342.1,0.0,0.0,0,0
AC007342.4,0.0,0.0,0,0
AC007342.5,0.0,0.0,0,0
AC007343.1,0.0,0.0,0,0
AC007344.1,0.0,0.0,0,0
AC007347.1,0.0,0.0,0,0
AC007349.1,0.0,0.0,0,0
AC007349.2,0.0,0.0,0,0
AC007349.3,0.0,0.0,0,0
AC007349.4,0.0,0.0,0,0
AC007350.1,0.0,0.0,0,0
AC007359.1,0.0,0.0,0,0
AC007362.1,0.0,0.0,0,0
AC007364.1,-0.00202798,0.0,0,2
AC007365.1,-0.00026386487,0.0,0,1
AC007368.1,0.0,0.0,0,0
AC007370.1,0.0,0.0,0,0
AC007370.2,0.0,0.0,0,0
AC007375.3,0.0,0.0,0,0
AC007381.1,0.0,0.0,0,0
AC007381.2,0.0,0.0,0,0
AC007383.2,-0.011102818,0.0,0,2
AC007383.3,0.0,0.0,0,0
AC007387.2,0.0,0.0,0,0
AC007387.3,0.0,0.0,0,0
AC007389.1,-0.00017250702,0.0,0,1
AC007389.5,0.0,0.0,0,0
AC007391.1,0.0,0.0,0,0
AC007391.2,0.0,0.0,0,0
AC007391.3,0.0,0.0,0,0
AC007402.1,0.0,0.0,0,0
AC007402.2,0.0,0.0,0,0
AC007403.1,0.0,0.0,0,0
AC007405.1,0.0,0.0,0,0
AC007405.2,0.0,0.0,0,0
AC007405.3,0.0,0.0,0,0
AC007405.4,0.0,0.0,0,0
AC007406.1,0.0,0.0,0,0
AC007406.2,0.0,0.0,0,0
AC007406.3,0.0,0.0,0,0
AC007406.4,0.0,0.0,0,0
AC007422.1,0.0,0.0,0,0
AC007423.1,0.0,0.0,0,0
AC007431.1,0.0,0.0,0,0
AC007431.2,0.0,0.0,0,0
AC007432.1,0.0,0.0,0,0
AC007448.3,0.0,0.0,0,0
AC007448.5,-0.00035252914,0.0,0,1
AC007450.1,0.0,0.0,0,0
AC007463.1,0.0,0.0,0,0
AC007463.2,0.0,0.0,0,0
AC007483.1,0.0,0.0,0,0
AC007485.1,0.0,0.0,0,0
AC007491.1,0.0,0.0,0,0
AC007493.1,0.0,0.0,0,0
AC007493.2,0.0,0.0,0,0
AC007494.2,0.0,0.0,0,0
AC007495.1,0.0,0.0,0,0
AC007496.1,0.0,0.0,0,0
AC007496.2,0.0,0.0,0,0
AC007497.1,0.0,0.0,0,0
AC007497.2,0.0,0.0,0,0
AC007513.1,0.0,0.0,0,0
AC007527.1,0.0,0.0,0,0
AC007527.2,0.0,0.0,0,0
AC007528.1,0.0,0.0,0,0
AC007529.1,0.0,0.0,0,0
AC007529.2,0.0,0.0,0,0
AC007535.1,0.0,0.0,0,0
AC007540.1,0.0,0.0,0,0
AC007546.1,0.0,0.0,0,0
AC007552.2,0.0,0.0,0,0
AC007556.1,0.0,0.0,0,0
AC007557.1,0.0,0.0,0,0
AC007557.2,0.0,0.0,0,0
AC007557.3,0.0,0.0,0,0
AC007557.4,0.0,0.0,0,0
AC007563.1,0.0,0.0,0,0
AC007563.2,0.0,0.0,0,0
AC007563.4,0.0,0.0,0,0
AC007569.1,-0.00032192454,0.0,0,1
AC007570.1,0.0,0.0,0,0
AC007595.1,0.0,0.0,0,0
AC007598.1,0.0,0.0,0,0
AC007598.2,0.0,0.0,0,0
AC007599.2,0.0,0.0,0,0
AC007601.1,0.0,0.0,0,0
AC007601.2,0.0,0.0,0,0
AC007603.1,0.0,0.0,0,0
AC007608.1,0.0,0.0,0,0
AC007608.2,0.0,0.0,0,0
AC007610.2,0.0,0.0,0,0
AC007610.5,0.0,0.0,0,0
AC007613.1,-0.014400415,0.0,0,2
AC007614.1,0.0,0.0,0,0
AC007619.1,0.0,0.0,0,0
AC007620.3,0.0,0.0,0,0
AC007622.2,0.0,0.0,0,0
AC007631.1,0.0,0.0,0,0
AC007637.1,-0.0008744788,0.0,0,1
AC007638.1,0.0,0.0,0,0
AC007638.2,0.0,0.0,0,0
AC007639.1,0.0,0.0,0,0
AC007649.1,0.0,0.0,0,0
AC007652.1,0.0,0.0,0,0
AC007652.2,0.0,0.0,0,0
AC007652.3,0.0,0.0,0,0
AC007655.1,0.0,0.0,0,0
AC007655.2,-0.00024119539,0.0,0,1
AC007656.1,0.0,0.0,0,0
AC007656.2,0.0,0.0,0,0
AC007656.4,0.0,0.0,0,0
AC007663.2,0.0,0.0,0,0
AC007663.3,0.0,0.0,0,0
AC007663.4,-0.0001805837,0.0,0,1
AC007666.2,0.0,0.0,0,0
AC007671.1,0.0,0.0,0,0
AC007673.1,0.0,0.0,0,0
AC007679.1,0.0,0.0,0,0
AC007681.1,0.0,0.0,0,0
AC007682.1,0.0,0.0,0,0
AC007684.2,-0.0002489949,0.0,0,1
AC007686.2,-0.00015165056,0.0,0,1
AC007686.5,0.0,0.0,0,0
AC007687.1,-0.00011667163,0.0,0,1
AC007688.3,0.0,0.0,0,0
AC007728.2,-0.00065449113,0.0,0,1
AC007731.2,0.0,0.0,0,0
AC007731.3,0.0,0.0,0,0
AC007731.5,-0.00022050527,0.0,0,1
AC007736.1,0.0,0.0,0,0
AC007743.1,0.0,0.0,0,0
AC007749.1,0.0,0.0,0,0
AC007749.2,0.0,0.0,0,0
AC007750.1,0.0,0.0,0,0
AC007773.1,-0.0064960024,0.0,0,2
AC007785.3,-5.8556514e-05,0.0,0,1
AC007786.1,-0.00031917158,0.0,0,1
AC007786.2,0.0,0.0,0,0
AC007786.3,0.0,0.0,0,0
AC007786.4,0.0,0.0,0,0
AC007787.1,0.0,0.0,0,0
AC007795.1,0.0,0.0,0,0
AC007834.1,0.0,0.0,0,0
AC007846.1,0.0,0.0,0,0
AC007848.1,0.0,0.0,0,0
AC007848.2,0.0,0.0,0,0
AC007849.1,0.0,0.0,0,0
AC007861.1,0.0,0.0,0,0
AC007861.2,0.0,0.0,0,0
AC007876.1,0.0,0.0,0,0
AC007878.1,-0.052414834,0.0,0,1
AC007879.1,0.0,0.0,0,0
AC007879.2,0.0,0.0,0,0
AC007879.4,0.0,0.0,0,0
AC007879.5,0.0,0.0,0,0
AC007880.1,0.0,0.0,0,0
AC007881.2,-0.0011490596,0.0,0,1
AC007881.3,-0.0006248126,0.0,0,1
AC007881.4,0.0,0.0,0,0
AC007906.1,0.0,0.0,0,0
AC007906.2,-0.004764856,0.0,0,2
AC007907.1,0.0,0.0,0,0
AC007920.1,0.0,0.0,0,0
AC007920.2,0.0,0.0,0,0
AC007922.1,0.0,0.0,0,0
AC007922.2,0.0,0.0,0,0
AC007922.3,0.0,0.0,0,0
AC007922.4,0.0,0.0,0,0
AC007923.1,0.0,0.0,0,0
AC007923.4,0.0,0.0,0,0
AC007938.1,0.0,0.0,0,0
AC007938.3,0.0,0.0,0,0
AC007948.1,0.0,0.0,0,0
AC007950.1,0.0,0.0,0,0
AC007952.1,0.0,0.0,0,0
AC007952.2,0.0,0.0,0,0
AC007952.3,0.0,0.0,0,0
AC007952.5,0.0,0.0,0,0
AC007952.6,0.0,0.0,0,0
AC007952.8,0.0,0.0,0,0
AC007952.9,0.0,0.0,0,0
AC007953.1,0.0,0.0,0,0
AC007953.2,0.0,0.0,0,0
AC007991.2,0.0,0.0,0,0
AC007991.3,0.0,0.0,0,0
AC007991.4,0.0,0.0,0,0
AC007993.2,0.0,0.0,0,0
AC007993.3,-0.000150255,0.0,0,1
AC007998.3,0.0,0.0,0,0
AC007998.4,0.0,0.0,0,0
AC008011.2,0.0,0.0,0,0
AC008026.3,-0.00033040813,0.0,0,1
AC008033.3,0.0,0.0,0,0
AC008035.1,-0.00069348403,0.0,0,1
AC008040.1,0.0,0.0,0,0
AC008050.1,0.0,0.0,0,0
AC008055.2,0.0,0.0,0,0
AC008056.1,0.0,0.0,0,0
AC008056.2,0.0,0.0,0,0
AC008056.3,0.0,0.0,0,0
AC008060.1,0.0,0.0,0,0
AC008060.2,0.0,0.0,0,0
AC008060.3,0.0,0.0,0,0
AC008060.4,0.0,0.0,0,0
AC008060.5,0.0,0.0,0,0
AC008063.1,-8.298238e-05,0.0,0,1
AC008063.2,0.0,0.0,0,0
AC008067.1,0.0,0.0,0,0
AC008073.1,0.0,0.0,0,0
AC008073.2,0.0,0.0,0,0
AC008079.1,-0.000113611575,0.0,0,1
AC008080.1,0.0,0.0,0,0
AC008080.2,0.0,0.0,0,0
AC008080.3,0.0,0.0,0,0
AC008080.4,0.0,0.0,0,0
AC008083.2,0.0,0.0,0,0
AC008083.4,0.0,0.0,0,0
AC008088.1,0.0,0.0,0,0
AC008103.1,0.0,0.0,0,0
AC008114.1,0.0,0.0,0,0
AC008115.1,0.0,0.0,0,0
AC008115.2,0.0,0.0,0,0
AC008115.4,0.0,0.0,0,0
AC008119.1,0.0,0.0,0,0
AC008121.2,0.0,0.0,0,0
AC008125.1,0.0,0.0,0,0
AC008127.1,0.0,0.0,0,0
AC008133.1,0.0,0.0,0,0
AC008147.1,0.0,0.0,0,0
AC008149.1,0.0,0.0,0,0
AC008149.2,0.0,0.0,0,0
AC008154.1,0.0,0.0,0,0
AC008154.2,0.0,0.0,0,0
AC008162.2,0.0,0.0,0,0
AC008164.1,0.0,0.0,0,0
AC008170.1,0.0,0.0,0,0
AC008175.1,0.0,0.0,0,0
AC008180.2,0.0,0.0,0,0
AC008243.1,0.0,0.0,0,0
AC008250.1,0.0,0.0,0,0
AC008250.2,0.0,0.0,0,0
AC008268.1,0.0,0.0,0,0
AC008269.2,0.0,0.0,0,0
AC008273.1,0.0,0.0,0,0
AC008278.1,0.0,0.0,0,0
AC008278.2,0.0,0.0,0,0
AC008281.1,0.0,0.0,0,0
AC008378.1,-0.0013225869,0.0,0,1
AC008391.1,0.0,0.0,0,0
AC008395.1,0.0,0.0,0,0
AC008403.2,0.0,0.0,0,0
AC008403.3,0.0,0.0,0,0
AC008406.1,0.0,0.0,0,0
AC008406.2,0.0,0.0,0,0
AC008406.3,0.0,0.0,0,0
AC008413.2,0.0,0.0,0,0
AC008415.1,0.0,0.0,0,0
AC008429.1,-0.00030244663,0.0,0,1
AC008429.3,0.0,0.0,0,0
AC008438.1,-0.00011631299,0.0,0,1
AC008438.2,0.0,0.0,0,0
AC008440.1,-0.00038442548,0.0,0,1
AC008440.2,0.0,0.0,0,0
AC008443.1,-0.08277699,0.0,0,2
AC008443.3,0.0,0.0,0,0
AC008443.4,0.0,0.0,0,0
AC008443.6,0.0,0.0,0,0
AC008443.9,0.0,0.0,0,0
AC008453.1,0.0,0.0,0,0
AC008453.2,0.0,0.0,0,0
AC008456.1,0.0,0.0,0,0
AC008459.1,0.0,0.0,0,0
AC008464.1,0.0,0.0,0,0
AC008474.1,0.0,0.0,0,0
AC008494.2,0.0,0.0,0,0
AC008494.3,-0.0011608959,0.0,0,1
AC008496.2,0.0,0.0,0,0
AC008496.3,0.0,0.0,0,0
AC008505.1,0.0,0.0,0,0
AC008507.2,0.0,0.0,0,0
AC008507.4,0.0,0.0,0,0
AC008507.5,0.0,0.0,0,0
AC008514.1,0.0,0.0,0,0
AC008517.1,0.0,0.0,0,0
AC008525.1,0.0,0.0,0,0
AC008525.2,0.0,0.0,0,0
AC008532.1,0.0,0.0,0,0
AC008534.1,0.0,0.0,0,0
AC008537.2,0.0,0.0,0,0
AC008537.4,-0.008499148,0.0,0,2
AC008539.1,0.0,0.0,0,0
AC008543.1,0.0,0.0,0,0
AC008543.3,0.0,0.0,0,0
AC008543.4,0.0,0.0,0,0
AC008543.5,0.0,0.0,0,0
AC008549.1,0.0,0.0,0,0
AC008549.2,0.0,0.0,0,0
AC008551.1,0.0,0.0,0,0
AC008555.1,0.0,0.0,0,0
AC008555.2,0.0,0.0,0,0
AC008555.4,-0.00018994116,0.0,0,1
AC008555.5,0.0,0.0,0,0
AC008556.1,0.0,0.0,0,0
AC008567.2,0.0,0.0,0,0
AC008567.3,0.0,0.0,0,0
AC008568.1,0.0,0.0,0,0
AC008569.1,0.0,0.0,0,0
AC008571.2,0.0,0.0,0,0
AC008572.1,0.0,0.0,0,0
AC008574.1,0.0,0.0,0,0
AC008581.1,0.0,0.0,0,0
AC008588.1,0.0,0.0,0,0
AC008592.2,0.0,0.0,0,0
AC008592.4,-0.00015724741,0.0,0,1
AC008592.5,0.0,0.0,0,0
AC008601.1,0.0,0.0,0,0
AC008609.1,0.0,0.0,0,0
AC008610.1,0.0,0.0,0,0
AC008619.1,0.0,0.0,0,0
AC008622.2,-6.332842e-05,0.0,0,1
AC008625.1,0.0,0.0,0,0
AC008627.1,0.0,0.0,0,0
AC008632.1,0.0,0.0,0,0
AC008635.1,0.0,0.0,0,0
AC008641.1,0.0,0.0,0,0
AC008649.2,0.0,0.0,0,0
AC008652.1,0.0,0.0,0,0
AC008655.1,0.0,0.0,0,0
AC008659.1,0.0,0.0,0,0
AC008662.1,0.0,0.0,0,0
AC008662.2,0.0,0.0,0,0
AC008663.1,0.0,0.0,0,0
AC008663.2,0.0,0.0,0,0
AC008663.3,0.0,0.0,0,0
AC008667.1,-0.04665344,0.0,0,1
AC008667.2,0.0,0.0,0,0
AC008667.3,0.0,0.0,0,0
AC008667.4,0.0,0.0,0,0
AC008669.1,0.0,0.0,0,0
AC008674.1,0.0,0.0,0,0
AC008676.1,0.0,0.0,0,0
AC008679.1,0.0,0.0,0,0
AC008680.1,0.0,0.0,0,0
AC008686.1,0.0,0.0,0,0
AC008687.2,0.0,0.0,0,0
AC008687.3,0.0,0.0,0,0
AC008691.1,0.0,0.0,0,0
AC008696.2,0.0,0.0,0,0
AC008700.1,0.0,0.0,0,0
AC008703.1,0.0,0.0,0,0
AC008705.2,0.0,0.0,0,0
AC008708.1,0.0,0.0,0,0
AC008708.2,0.0,0.0,0,0
AC008728.1,0.0,0.0,0,0
AC008731.1,0.0,0.0,0,0
AC008734.1,0.0,0.0,0,0
AC008734.2,0.0,0.0,0,0
AC008735.3,0.0,0.0,0,0
AC008735.4,0.0,0.0,0,0
AC008736.2,0.0,0.0,0,0
AC008737.1,0.0,0.0,0,0
AC008737.3,0.0,0.0,0,0
AC008738.1,0.0,0.0,0,0
AC008738.3,0.0,0.0,0,0
AC008738.4,0.0,0.0,0,0
AC008738.5,0.0,0.0,0,0
AC008738.6,0.0,0.0,0,0
AC008738.7,0.0,0.0,0,0
AC008739.1,0.0,0.0,0,0
AC008741.1,0.0,0.0,0,0
AC008742.1,0.0,0.0,0,0
AC008743.1,0.0,0.0,0,0
AC008747.1,-0.0001282326,0.0,0,1
AC008750.1,-6.724861e-05,0.0,0,1
AC008750.2,0.0,0.0,0,0
AC008750.3,0.0,0.0,0,0
AC008750.4,0.0,0.0,0,0
AC008750.5,0.0,0.0,0,0
AC008750.7,0.0,0.0,0,0
AC008751.3,-0.0001088253,0.0,0,1
AC008752.1,0.0,0.0,0,0
AC008752.2,0.0,0.0,0,0
AC008753.2,0.0,0.0,0,0
AC008753.3,0.0,0.0,0,0
AC008758.2,0.0,0.0,0,0
AC008759.2,0.0,0.0,0,0
AC008760.1,0.0,0.0,0,0
AC008760.2,-0.0007259389,0.0,0,1
AC008761.1,0.0,0.0,0,0
AC008761.2,0.0,0.0,0,0
AC008764.2,0.0,0.0,0,0
AC008764.3,0.0,0.0,0,0
AC008764.5,0.0,0.0,0,0
AC008764.6,0.0,0.0,0,0
AC008764.8,-0.009320104,0.0,0,2
AC008766.1,0.0,0.0,0,0
AC008770.3,0.0,0.0,0,0
AC008780.1,0.0,0.0,0,0
AC008780.2,0.0,0.0,0,0
AC008781.1,0.0,0.0,0,0
AC008781.2,0.0,0.0,0,0
AC008781.3,0.0,0.0,0,0
AC008786.1,0.0,0.0,0,0
AC008794.1,0.0,0.0,0,0
AC008798.2,0.0,0.0,0,0
AC008798.3,0.0,0.0,0,0
AC008799.2,0.0,0.0,0,0
AC008805.2,0.0,0.0,0,0
AC008808.1,0.0,0.0,0,0
AC008808.2,0.0,0.0,0,0
AC008825.1,0.0,0.0,0,0
AC008840.1,-0.00020866586,0.0,0,1
AC008852.1,0.0,0.0,0,0
AC008869.1,0.0,0.0,0,0
AC008870.1,0.0,0.0,0,0
AC008870.3,0.0,0.0,0,0
AC008870.4,0.0,0.0,0,0
AC008871.1,0.0,0.0,0,0
AC008875.1,-0.00015165056,0.0,0,1
AC008877.1,0.0,0.0,0,0
AC008878.4,0.0,0.0,0,0
AC008883.1,0.0,0.0,0,0
AC008883.2,0.0,0.0,0,0
AC008883.3,-0.00020222383,0.0,0,1
AC008885.2,0.0,0.0,0,0
AC008892.1,0.0,0.0,0,0
AC008894.1,0.0,0.0,0,0
AC008897.2,0.0,0.0,0,0
AC008897.3,0.0,0.0,0,0
AC008906.2,0.0,0.0,0,0
AC008914.1,-0.0002305819,0.0,0,1
AC008937.1,0.0,0.0,0,0
AC008937.3,-0.00012463173,0.0,0,1
AC008938.1,0.0,0.0,0,0
AC008940.1,0.0,0.0,0,0
AC008945.2,0.0,0.0,0,0
AC008946.1,0.0,0.0,0,0
AC008948.1,0.0,0.0,0,0
AC008957.2,-0.00010953599,0.0,0,1
AC008966.2,0.0,0.0,0,0
AC008966.3,0.0,0.0,0,0
AC008969.2,0.0,0.0,0,0
AC008982.2,-0.00031936468,0.0,0,1
AC008991.1,0.0,0.0,0,0
AC008992.1,0.0,0.0,0,0
AC008993.3,0.0,0.0,0,0
AC009019.1,0.0,0.0,0,0
AC009019.2,0.0,0.0,0,0
AC009021.1,-7.651154e-05,0.0,0,1
AC009021.2,0.0,0.0,0,0
AC009032.1,-2.909277e-06,0.0,0,1
AC009035.1,0.0,0.0,0,0
AC009039.1,0.0,0.0,0,0
AC009041.1,-0.00011930505,0.0,0,1
AC009041.2,-0.005404223,0.0,0,2
AC009041.3,0.0,0.0,0,0
AC009041.4,-0.00017809932,0.0,0,1
AC009053.2,-0.0006429724,0.0,0,1
AC009053.3,0.0,0.0,0,0
AC009054.1,0.0,0.0,0,0
AC009055.1,0.0,0.0,0,0
AC009055.2,0.0,0.0,0,0
AC009060.1,0.0,0.0,0,0
AC009061.1,0.0,0.0,0,0
AC009063.1,0.0,0.0,0,0
AC009063.2,0.0,0.0,0,0
AC009063.3,0.0,0.0,0,0
AC009065.1,0.0,0.0,0,0
AC009065.2,-0.00014745182,0.0,0,1
AC009065.3,0.0,0.0,0,0
AC009065.5,0.0,0.0,0,0
AC009065.6,0.0,0.0,0,0
AC009065.7,0.0,0.0,0,0
AC009075.1,0.0,0.0,0,0
AC009081.1,0.0,0.0,0,0
AC009081.2,0.0,0.0,0,0
AC009087.1,0.0,0.0,0,0
AC009088.2,0.0,0.0,0,0
AC009088.3,0.0,0.0,0,0
AC009090.1,-5.882231e-05,0.0,0,1
AC009090.2,-0.00017405515,0.0,0,1
AC009090.3,0.0,0.0,0,0
AC009090.6,-0.014304865,0.0,0,1
AC009093.1,-0.00013972908,0.0,0,1
AC009093.4,0.0,0.0,0,0
AC009093.5,0.0,0.0,0,0
AC009093.6,-0.00043693258,0.0,0,1
AC009095.1,0.0,0.0,0,0
AC009097.1,0.0,0.0,0,0
AC009097.2,0.0,0.0,0,0
AC009097.3,-0.00023320028,0.0,0,1
AC009097.4,0.0,0.0,0,0
AC009102.1,0.0,0.0,0,0
AC009102.2,0.0,0.0,0,0
AC009102.4,0.0,0.0,0,0
AC009107.1,0.0,0.0,0,0
AC009107.2,-0.002259128,0.0,0,2
AC009108.2,0.0,0.0,0,0
AC009108.3,0.0,0.0,0,0
AC009110.1,0.0,0.0,0,0
AC009113.2,0.0,0.0,0,0
AC009117.2,0.0,0.0,0,0
AC009118.1,0.0,0.0,0,0
AC009118.2,-0.012729835,0.0,0,2
AC009118.3,-0.003020522,0.0,0,2
AC009119.2,0.0,0.0,0,0
AC009120.3,0.0,0.0,0,0
AC009120.4,0.0,0.0,0,0
AC009121.2,0.0,0.0,0,0
AC009121.3,0.0,0.0,0,0
AC009121.4,0.0,0.0,0,0
AC009127.1,0.0,0.0,0,0
AC009133.1,-0.00031298408,0.0,0,1
AC009133.2,0.0,0.0,0,0
AC009133.3,-0.0002534452,0.0,0,1
AC009134.1,0.0,0.0,0,0
AC009135.1,0.0,0.0,0,0
AC009137.1,0.0,0.0,0,0
AC009137.2,-0.00012617739,0.0,0,1
AC009139.1,0.0,0.0,0,0
AC009139.2,0.0,0.0,0,0
AC009141.1,0.0,0.0,0,0
AC009142.1,0.0,0.0,0,0
AC009145.1,0.0,0.0,0,0
AC009145.2,0.0,0.0,0,0
AC009145.3,0.0,0.0,0,0
AC009148.1,0.0,0.0,0,0
AC009152.1,-0.00026394287,0.0,0,1
AC009152.3,-8.77403e-05,0.0,0,1
AC009152.6,0.0,0.0,0,0
AC009154.1,0.0,0.0,0,0
AC009154.2,0.0,0.0,0,0
AC009158.1,0.0,0.0,0,0
AC009159.1,0.0,0.0,0,0
AC009159.2,0.0,0.0,0,0
AC009163.1,0.0,0.0,0,0
AC009163.4,0.0,0.0,0,0
AC009163.6,0.0,0.0,0,0
AC009166.1,0.0,0.0,0,0
AC009166.3,0.0,0.0,0,0
AC009167.1,0.0,0.0,0,0
AC009171.2,0.0,0.0,0,0
AC009185.1,0.0,0.0,0,0
AC009226.1,0.0,0.0,0,0
AC009227.1,0.0,0.0,0,0
AC009227.2,0.0,0.0,0,0
AC009228.1,0.0,0.0,0,0
AC009229.1,0.0,0.0,0,0
AC009229.2,0.0,0.0,0,0
AC009229.3,0.0,0.0,0,0
AC009230.1,0.0,0.0,0,0
AC009234.1,0.0,0.0,0,0
AC009236.1,0.0,0.0,0,0
AC009236.2,0.0,0.0,0,0
AC009237.15,0.0,0.0,0,0
AC009242.1,0.0,0.0,0,0
AC009244.2,0.0,0.0,0,0
AC009248.2,0.0,0.0,0,0
AC009248.3,0.0,0.0,0,0
AC009262.1,0.0,0.0,0,0
AC009264.1,0.0,0.0,0,0
AC009268.2,0.0,0.0,0,0
AC009268.3,0.0,0.0,0,0
AC009269.2,0.0,0.0,0,0
AC009269.3,0.0,0.0,0,0
AC009269.4,0.0,0.0,0,0
AC009269.5,-5.8972208e-05,0.0,0,1
AC009271.1,0.0,0.0,0,0
AC009271.2,0.0,0.0,0,0
AC009276.1,0.0,0.0,0,0
AC009292.1,0.0,0.0,0,0
AC009299.3,0.0,0.0,0,0
AC009301.1,0.0,0.0,0,0
AC009303.2,-0.000100685924,0.0,0,1
AC009303.3,0.0,0.0,0,0
AC009305.1,0.0,0.0,0,0
AC009312.1,0.0,0.0,0,0
AC009313.1,0.0,0.0,0,0
AC009315.1,0.0,0.0,0,0
AC009318.2,-9.277137e-07,0.0,0,1
AC009318.3,-0.0002705579,0.0,0,1
AC009320.1,0.0,0.0,0,0
AC009336.1,0.0,0.0,0,0
AC009365.1,0.0,0.0,0,0
AC009365.3,0.0,0.0,0,0
AC009365.4,0.0,0.0,0,0
AC009387.1,0.0,0.0,0,0
AC009396.1,0.0,0.0,0,0
AC009396.2,0.0,0.0,0,0
AC009396.3,0.0,0.0,0,0
AC009403.3,0.0,0.0,0,0
AC009407.1,0.0,0.0,0,0
AC009410.1,0.0,0.0,0,0
AC009411.1,0.0,0.0,0,0
AC009411.2,0.0,0.0,0,0
AC009412.1,0.0,0.0,0,0
AC009413.2,0.0,0.0,0,0
AC009432.1,0.0,0.0,0,0
AC009432.2,0.0,0.0,0,0
AC009434.1,0.0,0.0,0,0
AC009435.1,0.0,0.0,0,0
AC009446.1,0.0,0.0,0,0
AC009464.1,0.0,0.0,0,0
AC009468.1,0.0,0.0,0,0
AC009468.2,0.0,0.0,0,0
AC009478.1,0.0,0.0,0,0
AC009480.1,0.0,0.0,0,0
AC009486.1,0.0,0.0,0,0
AC009486.2,0.0,0.0,0,0
AC009487.1,0.0,0.0,0,0
AC009487.3,0.0,0.0,0,0
AC009494.2,0.0,0.0,0,0
AC009495.1,0.0,0.0,0,0
AC009495.3,0.0,0.0,0,0
AC009498.1,0.0,0.0,0,0
AC009501.3,0.0,0.0,0,0
AC009505.1,0.0,0.0,0,0
AC009509.1,0.0,0.0,0,0
AC009509.2,0.0,0.0,0,0
AC009509.4,-6.238695e-05,0.0,0,1
AC009511.1,0.0,0.0,0,0
AC009511.2,0.0,0.0,0,0
AC009518.1,0.0,0.0,0,0
AC009522.1,0.0,0.0,0,0
AC009531.1,0.0,0.0,0,0
AC009533.3,0.0,0.0,0,0
AC009533.4,0.0,0.0,0,0
AC009554.1,0.0,0.0,0,0
AC009554.2,0.0,0.0,0,0
AC009558.1,0.0,0.0,0,0
AC009558.2,0.0,0.0,0,0
AC009560.1,0.0,0.0,0,0
AC009560.3,0.0,0.0,0,0
AC009560.4,0.0,0.0,0,0
AC009562.1,0.0,0.0,0,0
AC009563.1,0.0,0.0,0,0
AC009567.1,0.0,0.0,0,0
AC009570.2,0.0,0.0,0,0
AC009597.1,0.0,0.0,0,0
AC009623.1,0.0,0.0,0,0
AC009623.2,0.0,0.0,0,0
AC009623.3,0.0,0.0,0,0
AC009630.1,-0.00027311945,0.0,0,1
AC009630.2,-0.002441673,0.0,0,2
AC009630.3,-0.00825789,0.0,0,1
AC009630.4,0.0,0.0,0,0
AC009646.2,0.0,0.0,0,0
AC009652.1,0.0,0.0,0,0
AC009654.1,0.0,0.0,0,0
AC009656.1,0.0,0.0,0,0
AC009682.1,0.0,0.0,0,0
AC009686.1,0.0,0.0,0,0
AC009686.2,0.0,0.0,0,0
AC009690.2,-0.0007363961,0.0,0,1
AC009704.1,0.0,0.0,0,0
AC009704.2,-7.440956e-05,0.0,0,1
AC009704.3,0.0,0.0,0,0
AC009716.1,0.0,0.0,0,0
AC009720.1,0.0,0.0,0,0
AC009731.1,0.0,0.0,0,0
AC009743.1,0.0,0.0,0,0
AC009754.1,0.0,0.0,0,0
AC009754.2,0.0,0.0,0,0
AC009779.5,0.0,0.0,0,0
AC009802.1,-0.00012881485,0.0,0,1
AC009803.1,0.0,0.0,0,0
AC009803.2,0.0,0.0,0,0
AC009804.2,0.0,0.0,0,0
AC009806.1,0.0,0.0,0,0
AC009812.3,0.0,0.0,0,0
AC009831.3,0.0,0.0,0,0
AC009835.1,0.0,0.0,0,0
AC009852.1,0.0,0.0,0,0
AC009869.1,0.0,0.0,0,0
AC009878.1,0.0,0.0,0,0
AC009878.2,0.0,0.0,0,0
AC009879.4,0.0,0.0,0,0
AC009884.1,0.0,0.0,0,0
AC009899.1,0.0,0.0,0,0
AC009908.1,0.0,0.0,0,0
AC009930.1,0.0,0.0,0,0
AC009948.2,0.0,0.0,0,0
AC009951.5,0.0,0.0,0,0
AC009955.1,0.0,0.0,0,0
AC009955.2,0.0,0.0,0,0
AC009955.3,0.0,0.0,0,0
AC009955.4,0.0,0.0,0,0
AC009962.1,-0.00013353399,0.0,0,1
AC009965.1,0.0,0.0,0,0
AC009970.1,0.0,0.0,0,0
AC009971.1,0.0,0.0,0,0
AC009974.1,-0.00038858686,0.0,0,1
AC009974.2,0.0,0.0,0,0
AC009975.1,0.0,0.0,0,0
AC009975.2,0.0,0.0,0,0
AC009987.1,0.0,0.0,0,0
AC009988.1,0.0,0.0,0,0
AC010082.1,0.0,0.0,0,0
AC010086.3,0.0,0.0,0,0
AC010092.1,0.0,0.0,0,0
AC010096.1,0.0,0.0,0,0
AC010105.1,0.0,0.0,0,0
AC010132.1,0.0,0.0,0,0
AC010136.1,0.0,0.0,0,0
AC010139.1,0.0,0.0,0,0
AC010145.1,0.0,0.0,0,0
AC010148.1,0.0,0.0,0,0
AC010149.1,0.0,0.0,0,0
AC010157.1,0.0,0.0,0,0
AC010157.2,0.0,0.0,0,0
AC010163.1,0.0,0.0,0,0
AC010163.2,0.0,0.0,0,0
AC010163.3,0.0,0.0,0,0
AC010168.1,0.0,0.0,0,0
AC010175.1,0.0,0.0,0,0
AC010177.1,0.0,0.0,0,0
AC010181.1,0.0,0.0,0,0
AC010181.2,0.0,0.0,0,0
AC010183.1,0.0,0.0,0,0
AC010183.2,0.0,0.0,0,0
AC010185.1,0.0,0.0,0,0
AC010186.1,0.0,0.0,0,0
AC010196.1,0.0,0.0,0,0
AC010197.1,0.0,0.0,0,0
AC010198.1,-0.0001398485,0.0,0,1
AC010198.2,0.0,0.0,0,0
AC010201.3,0.0,0.0,0,0
AC010203.2,-0.0002662003,0.0,0,1
AC010205.1,0.0,0.0,0,0
AC010207.1,0.0,0.0,0,0
AC010223.1,0.0,0.0,0,0
AC010230.1,0.0,0.0,0,0
AC010240.3,-0.00016692118,0.0,0,1
AC010245.1,0.0,0.0,0,0
AC010251.1,0.0,0.0,0,0
AC010255.1,0.0,0.0,0,0
AC010255.2,0.0,0.0,0,0
AC010255.3,0.0,0.0,0,0
AC010260.1,0.0,0.0,0,0
AC010261.1,0.0,0.0,0,0
AC010261.2,0.0,0.0,0,0
AC010266.1,0.0,0.0,0,0
AC010266.2,0.0,0.0,0,0
AC010267.1,0.0,0.0,0,0
AC010271.1,0.0,0.0,0,0
AC010271.2,-0.00024793044,0.0,0,1
AC010273.2,-0.00020119637,0.0,0,1
AC010273.3,0.0,0.0,0,0
AC010275.1,0.0,0.0,0,0
AC010280.1,-6.9318776e-05,0.0,0,1
AC010280.3,0.0,0.0,0,0
AC010285.3,0.0,0.0,0,0
AC010291.1,0.0,0.0,0,0
AC010300.1,0.0,0.0,0,0
AC010307.2,0.0,0.0,0,0
AC010307.3,0.0,0.0,0,0
AC010307.4,0.0,0.0,0,0
AC010319.3,0.0,0.0,0,0
AC010319.4,-0.00026394287,0.0,0,1
AC010319.5,0.0,0.0,0,0
AC010320.1,0.0,0.0,0,0
AC010320.2,0.0,0.0,0,0
AC010320.3,0.0,0.0,0,0
AC010320.4,0.0,0.0,0,0
AC010325.2,0.0,0.0,0,0
AC010326.3,0.0,0.0,0,0
AC010327.4,0.0,0.0,0,0
AC010327.5,-0.00022887047,0.0,0,1
AC010327.8,0.0,0.0,0,0
AC010328.1,0.0,0.0,0,0
AC010329.1,0.0,0.0,0,0
AC010332.3,0.0,0.0,0,0
AC010333.1,0.0,0.0,0,0
AC010333.2,0.0,0.0,0,0
AC010333.3,0.0,0.0,0,0
AC010335.1,0.0,0.0,0,0
AC010336.1,0.0,0.0,0,0
AC010336.2,0.0,0.0,0,0
AC010336.3,0.0,0.0,0,0
AC010336.4,0.0,0.0,0,0
AC010336.5,0.0,0.0,0,0
AC010336.6,0.0,0.0,0,0
AC010336.8,0.0,0.0,0,0
AC010343.3,0.0,0.0,0,0
AC010359.2,0.0,0.0,0,0
AC010387.1,0.0,0.0,0,0
AC010387.2,0.0,0.0,0,0
AC010395.1,0.0,0.0,0,0
AC010401.2,0.0,0.0,0,0
AC010406.1,0.0,0.0,0,0
AC010420.1,0.0,0.0,0,0
AC010422.1,0.0,0.0,0,0
AC010422.2,0.0,0.0,0,0
AC010422.4,0.0,0.0,0,0
AC010422.7,-3.955851e-05,0.0,0,1
AC010424.2,0.0,0.0,0,0
AC010424.3,0.0,0.0,0,0
AC010425.1,0.0,0.0,0,0
AC010445.1,0.0,0.0,0,0
AC010451.1,0.0,0.0,0,0
AC010451.2,0.0,0.0,0,0
AC010451.3,0.0,0.0,0,0
AC010457.1,0.0,0.0,0,0
AC010463.2,0.0,0.0,0,0
AC010463.3,-0.00020675693,0.0,0,1
AC010468.2,0.0,0.0,0,0
AC010476.2,0.0,0.0,0,0
AC010478.1,0.0,0.0,0,0
AC010485.1,0.0,0.0,0,0
AC010486.1,0.0,0.0,0,0
AC010486.2,0.0,0.0,0,0
AC010486.3,0.0,0.0,0,0
AC010487.2,0.0,0.0,0,0
AC010491.2,-0.0040645762,0.0,0,1
AC010494.1,0.0,0.0,0,0
AC010501.2,0.0,0.0,0,0
AC010503.1,0.0,0.0,0,0
AC010503.2,0.0,0.0,0,0
AC010504.1,0.0,0.0,0,0
AC010511.1,0.0,0.0,0,0
AC010519.1,0.0,0.0,0,0
AC010524.1,0.0,0.0,0,0
AC010525.1,0.0,0.0,0,0
AC010528.1,0.0,0.0,0,0
AC010528.2,0.0,0.0,0,0
AC010530.1,0.0,0.0,0,0
AC010531.3,0.0,0.0,0,0
AC010531.4,0.0,0.0,0,0
AC010531.5,0.0,0.0,0,0
AC010531.7,0.0,0.0,0,0
AC010536.1,0.0,0.0,0,0
AC010536.2,0.0,0.0,0,0
AC010536.3,0.0,0.0,0,0
AC010538.1,0.0,0.0,0,0
AC010542.1,0.0,0.0,0,0
AC010542.2,0.0,0.0,0,0
AC010542.4,0.0,0.0,0,0
AC010542.5,0.0,0.0,0,0
AC010547.1,0.0,0.0,0,0
AC010547.2,0.0,0.0,0,0
AC010547.3,0.0,0.0,0,0
AC010551.1,0.0,0.0,0,0
AC010551.2,0.0,0.0,0,0
AC010551.3,0.0,0.0,0,0
AC010595.1,0.0,0.0,0,0
AC010601.1,0.0,0.0,0,0
AC010605.1,0.0,0.0,0,0
AC010608.1,0.0,0.0,0,0
AC010609.1,0.0,0.0,0,0
AC010618.2,0.0,0.0,0,0
AC010623.1,0.0,0.0,0,0
AC010624.1,-0.0013818126,0.0,0,2
AC010624.2,0.0,0.0,0,0
AC010624.3,-0.00648145,0.0,0,2
AC010632.1,0.0,0.0,0,0
AC010632.2,0.0,0.0,0,0
AC010634.1,0.0,0.0,0,0
AC010636.1,0.0,0.0,0,0
AC010638.1,0.0,0.0,0,0
AC010641.1,0.0,0.0,0,0
AC010641.2,0.0,0.0,0,0
AC010643.1,0.0,0.0,0,0
AC010649.1,0.0,0.0,0,0
AC010677.2,0.0,0.0,0,0
AC010680.1,0.0,0.0,0,0
AC010680.3,-0.0004952695,0.0,0,1
AC010680.4,0.0,0.0,0,0
AC010680.5,0.0,0.0,0,0
AC010722.1,0.0,0.0,0,0
AC010723.1,0.0,0.0,0,0
AC010727.1,0.0,0.0,0,0
AC010729.1,0.0,0.0,0,0
AC010729.2,0.0,0.0,0,0
AC010731.2,0.0,0.0,0,0
AC010731.3,0.0,0.0,0,0
AC010733.2,0.0,0.0,0,0
AC010735.1,0.0,0.0,0,0
AC010735.2,0.0,0.0,0,0
AC010737.1,0.0,0.0,0,0
AC010745.1,0.0,0.0,0,0
AC010745.2,0.0,0.0,0,0
AC010745.3,0.0,0.0,0,0
AC010745.4,0.0,0.0,0,0
AC010745.5,0.0,0.0,0,0
AC010746.2,0.0,0.0,0,0
AC010754.1,0.0,0.0,0,0
AC010760.1,0.0,0.0,0,0
AC010761.1,0.0,0.0,0,0
AC010761.2,0.0,0.0,0,0
AC010761.3,0.0,0.0,0,0
AC010761.4,0.0,0.0,0,0
AC010761.5,0.0,0.0,0,0
AC010761.6,0.0,0.0,0,0
AC010768.1,0.0,0.0,0,0
AC010768.2,0.0,0.0,0,0
AC010768.4,0.0,0.0,0,0
AC010776.1,0.0,0.0,0,0
AC010776.2,0.0,0.0,0,0
AC010776.3,0.0,0.0,0,0
AC010789.1,0.0,0.0,0,0
AC010789.2,0.0,0.0,0,0
AC010809.1,0.0,0.0,0,0
AC010809.3,0.0,0.0,0,0
AC010834.2,-0.0019053732,0.0,0,1
AC010857.1,0.0,0.0,0,0
AC010872.2,0.0,0.0,0,0
AC010880.1,0.0,0.0,0,0
AC010883.1,0.0,0.0,0,0
AC010884.1,0.0,0.0,0,0
AC010884.2,0.0,0.0,0,0
AC010889.1,0.0,0.0,0,0
AC010889.2,0.0,0.0,0,0
AC010891.1,0.0,0.0,0,0
AC010894.3,0.0,0.0,0,0
AC010894.4,0.0,0.0,0,0
AC010896.1,0.0,0.0,0,0
AC010904.2,0.0,0.0,0,0
AC010907.1,0.0,0.0,0,0
AC010907.2,0.0,0.0,0,0
AC010931.2,-0.00013769954,0.0,0,1
AC010931.3,0.0,0.0,0,0
AC010941.1,0.0,0.0,0,0
AC010967.1,0.0,0.0,0,0
AC010967.2,0.0,0.0,0,0
AC010969.1,0.0,0.0,0,0
AC010969.3,0.0,0.0,0,0
AC010973.1,0.0,0.0,0,0
AC010973.2,0.0,0.0,0,0
AC010974.1,0.0,0.0,0,0
AC010974.2,0.0,0.0,0,0
AC010975.1,0.0,0.0,0,0
AC010976.1,0.0,0.0,0,0
AC010976.2,0.0,0.0,0,0
AC010980.1,0.0,0.0,0,0
AC010982.1,0.0,0.0,0,0
AC010982.2,0.0,0.0,0,0
AC010983.1,0.0,0.0,0,0
AC010987.1,0.0,0.0,0,0
AC010991.1,0.0,0.0,0,0
AC010997.2,0.0,0.0,0,0
AC010997.3,0.0,0.0,0,0
AC010997.4,-0.00014348478,0.0,0,1
AC010997.5,0.0,0.0,0,0
AC010998.1,0.0,0.0,0,0
AC010998.2,0.0,0.0,0,0
AC010998.3,0.0,0.0,0,0
AC010999.2,0.0,0.0,0,0
AC011005.1,0.0,0.0,0,0
AC011005.4,0.0,0.0,0,0
AC011008.1,0.0,0.0,0,0
AC011029.1,0.0,0.0,0,0
AC011043.2,0.0,0.0,0,0
AC011092.2,0.0,0.0,0,0
AC011092.3,0.0,0.0,0,0
AC011095.1,0.0,0.0,0,0
AC011120.1,0.0,0.0,0,0
AC011124.1,0.0,0.0,0,0
AC011124.2,0.0,0.0,0,0
AC011131.1,0.0,0.0,0,0
AC011139.1,0.0,0.0,0,0
AC011193.1,0.0,0.0,0,0
AC011195.2,0.0,0.0,0,0
AC011196.1,0.0,0.0,0,0
AC011228.1,0.0,0.0,0,0
AC011228.2,0.0,0.0,0,0
AC011233.2,0.0,0.0,0,0
AC011239.1,0.0,0.0,0,0
AC011243.1,0.0,0.0,0,0
AC011246.1,-0.00027613193,0.0,0,1
AC011247.1,0.0,0.0,0,0
AC011257.1,0.0,0.0,0,0
AC011284.1,0.0,0.0,0,0
AC011287.1,0.0,0.0,0,0
AC011287.2,0.0,0.0,0,0
AC011290.1,0.0,0.0,0,0
AC011294.1,0.0,0.0,0,0
AC011297.1,0.0,0.0,0,0
AC011298.1,0.0,0.0,0,0
AC011303.1,0.0,0.0,0,0
AC011306.1,0.0,0.0,0,0
AC011313.1,0.0,0.0,0,0
AC011317.1,0.0,0.0,0,0
AC011322.1,-0.00011634973,0.0,0,1
AC011330.2,-0.0005451309,0.0,0,1
AC011333.1,0.0,0.0,0,0
AC011337.1,-0.0004952631,0.0,0,1
AC011351.1,0.0,0.0,0,0
AC011352.1,0.0,0.0,0,0
AC011352.3,0.0,0.0,0,0
AC011362.1,0.0,0.0,0,0
AC011363.1,0.0,0.0,0,0
AC011365.1,0.0,0.0,0,0
AC011365.2,0.0,0.0,0,0
AC011369.1,0.0,0.0,0,0
AC011370.1,0.0,0.0,0,0
AC011373.1,0.0,0.0,0,0
AC011374.2,-0.0007583502,0.0,0,1
AC011374.3,0.0,0.0,0,0
AC011377.1,0.0,0.0,0,0
AC011379.1,-0.007263498,0.0,0,2
AC011383.1,0.0,0.0,0,0
AC011388.1,0.0,0.0,0,0
AC011389.1,0.0,0.0,0,0
AC011389.2,0.0,0.0,0,0
AC011396.1,0.0,0.0,0,0
AC011396.2,0.0,0.0,0,0
AC011396.3,0.0,0.0,0,0
AC011405.1,-0.0001093348,0.0,0,1
AC011407.1,0.0,0.0,0,0
AC011410.1,0.0,0.0,0,0
AC011416.4,0.0,0.0,0,0
AC011442.1,0.0,0.0,0,0
AC011443.1,0.0,0.0,0,0
AC011444.1,-0.014254714,0.0,0,1
AC011444.3,0.0,0.0,0,0
AC011445.1,-0.014949832,0.0,0,1
AC011446.1,0.0,0.0,0,0
AC011446.2,-0.00017726766,0.0,0,1
AC011446.3,-0.00014137312,0.0,0,1
AC011451.1,0.0,0.0,0,0
AC011451.3,-0.0054051825,0.0,0,1
AC011451.4,0.0,0.0,0,0
AC011453.1,0.0,0.0,0,0
AC011455.1,0.0,0.0,0,0
AC011455.6,0.0,0.0,0,0
AC011461.1,0.0,0.0,0,0
AC011462.2,0.0,0.0,0,0
AC011462.3,0.0,0.0,0,0
AC011462.4,0.0,0.0,0,0
AC011465.1,0.0,0.0,0,0
AC011466.1,-0.00042714554,0.0,0,1
AC011466.2,0.0,0.0,0,0
AC011466.3,0.0,0.0,0,0
AC011467.1,0.0,0.0,0,0
AC011467.7,0.0,0.0,0,0
AC011468.1,0.0,0.0,0,0
AC011468.3,0.0,0.0,0,0
AC011471.2,0.0,0.0,0,0
AC011472.1,0.0,0.0,0,0
AC011472.2,-0.0028103318,0.0,0,2
AC011472.3,-0.00024055091,0.0,0,1
AC011472.4,0.0,0.0,0,0
AC011473.1,0.0,0.0,0,0
AC011473.2,0.0,0.0,0,0
AC011473.3,0.0,0.0,0,0
AC011474.1,0.0,0.0,0,0
AC011474.2,0.0,0.0,0,0
AC011474.3,0.0,0.0,0,0
AC011477.2,-0.00024939716,0.0,0,1
AC011477.3,0.0,0.0,0,0
AC011477.8,0.0,0.0,0,0
AC011477.9,0.0,0.0,0,0
AC011478.1,0.0,0.0,0,0
AC011479.2,0.0,0.0,0,0
AC011479.3,0.0,0.0,0,0
AC011479.4,0.0,0.0,0,0
AC011481.1,0.0,0.0,0,0
AC011483.1,0.0,0.0,0,0
AC011483.2,0.0,0.0,0,0
AC011491.2,0.0,0.0,0,0
AC011491.3,0.0,0.0,0,0
AC011495.2,0.0,0.0,0,0
AC011495.3,0.0,0.0,0,0
AC011497.1,0.0,0.0,0,0
AC011498.2,0.0,0.0,0,0
AC011498.3,0.0,0.0,0,0
AC011500.3,0.0,0.0,0,0
AC011503.1,0.0,0.0,0,0
AC011503.4,0.0,0.0,0,0
AC011505.1,0.0,0.0,0,0
AC011507.1,0.0,0.0,0,0
AC011509.1,0.0,0.0,0,0
AC011509.2,0.0,0.0,0,0
AC011509.3,0.0,0.0,0,0
AC011510.1,0.0,0.0,0,0
AC011511.2,-9.671569e-05,0.0,0,1
AC011511.3,0.0,0.0,0,0
AC011511.5,-0.00011930505,0.0,0,1
AC011516.1,0.0,0.0,0,0
AC011518.1,0.0,0.0,0,0
AC011523.1,0.0,0.0,0,0
AC011524.1,0.0,0.0,0,0
AC011524.2,0.0,0.0,0,0
AC011525.1,0.0,0.0,0,0
AC011525.2,0.0,0.0,0,0
AC011586.2,-0.010097326,0.0,0,2
AC011591.1,0.0,0.0,0,0
AC011593.1,0.0,0.0,0,0
AC011595.1,0.0,0.0,0,0
AC011595.2,0.0,0.0,0,0
AC011601.1,0.0,0.0,0,0
AC011603.1,0.0,0.0,0,0
AC011603.3,0.0,0.0,0,0
AC011611.2,0.0,0.0,0,0
AC011611.3,-0.00012844743,0.0,0,1
AC011625.1,0.0,0.0,0,0
AC011632.1,0.0,0.0,0,0
AC011632.2,0.0,0.0,0,0
AC011676.1,0.0,0.0,0,0
AC011676.2,0.0,0.0,0,0
AC011676.3,0.0,0.0,0,0
AC011676.4,0.0,0.0,0,0
AC011700.1,0.0,0.0,0,0
AC011718.1,0.0,0.0,0,0
AC011726.2,-6.724861e-05,0.0,0,1
AC011726.3,-0.000271553,0.0,0,1
AC011731.1,0.0,0.0,0,0
AC011747.1,0.0,0.0,0,0
AC011751.1,0.0,0.0,0,0
AC011752.1,0.0,0.0,0,0
AC011754.1,0.0,0.0,0,0
AC011754.2,0.0,0.0,0,0
AC011773.1,0.0,0.0,0,0
AC011773.2,0.0,0.0,0,0
AC011773.3,0.0,0.0,0,0
AC011773.4,0.0,0.0,0,0
AC011816.2,0.0,0.0,0,0
AC011824.1,0.0,0.0,0,0
AC011824.2,0.0,0.0,0,0
AC011824.3,0.0,0.0,0,0
AC011824.4,0.0,0.0,0,0
AC011825.2,0.0,0.0,0,0
AC011840.1,0.0,0.0,0,0
AC011840.2,0.0,0.0,0,0
AC011840.3,0.0,0.0,0,0
AC011840.4,0.0,0.0,0,0
AC011841.1,0.0,0.0,0,0
AC011853.2,0.0,0.0,0,0
AC011891.2,0.0,0.0,0,0
AC011893.1,0.0,0.0,0,0
AC011897.1,0.0,0.0,0,0
AC011899.1,0.0,0.0,0,0
AC011899.2,-0.0049850363,0.0,0,2
AC011899.3,-0.0012095203,0.0,0,2
AC011899.4,0.0,0.0,0,0
AC011900.1,0.0,0.0,0,0
AC011901.1,0.0,0.0,0,0
AC011912.1,-0.0002543307,0.0,0,1
AC011921.1,-0.00010910439,0.0,0,1
AC011933.4,-0.00013127677,0.0,0,1
AC011939.2,-3.527392e-05,0.0,0,1
AC011939.3,-0.0007533249,0.0,0,1
AC011944.1,-0.019445641,0.0,0,2
AC011978.2,-0.00016195752,0.0,0,1
AC011990.1,0.0,0.0,0,0
AC011995.1,0.0,0.0,0,0
AC011995.2,0.0,0.0,0,0
AC011997.1,-0.00013883208,0.0,0,1
AC011997.2,0.0,0.0,0,0
AC011998.3,0.0,0.0,0,0
AC012020.1,-0.008701902,0.0,0,2
AC012038.1,0.0,0.0,0,0
AC012038.2,0.0,0.0,0,0
AC012050.1,0.0,0.0,0,0
AC012055.1,0.0,0.0,0,0
AC012055.2,0.0,0.0,0,0
AC012060.1,0.0,0.0,0,0
AC012065.1,0.0,0.0,0,0
AC012065.3,0.0,0.0,0,0
AC012066.2,0.0,0.0,0,0
AC012070.1,0.0,0.0,0,0
AC012074.1,-0.00015472264,0.0,0,1
AC012076.1,0.0,0.0,0,0
AC012078.2,0.0,0.0,0,0
AC012081.1,0.0,0.0,0,0
AC012081.2,0.0,0.0,0,0
AC012085.2,0.0,0.0,0,0
AC012087.2,0.0,0.0,0,0
AC012100.2,0.0,0.0,0,0
AC012101.1,0.0,0.0,0,0
AC012101.2,0.0,0.0,0,0
AC012103.1,0.0,0.0,0,0
AC012123.1,-9.443987e-05,0.0,0,1
AC012146.3,0.0,0.0,0,0
AC012150.1,-0.0027361799,0.0,0,2
AC012150.2,0.0,0.0,0,0
AC012157.2,0.0,0.0,0,0
AC012157.3,0.0,0.0,0,0
AC012170.2,0.0,0.0,0,0
AC012170.3,0.0,0.0,0,0
AC012173.1,0.0,0.0,0,0
AC012174.1,0.0,0.0,0,0
AC012178.1,0.0,0.0,0,0
AC012181.2,-0.0026024191,0.0,0,2
AC012184.1,0.0,0.0,0,0
AC012184.3,-3.3341483e-05,0.0,0,1
AC012184.4,0.0,0.0,0,0
AC012186.2,0.0,0.0,0,0
AC012213.1,0.0,0.0,0,0
AC012213.2,0.0,0.0,0,0
AC012213.3,0.0,0.0,0,0
AC012213.4,0.0,0.0,0,0
AC012229.1,0.0,0.0,0,0
AC012236.1,0.0,0.0,0,0
AC012254.1,0.0,0.0,0,0
AC012254.3,0.0,0.0,0,0
AC012291.3,-0.0024989622,0.0,0,2
AC012301.1,0.0,0.0,0,0
AC012301.2,0.0,0.0,0,0
AC012307.1,0.0,0.0,0,0
AC012309.2,0.0,0.0,0,0
AC012313.2,-0.00037084203,0.0,0,1
AC012313.5,0.0,0.0,0,0
AC012313.6,0.0,0.0,0,0
AC012313.7,-0.0058472534,0.0,0,1
AC012313.8,0.0,0.0,0,0
AC012313.9,-0.00019933203,0.0,0,1
AC012317.1,0.0,0.0,0,0
AC012321.1,0.0,0.0,0,0
AC012322.1,0.0,0.0,0,0
AC012325.1,0.0,0.0,0,0
AC012339.1,0.0,0.0,0,0
AC012349.1,0.0,0.0,0,0
AC012354.1,0.0,0.0,0,0
AC012355.1,0.0,0.0,0,0
AC012358.1,0.0,0.0,0,0
AC012360.1,0.0,0.0,0,0
AC012360.2,0.0,0.0,0,0
AC012360.3,-0.000495288,0.0,0,1
AC012363.1,0.0,0.0,0,0
AC012363.2,-0.0022861152,0.0,0,1
AC012366.1,0.0,0.0,0,0
AC012368.2,-0.0092595415,0.0,0,1
AC012370.1,-0.00014140428,0.0,0,1
AC012370.2,0.0,0.0,0,0
AC012378.1,0.0,0.0,0,0
AC012378.2,0.0,0.0,0,0
AC012379.1,0.0,0.0,0,0
AC012379.2,0.0,0.0,0,0
AC012404.1,0.0,0.0,0,0
AC012404.2,0.0,0.0,0,0
AC012405.1,0.0,0.0,0,0
AC012409.1,0.0,0.0,0,0
AC012409.2,0.0,0.0,0,0
AC012409.3,0.0,0.0,0,0
AC012409.4,0.0,0.0,0,0
AC012413.1,0.0,0.0,0,0
AC012414.3,0.0,0.0,0,0
AC012414.4,0.0,0.0,0,0
AC012414.5,-0.0070976857,0.0,0,2
AC012417.1,0.0,0.0,0,0
AC012433.2,0.0,0.0,0,0
AC012435.3,0.0,0.0,0,0
AC012442.1,0.0,0.0,0,0
AC012442.2,-0.0001556262,0.0,0,1
AC012445.1,0.0,0.0,0,0
AC012447.1,0.0,0.0,0,0
AC012451.1,0.0,0.0,0,0
AC012456.1,0.0,0.0,0,0
AC012456.2,0.0,0.0,0,0
AC012462.1,0.0,0.0,0,0
AC012462.2,0.0,0.0,0,0
AC012462.3,0.0,0.0,0,0
AC012464.1,0.0,0.0,0,0
AC012464.2,0.0,0.0,0,0
AC012464.3,0.0,0.0,0,0
AC012467.1,0.0,0.0,0,0
AC012467.2,-2.1378355e-05,0.0,0,1
AC012470.1,0.0,0.0,0,0
AC012485.1,-0.00021212322,0.0,0,1
AC012485.2,0.0,0.0,0,0
AC012485.3,0.0,0.0,0,0
AC012494.1,0.0,0.0,0,0
AC012494.2,0.0,0.0,0,0
AC012499.1,0.0,0.0,0,0
AC012500.1,0.0,0.0,0,0
AC012501.2,0.0,0.0,0,0
AC012506.1,0.0,0.0,0,0
AC012506.2,0.0,0.0,0,0
AC012506.3,0.0,0.0,0,0
AC012506.4,0.0,0.0,0,0
AC012507.1,0.0,0.0,0,0
AC012507.3,0.0,0.0,0,0
AC012508.1,0.0,0.0,0,0
AC012508.2,-0.0002877986,0.0,0,1
AC012508.3,0.0,0.0,0,0
AC012511.2,0.0,0.0,0,0
AC012513.1,0.0,0.0,0,0
AC012531.1,0.0,0.0,0,0
AC012533.1,0.0,0.0,0,0
AC012535.1,0.0,0.0,0,0
AC012555.1,0.0,0.0,0,0
AC012555.2,0.0,0.0,0,0
AC012557.1,0.0,0.0,0,0
AC012557.2,-0.00029397066,0.0,0,1
AC012558.1,0.0,0.0,0,0
AC012560.1,0.0,0.0,0,0
AC012564.1,0.0,0.0,0,0
AC012568.1,0.0,0.0,0,0
AC012572.1,0.0,0.0,0,0
AC012574.1,0.0,0.0,0,0
AC012574.2,0.0,0.0,0,0
AC012588.1,0.0,0.0,0,0
AC012593.1,0.0,0.0,0,0
AC012613.1,0.0,0.0,0,0
AC012613.2,0.0,0.0,0,0
AC012615.2,0.0,0.0,0,0
AC012615.3,0.0,0.0,0,0
AC012615.4,0.0,0.0,0,0
AC012615.5,0.0,0.0,0,0
AC012625.1,0.0,0.0,0,0
AC012629.1,0.0,0.0,0,0
AC012629.2,0.0,0.0,0,0
AC012636.1,0.0,0.0,0,0
AC012640.2,-0.013667975,0.0,0,2
AC012640.3,0.0,0.0,0,0
AC012645.1,-0.0003648284,0.0,0,1
AC012645.2,0.0,0.0,0,0
AC012645.4,0.0,0.0,0,0
AC012653.2,0.0,0.0,0,0
AC012668.1,0.0,0.0,0,0
AC012668.2,0.0,0.0,0,0
AC012673.1,0.0,0.0,0,0
AC012676.1,-0.00013144057,0.0,0,1
AC012676.3,0.0,0.0,0,0
AC012676.4,-0.0002695619,0.0,0,1
AC013248.1,0.0,0.0,0,0
AC013264.1,0.0,0.0,0,0
AC013265.1,0.0,0.0,0,0
AC013267.2,0.0,0.0,0,0
AC013269.1,0.0,0.0,0,0
AC013269.2,0.0,0.0,0,0
AC013275.1,0.0,0.0,0,0
AC013286.1,0.0,0.0,0,0
AC013287.1,0.0,0.0,0,0
AC013356.2,0.0,0.0,0,0
AC013356.3,0.0,0.0,0,0
AC013356.4,0.0,0.0,0,0
AC013391.1,0.0,0.0,0,0
AC013391.2,0.0,0.0,0,0
AC013391.3,0.0,0.0,0,0
AC013401.1,0.0,0.0,0,0
AC013402.1,0.0,0.0,0,0
AC013402.2,0.0,0.0,0,0
AC013402.3,0.0,0.0,0,0
AC013403.2,-0.007158249,0.0,0,2
AC013436.1,0.0,0.0,0,0
AC013437.1,0.0,0.0,0,0
AC013439.2,0.0,0.0,0,0
AC013448.1,0.0,0.0,0,0
AC013448.2,0.0,0.0,0,0
AC013452.2,0.0,0.0,0,0
AC013457.1,0.0,0.0,0,0
AC013460.1,-0.00016963512,0.0,0,1
AC013468.1,0.0,0.0,0,0
AC013470.2,-0.00013769954,0.0,0,1
AC013472.1,0.0,0.0,0,0
AC013472.2,0.0,0.0,0,0
AC013472.3,-0.00040424208,0.0,0,1
AC013476.1,0.0,0.0,0,0
AC013480.1,0.0,0.0,0,0
AC013486.1,-0.00041810787,0.0,0,1
AC013509.1,0.0,0.0,0,0
AC013549.1,0.0,0.0,0,0
AC013549.3,0.0,0.0,0,0
AC013549.4,0.0,0.0,0,0
AC013553.3,0.0,0.0,0,0
AC013553.4,0.0,0.0,0,0
AC013562.1,0.0,0.0,0,0
AC013564.1,0.0,0.0,0,0
AC013565.1,0.0,0.0,0,0
AC013640.1,0.0,0.0,0,0
AC013643.2,0.0,0.0,0,0
AC013644.1,0.0,0.0,0,0
AC013652.1,0.0,0.0,0,0
AC013652.2,0.0,0.0,0,0
AC013701.2,0.0,0.0,0,0
AC013716.1,0.0,0.0,0,0
AC013724.1,0.0,0.0,0,0
AC013726.1,0.0,0.0,0,0
AC013727.1,0.0,0.0,0,0
AC013727.2,0.0,0.0,0,0
AC013731.1,-0.0002370088,0.0,0,1
AC013733.1,0.0,0.0,0,0
AC013733.2,0.0,0.0,0,0
AC013762.1,0.0,0.0,0,0
AC013799.1,0.0,0.0,0,0
AC015468.1,0.0,0.0,0,0
AC015468.2,0.0,0.0,0,0
AC015468.3,0.0,0.0,0,0
AC015522.1,0.0,0.0,0,0
AC015540.1,0.0,0.0,0,0
AC015563.1,0.0,0.0,0,0
AC015563.2,0.0,0.0,0,0
AC015574.1,0.0,0.0,0,0
AC015631.1,0.0,0.0,0,0
AC015660.1,0.0,0.0,0,0
AC015660.3,-0.00013144057,0.0,0,1
AC015660.5,-0.00023754052,0.0,0,1
AC015674.1,0.0,0.0,0,0
AC015688.6,0.0,0.0,0,0
AC015712.1,-0.0011840487,0.0,0,1
AC015712.4,0.0,0.0,0,0
AC015712.7,0.0,0.0,0,0
AC015722.1,0.0,0.0,0,0
AC015722.2,0.0,0.0,0,0
AC015726.2,0.0,0.0,0,0
AC015727.1,-0.00027194826,0.0,0,1
AC015795.1,0.0,0.0,0,0
AC015802.1,0.0,0.0,0,0
AC015802.3,-0.007447509,0.0,0,2
AC015802.5,0.0,0.0,0,0
AC015802.7,0.0,0.0,0,0
AC015813.3,0.0,0.0,0,0
AC015813.4,0.0,0.0,0,0
AC015813.8,0.0,0.0,0,0
AC015818.2,0.0,0.0,0,0
AC015818.4,0.0,0.0,0,0
AC015818.7,0.0,0.0,0,0
AC015818.8,0.0,0.0,0,0
AC015819.5,0.0,0.0,0,0
AC015845.1,0.0,0.0,0,0
AC015845.2,0.0,0.0,0,0
AC015849.1,0.0,0.0,0,0
AC015849.2,0.0,0.0,0,0
AC015849.3,0.0,0.0,0,0
AC015849.4,0.0,0.0,0,0
AC015853.1,0.0,0.0,0,0
AC015853.2,-0.015640559,0.0,0,1
AC015853.3,0.0,0.0,0,0
AC015878.1,0.0,0.0,0,0
AC015878.2,0.0,0.0,0,0
AC015908.2,0.0,0.0,0,0
AC015908.3,0.0,0.0,0,0
AC015908.4,0.0,0.0,0,0
AC015909.2,0.0,0.0,0,0
AC015909.3,0.0,0.0,0,0
AC015909.4,0.0,0.0,0,0
AC015911.2,0.0,0.0,0,0
AC015911.3,0.0,0.0,0,0
AC015911.5,0.0,0.0,0,0
AC015911.6,0.0,0.0,0,0
AC015911.9,0.0,0.0,0,0
AC015914.1,0.0,0.0,0,0
AC015921.1,0.0,0.0,0,0
AC015922.2,0.0,0.0,0,0
AC015922.3,-0.00012645211,0.0,0,1
AC015923.1,0.0,0.0,0,0
AC015936.1,0.0,0.0,0,0
AC015936.2,0.0,0.0,0,0
AC015943.1,0.0,0.0,0,0
AC015961.1,0.0,0.0,0,0
AC015961.2,-0.00033685743,0.0,0,1
AC015967.1,-0.00012531054,0.0,0,1
AC015969.1,0.0,0.0,0,0
AC015971.1,0.0,0.0,0,0
AC015977.2,0.0,0.0,0,0
AC015983.2,0.0,0.0,0,0
AC015987.1,0.0,0.0,0,0
AC016026.2,0.0,0.0,0,0
AC016027.1,-0.0024008458,0.0,0,2
AC016027.2,0.0,0.0,0,0
AC016027.3,0.0,0.0,0,0
AC016042.1,0.0,0.0,0,0
AC016044.1,0.0,0.0,0,0
AC016065.1,-0.005636753,0.0,0,2
AC016074.1,0.0,0.0,0,0
AC016074.2,0.0,0.0,0,0
AC016134.1,0.0,0.0,0,0
AC016168.1,0.0,0.0,0,0
AC016168.2,0.0,0.0,0,0
AC016168.4,0.0,0.0,0,0
AC016229.1,0.0,0.0,0,0
AC016229.2,0.0,0.0,0,0
AC016240.1,0.0,0.0,0,0
AC016245.1,0.0,0.0,0,0
AC016245.2,-0.00013210023,0.0,0,1
AC016252.1,0.0,0.0,0,0
AC016266.1,0.0,0.0,0,0
AC016292.1,0.0,0.0,0,0
AC016382.1,0.0,0.0,0,0
AC016383.1,0.0,0.0,0,0
AC016383.2,0.0,0.0,0,0
AC016383.3,0.0,0.0,0,0
AC016394.2,-0.00021677856,0.0,0,1
AC016396.1,0.0,0.0,0,0
AC016396.2,0.0,0.0,0,0
AC016405.2,0.0,0.0,0,0
AC016405.3,-5.673846e-05,0.0,0,1
AC016493.1,0.0,0.0,0,0
AC016526.1,0.0,0.0,0,0
AC016526.4,0.0,0.0,0,0
AC016549.1,0.0,0.0,0,0
AC016550.1,0.0,0.0,0,0
AC016550.2,0.0,0.0,0,0
AC016550.3,0.0,0.0,0,0
AC016553.1,0.0,0.0,0,0
AC016556.1,0.0,0.0,0,0
AC016571.1,0.0,0.0,0,0
AC016573.1,0.0,0.0,0,0
AC016576.1,0.0,0.0,0,0
AC016586.1,0.0,0.0,0,0
AC016587.1,0.0,0.0,0,0
AC016588.1,0.0,0.0,0,0
AC016590.1,0.0,0.0,0,0
AC016590.2,0.0,0.0,0,0
AC016590.4,0.0,0.0,0,0
AC016595.1,0.0,0.0,0,0
AC016596.1,-0.00033043046,0.0,0,1
AC016597.1,0.0,0.0,0,0
AC016597.2,0.0,0.0,0,0
AC016598.1,0.0,0.0,0,0
AC016598.2,0.0,0.0,0,0
AC016629.2,0.0,0.0,0,0
AC016642.1,0.0,0.0,0,0
AC016644.1,0.0,0.0,0,0
AC016650.1,0.0,0.0,0,0
AC016682.1,0.0,0.0,0,0
AC016683.1,0.0,0.0,0,0
AC016687.2,0.0,0.0,0,0
AC016687.3,0.0,0.0,0,0
AC016700.3,-0.000100257654,0.0,0,1
AC016705.1,0.0,0.0,0,0
AC016705.2,0.0,0.0,0,0
AC016705.3,0.0,0.0,0,0
AC016710.1,0.0,0.0,0,0
AC016716.2,0.0,0.0,0,0
AC016717.2,0.0,0.0,0,0
AC016721.1,0.0,0.0,0,0
AC016722.1,0.0,0.0,0,0
AC016722.2,-0.00024577163,0.0,0,1
AC016723.1,0.0,0.0,0,0
AC016727.3,0.0,0.0,0,0
AC016730.1,0.0,0.0,0,0
AC016735.1,0.0,0.0,0,0
AC016737.2,0.0,0.0,0,0
AC016738.1,0.0,0.0,0,0
AC016738.2,0.0,0.0,0,0
AC016743.1,0.0,0.0,0,0
AC016745.1,0.0,0.0,0,0
AC016746.1,0.0,0.0,0,0
AC016747.2,0.0,0.0,0,0
AC016747.3,-0.00027516662,0.0,0,1
AC016751.1,0.0,0.0,0,0
AC016751.2,0.0,0.0,0,0
AC016766.1,0.0,0.0,0,0
AC016769.5,0.0,0.0,0,0
AC016769.6,0.0,0.0,0,0
AC016813.1,0.0,0.0,0,0
AC016816.1,0.0,0.0,0,0
AC016820.1,0.0,0.0,0,0
AC016822.1,0.0,0.0,0,0
AC016825.1,0.0,0.0,0,0
AC016831.6,0.0,0.0,0,0
AC016831.7,-0.0007274202,0.0,0,1
AC016866.1,0.0,0.0,0,0
AC016866.2,0.0,0.0,0,0
AC016868.1,0.0,0.0,0,0
AC016876.3,-0.0002788124,0.0,0,1
AC016877.1,0.0,0.0,0,0
AC016877.3,0.0,0.0,0,0
AC016885.1,0.0,0.0,0,0
AC016885.2,0.0,0.0,0,0
AC016888.1,0.0,0.0,0,0
AC016902.1,0.0,0.0,0,0
AC016903.1,0.0,0.0,0,0
AC016903.2,0.0,0.0,0,0
AC016907.2,-0.0002130209,0.0,0,1
AC016910.1,0.0,0.0,0,0
AC016924.1,0.0,0.0,0,0
AC016925.3,0.0,0.0,0,0
AC016931.1,0.0,0.0,0,0
AC016933.1,0.0,0.0,0,0
AC016957.2,-0.008533413,0.0,0,2
AC016968.1,0.0,0.0,0,0
AC016987.1,0.0,0.0,0,0
AC016987.2,0.0,0.0,0,0
AC016993.1,0.0,0.0,0,0
AC016994.1,0.0,0.0,0,0
AC016995.1,0.0,0.0,0,0
AC016999.1,-0.0060113934,0.0,0,2
AC017000.1,0.0,0.0,0,0
AC017002.1,0.0,0.0,0,0
AC017002.2,0.0,0.0,0,0
AC017002.3,-0.0004040829,0.0,0,1
AC017002.5,0.0,0.0,0,0
AC017002.6,0.0,0.0,0,0
AC017006.1,0.0,0.0,0,0
AC017006.2,0.0,0.0,0,0
AC017007.5,0.0,0.0,0,0
AC017015.2,0.0,0.0,0,0
AC017028.2,0.0,0.0,0,0
AC017037.5,0.0,0.0,0,0
AC017048.1,0.0,0.0,0,0
AC017048.2,0.0,0.0,0,0
AC017048.3,0.0,0.0,0,0
AC017050.1,0.0,0.0,0,0
AC017053.1,0.0,0.0,0,0
AC017067.1,0.0,0.0,0,0
AC017074.1,-0.00019223348,0.0,0,1
AC017074.2,0.0,0.0,0,0
AC017076.1,0.0,0.0,0,0
AC017091.1,0.0,0.0,0,0
AC017099.2,0.0,0.0,0,0
AC017100.1,0.0,0.0,0,0
AC017101.1,-5.882231e-05,0.0,0,1
AC017104.1,-0.0005304791,0.0,0,1
AC017104.3,0.0,0.0,0,0
AC017104.6,0.0,0.0,0,0
AC018358.1,0.0,0.0,0,0
AC018359.1,0.0,0.0,0,0
AC018362.2,0.0,0.0,0,0
AC018371.1,0.0,0.0,0,0
AC018398.1,0.0,0.0,0,0
AC018410.1,0.0,0.0,0,0
AC018410.2,0.0,0.0,0,0
AC018437.2,0.0,0.0,0,0
AC018437.3,-0.00023359683,0.0,0,1
AC018442.2,0.0,0.0,0,0
AC018445.1,0.0,0.0,0,0
AC018445.6,0.0,0.0,0,0
AC018450.1,0.0,0.0,0,0
AC018450.2,0.0,0.0,0,0
AC018462.1,0.0,0.0,0,0
AC018464.1,0.0,0.0,0,0
AC018467.1,0.0,0.0,0,0
AC018495.1,0.0,0.0,0,0
AC018511.1,0.0,0.0,0,0
AC018511.2,0.0,0.0,0,0
AC018511.5,0.0,0.0,0,0
AC018521.2,0.0,0.0,0,0
AC018521.3,0.0,0.0,0,0
AC018521.4,0.0,0.0,0,0
AC018521.6,0.0,0.0,0,0
AC018521.7,0.0,0.0,0,0
AC018529.1,0.0,0.0,0,0
AC018541.1,0.0,0.0,0,0
AC018545.1,0.0,0.0,0,0
AC018552.2,0.0,0.0,0,0
AC018552.3,0.0,0.0,0,0
AC018553.1,0.0,0.0,0,0
AC018553.2,0.0,0.0,0,0
AC018553.3,0.0,0.0,0,0
AC018557.1,0.0,0.0,0,0
AC018557.2,0.0,0.0,0,0
AC018557.3,0.0,0.0,0,0
AC018558.1,0.0,0.0,0,0
AC018558.2,0.0,0.0,0,0
AC018558.3,0.0,0.0,0,0
AC018558.6,0.0,0.0,0,0
AC018558.7,0.0,0.0,0,0
AC018563.1,0.0,0.0,0,0
AC018616.1,0.0,0.0,0,0
AC018618.1,0.0,0.0,0,0
AC018628.2,0.0,0.0,0,0
AC018635.2,0.0,0.0,0,0
AC018637.1,0.0,0.0,0,0
AC018638.7,-0.00026449547,0.0,0,1
AC018643.1,0.0,0.0,0,0
AC018645.3,-0.0001374061,0.0,0,1
AC018647.1,0.0,0.0,0,0
AC018647.3,-0.000117778116,0.0,0,1
AC018648.1,-0.00015564787,0.0,0,1
AC018653.1,0.0,0.0,0,0
AC018653.3,0.0,0.0,0,0
AC018653.4,0.0,0.0,0,0
AC018678.1,0.0,0.0,0,0
AC018680.1,0.0,0.0,0,0
AC018682.1,0.0,0.0,0,0
AC018682.2,0.0,0.0,0,0
AC018685.1,0.0,0.0,0,0
AC018685.2,0.0,0.0,0,0
AC018685.3,0.0,0.0,0,0
AC018692.1,0.0,0.0,0,0
AC018693.1,0.0,0.0,0,0
AC018695.2,0.0,0.0,0,0
AC018695.3,0.0,0.0,0,0
AC018695.4,0.0,0.0,0,0
AC018695.6,0.0,0.0,0,0
AC018695.8,0.0,0.0,0,0
AC018695.9,0.0,0.0,0,0
AC018697.1,0.0,0.0,0,0
AC018706.1,0.0,0.0,0,0
AC018714.2,0.0,0.0,0,0
AC018716.1,0.0,0.0,0,0
AC018716.2,0.0,0.0,0,0
AC018730.1,0.0,0.0,0,0
AC018731.1,0.0,0.0,0,0
AC018742.1,0.0,0.0,0,0
AC018752.1,0.0,0.0,0,0
AC018754.1,-0.013339483,0.0,0,2
AC018755.1,0.0,0.0,0,0
AC018761.1,0.0,0.0,0,0
AC018761.2,-0.00016976123,0.0,0,1
AC018761.4,0.0,0.0,0,0
AC018766.1,0.0,0.0,0,0
AC018767.1,0.0,0.0,0,0
AC018767.2,0.0,0.0,0,0
AC018767.3,0.0,0.0,0,0
AC018781.1,0.0,0.0,0,0
AC018797.3,0.0,0.0,0,0
AC018802.1,0.0,0.0,0,0
AC018802.2,0.0,0.0,0,0
AC018809.1,0.0,0.0,0,0
AC018809.2,0.0,0.0,0,0
AC018814.1,0.0,0.0,0,0
AC018832.1,0.0,0.0,0,0
AC018845.1,0.0,0.0,0,0
AC018845.3,0.0,0.0,0,0
AC018861.2,0.0,0.0,0,0
AC018865.1,0.0,0.0,0,0
AC018866.1,0.0,0.0,0,0
AC018878.1,0.0,0.0,0,0
AC018904.1,0.0,0.0,0,0
AC018904.2,0.0,0.0,0,0
AC018926.1,0.0,0.0,0,0
AC018926.2,-8.226333e-06,0.0,0,1
AC018926.3,0.0,0.0,0,0
AC018931.1,0.0,0.0,0,0
AC018943.1,0.0,0.0,0,0
AC018946.1,0.0,0.0,0,0
AC018953.1,0.0,0.0,0,0
AC018953.2,0.0,0.0,0,0
AC018978.1,0.0,0.0,0,0
AC019055.1,0.0,0.0,0,0
AC019064.1,0.0,0.0,0,0
AC019068.1,0.0,0.0,0,0
AC019069.1,-0.036991544,0.0,0,2
AC019077.1,0.0,0.0,0,0
AC019080.4,0.0,0.0,0,0
AC019080.5,0.0,0.0,0,0
AC019080.6,-0.00016119047,0.0,0,1
AC019103.1,0.0,0.0,0,0
AC019117.1,0.0,0.0,0,0
AC019117.2,-0.00031223107,0.0,0,1
AC019118.1,0.0,0.0,0,0
AC019118.2,0.0,0.0,0,0
AC019127.1,0.0,0.0,0,0
AC019130.1,0.0,0.0,0,0
AC019131.1,0.0,0.0,0,0
AC019131.3,0.0,0.0,0,0
AC019133.1,0.0,0.0,0,0
AC019155.2,0.0,0.0,0,0
AC019159.2,0.0,0.0,0,0
AC019163.1,-0.017235246,0.0,0,2
AC019171.1,-0.00032431213,0.0,0,1
AC019183.1,0.0,0.0,0,0
AC019185.2,0.0,0.0,0,0
AC019193.2,0.0,0.0,0,0
AC019193.3,0.0,0.0,0,0
AC019193.4,0.0,0.0,0,0
AC019197.1,0.0,0.0,0,0
AC019209.1,0.0,0.0,0,0
AC019209.2,0.0,0.0,0,0
AC019209.3,0.0,0.0,0,0
AC019211.1,0.0,0.0,0,0
AC019254.1,-0.00016060688,0.0,0,1
AC019254.2,0.0,0.0,0,0
AC019257.1,0.0,0.0,0,0
AC019257.2,0.0,0.0,0,0
AC019257.9,0.0,0.0,0,0
AC019270.1,0.0,0.0,0,0
AC019294.2,-0.0029245615,0.0,0,2
AC019294.3,0.0,0.0,0,0
AC019330.1,0.0,0.0,0,0
AC019349.1,0.0,0.0,0,0
AC020550.2,0.0,0.0,0,0
AC020551.1,0.0,0.0,0,0
AC020558.1,-0.04938409,0.0,0,2
AC020558.2,0.0,0.0,0,0
AC020558.6,0.0,0.0,0,0
AC020584.1,0.0,0.0,0,0
AC020594.1,0.0,0.0,0,0
AC020595.1,0.0,0.0,0,0
AC020611.2,0.0,0.0,0,0
AC020612.3,0.0,0.0,0,0
AC020612.4,0.0,0.0,0,0
AC020634.2,0.0,0.0,0,0
AC020636.1,0.0,0.0,0,0
AC020637.1,0.0,0.0,0,0
AC020651.1,0.0,0.0,0,0
AC020651.2,0.0,0.0,0,0
AC020655.1,-0.01331906,0.0,0,1
AC020656.2,-5.2239677e-05,0.0,0,1
AC020658.2,0.0,0.0,0,0
AC020658.3,0.0,0.0,0,0
AC020658.4,0.0,0.0,0,0
AC020659.1,-0.00033824192,0.0,0,1
AC020659.2,0.0,0.0,0,0
AC020661.2,0.0,0.0,0,0
AC020661.3,0.0,0.0,0,0
AC020661.4,-0.004191343,0.0,0,2
AC020663.2,0.0,0.0,0,0
AC020687.1,0.0,0.0,0,0
AC020703.1,0.0,0.0,0,0
AC020704.1,0.0,0.0,0,0
AC020718.1,0.0,0.0,0,0
AC020719.1,0.0,0.0,0,0
AC020741.1,0.0,0.0,0,0
AC020743.1,0.0,0.0,0,0
AC020743.2,0.0,0.0,0,0
AC020743.3,0.0,0.0,0,0
AC020763.1,0.0,0.0,0,0
AC020765.2,-0.00016899686,0.0,0,1
AC020779.2,0.0,0.0,0,0
AC020891.1,0.0,0.0,0,0
AC020891.2,0.0,0.0,0,0
AC020891.3,0.0,0.0,0,0
AC020892.1,0.0,0.0,0,0
AC020892.2,0.0,0.0,0,0
AC020897.1,0.0,0.0,0,0
AC020900.1,0.0,0.0,0,0
AC020905.1,0.0,0.0,0,0
AC020907.1,0.0,0.0,0,0
AC020907.4,0.0,0.0,0,0
AC020908.1,0.0,0.0,0,0
AC020908.2,0.0,0.0,0,0
AC020908.3,0.0,0.0,0,0
AC020909.2,-0.00032096574,0.0,0,1
AC020909.3,-0.00010694188,0.0,0,1
AC020910.2,0.0,0.0,0,0
AC020911.1,0.0,0.0,0,0
AC020911.3,-0.00016093311,0.0,0,1
AC020913.1,0.0,0.0,0,0
AC020913.2,0.0,0.0,0,0
AC020913.3,0.0,0.0,0,0
AC020914.1,0.0,0.0,0,0
AC020915.1,0.0,0.0,0,0
AC020916.2,0.0,0.0,0,0
AC020917.2,0.0,0.0,0,0
AC020917.3,0.0,0.0,0,0
AC020922.2,0.0,0.0,0,0
AC020922.3,0.0,0.0,0,0
AC020922.4,0.0,0.0,0,0
AC020928.1,-0.00013723907,0.0,0,1
AC020928.2,0.0,0.0,0,0
AC020930.1,0.0,0.0,0,0
AC020931.1,-0.00018787904,0.0,0,1
AC020934.1,0.0,0.0,0,0
AC020934.2,0.0,0.0,0,0
AC020978.2,0.0,0.0,0,0
AC020978.3,0.0,0.0,0,0
AC020978.4,0.0,0.0,0,0
AC020978.5,-0.00022149326,0.0,0,1
AC020978.6,-0.006989019,0.0,0,1
AC020980.1,0.0,0.0,0,0
AC021016.3,-2.9713847e-06,0.0,0,1
AC021035.1,0.0,0.0,0,0
AC021037.1,0.0,0.0,0,0
AC021055.1,0.0,0.0,0,0
AC021066.1,0.0,0.0,0,0
AC021072.1,0.0,0.0,0,0
AC021074.3,0.0,0.0,0,0
AC021086.1,-0.0005205835,0.0,0,1
AC021087.4,0.0,0.0,0,0
AC021088.1,0.0,0.0,0,0
AC021092.1,-0.00023532978,0.0,0,1
AC021097.1,-0.0003756158,0.0,0,1
AC021097.2,0.0,0.0,0,0
AC021127.1,0.0,0.0,0,0
AC021134.1,0.0,0.0,0,0
AC021134.2,0.0,0.0,0,0
AC021146.12,0.0,0.0,0,0
AC021148.2,-0.00021061824,0.0,0,1
AC021151.1,0.0,0.0,0,0
AC021180.1,0.0,0.0,0,0
AC021188.1,0.0,0.0,0,0
AC021192.1,0.0,0.0,0,0
AC021205.3,-0.00022288377,0.0,0,1
AC021218.1,0.0,0.0,0,0
AC021220.2,0.0,0.0,0,0
AC021231.1,0.0,0.0,0,0
AC021236.1,0.0,0.0,0,0
AC021237.1,0.0,0.0,0,0
AC021242.2,0.0,0.0,0,0
AC021242.3,0.0,0.0,0,0
AC021269.3,0.0,0.0,0,0
AC021321.1,-0.00019394234,0.0,0,1
AC021321.2,0.0,0.0,0,0
AC021351.1,0.0,0.0,0,0
AC021355.1,0.0,0.0,0,0
AC021382.1,0.0,0.0,0,0
AC021393.1,0.0,0.0,0,0
AC021422.1,0.0,0.0,0,0
AC021451.2,0.0,0.0,0,0
AC021451.3,0.0,0.0,0,0
AC021483.1,0.0,0.0,0,0
AC021483.2,-0.00022319838,0.0,0,1
AC021491.1,0.0,0.0,0,0
AC021491.3,0.0,0.0,0,0
AC021504.1,-0.00013223605,0.0,0,1
AC021506.1,0.0,0.0,0,0
AC021517.1,0.0,0.0,0,0
AC021517.2,0.0,0.0,0,0
AC021534.1,0.0,0.0,0,0
AC021546.1,0.0,0.0,0,0
AC021549.1,0.0,0.0,0,0
AC021573.1,0.0,0.0,0,0
AC021594.1,0.0,0.0,0,0
AC021594.2,0.0,0.0,0,0
AC021613.1,0.0,0.0,0,0
AC021660.4,0.0,0.0,0,0
AC021678.2,0.0,0.0,0,0
AC021683.1,0.0,0.0,0,0
AC021683.2,0.0,0.0,0,0
AC021683.3,0.0,0.0,0,0
AC021683.5,0.0,0.0,0,0
AC021683.6,0.0,0.0,0,0
AC021698.1,0.0,0.0,0,0
AC021701.1,0.0,0.0,0,0
AC021713.1,0.0,0.0,0,0
AC021723.2,0.0,0.0,0,0
AC021733.2,0.0,0.0,0,0
AC021733.4,0.0,0.0,0,0
AC021736.1,0.0,0.0,0,0
AC021739.3,0.0,0.0,0,0
AC021739.4,0.0,0.0,0,0
AC021739.5,0.0,0.0,0,0
AC021744.1,0.0,0.0,0,0
AC021752.1,-0.00018153245,0.0,0,1
AC021755.2,0.0,0.0,0,0
AC021755.3,0.0,0.0,0,0
AC021785.1,0.0,0.0,0,0
AC021818.1,0.0,0.0,0,0
AC021851.2,0.0,0.0,0,0
AC021860.1,0.0,0.0,0,0
AC021915.1,0.0,0.0,0,0
AC021915.2,0.0,0.0,0,0
AC021979.1,0.0,0.0,0,0
AC021979.2,0.0,0.0,0,0
AC021979.3,0.0,0.0,0,0
AC022001.2,0.0,0.0,0,0
AC022001.3,0.0,0.0,0,0
AC022017.1,0.0,0.0,0,0
AC022023.2,0.0,0.0,0,0
AC022028.2,0.0,0.0,0,0
AC022031.1,0.0,0.0,0,0
AC022031.2,0.0,0.0,0,0
AC022034.1,-0.010079021,0.0,0,2
AC022034.3,0.0,0.0,0,0
AC022034.4,0.0,0.0,0,0
AC022035.1,0.0,0.0,0,0
AC022039.1,0.0,0.0,0,0
AC022068.1,0.0,0.0,0,0
AC022079.1,0.0,0.0,0,0
AC022079.2,0.0,0.0,0,0
AC022081.1,0.0,0.0,0,0
AC022087.1,0.0,0.0,0,0
AC022092.1,-0.001919854,0.0,0,2
AC022098.2,0.0,0.0,0,0
AC022098.3,-0.0019009146,0.0,0,2
AC022098.4,-0.009179669,0.0,0,2
AC022101.1,-0.002226527,0.0,0,1
AC022113.1,0.0,0.0,0,0
AC022118.1,0.0,0.0,0,0
AC022140.1,0.0,0.0,0,0
AC022145.1,0.0,0.0,0,0
AC022146.2,0.0,0.0,0,0
AC022148.1,0.0,0.0,0,0
AC022148.2,0.0,0.0,0,0
AC022150.1,0.0,0.0,0,0
AC022150.2,0.0,0.0,0,0
AC022150.3,0.0,0.0,0,0
AC022154.1,0.0,0.0,0,0
AC022164.1,0.0,0.0,0,0
AC022165.1,0.0,0.0,0,0
AC022166.1,0.0,0.0,0,0
AC022166.2,0.0,0.0,0,0
AC022167.1,0.0,0.0,0,0
AC022167.3,-0.00014884853,0.0,0,1
AC022167.4,0.0,0.0,0,0
AC022168.1,0.0,0.0,0,0
AC022182.1,-0.018480105,0.0,0,1
AC022188.1,0.0,0.0,0,0
AC022196.1,0.0,0.0,0,0
AC022201.1,0.0,0.0,0,0
AC022201.2,-0.00013418564,0.0,0,1
AC022210.2,0.0,0.0,0,0
AC022211.1,0.0,0.0,0,0
AC022211.2,-4.9555947e-05,0.0,0,1
AC022211.3,0.0,0.0,0,0
AC022215.2,0.0,0.0,0,0
AC022217.2,0.0,0.0,0,0
AC022217.3,-0.000117872325,0.0,0,1
AC022239.1,0.0,0.0,0,0
AC022239.2,0.0,0.0,0,0
AC022267.1,0.0,0.0,0,0
AC022272.1,0.0,0.0,0,0
AC022274.1,0.0,0.0,0,0
AC022276.1,0.0,0.0,0,0
AC022296.4,0.0,0.0,0,0
AC022306.3,0.0,0.0,0,0
AC022308.1,0.0,0.0,0,0
AC022325.2,0.0,0.0,0,0
AC022336.2,0.0,0.0,0,0
AC022360.2,0.0,0.0,0,0
AC022364.1,-0.0006282763,0.0,0,1
AC022367.1,0.0,0.0,0,0
AC022382.1,0.0,0.0,0,0
AC022382.2,0.0,0.0,0,0
AC022387.2,0.0,0.0,0,0
AC022392.1,0.0,0.0,0,0
AC022400.1,0.0,0.0,0,0
AC022400.2,0.0,0.0,0,0
AC022400.4,-6.176857e-05,0.0,0,1
AC022405.1,0.0,0.0,0,0
AC022413.2,-0.00014738143,0.0,0,1
AC022424.1,0.0,0.0,0,0
AC022424.2,0.0,0.0,0,0
AC022431.1,0.0,0.0,0,0
AC022433.1,0.0,0.0,0,0
AC022440.1,0.0,0.0,0,0
AC022441.1,0.0,0.0,0,0
AC022441.2,0.0,0.0,0,0
AC022445.1,0.0,0.0,0,0
AC022447.1,0.0,0.0,0,0
AC022447.2,0.0,0.0,0,0
AC022447.3,0.0,0.0,0,0
AC022447.5,0.0,0.0,0,0
AC022447.6,0.0,0.0,0,0
AC022447.7,0.0,0.0,0,0
AC022463.1,0.0,0.0,0,0
AC022467.1,0.0,0.0,0,0
AC022467.2,0.0,0.0,0,0
AC022469.1,0.0,0.0,0,0
AC022469.2,0.0,0.0,0,0
AC022486.1,0.0,0.0,0,0
AC022498.1,0.0,0.0,0,0
AC022506.1,0.0,0.0,0,0
AC022509.2,0.0,0.0,0,0
AC022509.4,-0.00015245222,0.0,0,1
AC022509.5,0.0,0.0,0,0
AC022511.1,0.0,0.0,0,0
AC022517.1,0.0,0.0,0,0
AC022523.1,0.0,0.0,0,0
AC022523.3,0.0,0.0,0,0
AC022535.1,0.0,0.0,0,0
AC022535.3,0.0,0.0,0,0
AC022537.1,0.0,0.0,0,0
AC022540.1,0.0,0.0,0,0
AC022558.2,0.0,0.0,0,0
AC022558.3,0.0,0.0,0,0
AC022596.1,0.0,0.0,0,0
AC022596.2,0.0,0.0,0,0
AC022601.1,0.0,0.0,0,0
AC022613.1,-0.0003347284,0.0,0,1
AC022613.2,0.0,0.0,0,0
AC022613.3,0.0,0.0,0,0
AC022634.2,0.0,0.0,0,0
AC022655.1,0.0,0.0,0,0
AC022679.1,0.0,0.0,0,0
AC022679.2,0.0,0.0,0,0
AC022690.2,0.0,0.0,0,0
AC022695.2,0.0,0.0,0,0
AC022695.3,0.0,0.0,0,0
AC022710.1,0.0,0.0,0,0
AC022730.3,0.0,0.0,0,0
AC022730.4,0.0,0.0,0,0
AC022733.1,0.0,0.0,0,0
AC022733.2,0.0,0.0,0,0
AC022762.1,0.0,0.0,0,0
AC022762.2,0.0,0.0,0,0
AC022778.1,0.0,0.0,0,0
AC022784.2,0.0,0.0,0,0
AC022784.3,0.0,0.0,0,0
AC022784.5,0.0,0.0,0,0
AC022784.6,0.0,0.0,0,0
AC022809.1,0.0,0.0,0,0
AC022816.1,-1.265873e-05,0.0,0,1
AC022832.2,0.0,0.0,0,0
AC022858.1,0.0,0.0,0,0
AC022872.1,0.0,0.0,0,0
AC022874.1,0.0,0.0,0,0
AC022893.2,0.0,0.0,0,0
AC022893.3,0.0,0.0,0,0
AC022898.1,0.0,0.0,0,0
AC022898.2,0.0,0.0,0,0
AC022903.1,0.0,0.0,0,0
AC022903.2,0.0,0.0,0,0
AC022915.1,0.0,0.0,0,0
AC022915.2,0.0,0.0,0,0
AC022915.3,0.0,0.0,0,0
AC022916.1,-0.00065494125,0.0,0,1
AC022916.4,0.0,0.0,0,0
AC022929.1,0.0,0.0,0,0
AC022929.2,0.0,0.0,0,0
AC022960.1,0.0,0.0,0,0
AC022973.3,0.0,0.0,0,0
AC022973.4,-0.006540708,0.0,0,2
AC022973.5,0.0,0.0,0,0
AC023034.1,0.0,0.0,0,0
AC023043.1,-0.0033076229,0.0,0,2
AC023043.4,0.0,0.0,0,0
AC023051.1,0.0,0.0,0,0
AC023078.1,0.0,0.0,0,0
AC023090.1,0.0,0.0,0,0
AC023095.1,0.0,0.0,0,0
AC023115.1,0.0,0.0,0,0
AC023128.1,0.0,0.0,0,0
AC023136.1,0.0,0.0,0,0
AC023137.1,0.0,0.0,0,0
AC023154.1,0.0,0.0,0,0
AC023158.1,0.0,0.0,0,0
AC023158.2,0.0,0.0,0,0
AC023161.1,0.0,0.0,0,0
AC023194.3,0.0,0.0,0,0
AC023200.1,0.0,0.0,0,0
AC023202.1,0.0,0.0,0,0
AC023300.1,0.0,0.0,0,0
AC023300.2,-0.00013769954,0.0,0,1
AC023301.1,0.0,0.0,0,0
AC023302.1,0.0,0.0,0,0
AC023302.2,0.0,0.0,0,0
AC023310.4,-0.00040460107,0.0,0,1
AC023347.1,0.0,0.0,0,0
AC023385.1,0.0,0.0,0,0
AC023389.1,0.0,0.0,0,0
AC023394.1,0.0,0.0,0,0
AC023394.2,0.0,0.0,0,0
AC023403.1,0.0,0.0,0,0
AC023421.1,0.0,0.0,0,0
AC023421.2,0.0,0.0,0,0
AC023424.3,0.0,0.0,0,0
AC023442.2,0.0,0.0,0,0
AC023442.3,0.0,0.0,0,0
AC023449.2,-0.0055470956,0.0,0,2
AC023468.1,0.0,0.0,0,0
AC023469.1,0.0,0.0,0,0
AC023469.2,0.0,0.0,0,0
AC023480.1,0.0,0.0,0,0
AC023481.1,0.0,0.0,0,0
AC023490.2,0.0,0.0,0,0
AC023490.4,0.0,0.0,0,0
AC023490.5,0.0,0.0,0,0
AC023491.2,0.0,0.0,0,0
AC023494.1,0.0,0.0,0,0
AC023503.1,0.0,0.0,0,0
AC023509.2,-0.0002576234,0.0,0,1
AC023509.6,0.0,0.0,0,0
AC023510.1,0.0,0.0,0,0
AC023510.2,0.0,0.0,0,0
AC023511.1,0.0,0.0,0,0
AC023511.3,0.0,0.0,0,0
AC023593.1,0.0,0.0,0,0
AC023595.1,0.0,0.0,0,0
AC023632.2,-0.0001827189,0.0,0,1
AC023632.5,0.0,0.0,0,0
AC023644.1,0.0,0.0,0,0
AC023669.1,0.0,0.0,0,0
AC023669.2,0.0,0.0,0,0
AC023762.1,0.0,0.0,0,0
AC023781.1,0.0,0.0,0,0
AC023787.1,0.0,0.0,0,0
AC023787.2,0.0,0.0,0,0
AC023787.3,0.0,0.0,0,0
AC023794.1,0.0,0.0,0,0
AC023794.2,0.0,0.0,0,0
AC023794.5,0.0,0.0,0,0
AC023794.6,0.0,0.0,0,0
AC023796.1,0.0,0.0,0,0
AC023796.2,0.0,0.0,0,0
AC023813.1,0.0,0.0,0,0
AC023813.3,-0.00068151363,0.0,0,1
AC023813.4,0.0,0.0,0,0
AC023824.1,0.0,0.0,0,0
AC023824.3,0.0,0.0,0,0
AC023824.4,0.0,0.0,0,0
AC023824.5,0.0,0.0,0,0
AC023825.2,0.0,0.0,0,0
AC023830.1,0.0,0.0,0,0
AC023830.2,0.0,0.0,0,0
AC023830.3,0.0,0.0,0,0
AC023855.1,0.0,0.0,0,0
AC023866.1,0.0,0.0,0,0
AC023866.2,0.0,0.0,0,0
AC023886.1,0.0,0.0,0,0
AC023905.1,0.0,0.0,0,0
AC023906.2,0.0,0.0,0,0
AC023906.3,0.0,0.0,0,0
AC023906.4,0.0,0.0,0,0
AC023906.5,-0.0028842688,0.0,0,2
AC023908.1,0.0,0.0,0,0
AC023908.3,0.0,0.0,0,0
AC023946.1,0.0,0.0,0,0
AC023983.1,0.0,0.0,0,0
AC023983.2,0.0,0.0,0,0
AC024022.1,0.0,0.0,0,0
AC024028.1,0.0,0.0,0,0
AC024075.1,-0.00021472621,0.0,0,1
AC024075.3,0.0,0.0,0,0
AC024084.1,-0.00010502466,0.0,0,1
AC024132.1,0.0,0.0,0,0
AC024132.2,0.0,0.0,0,0
AC024132.3,0.0,0.0,0,0
AC024145.1,0.0,0.0,0,0
AC024224.2,0.0,0.0,0,0
AC024230.1,-0.0005874033,0.0,0,1
AC024236.1,0.0,0.0,0,0
AC024257.1,0.0,0.0,0,0
AC024257.3,-0.004714987,0.0,0,2
AC024257.4,0.0,0.0,0,0
AC024257.5,0.0,0.0,0,0
AC024267.1,0.0,0.0,0,0
AC024267.3,0.0,0.0,0,0
AC024267.6,0.0,0.0,0,0
AC024270.2,0.0,0.0,0,0
AC024270.3,0.0,0.0,0,0
AC024270.4,0.0,0.0,0,0
AC024337.1,0.0,0.0,0,0
AC024337.2,0.0,0.0,0,0
AC024361.3,0.0,0.0,0,0
AC024382.1,0.0,0.0,0,0
AC024475.1,0.0,0.0,0,0
AC024475.3,0.0,0.0,0,0
AC024558.2,-8.3848085e-05,0.0,0,1
AC024559.1,0.0,0.0,0,0
AC024559.2,0.0,0.0,0,0
AC024560.1,-7.430577e-05,0.0,0,1
AC024560.3,-0.00013089138,0.0,0,1
AC024563.1,0.0,0.0,0,0
AC024579.1,0.0,0.0,0,0
AC024581.1,0.0,0.0,0,0
AC024587.2,0.0,0.0,0,0
AC024592.1,0.0,0.0,0,0
AC024592.2,0.0,0.0,0,0
AC024597.1,0.0,0.0,0,0
AC024603.1,0.0,0.0,0,0
AC024610.1,0.0,0.0,0,0
AC024610.2,0.0,0.0,0,0
AC024614.1,0.0,0.0,0,0
AC024614.2,0.0,0.0,0,0
AC024614.4,0.0,0.0,0,0
AC024619.1,0.0,0.0,0,0
AC024619.2,0.0,0.0,0,0
AC024619.3,-0.00015085822,0.0,0,1
AC024651.1,0.0,0.0,0,0
AC024651.2,0.0,0.0,0,0
AC024651.3,0.0,0.0,0,0
AC024681.2,0.0,0.0,0,0
AC024730.1,0.0,0.0,0,0
AC024884.2,-0.00056376675,0.0,0,1
AC024896.1,-0.00013646088,0.0,0,1
AC024901.1,0.0,0.0,0,0
AC024933.1,-0.0002708291,0.0,0,1
AC024933.2,0.0,0.0,0,0
AC024937.3,0.0,0.0,0,0
AC024940.1,0.0,0.0,0,0
AC024940.6,0.0,0.0,0,0
AC024941.1,0.0,0.0,0,0
AC024941.2,0.0,0.0,0,0
AC024958.1,0.0,0.0,0,0
AC024996.1,0.0,0.0,0,0
AC025030.2,0.0,0.0,0,0
AC025031.1,0.0,0.0,0,0
AC025031.2,0.0,0.0,0,0
AC025031.3,0.0,0.0,0,0
AC025034.1,0.0,0.0,0,0
AC025038.1,0.0,0.0,0,0
AC025040.1,0.0,0.0,0,0
AC025043.1,0.0,0.0,0,0
AC025048.1,0.0,0.0,0,0
AC025048.2,-0.0005348706,0.0,0,1
AC025048.7,0.0,0.0,0,0
AC025154.1,0.0,0.0,0,0
AC025154.2,-0.002226527,0.0,0,1
AC025160.1,0.0,0.0,0,0
AC025162.1,0.0,0.0,0,0
AC025162.2,0.0,0.0,0,0
AC025164.2,0.0,0.0,0,0
AC025165.1,0.0,0.0,0,0
AC025166.1,0.0,0.0,0,0
AC025171.5,0.0,0.0,0,0
AC025174.1,0.0,0.0,0,0
AC025175.1,-5.649189e-05,0.0,0,1
AC025175.2,0.0,0.0,0,0
AC025176.1,0.0,0.0,0,0
AC025180.1,0.0,0.0,0,0
AC025183.1,0.0,0.0,0,0
AC025183.2,0.0,0.0,0,0
AC025183.3,0.0,0.0,0,0
AC025187.1,0.0,0.0,0,0
AC025188.1,0.0,0.0,0,0
AC025211.1,0.0,0.0,0,0
AC025244.1,0.0,0.0,0,0
AC025244.2,0.0,0.0,0,0
AC025252.1,0.0,0.0,0,0
AC025253.1,0.0,0.0,0,0
AC025253.2,0.0,0.0,0,0
AC025254.1,0.0,0.0,0,0
AC025257.1,0.0,0.0,0,0
AC025259.1,-0.0001250289,0.0,0,1
AC025262.1,0.0,0.0,0,0
AC025262.4,0.0,0.0,0,0
AC025263.1,0.0,0.0,0,0
AC025265.1,0.0,0.0,0,0
AC025265.2,0.0,0.0,0,0
AC025265.3,0.0,0.0,0,0
AC025271.2,0.0,0.0,0,0
AC025271.3,0.0,0.0,0,0
AC025271.4,0.0,0.0,0,0
AC025272.1,0.0,0.0,0,0
AC025277.1,0.0,0.0,0,0
AC025278.1,0.0,0.0,0,0
AC025280.1,0.0,0.0,0,0
AC025280.2,0.0,0.0,0,0
AC025280.3,0.0,0.0,0,0
AC025283.2,-8.5022046e-05,0.0,0,1
AC025284.1,0.0,0.0,0,0
AC025287.2,0.0,0.0,0,0
AC025287.3,-0.00020944151,0.0,0,1
AC025287.4,0.0,0.0,0,0
AC025300.1,0.0,0.0,0,0
AC025366.1,0.0,0.0,0,0
AC025370.1,0.0,0.0,0,0
AC025370.2,0.0,0.0,0,0
AC025419.1,0.0,0.0,0,0
AC025428.1,0.0,0.0,0,0
AC025430.1,0.0,0.0,0,0
AC025431.1,0.0,0.0,0,0
AC025434.1,0.0,0.0,0,0
AC025437.1,0.0,0.0,0,0
AC025437.2,0.0,0.0,0,0
AC025437.3,-0.00010236833,0.0,0,1
AC025437.4,0.0,0.0,0,0
AC025437.5,0.0,0.0,0,0
AC025442.1,0.0,0.0,0,0
AC025465.1,0.0,0.0,0,0
AC025465.2,0.0,0.0,0,0
AC025465.3,0.0,0.0,0,0
AC025465.4,0.0,0.0,0,0
AC025470.2,0.0,0.0,0,0
AC025475.1,0.0,0.0,0,0
AC025475.2,0.0,0.0,0,0
AC025508.1,0.0,0.0,0,0
AC025521.1,0.0,0.0,0,0
AC025524.1,0.0,0.0,0,0
AC025566.1,0.0,0.0,0,0
AC025572.1,0.0,0.0,0,0
AC025575.1,0.0,0.0,0,0
AC025575.2,0.0,0.0,0,0
AC025576.1,0.0,0.0,0,0
AC025576.2,0.0,0.0,0,0
AC025576.3,0.0,0.0,0,0
AC025580.1,0.0,0.0,0,0
AC025580.3,-0.00024946933,0.0,0,1
AC025614.2,0.0,0.0,0,0
AC025627.1,0.0,0.0,0,0
AC025674.2,0.0,0.0,0,0
AC025741.1,0.0,0.0,0,0
AC025752.1,0.0,0.0,0,0
AC025754.1,0.0,0.0,0,0
AC025754.2,0.0,0.0,0,0
AC025756.1,0.0,0.0,0,0
AC025766.1,0.0,0.0,0,0
AC025773.1,0.0,0.0,0,0
AC025774.1,0.0,0.0,0,0
AC025809.1,0.0,0.0,0,0
AC025810.1,0.0,0.0,0,0
AC025811.1,0.0,0.0,0,0
AC025822.1,-0.0005960081,0.0,0,1
AC025822.2,-0.00020396657,0.0,0,1
AC025839.1,-0.00010544129,0.0,0,1
AC025857.2,-0.0002250916,0.0,0,1
AC025871.1,0.0,0.0,0,0
AC025871.2,0.0,0.0,0,0
AC025871.3,0.0,0.0,0,0
AC025887.1,0.0,0.0,0,0
AC025887.2,0.0,0.0,0,0
AC025917.1,0.0,0.0,0,0
AC025918.1,0.0,0.0,0,0
AC025946.1,0.0,0.0,0,0
AC025947.1,0.0,0.0,0,0
AC026100.1,0.0,0.0,0,0
AC026108.1,0.0,0.0,0,0
AC026108.2,0.0,0.0,0,0
AC026116.1,0.0,0.0,0,0
AC026120.3,0.0,0.0,0,0
AC026124.1,0.0,0.0,0,0
AC026124.2,-8.332756e-05,0.0,0,1
AC026150.1,0.0,0.0,0,0
AC026167.1,0.0,0.0,0,0
AC026191.1,-0.0001582869,0.0,0,1
AC026202.1,0.0,0.0,0,0
AC026254.2,-8.332756e-05,0.0,0,1
AC026310.2,0.0,0.0,0,0
AC026316.2,0.0,0.0,0,0
AC026316.3,0.0,0.0,0,0
AC026316.5,0.0,0.0,0,0
AC026320.1,0.0,0.0,0,0
AC026320.3,0.0,0.0,0,0
AC026329.1,0.0,0.0,0,0
AC026333.3,-0.00021637818,0.0,0,1
AC026336.2,0.0,0.0,0,0
AC026336.3,0.0,0.0,0,0
AC026341.2,0.0,0.0,0,0
AC026341.3,0.0,0.0,0,0
AC026347.1,0.0,0.0,0,0
AC026353.1,0.0,0.0,0,0
AC026355.2,0.0,0.0,0,0
AC026355.3,0.0,0.0,0,0
AC026356.1,-0.0006662456,0.0,0,1
AC026356.2,-0.00040245848,0.0,0,1
AC026358.1,0.0,0.0,0,0
AC026367.1,0.0,0.0,0,0
AC026367.2,0.0,0.0,0,0
AC026367.3,0.0,0.0,0,0
AC026368.1,0.0,0.0,0,0
AC026369.1,0.0,0.0,0,0
AC026369.2,0.0,0.0,0,0
AC026391.1,0.0,0.0,0,0
AC026401.1,0.0,0.0,0,0
AC026401.2,-0.00018881897,0.0,0,1
AC026402.2,0.0,0.0,0,0
AC026408.1,0.0,0.0,0,0
AC026412.3,-0.052772496,0.0,0,2
AC026414.1,0.0,0.0,0,0
AC026415.1,0.0,0.0,0,0
AC026427.1,0.0,0.0,0,0
AC026433.1,0.0,0.0,0,0
AC026458.2,0.0,0.0,0,0
AC026461.3,-0.005871004,0.0,0,1
AC026462.2,0.0,0.0,0,0
AC026462.3,0.0,0.0,0,0
AC026462.4,0.0,0.0,0,0
AC026462.5,0.0,0.0,0,0
AC026464.2,0.0,0.0,0,0
AC026469.1,0.0,0.0,0,0
AC026470.2,0.0,0.0,0,0
AC026470.3,0.0,0.0,0,0
AC026471.2,-0.0001247408,0.0,0,1
AC026471.3,0.0,0.0,0,0
AC026471.5,0.0,0.0,0,0
AC026474.1,0.0,0.0,0,0
AC026495.1,0.0,0.0,0,0
AC026495.2,0.0,0.0,0,0
AC026523.1,0.0,0.0,0,0
AC026523.3,0.0,0.0,0,0
AC026523.4,0.0,0.0,0,0
AC026583.1,0.0,0.0,0,0
AC026585.1,0.0,0.0,0,0
AC026620.1,0.0,0.0,0,0
AC026620.2,0.0,0.0,0,0
AC026624.1,0.0,0.0,0,0
AC026688.2,0.0,0.0,0,0
AC026689.1,0.0,0.0,0,0
AC026691.1,-9.865034e-07,0.0,0,1
AC026704.1,0.0,0.0,0,0
AC026719.1,0.0,0.0,0,0
AC026725.1,0.0,0.0,0,0
AC026726.1,0.0,0.0,0,0
AC026726.2,0.0,0.0,0,0
AC026736.1,0.0,0.0,0,0
AC026740.3,0.0,0.0,0,0
AC026741.1,-0.0003403119,0.0,0,1
AC026746.1,0.0,0.0,0,0
AC026765.2,0.0,0.0,0,0
AC026765.3,0.0,0.0,0,0
AC026765.4,0.0,0.0,0,0
AC026770.1,-0.0044892216,0.0,0,1
AC026771.1,0.0,0.0,0,0
AC026774.1,0.0,0.0,0,0
AC026780.1,0.0,0.0,0,0
AC026780.2,0.0,0.0,0,0
AC026782.1,0.0,0.0,0,0
AC026782.2,0.0,0.0,0,0
AC026785.2,0.0,0.0,0,0
AC026785.3,0.0,0.0,0,0
AC026786.2,0.0,0.0,0,0
AC026787.1,0.0,0.0,0,0
AC026790.1,0.0,0.0,0,0
AC026801.2,0.0,0.0,0,0
AC026803.1,0.0,0.0,0,0
AC026803.2,-0.00047338151,0.0,0,1
AC026803.3,0.0,0.0,0,0
AC026888.1,0.0,0.0,0,0
AC026894.1,0.0,0.0,0,0
AC026904.1,-0.018480105,0.0,0,1
AC026904.2,0.0,0.0,0,0
AC026950.2,0.0,0.0,0,0
AC026954.3,0.0,0.0,0,0
AC026956.2,0.0,0.0,0,0
AC026979.1,0.0,0.0,0,0
AC026979.3,0.0,0.0,0,0
AC026991.1,0.0,0.0,0,0
AC026991.2,0.0,0.0,0,0
AC026992.1,0.0,0.0,0,0
AC026992.2,0.0,0.0,0,0
AC027013.1,0.0,0.0,0,0
AC027018.1,0.0,0.0,0,0
AC027020.1,0.0,0.0,0,0
AC027031.1,0.0,0.0,0,0
AC027031.2,-0.00074648904,0.0,0,2
AC027045.2,0.0,0.0,0,0
AC027045.3,0.0,0.0,0,0
AC027088.2,0.0,0.0,0,0
AC027088.3,0.0,0.0,0,0
AC027088.5,0.0,0.0,0,0
AC027117.1,-0.015628831,0.0,0,2
AC027117.2,-0.000108666485,0.0,0,1
AC027128.1,0.0,0.0,0,0
AC027129.1,0.0,0.0,0,0
AC027130.1,-6.724861e-05,0.0,0,1
AC027228.1,0.0,0.0,0,0
AC027228.2,0.0,0.0,0,0
AC027237.2,0.0,0.0,0,0
AC027237.3,0.0,0.0,0,0
AC027237.4,0.0,0.0,0,0
AC027243.1,0.0,0.0,0,0
AC027243.2,0.0,0.0,0,0
AC027243.3,0.0,0.0,0,0
AC027251.1,0.0,0.0,0,0
AC027271.1,-0.00034735564,0.0,0,1
AC027277.1,0.0,0.0,0,0
AC027277.2,0.0,0.0,0,0
AC027279.2,-0.0001347655,0.0,0,1
AC027281.1,0.0,0.0,0,0
AC027287.2,0.0,0.0,0,0
AC027288.1,0.0,0.0,0,0
AC027290.1,-6.719687e-05,0.0,0,1
AC027306.1,0.0,0.0,0,0
AC027307.1,-0.00014682133,0.0,0,1
AC027309.1,0.0,0.0,0,0
AC027312.1,0.0,0.0,0,0
AC027315.1,0.0,0.0,0,0
AC027329.1,0.0,0.0,0,0
AC027335.1,0.0,0.0,0,0
AC027338.1,0.0,0.0,0,0
AC027338.2,0.0,0.0,0,0
AC027343.1,0.0,0.0,0,0
AC027343.2,0.0,0.0,0,0
AC027343.3,0.0,0.0,0,0
AC027348.1,-9.388284e-05,0.0,0,1
AC027419.2,0.0,0.0,0,0
AC027449.1,0.0,0.0,0,0
AC027451.1,0.0,0.0,0,0
AC027458.1,0.0,0.0,0,0
AC027514.1,-0.00018714818,0.0,0,1
AC027514.2,0.0,0.0,0,0
AC027541.1,0.0,0.0,0,0
AC027584.1,0.0,0.0,0,0
AC027601.3,0.0,0.0,0,0
AC027601.4,-0.00015448793,0.0,0,1
AC027607.1,0.0,0.0,0,0
AC027612.5,0.0,0.0,0,0
AC027627.1,0.0,0.0,0,0
AC027682.1,-0.00042090073,0.0,0,1
AC027682.2,-0.00015510846,0.0,0,1
AC027682.3,0.0,0.0,0,0
AC027682.4,-4.953627e-06,0.0,0,1
AC027682.5,0.0,0.0,0,0
AC027688.1,0.0,0.0,0,0
AC027688.2,0.0,0.0,0,0
AC027698.1,0.0,0.0,0,0
AC027763.2,0.0,0.0,0,0
AC027779.1,0.0,0.0,0,0
AC027796.1,0.0,0.0,0,0
AC027796.5,0.0,0.0,0,0
AC027801.1,0.0,0.0,0,0
AC027801.3,0.0,0.0,0,0
AC027801.4,0.0,0.0,0,0
AC027804.1,0.0,0.0,0,0
AC027807.2,0.0,0.0,0,0
AC027808.2,-0.00015868056,0.0,0,1
AC027811.1,0.0,0.0,0,0
AC032011.1,0.0,0.0,0,0
AC032019.1,0.0,0.0,0,0
AC032019.2,0.0,0.0,0,0
AC032044.1,0.0,0.0,0,0
AC034102.3,-0.00020160274,0.0,0,1
AC034102.5,0.0,0.0,0,0
AC034102.6,-6.650315e-05,0.0,0,1
AC034102.7,0.0,0.0,0,0
AC034102.8,0.0,0.0,0,0
AC034110.1,0.0,0.0,0,0
AC034111.2,0.0,0.0,0,0
AC034114.2,0.0,0.0,0,0
AC034139.1,0.0,0.0,0,0
AC034148.1,0.0,0.0,0,0
AC034154.1,0.0,0.0,0,0
AC034159.2,0.0,0.0,0,0
AC034187.1,0.0,0.0,0,0
AC034195.1,0.0,0.0,0,0
AC034198.2,0.0,0.0,0,0
AC034206.1,0.0,0.0,0,0
AC034213.1,-0.00013259974,0.0,0,1
AC034222.2,0.0,0.0,0,0
AC034223.1,0.0,0.0,0,0
AC034223.2,0.0,0.0,0,0
AC034226.1,0.0,0.0,0,0
AC034228.1,0.0,0.0,0,0
AC034228.2,0.0,0.0,0,0
AC034228.3,0.0,0.0,0,0
AC034229.1,0.0,0.0,0,0
AC034229.2,0.0,0.0,0,0
AC034229.3,0.0,0.0,0,0
AC034229.4,0.0,0.0,0,0
AC034231.1,-0.00034821298,0.0,0,1
AC034232.2,0.0,0.0,0,0
AC034234.1,0.0,0.0,0,0
AC034236.3,0.0,0.0,0,0
AC034238.1,-9.605381e-05,0.0,0,1
AC034238.2,0.0,0.0,0,0
AC034238.3,0.0,0.0,0,0
AC034245.1,0.0,0.0,0,0
AC034268.2,0.0,0.0,0,0
AC035139.1,-0.0007035911,0.0,0,1
AC035139.2,0.0,0.0,0,0
AC035140.1,-0.00018258649,0.0,0,1
AC036101.1,0.0,0.0,0,0
AC036103.1,0.0,0.0,0,0
AC036108.1,0.0,0.0,0,0
AC036108.3,0.0,0.0,0,0
AC036176.3,0.0,0.0,0,0
AC036214.1,0.0,0.0,0,0
AC036214.4,0.0,0.0,0,0
AC036222.1,0.0,0.0,0,0
AC036222.2,0.0,0.0,0,0
AC037193.1,-0.00021675404,0.0,0,1
AC037198.1,-0.003608702,0.0,0,1
AC037198.2,0.0,0.0,0,0
AC037433.1,0.0,0.0,0,0
AC037441.1,0.0,0.0,0,0
AC037441.2,0.0,0.0,0,0
AC037450.1,0.0,0.0,0,0
AC037459.4,-0.00012957607,0.0,0,1
AC037486.1,0.0,0.0,0,0
AC037487.1,-0.00015865793,0.0,0,1
AC037487.2,0.0,0.0,0,0
AC039056.1,0.0,0.0,0,0
AC039056.2,0.0,0.0,0,0
AC040168.1,0.0,0.0,0,0
AC040169.1,-0.0066702827,0.0,0,2
AC040169.3,0.0,0.0,0,0
AC040169.4,0.0,0.0,0,0
AC040173.1,0.0,0.0,0,0
AC040174.1,0.0,0.0,0,0
AC040174.2,0.0,0.0,0,0
AC040896.1,0.0,0.0,0,0
AC040914.1,0.0,0.0,0,0
AC040934.1,0.0,0.0,0,0
AC040936.1,0.0,0.0,0,0
AC040963.1,0.0,0.0,0,0
AC044781.1,-0.00015408441,0.0,0,1
AC044784.1,0.0,0.0,0,0
AC044798.1,0.0,0.0,0,0
AC044798.2,0.0,0.0,0,0
AC044798.3,0.0,0.0,0,0
AC044802.1,0.0,0.0,0,0
AC044810.2,0.0,0.0,0,0
AC044839.2,0.0,0.0,0,0
AC044839.3,0.0,0.0,0,0
AC044840.1,0.0,0.0,0,0
AC044873.1,0.0,0.0,0,0
AC044893.2,0.0,0.0,0,0
AC046129.1,0.0,0.0,0,0
AC046130.1,0.0,0.0,0,0
AC046130.2,0.0,0.0,0,0
AC046143.2,0.0,0.0,0,0
AC046158.1,0.0,0.0,0,0
AC046158.2,0.0,0.0,0,0
AC046168.1,0.0,0.0,0,0
AC046168.2,0.0,0.0,0,0
AC046195.1,0.0,0.0,0,0
AC046195.2,0.0,0.0,0,0
AC048337.1,-0.00031471485,0.0,0,1
AC048338.2,0.0,0.0,0,0
AC048344.1,0.0,0.0,0,0
AC048352.1,0.0,0.0,0,0
AC048380.1,0.0,0.0,0,0
AC048382.1,0.0,0.0,0,0
AC048382.4,0.0,0.0,0,0
AC048387.1,0.0,0.0,0,0
AC051618.1,0.0,0.0,0,0
AC051619.11,-0.00016551382,0.0,0,1
AC051619.4,0.0,0.0,0,0
AC051619.5,-0.00016060688,0.0,0,1
AC051619.6,-0.00010544129,0.0,0,1
AC051635.1,0.0,0.0,0,0
AC051649.1,0.0,0.0,0,0
AC053503.1,0.0,0.0,0,0
AC053503.4,0.0,0.0,0,0
AC053503.5,0.0,0.0,0,0
AC053513.2,0.0,0.0,0,0
AC053545.1,0.0,0.0,0,0
AC055714.1,0.0,0.0,0,0
AC055716.3,0.0,0.0,0,0
AC055717.1,0.0,0.0,0,0
AC055717.2,0.0,0.0,0,0
AC055720.1,0.0,0.0,0,0
AC055720.2,0.0,0.0,0,0
AC055733.2,0.0,0.0,0,0
AC055736.1,0.0,0.0,0,0
AC055758.1,0.0,0.0,0,0
AC055758.2,0.0,0.0,0,0
AC055764.1,0.0,0.0,0,0
AC055788.1,0.0,0.0,0,0
AC055788.2,0.0,0.0,0,0
AC055807.1,0.0,0.0,0,0
AC055811.1,0.0,0.0,0,0
AC055811.3,0.0,0.0,0,0
AC055822.1,-0.00013863073,0.0,0,1
AC055840.1,0.0,0.0,0,0
AC055854.1,0.0,0.0,0,0
AC055855.1,0.0,0.0,0,0
AC055855.2,0.0,0.0,0,0
AC055872.2,0.0,0.0,0,0
AC055874.1,0.0,0.0,0,0
AC055878.1,0.0,0.0,0,0
AC058791.1,-0.0069638975,0.0,0,2
AC060234.1,0.0,0.0,0,0
AC060234.2,0.0,0.0,0,0
AC060234.3,0.0,0.0,0,0
AC060765.1,0.0,0.0,0,0
AC060765.2,0.0,0.0,0,0
AC060766.6,0.0,0.0,0,0
AC060809.1,0.0,0.0,0,0
AC060814.4,0.0,0.0,0,0
AC060814.5,0.0,0.0,0,0
AC060834.2,0.0,0.0,0,0
AC061708.1,0.0,0.0,0,0
AC061709.2,0.0,0.0,0,0
AC061958.1,-0.0003486503,0.0,0,1
AC061961.1,0.0,0.0,0,0
AC061975.1,0.0,0.0,0,0
AC061975.4,0.0,0.0,0,0
AC061975.6,0.0,0.0,0,0
AC061975.7,0.0,0.0,0,0
AC061975.8,0.0,0.0,0,0
AC061979.1,0.0,0.0,0,0
AC061992.2,-0.00034092375,0.0,0,1
AC062004.1,0.0,0.0,0,0
AC062015.1,0.0,0.0,0,0
AC062020.1,0.0,0.0,0,0
AC062021.1,0.0,0.0,0,0
AC062022.2,0.0,0.0,0,0
AC062028.1,0.0,0.0,0,0
AC062029.1,-0.00012481587,0.0,0,1
AC062032.1,0.0,0.0,0,0
AC062037.2,0.0,0.0,0,0
AC062037.3,0.0,0.0,0,0
AC062039.1,0.0,0.0,0,0
AC063919.1,0.0,0.0,0,0
AC063919.2,0.0,0.0,0,0
AC063923.2,0.0,0.0,0,0
AC063926.1,0.0,0.0,0,0
AC063938.1,0.0,0.0,0,0
AC063943.1,0.0,0.0,0,0
AC063944.1,0.0,0.0,0,0
AC063944.3,0.0,0.0,0,0
AC063947.1,0.0,0.0,0,0
AC063948.1,0.0,0.0,0,0
AC063952.4,0.0,0.0,0,0
AC063960.1,0.0,0.0,0,0
AC063960.2,0.0,0.0,0,0
AC063962.1,0.0,0.0,0,0
AC063976.1,0.0,0.0,0,0
AC063977.3,0.0,0.0,0,0
AC063977.6,-0.0014726213,0.0,0,1
AC063979.2,0.0,0.0,0,0
AC063980.1,0.0,0.0,0,0
AC064799.2,0.0,0.0,0,0
AC064801.1,-0.00013869778,0.0,0,1
AC064802.1,0.0,0.0,0,0
AC064805.1,-0.0013401579,0.0,0,1
AC064805.2,0.0,0.0,0,0
AC064807.2,0.0,0.0,0,0
AC064807.3,0.0,0.0,0,0
AC064807.4,-0.00010889355,0.0,0,1
AC064829.1,0.0,0.0,0,0
AC064834.1,0.0,0.0,0,0
AC064836.2,0.0,0.0,0,0
AC064836.4,-0.00042198622,0.0,0,1
AC064843.1,0.0,0.0,0,0
AC064852.1,0.0,0.0,0,0
AC064853.1,0.0,0.0,0,0
AC064856.1,0.0,0.0,0,0
AC064869.1,0.0,0.0,0,0
AC064871.2,0.0,0.0,0,0
AC064874.1,0.0,0.0,0,0
AC064875.1,-8.298238e-05,0.0,0,1
AC066580.1,0.0,0.0,0,0
AC066585.1,0.0,0.0,0,0
AC066595.1,0.0,0.0,0,0
AC066595.2,0.0,0.0,0,0
AC066612.1,0.0,0.0,0,0
AC066612.2,0.0,0.0,0,0
AC066613.2,0.0,0.0,0,0
AC066614.1,0.0,0.0,0,0
AC067747.1,0.0,0.0,0,0
AC067750.1,0.0,0.0,0,0
AC067751.1,0.0,0.0,0,0
AC067752.1,0.0,0.0,0,0
AC067773.1,0.0,0.0,0,0
AC067817.2,0.0,0.0,0,0
AC067852.5,-9.514795e-05,0.0,0,1
AC067863.1,0.0,0.0,0,0
AC067930.1,0.0,0.0,0,0
AC067930.3,-0.0053215325,0.0,0,2
AC067930.4,0.0,0.0,0,0
AC067942.4,0.0,0.0,0,0
AC067945.2,0.0,0.0,0,0
AC067945.3,0.0,0.0,0,0
AC067945.4,0.0,0.0,0,0
AC067960.1,0.0,0.0,0,0
AC067968.2,0.0,0.0,0,0
AC067969.1,0.0,0.0,0,0
AC067969.2,0.0,0.0,0,0
AC068014.1,0.0,0.0,0,0
AC068020.1,0.0,0.0,0,0
AC068025.1,0.0,0.0,0,0
AC068025.2,0.0,0.0,0,0
AC068051.1,0.0,0.0,0,0
AC068057.1,0.0,0.0,0,0
AC068058.1,0.0,0.0,0,0
AC068075.1,0.0,0.0,0,0
AC068112.1,0.0,0.0,0,0
AC068134.1,0.0,0.0,0,0
AC068134.2,0.0,0.0,0,0
AC068135.2,0.0,0.0,0,0
AC068189.2,0.0,0.0,0,0
AC068196.1,0.0,0.0,0,0
AC068205.1,0.0,0.0,0,0
AC068205.2,-0.015412334,0.0,0,2
AC068228.1,0.0,0.0,0,0
AC068228.3,0.0,0.0,0,0
AC068234.2,0.0,0.0,0,0
AC068234.3,0.0,0.0,0,0
AC068254.1,0.0,0.0,0,0
AC068279.2,0.0,0.0,0,0
AC068282.1,0.0,0.0,0,0
AC068282.2,-0.00051695056,0.0,0,1
AC068286.1,0.0,0.0,0,0
AC068286.2,0.0,0.0,0,0
AC068295.1,0.0,0.0,0,0
AC068305.2,0.0,0.0,0,0
AC068308.1,0.0,0.0,0,0
AC068338.3,0.0,0.0,0,0
AC068385.1,0.0,0.0,0,0
AC068389.1,0.0,0.0,0,0
AC068389.2,0.0,0.0,0,0
AC068389.3,-0.00026594396,0.0,0,1
AC068397.1,0.0,0.0,0,0
AC068397.2,0.0,0.0,0,0
AC068408.1,0.0,0.0,0,0
AC068408.2,0.0,0.0,0,0
AC068418.1,0.0,0.0,0,0
AC068418.2,0.0,0.0,0,0
AC068418.3,0.0,0.0,0,0
AC068442.1,0.0,0.0,0,0
AC068473.1,0.0,0.0,0,0
AC068473.2,0.0,0.0,0,0
AC068473.3,0.0,0.0,0,0
AC068473.4,0.0,0.0,0,0
AC068481.1,0.0,0.0,0,0
AC068483.1,0.0,0.0,0,0
AC068489.1,0.0,0.0,0,0
AC068491.2,0.0,0.0,0,0
AC068492.1,0.0,0.0,0,0
AC068506.1,0.0,0.0,0,0
AC068533.3,0.0,0.0,0,0
AC068535.1,0.0,0.0,0,0
AC068535.2,0.0,0.0,0,0
AC068544.2,0.0,0.0,0,0
AC068580.2,0.0,0.0,0,0
AC068580.5,0.0,0.0,0,0
AC068594.1,0.0,0.0,0,0
AC068616.1,0.0,0.0,0,0
AC068616.2,0.0,0.0,0,0
AC068616.3,0.0,0.0,0,0
AC068631.1,-0.0063813287,0.0,0,2
AC068633.1,0.0,0.0,0,0
AC068633.2,0.0,0.0,0,0
AC068643.1,0.0,0.0,0,0
AC068643.2,0.0,0.0,0,0
AC068658.1,0.0,0.0,0,0
AC068672.1,0.0,0.0,0,0
AC068672.2,0.0,0.0,0,0
AC068672.3,0.0,0.0,0,0
AC068688.1,0.0,0.0,0,0
AC068700.1,0.0,0.0,0,0
AC068700.2,0.0,0.0,0,0
AC068707.1,0.0,0.0,0,0
AC068721.1,0.0,0.0,0,0
AC068722.1,0.0,0.0,0,0
AC068724.1,-0.00016529014,0.0,0,1
AC068724.3,0.0,0.0,0,0
AC068725.1,0.0,0.0,0,0
AC068726.1,0.0,0.0,0,0
AC068733.1,0.0,0.0,0,0
AC068733.3,-0.00016740493,0.0,0,1
AC068756.1,0.0,0.0,0,0
AC068759.1,0.0,0.0,0,0
AC068768.1,0.0,0.0,0,0
AC068774.1,0.0,0.0,0,0
AC068787.2,0.0,0.0,0,0
AC068787.3,0.0,0.0,0,0
AC068787.4,0.0,0.0,0,0
AC068787.5,0.0,0.0,0,0
AC068789.1,0.0,0.0,0,0
AC068790.2,0.0,0.0,0,0
AC068790.3,-0.004300414,0.0,0,2
AC068790.4,-0.00019579806,0.0,0,1
AC068790.5,0.0,0.0,0,0
AC068790.6,0.0,0.0,0,0
AC068790.9,0.0,0.0,0,0
AC068792.1,0.0,0.0,0,0
AC068831.1,0.0,0.0,0,0
AC068831.4,-0.0023628068,0.0,0,2
AC068831.6,0.0,0.0,0,0
AC068858.1,0.0,0.0,0,0
AC068870.1,0.0,0.0,0,0
AC068875.1,0.0,0.0,0,0
AC068880.2,0.0,0.0,0,0
AC068880.3,0.0,0.0,0,0
AC068898.1,0.0,0.0,0,0
AC068898.2,0.0,0.0,0,0
AC068931.1,0.0,0.0,0,0
AC068944.1,0.0,0.0,0,0
AC068946.3,0.0,0.0,0,0
AC068985.1,0.0,0.0,0,0
AC068987.1,0.0,0.0,0,0
AC068987.2,0.0,0.0,0,0
AC068987.3,0.0,0.0,0,0
AC068993.2,0.0,0.0,0,0
AC069023.1,0.0,0.0,0,0
AC069029.1,0.0,0.0,0,0
AC069061.2,0.0,0.0,0,0
AC069079.1,0.0,0.0,0,0
AC069113.2,0.0,0.0,0,0
AC069114.1,0.0,0.0,0,0
AC069120.1,0.0,0.0,0,0
AC069133.1,0.0,0.0,0,0
AC069148.1,0.0,0.0,0,0
AC069155.1,0.0,0.0,0,0
AC069209.2,0.0,0.0,0,0
AC069213.1,0.0,0.0,0,0
AC069214.1,0.0,0.0,0,0
AC069222.1,0.0,0.0,0,0
AC069228.1,0.0,0.0,0,0
AC069234.1,0.0,0.0,0,0
AC069234.2,0.0,0.0,0,0
AC069234.3,0.0,0.0,0,0
AC069234.4,0.0,0.0,0,0
AC069234.5,0.0,0.0,0,0
AC069257.1,0.0,0.0,0,0
AC069272.1,0.0,0.0,0,0
AC069280.1,0.0,0.0,0,0
AC069280.2,0.0,0.0,0,0
AC069281.1,0.0,0.0,0,0
AC069285.2,0.0,0.0,0,0
AC069287.1,0.0,0.0,0,0
AC069287.2,0.0,0.0,0,0
AC069287.3,0.0,0.0,0,0
AC069294.1,0.0,0.0,0,0
AC069366.2,0.0,0.0,0,0
AC069404.1,0.0,0.0,0,0
AC069410.1,0.0,0.0,0,0
AC069421.2,0.0,0.0,0,0
AC069421.3,0.0,0.0,0,0
AC069437.1,0.0,0.0,0,0
AC069439.2,0.0,0.0,0,0
AC069444.1,0.0,0.0,0,0
AC069503.1,0.0,0.0,0,0
AC069503.3,0.0,0.0,0,0
AC069503.4,0.0,0.0,0,0
AC069540.2,0.0,0.0,0,0
AC069542.1,0.0,0.0,0,0
AC069547.2,0.0,0.0,0,0
AC069549.2,-0.0115376515,0.0,0,1
AC072022.2,-0.009376349,0.0,0,2
AC072026.2,0.0,0.0,0,0
AC072026.3,0.0,0.0,0,0
AC072028.1,0.0,0.0,0,0
AC072039.2,0.0,0.0,0,0
AC072062.1,0.0,0.0,0,0
AC073023.1,0.0,0.0,0,0
AC073046.3,0.0,0.0,0,0
AC073048.1,0.0,0.0,0,0
AC073050.1,0.0,0.0,0,0
AC073052.2,0.0,0.0,0,0
AC073062.1,0.0,0.0,0,0
AC073071.1,0.0,0.0,0,0
AC073072.1,0.0,0.0,0,0
AC073073.2,0.0,0.0,0,0
AC073091.3,0.0,0.0,0,0
AC073091.4,0.0,0.0,0,0
AC073094.1,0.0,0.0,0,0
AC073111.1,0.0,0.0,0,0
AC073114.1,0.0,0.0,0,0
AC073115.1,0.0,0.0,0,0
AC073115.2,0.0,0.0,0,0
AC073127.1,0.0,0.0,0,0
AC073130.1,0.0,0.0,0,0
AC073130.2,0.0,0.0,0,0
AC073140.2,-7.5710275e-05,0.0,0,1
AC073167.1,0.0,0.0,0,0
AC073172.1,0.0,0.0,0,0
AC073174.1,0.0,0.0,0,0
AC073176.1,0.0,0.0,0,0
AC073176.2,0.0,0.0,0,0
AC073188.2,0.0,0.0,0,0
AC073188.3,0.0,0.0,0,0
AC073188.4,0.0,0.0,0,0
AC073188.5,0.0,0.0,0,0
AC073188.6,0.0,0.0,0,0
AC073210.3,0.0,0.0,0,0
AC073218.1,0.0,0.0,0,0
AC073225.1,0.0,0.0,0,0
AC073236.1,0.0,0.0,0,0
AC073257.1,0.0,0.0,0,0
AC073257.2,0.0,0.0,0,0
AC073263.1,0.0,0.0,0,0
AC073263.2,0.0,0.0,0,0
AC073270.1,0.0,0.0,0,0
AC073283.2,0.0,0.0,0,0
AC073284.1,0.0,0.0,0,0
AC073288.1,0.0,0.0,0,0
AC073288.2,0.0,0.0,0,0
AC073311.1,0.0,0.0,0,0
AC073314.1,0.0,0.0,0,0
AC073316.1,0.0,0.0,0,0
AC073316.2,0.0,0.0,0,0
AC073316.3,0.0,0.0,0,0
AC073320.1,0.0,0.0,0,0
AC073321.1,0.0,0.0,0,0
AC073323.1,0.0,0.0,0,0
AC073325.1,0.0,0.0,0,0
AC073326.1,0.0,0.0,0,0
AC073326.2,0.0,0.0,0,0
AC073333.1,0.0,0.0,0,0
AC073336.1,0.0,0.0,0,0
AC073342.2,0.0,0.0,0,0
AC073346.1,0.0,0.0,0,0
AC073348.2,0.0,0.0,0,0
AC073349.4,0.0,0.0,0,0
AC073349.5,0.0,0.0,0,0
AC073352.1,0.0,0.0,0,0
AC073359.1,0.0,0.0,0,0
AC073359.2,0.0,0.0,0,0
AC073367.1,0.0,0.0,0,0
AC073409.1,0.0,0.0,0,0
AC073409.2,0.0,0.0,0,0
AC073429.1,0.0,0.0,0,0
AC073429.2,0.0,0.0,0,0
AC073475.1,-0.00044063447,0.0,0,1
AC073476.3,0.0,0.0,0,0
AC073517.1,0.0,0.0,0,0
AC073525.1,0.0,0.0,0,0
AC073530.1,0.0,0.0,0,0
AC073534.2,-0.0024535202,0.0,0,2
AC073539.1,0.0,0.0,0,0
AC073539.3,0.0,0.0,0,0
AC073548.2,0.0,0.0,0,0
AC073569.1,0.0,0.0,0,0
AC073569.2,0.0,0.0,0,0
AC073571.1,0.0,0.0,0,0
AC073573.1,0.0,0.0,0,0
AC073575.1,0.0,0.0,0,0
AC073578.1,-0.00064926856,0.0,0,1
AC073578.2,0.0,0.0,0,0
AC073578.5,0.0,0.0,0,0
AC073591.1,0.0,0.0,0,0
AC073592.1,0.0,0.0,0,0
AC073593.2,-0.00027833867,0.0,0,1
AC073626.1,0.0,0.0,0,0
AC073632.1,0.0,0.0,0,0
AC073636.1,0.0,0.0,0,0
AC073641.1,0.0,0.0,0,0
AC073648.7,0.0,0.0,0,0
AC073651.1,0.0,0.0,0,0
AC073655.1,0.0,0.0,0,0
AC073655.2,0.0,0.0,0,0
AC073657.1,0.0,0.0,0,0
AC073834.1,0.0,0.0,0,0
AC073842.1,0.0,0.0,0,0
AC073842.2,0.0,0.0,0,0
AC073848.1,0.0,0.0,0,0
AC073862.1,0.0,0.0,0,0
AC073864.1,0.0,0.0,0,0
AC073869.5,0.0,0.0,0,0
AC073878.1,0.0,0.0,0,0
AC073878.2,0.0,0.0,0,0
AC073896.3,0.0,0.0,0,0
AC073896.4,0.0,0.0,0,0
AC073896.5,0.0,0.0,0,0
AC073912.1,0.0,0.0,0,0
AC073941.1,0.0,0.0,0,0
AC073957.2,0.0,0.0,0,0
AC073964.1,0.0,0.0,0,0
AC073968.2,0.0,0.0,0,0
AC073973.1,0.0,0.0,0,0
AC073987.1,0.0,0.0,0,0
AC074008.2,0.0,0.0,0,0
AC074011.1,0.0,0.0,0,0
AC074024.1,0.0,0.0,0,0
AC074029.3,0.0,0.0,0,0
AC074031.1,0.0,0.0,0,0
AC074033.1,0.0,0.0,0,0
AC074035.1,0.0,0.0,0,0
AC074044.1,0.0,0.0,0,0
AC074050.2,0.0,0.0,0,0
AC074050.3,0.0,0.0,0,0
AC074050.4,0.0,0.0,0,0
AC074051.5,0.0,0.0,0,0
AC074052.2,0.0,0.0,0,0
AC074096.1,0.0,0.0,0,0
AC074124.1,0.0,0.0,0,0
AC074131.1,0.0,0.0,0,0
AC074132.1,-0.00018688408,0.0,0,1
AC074135.1,-0.00037869046,0.0,0,1
AC074135.2,0.0,0.0,0,0
AC074139.1,0.0,0.0,0,0
AC074183.1,0.0,0.0,0,0
AC074194.1,0.0,0.0,0,0
AC074237.1,0.0,0.0,0,0
AC074254.1,0.0,0.0,0,0
AC074254.2,0.0,0.0,0,0
AC074257.1,0.0,0.0,0,0
AC074281.2,0.0,0.0,0,0
AC074286.1,0.0,0.0,0,0
AC074290.2,0.0,0.0,0,0
AC074325.1,0.0,0.0,0,0
AC074344.2,0.0,0.0,0,0
AC074351.1,-6.720461e-05,0.0,0,1
AC074366.1,0.0,0.0,0,0
AC074387.1,0.0,0.0,0,0
AC074389.1,0.0,0.0,0,0
AC074389.2,0.0,0.0,0,0
AC074389.3,0.0,0.0,0,0
AC076966.2,0.0,0.0,0,0
AC076968.1,0.0,0.0,0,0
AC076968.2,0.0,0.0,0,0
AC077690.1,0.0,0.0,0,0
AC078776.1,0.0,0.0,0,0
AC078777.1,0.0,0.0,0,0
AC078778.1,0.0,0.0,0,0
AC078785.2,0.0,0.0,0,0
AC078788.1,0.0,0.0,0,0
AC078788.2,0.0,0.0,0,0
AC078789.1,0.0,0.0,0,0
AC078795.3,0.0,0.0,0,0
AC078802.1,-8.288671e-05,0.0,0,1
AC078814.1,0.0,0.0,0,0
AC078816.1,0.0,0.0,0,0
AC078820.1,0.0,0.0,0,0
AC078820.2,0.0,0.0,0,0
AC078828.1,0.0,0.0,0,0
AC078842.1,0.0,0.0,0,0
AC078842.2,0.0,0.0,0,0
AC078845.1,-0.00030745185,0.0,0,1
AC078850.2,0.0,0.0,0,0
AC078851.1,0.0,0.0,0,0
AC078852.2,0.0,0.0,0,0
AC078860.2,0.0,0.0,0,0
AC078864.1,0.0,0.0,0,0
AC078865.1,0.0,0.0,0,0
AC078874.1,0.0,0.0,0,0
AC078878.2,0.0,0.0,0,0
AC078880.1,0.0,0.0,0,0
AC078880.2,0.0,0.0,0,0
AC078880.3,0.0,0.0,0,0
AC078880.4,0.0,0.0,0,0
AC078880.5,0.0,0.0,0,0
AC078881.1,-0.00032829368,0.0,0,1
AC078882.1,0.0,0.0,0,0
AC078883.2,0.0,0.0,0,0
AC078889.1,0.0,0.0,0,0
AC078905.1,0.0,0.0,0,0
AC078906.1,0.0,0.0,0,0
AC078909.1,0.0,0.0,0,0
AC078909.2,0.0,0.0,0,0
AC078916.1,0.0,0.0,0,0
AC078922.1,0.0,0.0,0,0
AC078923.1,0.0,0.0,0,0
AC078925.1,0.0,0.0,0,0
AC078929.1,0.0,0.0,0,0
AC078942.1,0.0,0.0,0,0
AC078950.1,0.0,0.0,0,0
AC078955.1,0.0,0.0,0,0
AC078962.1,0.0,0.0,0,0
AC078962.2,0.0,0.0,0,0
AC078962.3,0.0,0.0,0,0
AC078962.4,0.0,0.0,0,0
AC078980.1,0.0,0.0,0,0
AC078983.1,0.0,0.0,0,0
AC078993.1,0.0,0.0,0,0
AC079030.1,0.0,0.0,0,0
AC079031.1,0.0,0.0,0,0
AC079031.2,0.0,0.0,0,0
AC079035.1,0.0,0.0,0,0
AC079052.1,0.0,0.0,0,0
AC079054.1,0.0,0.0,0,0
AC079061.1,0.0,0.0,0,0
AC079062.1,0.0,0.0,0,0
AC079070.1,0.0,0.0,0,0
AC079075.1,0.0,0.0,0,0
AC079089.1,0.0,0.0,0,0
AC079117.1,0.0,0.0,0,0
AC079117.2,0.0,0.0,0,0
AC079145.1,-0.00022623649,0.0,0,1
AC079148.1,0.0,0.0,0,0
AC079148.2,0.0,0.0,0,0
AC079148.3,0.0,0.0,0,0
AC079154.1,0.0,0.0,0,0
AC079160.1,0.0,0.0,0,0
AC079163.1,0.0,0.0,0,0
AC079163.2,0.0,0.0,0,0
AC079171.1,0.0,0.0,0,0
AC079174.1,0.0,0.0,0,0
AC079174.2,0.0,0.0,0,0
AC079177.1,0.0,0.0,0,0
AC079193.2,0.0,0.0,0,0
AC079200.1,0.0,0.0,0,0
AC079203.2,0.0,0.0,0,0
AC079209.2,0.0,0.0,0,0
AC079210.1,0.0,0.0,0,0
AC079226.1,0.0,0.0,0,0
AC079226.2,0.0,0.0,0,0
AC079248.1,0.0,0.0,0,0
AC079296.1,0.0,0.0,0,0
AC079296.2,0.0,0.0,0,0
AC079298.1,0.0,0.0,0,0
AC079298.2,0.0,0.0,0,0
AC079304.1,0.0,0.0,0,0
AC079310.1,0.0,0.0,0,0
AC079313.1,0.0,0.0,0,0
AC079313.2,0.0,0.0,0,0
AC079328.2,0.0,0.0,0,0
AC079329.1,0.0,0.0,0,0
AC079331.3,0.0,0.0,0,0
AC079336.1,0.0,0.0,0,0
AC079336.2,0.0,0.0,0,0
AC079336.3,0.0,0.0,0,0
AC079336.4,0.0,0.0,0,0
AC079336.5,0.0,0.0,0,0
AC079340.1,0.0,0.0,0,0
AC079340.2,0.0,0.0,0,0
AC079340.3,0.0,0.0,0,0
AC079341.1,0.0,0.0,0,0
AC079341.2,0.0,0.0,0,0
AC079349.1,0.0,0.0,0,0
AC079352.1,0.0,0.0,0,0
AC079354.2,-0.0029347164,0.0,0,1
AC079354.3,0.0,0.0,0,0
AC079360.1,0.0,0.0,0,0
AC079362.1,0.0,0.0,0,0
AC079380.1,0.0,0.0,0,0
AC079382.2,0.0,0.0,0,0
AC079384.1,0.0,0.0,0,0
AC079384.2,0.0,0.0,0,0
AC079385.1,0.0,0.0,0,0
AC079385.2,0.0,0.0,0,0
AC079385.3,0.0,0.0,0,0
AC079411.1,0.0,0.0,0,0
AC079414.1,0.0,0.0,0,0
AC079414.3,-0.00013620693,0.0,0,1
AC079460.2,0.0,0.0,0,0
AC079465.1,0.0,0.0,0,0
AC079466.1,0.0,0.0,0,0
AC079466.2,0.0,0.0,0,0
AC079467.1,0.0,0.0,0,0
AC079584.1,0.0,0.0,0,0
AC079584.2,0.0,0.0,0,0
AC079598.1,0.0,0.0,0,0
AC079600.3,0.0,0.0,0,0
AC079610.1,0.0,0.0,0,0
AC079610.2,0.0,0.0,0,0
AC079612.1,0.0,0.0,0,0
AC079612.2,0.0,0.0,0,0
AC079742.1,0.0,0.0,0,0
AC079760.1,0.0,0.0,0,0
AC079760.2,0.0,0.0,0,0
AC079763.1,0.0,0.0,0,0
AC079766.1,0.0,0.0,0,0
AC079768.2,0.0,0.0,0,0
AC079768.3,0.0,0.0,0,0
AC079768.4,0.0,0.0,0,0
AC079772.1,0.0,0.0,0,0
AC079776.5,0.0,0.0,0,0
AC079779.1,0.0,0.0,0,0
AC079779.3,0.0,0.0,0,0
AC079779.4,0.0,0.0,0,0
AC079790.1,0.0,0.0,0,0
AC079790.2,0.0,0.0,0,0
AC079793.1,0.0,0.0,0,0
AC079799.1,0.0,0.0,0,0
AC079801.1,0.0,0.0,0,0
AC079804.3,0.0,0.0,0,0
AC079822.1,0.0,0.0,0,0
AC079834.2,0.0,0.0,0,0
AC079841.2,0.0,0.0,0,0
AC079848.2,0.0,0.0,0,0
AC079851.1,0.0,0.0,0,0
AC079858.1,0.0,0.0,0,0
AC079866.2,-0.00013714081,0.0,0,1
AC079896.1,0.0,0.0,0,0
AC079906.1,0.0,0.0,0,0
AC079907.1,0.0,0.0,0,0
AC079907.2,0.0,0.0,0,0
AC079910.1,0.0,0.0,0,0
AC079921.1,0.0,0.0,0,0
AC079942.1,0.0,0.0,0,0
AC079943.1,0.0,0.0,0,0
AC079943.2,0.0,0.0,0,0
AC079949.3,0.0,0.0,0,0
AC079949.5,-0.00016848564,0.0,0,1
AC079950.1,0.0,0.0,0,0
AC079988.1,0.0,0.0,0,0
AC080005.1,0.0,0.0,0,0
AC080011.1,0.0,0.0,0,0
AC080013.3,-9.45876e-05,0.0,0,1
AC080013.4,0.0,0.0,0,0
AC080037.2,0.0,0.0,0,0
AC080038.2,0.0,0.0,0,0
AC080068.1,0.0,0.0,0,0
AC080075.1,-0.00012771202,0.0,0,1
AC080078.1,0.0,0.0,0,0
AC080078.2,0.0,0.0,0,0
AC080079.2,0.0,0.0,0,0
AC080089.2,0.0,0.0,0,0
AC080112.4,-0.000110956295,0.0,0,1
AC080128.2,0.0,0.0,0,0
AC080129.1,0.0,0.0,0,0
AC080132.1,0.0,0.0,0,0
AC080162.1,0.0,0.0,0,0
AC082650.1,0.0,0.0,0,0
AC082650.2,0.0,0.0,0,0
AC082651.1,0.0,0.0,0,0
AC082651.3,0.0,0.0,0,0
AC082651.4,0.0,0.0,0,0
AC083795.2,0.0,0.0,0,0
AC083801.2,0.0,0.0,0,0
AC083805.1,0.0,0.0,0,0
AC083805.2,-0.0013225869,0.0,0,1
AC083805.3,-0.0001437564,0.0,0,1
AC083806.2,0.0,0.0,0,0
AC083806.3,0.0,0.0,0,0
AC083836.1,0.0,0.0,0,0
AC083841.1,0.0,0.0,0,0
AC083841.2,0.0,0.0,0,0
AC083841.3,0.0,0.0,0,0
AC083843.1,0.0,0.0,0,0
AC083855.2,-0.0038240962,0.0,0,2
AC083862.2,-0.0019176425,0.0,0,2
AC083864.1,0.0,0.0,0,0
AC083864.2,0.0,0.0,0,0
AC083864.3,0.0,0.0,0,0
AC083864.4,0.0,0.0,0,0
AC083864.5,0.0,0.0,0,0
AC083867.2,0.0,0.0,0,0
AC083870.1,0.0,0.0,0,0
AC083902.1,0.0,0.0,0,0
AC083906.3,0.0,0.0,0,0
AC083964.1,0.0,0.0,0,0
AC083967.1,0.0,0.0,0,0
AC083977.1,0.0,0.0,0,0
AC084018.1,0.0,0.0,0,0
AC084018.4,0.0,0.0,0,0
AC084024.1,0.0,0.0,0,0
AC084024.4,0.0,0.0,0,0
AC084026.1,0.0,0.0,0,0
AC084026.2,0.0,0.0,0,0
AC084030.1,0.0,0.0,0,0
AC084035.1,0.0,0.0,0,0
AC084048.1,0.0,0.0,0,0
AC084064.1,0.0,0.0,0,0
AC084082.1,0.0,0.0,0,0
AC084083.1,0.0,0.0,0,0
AC084114.1,0.0,0.0,0,0
AC084116.1,0.0,0.0,0,0
AC084116.2,0.0,0.0,0,0
AC084116.3,0.0,0.0,0,0
AC084117.1,-0.00011856018,0.0,0,1
AC084121.11,0.0,0.0,0,0
AC084121.12,0.0,0.0,0,0
AC084121.13,0.0,0.0,0,0
AC084121.5,0.0,0.0,0,0
AC084121.6,0.0,0.0,0,0
AC084121.7,0.0,0.0,0,0
AC084121.8,0.0,0.0,0,0
AC084121.9,0.0,0.0,0,0
AC084125.1,0.0,0.0,0,0
AC084125.2,-0.00066199194,0.0,0,1
AC084125.3,0.0,0.0,0,0
AC084125.4,0.0,0.0,0,0
AC084128.1,0.0,0.0,0,0
AC084149.1,0.0,0.0,0,0
AC084167.1,0.0,0.0,0,0
AC084211.1,0.0,0.0,0,0
AC084212.1,0.0,0.0,0,0
AC084262.1,-8.579967e-05,0.0,0,1
AC084262.2,0.0,0.0,0,0
AC084277.1,0.0,0.0,0,0
AC084291.1,0.0,0.0,0,0
AC084335.1,0.0,0.0,0,0
AC084346.1,-0.00011866767,0.0,0,1
AC084357.2,0.0,0.0,0,0
AC084361.1,0.0,0.0,0,0
AC084364.3,0.0,0.0,0,0
AC084365.1,0.0,0.0,0,0
AC084375.1,0.0,0.0,0,0
AC084398.2,0.0,0.0,0,0
AC084706.1,0.0,0.0,0,0
AC084724.1,0.0,0.0,0,0
AC084734.1,0.0,0.0,0,0
AC084740.1,0.0,0.0,0,0
AC084741.1,0.0,0.0,0,0
AC084756.1,0.0,0.0,0,0
AC084757.2,0.0,0.0,0,0
AC084757.3,0.0,0.0,0,0
AC084757.4,0.0,0.0,0,0
AC084759.2,0.0,0.0,0,0
AC084768.1,0.0,0.0,0,0
AC084781.1,0.0,0.0,0,0
AC084781.2,0.0,0.0,0,0
AC084782.1,0.0,0.0,0,0
AC084782.2,0.0,0.0,0,0
AC084782.3,0.0,0.0,0,0
AC084809.1,0.0,0.0,0,0
AC084809.2,0.0,0.0,0,0
AC084816.1,0.0,0.0,0,0
AC084819.1,0.0,0.0,0,0
AC084824.3,0.0,0.0,0,0
AC084824.4,0.0,0.0,0,0
AC084824.5,-0.0001982244,0.0,0,1
AC084834.1,0.0,0.0,0,0
AC084838.1,0.0,0.0,0,0
AC084855.1,0.0,0.0,0,0
AC084855.2,0.0,0.0,0,0
AC084864.1,0.0,0.0,0,0
AC084864.2,0.0,0.0,0,0
AC084866.1,0.0,0.0,0,0
AC084866.2,0.0,0.0,0,0
AC084876.1,0.0,0.0,0,0
AC084879.2,0.0,0.0,0,0
AC084880.2,0.0,0.0,0,0
AC084880.3,0.0,0.0,0,0
AC084880.4,0.0,0.0,0,0
AC084882.1,0.0,0.0,0,0
AC087071.2,0.0,0.0,0,0
AC087190.1,0.0,0.0,0,0
AC087190.2,0.0,0.0,0,0
AC087190.3,0.0,0.0,0,0
AC087203.3,0.0,0.0,0,0
AC087222.1,0.0,0.0,0,0
AC087235.1,0.0,0.0,0,0
AC087235.2,0.0,0.0,0,0
AC087241.2,0.0,0.0,0,0
AC087242.1,0.0,0.0,0,0
AC087257.1,0.0,0.0,0,0
AC087260.1,0.0,0.0,0,0
AC087269.1,0.0,0.0,0,0
AC087269.3,0.0,0.0,0,0
AC087273.1,0.0,0.0,0,0
AC087276.1,0.0,0.0,0,0
AC087276.2,0.0,0.0,0,0
AC087276.3,0.0,0.0,0,0
AC087277.1,0.0,0.0,0,0
AC087277.2,0.0,0.0,0,0
AC087280.2,0.0,0.0,0,0
AC087286.1,0.0,0.0,0,0
AC087286.2,0.0,0.0,0,0
AC087286.4,0.0,0.0,0,0
AC087289.1,0.0,0.0,0,0
AC087289.2,0.0,0.0,0,0
AC087289.4,0.0,0.0,0,0
AC087292.1,0.0,0.0,0,0
AC087301.1,0.0,0.0,0,0
AC087311.2,0.0,0.0,0,0
AC087318.1,0.0,0.0,0,0
AC087341.1,0.0,0.0,0,0
AC087354.1,0.0,0.0,0,0
AC087362.1,0.0,0.0,0,0
AC087362.2,0.0,0.0,0,0
AC087369.2,0.0,0.0,0,0
AC087379.1,0.0,0.0,0,0
AC087379.2,0.0,0.0,0,0
AC087386.1,0.0,0.0,0,0
AC087392.1,0.0,0.0,0,0
AC087392.2,0.0,0.0,0,0
AC087392.3,0.0,0.0,0,0
AC087392.4,0.0,0.0,0,0
AC087393.2,0.0,0.0,0,0
AC087399.1,0.0,0.0,0,0
AC087427.1,0.0,0.0,0,0
AC087428.1,0.0,0.0,0,0
AC087430.1,0.0,0.0,0,0
AC087439.1,0.0,0.0,0,0
AC087439.2,0.0,0.0,0,0
AC087442.1,0.0,0.0,0,0
AC087457.1,0.0,0.0,0,0
AC087463.1,0.0,0.0,0,0
AC087463.2,0.0,0.0,0,0
AC087463.3,0.0,0.0,0,0
AC087473.1,0.0,0.0,0,0
AC087477.2,-0.00014822415,0.0,0,1
AC087477.3,0.0,0.0,0,0
AC087477.4,0.0,0.0,0,0
AC087477.5,0.0,0.0,0,0
AC087482.1,-0.0003436704,0.0,0,1
AC087490.1,0.0,0.0,0,0
AC087491.1,0.0,0.0,0,0
AC087500.2,0.0,0.0,0,0
AC087501.1,0.0,0.0,0,0
AC087501.2,0.0,0.0,0,0
AC087501.3,0.0,0.0,0,0
AC087501.4,-2.1755695e-05,0.0,0,1
AC087516.1,0.0,0.0,0,0
AC087516.2,0.0,0.0,0,0
AC087518.1,0.0,0.0,0,0
AC087521.1,0.0,0.0,0,0
AC087521.3,0.0,0.0,0,0
AC087521.4,-0.00015167099,0.0,0,1
AC087533.1,-0.00022161647,0.0,0,1
AC087564.1,0.0,0.0,0,0
AC087565.1,0.0,0.0,0,0
AC087565.2,0.0,0.0,0,0
AC087588.2,0.0,0.0,0,0
AC087588.3,0.0,0.0,0,0
AC087591.1,0.0,0.0,0,0
AC087612.1,0.0,0.0,0,0
AC087620.1,0.0,0.0,0,0
AC087623.1,0.0,0.0,0,0
AC087623.3,0.0,0.0,0,0
AC087627.1,-0.00016692118,0.0,0,1
AC087633.1,0.0,0.0,0,0
AC087636.1,0.0,0.0,0,0
AC087639.2,0.0,0.0,0,0
AC087645.2,0.0,0.0,0,0
AC087645.4,0.0,0.0,0,0
AC087664.1,0.0,0.0,0,0
AC087664.2,0.0,0.0,0,0
AC087667.1,0.0,0.0,0,0
AC087672.1,0.0,0.0,0,0
AC087672.2,-0.0002739533,0.0,0,1
AC087683.3,0.0,0.0,0,0
AC087721.1,0.0,0.0,0,0
AC087741.2,0.0,0.0,0,0
AC087742.1,-0.0002004534,0.0,0,1
AC087749.1,0.0,0.0,0,0
AC087749.2,0.0,0.0,0,0
AC087752.4,-0.0002877986,0.0,0,1
AC087761.1,0.0,0.0,0,0
AC087762.1,0.0,0.0,0,0
AC087855.1,0.0,0.0,0,0
AC087855.2,0.0,0.0,0,0
AC087857.1,-0.00014989563,0.0,0,1
AC087863.2,0.0,0.0,0,0
AC087878.1,0.0,0.0,0,0
AC087883.2,0.0,0.0,0,0
AC087885.1,0.0,0.0,0,0
AC087897.2,0.0,0.0,0,0
AC089983.1,0.0,0.0,0,0
AC089983.2,0.0,0.0,0,0
AC089984.1,0.0,0.0,0,0
AC089985.1,0.0,0.0,0,0
AC089987.2,0.0,0.0,0,0
AC089998.1,0.0,0.0,0,0
AC089998.2,0.0,0.0,0,0
AC089998.4,0.0,0.0,0,0
AC089999.1,0.0,0.0,0,0
AC090001.1,0.0,0.0,0,0
AC090004.2,0.0,0.0,0,0
AC090015.1,0.0,0.0,0,0
AC090016.1,0.0,0.0,0,0
AC090018.2,0.0,0.0,0,0
AC090023.1,0.0,0.0,0,0
AC090023.2,0.0,0.0,0,0
AC090044.1,0.0,0.0,0,0
AC090049.1,0.0,0.0,0,0
AC090099.1,0.0,0.0,0,0
AC090099.2,0.0,0.0,0,0
AC090103.1,0.0,0.0,0,0
AC090109.1,0.0,0.0,0,0
AC090115.1,0.0,0.0,0,0
AC090116.1,0.0,0.0,0,0
AC090124.1,0.0,0.0,0,0
AC090125.1,0.0,0.0,0,0
AC090125.2,0.0,0.0,0,0
AC090136.3,0.0,0.0,0,0
AC090138.1,0.0,0.0,0,0
AC090150.1,0.0,0.0,0,0
AC090150.2,0.0,0.0,0,0
AC090155.1,0.0,0.0,0,0
AC090155.2,0.0,0.0,0,0
AC090159.1,0.0,0.0,0,0
AC090164.2,0.0,0.0,0,0
AC090164.3,0.0,0.0,0,0
AC090164.4,0.0,0.0,0,0
AC090164.5,-0.0003696689,0.0,0,1
AC090181.1,0.0,0.0,0,0
AC090181.2,-0.00072723813,0.0,0,1
AC090186.1,-0.00035299952,0.0,0,1
AC090193.1,0.0,0.0,0,0
AC090198.1,0.0,0.0,0,0
AC090200.1,0.0,0.0,0,0
AC090206.1,0.0,0.0,0,0
AC090213.1,0.0,0.0,0,0
AC090220.1,0.0,0.0,0,0
AC090227.3,0.0,0.0,0,0
AC090229.1,-6.019103e-05,0.0,0,1
AC090236.1,-0.00012486857,0.0,0,1
AC090236.2,-7.03198e-05,0.0,0,1
AC090241.2,0.0,0.0,0,0
AC090241.3,-0.00017795217,0.0,0,1
AC090246.1,0.0,0.0,0,0
AC090260.1,-0.00011220376,0.0,0,1
AC090282.1,0.0,0.0,0,0
AC090283.1,0.0,0.0,0,0
AC090286.1,0.0,0.0,0,0
AC090337.1,0.0,0.0,0,0
AC090337.2,0.0,0.0,0,0
AC090338.1,0.0,0.0,0,0
AC090340.1,0.0,0.0,0,0
AC090348.1,0.0,0.0,0,0
AC090358.1,0.0,0.0,0,0
AC090365.1,0.0,0.0,0,0
AC090371.1,0.0,0.0,0,0
AC090371.2,0.0,0.0,0,0
AC090376.1,0.0,0.0,0,0
AC090377.1,0.0,0.0,0,0
AC090386.1,0.0,0.0,0,0
AC090398.1,0.0,0.0,0,0
AC090398.2,0.0,0.0,0,0
AC090403.1,0.0,0.0,0,0
AC090409.2,0.0,0.0,0,0
AC090415.2,0.0,0.0,0,0
AC090425.2,0.0,0.0,0,0
AC090425.3,0.0,0.0,0,0
AC090457.1,0.0,0.0,0,0
AC090469.1,-0.011246922,0.0,0,1
AC090502.2,0.0,0.0,0,0
AC090503.1,0.0,0.0,0,0
AC090503.2,0.0,0.0,0,0
AC090505.2,0.0,0.0,0,0
AC090506.1,0.0,0.0,0,0
AC090510.1,0.0,0.0,0,0
AC090510.2,0.0,0.0,0,0
AC090510.3,0.0,0.0,0,0
AC090510.4,0.0,0.0,0,0
AC090515.4,0.0,0.0,0,0
AC090515.5,0.0,0.0,0,0
AC090515.6,0.0,0.0,0,0
AC090518.1,0.0,0.0,0,0
AC090527.1,0.0,0.0,0,0
AC090531.1,0.0,0.0,0,0
AC090539.1,0.0,0.0,0,0
AC090541.1,0.0,0.0,0,0
AC090559.2,-0.005857131,0.0,0,2
AC090572.2,0.0,0.0,0,0
AC090572.3,0.0,0.0,0,0
AC090577.1,0.0,0.0,0,0
AC090578.1,0.0,0.0,0,0
AC090578.2,0.0,0.0,0,0
AC090578.3,0.0,0.0,0,0
AC090589.2,0.0,0.0,0,0
AC090589.3,0.0,0.0,0,0
AC090607.1,0.0,0.0,0,0
AC090607.3,0.0,0.0,0,0
AC090607.4,0.0,0.0,0,0
AC090607.5,0.0,0.0,0,0
AC090617.1,0.0,0.0,0,0
AC090617.10,-0.009756395,0.0,0,2
AC090617.2,0.0,0.0,0,0
AC090617.4,0.0,0.0,0,0
AC090618.1,0.0,0.0,0,0
AC090621.1,0.0,0.0,0,0
AC090625.2,0.0,0.0,0,0
AC090629.1,0.0,0.0,0,0
AC090644.1,0.0,0.0,0,0
AC090673.1,0.0,0.0,0,0
AC090679.2,0.0,0.0,0,0
AC090679.3,0.0,0.0,0,0
AC090680.1,0.0,0.0,0,0
AC090692.1,0.0,0.0,0,0
AC090692.2,0.0,0.0,0,0
AC090692.3,0.0,0.0,0,0
AC090696.1,0.0,0.0,0,0
AC090707.1,0.0,0.0,0,0
AC090707.2,0.0,0.0,0,0
AC090709.1,0.0,0.0,0,0
AC090735.1,0.0,0.0,0,0
AC090753.1,0.0,0.0,0,0
AC090771.2,0.0,0.0,0,0
AC090772.1,0.0,0.0,0,0
AC090772.2,0.0,0.0,0,0
AC090774.2,0.0,0.0,0,0
AC090791.1,0.0,0.0,0,0
AC090796.1,0.0,0.0,0,0
AC090802.1,0.0,0.0,0,0
AC090809.1,0.0,0.0,0,0
AC090812.1,0.0,0.0,0,0
AC090816.1,0.0,0.0,0,0
AC090820.2,0.0,0.0,0,0
AC090821.2,0.0,0.0,0,0
AC090826.1,0.0,0.0,0,0
AC090826.2,0.0,0.0,0,0
AC090826.3,0.0,0.0,0,0
AC090844.2,0.0,0.0,0,0
AC090844.3,0.0,0.0,0,0
AC090857.2,0.0,0.0,0,0
AC090877.2,0.0,0.0,0,0
AC090907.1,0.0,0.0,0,0
AC090907.2,0.0,0.0,0,0
AC090907.3,-0.00013660328,0.0,0,1
AC090912.1,0.0,0.0,0,0
AC090912.2,0.0,0.0,0,0
AC090912.3,0.0,0.0,0,0
AC090921.1,-0.00044607683,0.0,0,1
AC090936.1,0.0,0.0,0,0
AC090945.1,0.0,0.0,0,0
AC090948.1,0.0,0.0,0,0
AC090948.2,0.0,0.0,0,0
AC090948.3,-8.102541e-05,0.0,0,1
AC090948.4,0.0,0.0,0,0
AC090952.1,0.0,0.0,0,0
AC090952.2,0.0,0.0,0,0
AC090953.2,0.0,0.0,0,0
AC090957.1,0.0,0.0,0,0
AC090970.1,0.0,0.0,0,0
AC090970.2,-0.00020521879,0.0,0,1
AC090971.1,-0.00019818767,0.0,0,1
AC090971.2,0.0,0.0,0,0
AC090971.5,0.0,0.0,0,0
AC090983.1,0.0,0.0,0,0
AC090985.2,0.0,0.0,0,0
AC090987.1,0.0,0.0,0,0
AC090993.1,0.0,0.0,0,0
AC090994.1,0.0,0.0,0,0
AC091010.1,0.0,0.0,0,0
AC091027.1,0.0,0.0,0,0
AC091027.2,0.0,0.0,0,0
AC091027.3,0.0,0.0,0,0
AC091043.1,0.0,0.0,0,0
AC091044.1,0.0,0.0,0,0
AC091045.1,0.0,0.0,0,0
AC091047.1,0.0,0.0,0,0
AC091053.1,-0.00013590974,0.0,0,1
AC091053.2,0.0,0.0,0,0
AC091059.1,0.0,0.0,0,0
AC091062.1,0.0,0.0,0,0
AC091073.1,0.0,0.0,0,0
AC091074.2,0.0,0.0,0,0
AC091074.3,0.0,0.0,0,0
AC091078.2,0.0,0.0,0,0
AC091096.1,0.0,0.0,0,0
AC091100.1,0.0,0.0,0,0
AC091114.1,0.0,0.0,0,0
AC091117.1,0.0,0.0,0,0
AC091117.2,0.0,0.0,0,0
AC091132.1,0.0,0.0,0,0
AC091132.2,0.0,0.0,0,0
AC091133.1,0.0,0.0,0,0
AC091133.3,0.0,0.0,0,0
AC091133.4,0.0,0.0,0,0
AC091138.1,0.0,0.0,0,0
AC091151.1,0.0,0.0,0,0
AC091151.5,0.0,0.0,0,0
AC091152.2,0.0,0.0,0,0
AC091153.2,0.0,0.0,0,0
AC091153.4,0.0,0.0,0,0
AC091163.1,0.0,0.0,0,0
AC091163.2,0.0,0.0,0,0
AC091167.5,0.0,0.0,0,0
AC091178.2,0.0,0.0,0,0
AC091179.1,0.0,0.0,0,0
AC091180.3,0.0,0.0,0,0
AC091180.4,0.0,0.0,0,0
AC091180.5,0.0,0.0,0,0
AC091181.2,0.0,0.0,0,0
AC091182.1,-0.01861037,0.0,0,2
AC091182.2,0.0,0.0,0,0
AC091196.1,0.0,0.0,0,0
AC091198.1,0.0,0.0,0,0
AC091212.1,0.0,0.0,0,0
AC091214.1,0.0,0.0,0,0
AC091231.1,0.0,0.0,0,0
AC091393.2,0.0,0.0,0,0
AC091435.2,0.0,0.0,0,0
AC091488.1,0.0,0.0,0,0
AC091489.1,0.0,0.0,0,0
AC091493.1,0.0,0.0,0,0
AC091534.1,0.0,0.0,0,0
AC091544.2,0.0,0.0,0,0
AC091544.4,0.0,0.0,0,0
AC091544.5,0.0,0.0,0,0
AC091544.7,0.0,0.0,0,0
AC091564.3,0.0,0.0,0,0
AC091564.4,0.0,0.0,0,0
AC091564.5,0.0,0.0,0,0
AC091564.6,-0.00013418564,0.0,0,1
AC091576.1,0.0,0.0,0,0
AC091588.1,0.0,0.0,0,0
AC091588.2,0.0,0.0,0,0
AC091588.3,-0.002226527,0.0,0,1
AC091607.2,-0.0003732282,0.0,0,1
AC091614.1,0.0,0.0,0,0
AC091646.1,0.0,0.0,0,0
AC091685.1,0.0,0.0,0,0
AC091691.2,0.0,0.0,0,0
AC091691.3,0.0,0.0,0,0
AC091705.1,0.0,0.0,0,0
AC091729.1,0.0,0.0,0,0
AC091729.2,0.0,0.0,0,0
AC091730.1,0.0,0.0,0,0
AC091736.1,-8.148793e-05,0.0,0,1
AC091769.2,0.0,0.0,0,0
AC091770.1,0.0,0.0,0,0
AC091806.1,0.0,0.0,0,0
AC091819.1,0.0,0.0,0,0
AC091819.2,0.0,0.0,0,0
AC091820.1,0.0,0.0,0,0
AC091820.2,0.0,0.0,0,0
AC091826.2,0.0,0.0,0,0
AC091832.1,0.0,0.0,0,0
AC091838.1,0.0,0.0,0,0
AC091849.2,0.0,0.0,0,0
AC091860.2,0.0,0.0,0,0
AC091868.2,0.0,0.0,0,0
AC091885.2,0.0,0.0,0,0
AC091887.1,0.0,0.0,0,0
AC091889.1,-0.005537173,0.0,0,2
AC091891.1,0.0,0.0,0,0
AC091893.2,0.0,0.0,0,0
AC091906.1,0.0,0.0,0,0
AC091912.3,0.0,0.0,0,0
AC091917.1,0.0,0.0,0,0
AC091917.2,0.0,0.0,0,0
AC091917.3,0.0,0.0,0,0
AC091932.1,0.0,0.0,0,0
AC091938.1,0.0,0.0,0,0
AC091939.1,0.0,0.0,0,0
AC091944.1,0.0,0.0,0,0
AC091946.1,0.0,0.0,0,0
AC091946.2,0.0,0.0,0,0
AC091951.4,0.0,0.0,0,0
AC091953.1,0.0,0.0,0,0
AC091962.1,0.0,0.0,0,0
AC091965.1,-0.00012925015,0.0,0,1
AC091965.4,-0.00023907538,0.0,0,1
AC091973.1,0.0,0.0,0,0
AC091978.1,-0.002004963,0.0,0,2
AC091979.1,0.0,0.0,0,0
AC091979.2,0.0,0.0,0,0
AC091980.2,0.0,0.0,0,0
AC091982.1,0.0,0.0,0,0
AC091987.1,0.0,0.0,0,0
AC092017.4,0.0,0.0,0,0
AC092040.1,0.0,0.0,0,0
AC092042.1,0.0,0.0,0,0
AC092042.4,0.0,0.0,0,0
AC092053.2,-1.5626661e-05,0.0,0,1
AC092053.3,-0.0076084477,0.0,0,2
AC092053.5,0.0,0.0,0,0
AC092053.6,0.0,0.0,0,0
AC092058.1,0.0,0.0,0,0
AC092059.1,0.0,0.0,0,0
AC092067.1,0.0,0.0,0,0
AC092068.1,-0.00015245222,0.0,0,1
AC092068.2,-0.0077862274,0.0,0,2
AC092069.1,-0.00022269349,0.0,0,1
AC092070.1,0.0,0.0,0,0
AC092070.3,0.0,0.0,0,0
AC092070.4,0.0,0.0,0,0
AC092071.1,0.0,0.0,0,0
AC092078.1,0.0,0.0,0,0
AC092078.2,0.0,0.0,0,0
AC092078.3,0.0,0.0,0,0
AC092079.2,0.0,0.0,0,0
AC092100.1,0.0,0.0,0,0
AC092110.1,0.0,0.0,0,0
AC092111.1,0.0,0.0,0,0
AC092111.2,0.0,0.0,0,0
AC092112.1,0.0,0.0,0,0
AC092114.1,0.0,0.0,0,0
AC092115.2,0.0,0.0,0,0
AC092115.3,0.0,0.0,0,0
AC092118.1,-0.0011151743,0.0,0,2
AC092119.2,-0.00031901567,0.0,0,1
AC092119.3,-9.7821954e-05,0.0,0,1
AC092120.1,0.0,0.0,0,0
AC092120.3,0.0,0.0,0,0
AC092125.1,0.0,0.0,0,0
AC092125.2,0.0,0.0,0,0
AC092127.1,0.0,0.0,0,0
AC092127.2,-0.052414834,0.0,0,1
AC092130.1,0.0,0.0,0,0
AC092131.1,0.0,0.0,0,0
AC092132.1,0.0,0.0,0,0
AC092134.1,0.0,0.0,0,0
AC092134.3,0.0,0.0,0,0
AC092138.1,0.0,0.0,0,0
AC092138.2,0.0,0.0,0,0
AC092139.1,0.0,0.0,0,0
AC092140.1,0.0,0.0,0,0
AC092140.2,-0.0002004534,0.0,0,1
AC092142.1,0.0,0.0,0,0
AC092142.2,0.0,0.0,0,0
AC092143.2,0.0,0.0,0,0
AC092145.1,0.0,0.0,0,0
AC092153.1,0.0,0.0,0,0
AC092155.1,0.0,0.0,0,0
AC092159.1,0.0,0.0,0,0
AC092159.3,0.0,0.0,0,0
AC092162.2,0.0,0.0,0,0
AC092168.1,0.0,0.0,0,0
AC092168.2,0.0,0.0,0,0
AC092168.3,0.0,0.0,0,0
AC092171.1,0.0,0.0,0,0
AC092171.2,0.0,0.0,0,0
AC092171.5,-1.606388e-05,0.0,0,1
AC092192.1,0.0,0.0,0,0
AC092198.1,0.0,0.0,0,0
AC092265.1,0.0,0.0,0,0
AC092268.2,0.0,0.0,0,0
AC092275.1,0.0,0.0,0,0
AC092287.1,0.0,0.0,0,0
AC092295.1,0.0,0.0,0,0
AC092295.2,-0.00022069349,0.0,0,1
AC092296.1,0.0,0.0,0,0
AC092296.4,0.0,0.0,0,0
AC092301.1,0.0,0.0,0,0
AC092306.1,0.0,0.0,0,0
AC092316.1,0.0,0.0,0,0
AC092325.1,0.0,0.0,0,0
AC092327.2,-0.000108666485,0.0,0,1
AC092332.1,0.0,0.0,0,0
AC092335.1,0.0,0.0,0,0
AC092336.1,0.0,0.0,0,0
AC092337.1,0.0,0.0,0,0
AC092338.1,0.0,0.0,0,0
AC092338.2,0.0,0.0,0,0
AC092338.3,0.0,0.0,0,0
AC092343.1,0.0,0.0,0,0
AC092353.1,0.0,0.0,0,0
AC092354.1,0.0,0.0,0,0
AC092354.2,0.0,0.0,0,0
AC092364.1,0.0,0.0,0,0
AC092376.1,0.0,0.0,0,0
AC092376.3,0.0,0.0,0,0
AC092377.1,0.0,0.0,0,0
AC092378.1,0.0,0.0,0,0
AC092384.1,0.0,0.0,0,0
AC092384.2,0.0,0.0,0,0
AC092384.3,0.0,0.0,0,0
AC092418.2,-0.0172532,0.0,0,2
AC092422.1,0.0,0.0,0,0
AC092431.1,0.0,0.0,0,0
AC092435.1,0.0,0.0,0,0
AC092435.2,0.0,0.0,0,0
AC092435.3,0.0,0.0,0,0
AC092436.3,0.0,0.0,0,0
AC092440.1,0.0,0.0,0,0
AC092442.1,0.0,0.0,0,0
AC092447.4,0.0,0.0,0,0
AC092447.5,0.0,0.0,0,0
AC092447.8,0.0,0.0,0,0
AC092448.1,0.0,0.0,0,0
AC092468.1,0.0,0.0,0,0
AC092473.2,0.0,0.0,0,0
AC092490.1,-0.0008604632,0.0,0,1
AC092490.2,0.0,0.0,0,0
AC092535.2,0.0,0.0,0,0
AC092535.4,0.0,0.0,0,0
AC092535.5,-0.00023683225,0.0,0,1
AC092542.1,0.0,0.0,0,0
AC092567.1,0.0,0.0,0,0
AC092567.2,0.0,0.0,0,0
AC092574.1,0.0,0.0,0,0
AC092574.2,0.0,0.0,0,0
AC092580.2,0.0,0.0,0,0
AC092580.4,0.0,0.0,0,0
AC092590.1,0.0,0.0,0,0
AC092596.1,0.0,0.0,0,0
AC092598.1,0.0,0.0,0,0
AC092604.1,0.0,0.0,0,0
AC092608.1,0.0,0.0,0,0
AC092611.1,0.0,0.0,0,0
AC092614.1,-0.002226527,0.0,0,1
AC092617.1,0.0,0.0,0,0
AC092620.1,-0.0032909878,0.0,0,2
AC092620.2,0.0,0.0,0,0
AC092623.1,0.0,0.0,0,0
AC092625.1,0.0,0.0,0,0
AC092634.4,0.0,0.0,0,0
AC092634.8,0.0,0.0,0,0
AC092636.1,0.0,0.0,0,0
AC092637.1,0.0,0.0,0,0
AC092640.1,0.0,0.0,0,0
AC092645.2,0.0,0.0,0,0
AC092651.3,0.0,0.0,0,0
AC092652.2,0.0,0.0,0,0
AC092653.1,0.0,0.0,0,0
AC092660.1,0.0,0.0,0,0
AC092661.1,-0.0023868557,0.0,0,2
AC092666.1,0.0,0.0,0,0
AC092667.1,0.0,0.0,0,0
AC092669.1,0.0,0.0,0,0
AC092673.1,0.0,0.0,0,0
AC092674.1,0.0,0.0,0,0
AC092675.1,0.0,0.0,0,0
AC092675.2,0.0,0.0,0,0
AC092681.2,0.0,0.0,0,0
AC092681.3,0.0,0.0,0,0
AC092683.2,0.0,0.0,0,0
AC092687.1,0.0,0.0,0,0
AC092687.2,0.0,0.0,0,0
AC092687.3,-7.286072e-05,0.0,0,1
AC092691.1,0.0,0.0,0,0
AC092691.3,0.0,0.0,0,0
AC092718.2,0.0,0.0,0,0
AC092718.5,0.0,0.0,0,0
AC092718.6,-0.006264653,0.0,0,1
AC092718.9,0.0,0.0,0,0
AC092720.1,-0.00014063895,0.0,0,1
AC092720.2,0.0,0.0,0,0
AC092723.1,0.0,0.0,0,0
AC092723.3,0.0,0.0,0,0
AC092723.4,0.0,0.0,0,0
AC092723.5,0.0,0.0,0,0
AC092725.1,0.0,0.0,0,0
AC092745.1,0.0,0.0,0,0
AC092745.4,-0.00053998857,0.0,0,1
AC092745.5,-0.00013627972,0.0,0,1
AC092746.1,0.0,0.0,0,0
AC092747.1,0.0,0.0,0,0
AC092755.1,0.0,0.0,0,0
AC092755.2,-0.00022636332,0.0,0,1
AC092793.1,0.0,0.0,0,0
AC092794.1,-0.00036212636,0.0,0,1
AC092800.1,0.0,0.0,0,0
AC092801.1,0.0,0.0,0,0
AC092802.1,-0.00011930505,0.0,0,1
AC092802.2,0.0,0.0,0,0
AC092802.3,0.0,0.0,0,0
AC092802.4,0.0,0.0,0,0
AC092803.2,0.0,0.0,0,0
AC092805.1,0.0,0.0,0,0
AC092807.1,0.0,0.0,0,0
AC092807.2,0.0,0.0,0,0
AC092807.3,0.0,0.0,0,0
AC092810.3,0.0,0.0,0,0
AC092810.4,0.0,0.0,0,0
AC092811.1,0.0,0.0,0,0
AC092813.1,0.0,0.0,0,0
AC092813.2,0.0,0.0,0,0
AC092818.1,0.0,0.0,0,0
AC092819.1,0.0,0.0,0,0
AC092819.2,0.0,0.0,0,0
AC092819.3,0.0,0.0,0,0
AC092825.1,0.0,0.0,0,0
AC092828.1,-0.00044081887,0.0,0,1
AC092832.2,0.0,0.0,0,0
AC092834.1,0.0,0.0,0,0
AC092839.1,0.0,0.0,0,0
AC092839.2,0.0,0.0,0,0
AC092844.1,0.0,0.0,0,0
AC092845.1,0.0,0.0,0,0
AC092848.1,0.0,0.0,0,0
AC092848.2,0.0,0.0,0,0
AC092849.1,0.0,0.0,0,0
AC092849.2,0.0,0.0,0,0
AC092849.3,0.0,0.0,0,0
AC092850.2,0.0,0.0,0,0
AC092881.2,0.0,0.0,0,0
AC092894.1,0.0,0.0,0,0
AC092896.2,0.0,0.0,0,0
AC092902.2,0.0,0.0,0,0
AC092902.4,-0.0002706383,0.0,0,1
AC092902.6,0.0,0.0,0,0
AC092903.2,-0.00018076644,0.0,0,1
AC092916.1,0.0,0.0,0,0
AC092919.1,0.0,0.0,0,0
AC092924.1,0.0,0.0,0,0
AC092924.2,0.0,0.0,0,0
AC092925.1,0.0,0.0,0,0
AC092933.2,0.0,0.0,0,0
AC092939.1,0.0,0.0,0,0
AC092941.1,0.0,0.0,0,0
AC092941.2,0.0,0.0,0,0
AC092943.2,0.0,0.0,0,0
AC092944.3,0.0,0.0,0,0
AC092953.2,-0.0058472534,0.0,0,1
AC092954.1,0.0,0.0,0,0
AC092954.2,0.0,0.0,0,0
AC092957.1,0.0,0.0,0,0
AC092958.1,0.0,0.0,0,0
AC092958.2,0.0,0.0,0,0
AC092958.3,0.0,0.0,0,0
AC092958.4,0.0,0.0,0,0
AC092966.1,0.0,0.0,0,0
AC092969.1,-0.00011319965,0.0,0,1
AC092979.1,0.0,0.0,0,0
AC092979.2,0.0,0.0,0,0
AC092994.1,0.0,0.0,0,0
AC093001.1,0.0,0.0,0,0
AC093010.2,-0.026473602,0.0,0,2
AC093010.3,0.0,0.0,0,0
AC093019.2,0.0,0.0,0,0
AC093025.1,0.0,0.0,0,0
AC093072.1,0.0,0.0,0,0
AC093074.1,0.0,0.0,0,0
AC093083.1,0.0,0.0,0,0
AC093110.1,0.0,0.0,0,0
AC093117.1,0.0,0.0,0,0
AC093151.2,0.0,0.0,0,0
AC093151.3,-0.00025219377,0.0,0,1
AC093151.8,-2.4340328e-05,0.0,0,1
AC093154.1,0.0,0.0,0,0
AC093158.1,0.0,0.0,0,0
AC093159.1,0.0,0.0,0,0
AC093206.1,0.0,0.0,0,0
AC093227.1,-7.056678e-05,0.0,0,1
AC093240.1,0.0,0.0,0,0
AC093248.1,0.0,0.0,0,0
AC093249.2,0.0,0.0,0,0
AC093274.1,0.0,0.0,0,0
AC093277.1,0.0,0.0,0,0
AC093278.2,0.0,0.0,0,0
AC093281.1,0.0,0.0,0,0
AC093281.2,0.0,0.0,0,0
AC093283.1,0.0,0.0,0,0
AC093292.1,0.0,0.0,0,0
AC093295.1,0.0,0.0,0,0
AC093297.1,0.0,0.0,0,0
AC093297.2,-3.7031714e-06,0.0,0,1
AC093298.2,0.0,0.0,0,0
AC093305.1,0.0,0.0,0,0
AC093307.1,0.0,0.0,0,0
AC093326.1,0.0,0.0,0,0
AC093326.2,0.0,0.0,0,0
AC093330.3,0.0,0.0,0,0
AC093334.1,0.0,0.0,0,0
AC093382.1,0.0,0.0,0,0
AC093390.1,0.0,0.0,0,0
AC093390.2,0.0,0.0,0,0
AC093418.1,-0.02093996,0.0,0,1
AC093422.2,0.0,0.0,0,0
AC093423.2,0.0,0.0,0,0
AC093424.1,0.0,0.0,0,0
AC093426.1,0.0,0.0,0,0
AC093426.2,0.0,0.0,0,0
AC093433.2,0.0,0.0,0,0
AC093458.1,0.0,0.0,0,0
AC093459.1,0.0,0.0,0,0
AC093484.3,-0.00027607303,0.0,0,1
AC093484.4,0.0,0.0,0,0
AC093495.1,-0.0071777715,0.0,0,2
AC093496.1,0.0,0.0,0,0
AC093503.1,-0.00012050313,0.0,0,1
AC093503.2,0.0,0.0,0,0
AC093512.1,-0.0001733601,0.0,0,1
AC093515.1,0.0,0.0,0,0
AC093516.1,0.0,0.0,0,0
AC093519.2,0.0,0.0,0,0
AC093520.1,0.0,0.0,0,0
AC093523.1,0.0,0.0,0,0
AC093525.3,0.0,0.0,0,0
AC093525.4,-0.0004274732,0.0,0,1
AC093525.5,0.0,0.0,0,0
AC093534.2,0.0,0.0,0,0
AC093536.2,0.0,0.0,0,0
AC093575.1,0.0,0.0,0,0
AC093577.1,0.0,0.0,0,0
AC093579.1,0.0,0.0,0,0
AC093581.1,0.0,0.0,0,0
AC093582.1,0.0,0.0,0,0
AC093583.1,-0.005163182,0.0,0,1
AC093585.1,0.0,0.0,0,0
AC093591.2,0.0,0.0,0,0
AC093599.1,0.0,0.0,0,0
AC093599.2,0.0,0.0,0,0
AC093606.1,0.0,0.0,0,0
AC093607.1,0.0,0.0,0,0
AC093610.1,0.0,0.0,0,0
AC093620.1,0.0,0.0,0,0
AC093627.1,0.0,0.0,0,0
AC093627.2,0.0,0.0,0,0
AC093627.3,0.0,0.0,0,0
AC093627.7,-0.00015216337,0.0,0,1
AC093639.1,0.0,0.0,0,0
AC093639.2,0.0,0.0,0,0
AC093639.3,0.0,0.0,0,0
AC093642.1,0.0,0.0,0,0
AC093642.7,0.0,0.0,0,0
AC093655.1,0.0,0.0,0,0
AC093673.2,0.0,0.0,0,0
AC093675.1,0.0,0.0,0,0
AC093675.2,0.0,0.0,0,0
AC093677.3,0.0,0.0,0,0
AC093689.1,0.0,0.0,0,0
AC093690.1,-0.006078416,0.0,0,2
AC093702.1,0.0,0.0,0,0
AC093714.1,0.0,0.0,0,0
AC093714.2,0.0,0.0,0,0
AC093722.1,0.0,0.0,0,0
AC093725.1,0.0,0.0,0,0
AC093725.2,0.0,0.0,0,0
AC093726.1,0.0,0.0,0,0
AC093730.1,0.0,0.0,0,0
AC093732.1,0.0,0.0,0,0
AC093734.1,0.0,0.0,0,0
AC093746.1,0.0,0.0,0,0
AC093752.3,0.0,0.0,0,0
AC093763.1,0.0,0.0,0,0
AC093765.2,0.0,0.0,0,0
AC093765.3,0.0,0.0,0,0
AC093765.4,0.0,0.0,0,0
AC093765.5,0.0,0.0,0,0
AC093766.1,0.0,0.0,0,0
AC093772.1,-0.00016551382,0.0,0,1
AC093772.2,0.0,0.0,0,0
AC093787.2,0.0,0.0,0,0
AC093791.1,0.0,0.0,0,0
AC093791.2,0.0,0.0,0,0
AC093796.1,0.0,0.0,0,0
AC093797.1,0.0,0.0,0,0
AC093798.1,0.0,0.0,0,0
AC093799.1,0.0,0.0,0,0
AC093801.1,0.0,0.0,0,0
AC093802.1,0.0,0.0,0,0
AC093802.2,0.0,0.0,0,0
AC093810.1,0.0,0.0,0,0
AC093817.1,0.0,0.0,0,0
AC093817.2,-0.0019200089,0.0,0,1
AC093824.2,0.0,0.0,0,0
AC093831.1,0.0,0.0,0,0
AC093833.1,0.0,0.0,0,0
AC093838.1,0.0,0.0,0,0
AC093840.2,0.0,0.0,0,0
AC093843.1,0.0,0.0,0,0
AC093843.2,0.0,0.0,0,0
AC093849.1,0.0,0.0,0,0
AC093849.3,0.0,0.0,0,0
AC093857.1,0.0,0.0,0,0
AC093864.1,0.0,0.0,0,0
AC093865.1,0.0,0.0,0,0
AC093866.1,0.0,0.0,0,0
AC093871.1,0.0,0.0,0,0
AC093879.1,0.0,0.0,0,0
AC093879.2,0.0,0.0,0,0
AC093890.2,0.0,0.0,0,0
AC093893.1,0.0,0.0,0,0
AC093894.1,0.0,0.0,0,0
AC093894.2,0.0,0.0,0,0
AC093898.1,0.0,0.0,0,0
AC093903.1,0.0,0.0,0,0
AC093904.1,0.0,0.0,0,0
AC093904.2,0.0,0.0,0,0
AC093904.3,0.0,0.0,0,0
AC093904.4,0.0,0.0,0,0
AC093909.2,0.0,0.0,0,0
AC093909.4,0.0,0.0,0,0
AC093911.1,0.0,0.0,0,0
AC093912.1,0.0,0.0,0,0
AC093915.1,0.0,0.0,0,0
AC094104.1,0.0,0.0,0,0
AC094104.2,0.0,0.0,0,0
AC094105.1,0.0,0.0,0,0
AC094105.2,0.0,0.0,0,0
AC094108.1,0.0,0.0,0,0
AC095030.1,0.0,0.0,0,0
AC095032.1,0.0,0.0,0,0
AC095032.2,0.0,0.0,0,0
AC095033.1,0.0,0.0,0,0
AC095038.4,0.0,0.0,0,0
AC095038.5,0.0,0.0,0,0
AC095050.1,0.0,0.0,0,0
AC095056.1,0.0,0.0,0,0
AC095057.2,0.0,0.0,0,0
AC095057.4,0.0,0.0,0,0
AC095059.1,0.0,0.0,0,0
AC095060.1,0.0,0.0,0,0
AC095350.1,0.0,0.0,0,0
AC096531.2,0.0,0.0,0,0
AC096536.1,0.0,0.0,0,0
AC096536.2,-0.00020832337,0.0,0,1
AC096536.3,0.0,0.0,0,0
AC096540.1,0.0,0.0,0,0
AC096541.1,0.0,0.0,0,0
AC096543.1,0.0,0.0,0,0
AC096543.2,0.0,0.0,0,0
AC096554.1,0.0,0.0,0,0
AC096555.1,0.0,0.0,0,0
AC096559.1,0.0,0.0,0,0
AC096564.2,-0.00042770745,0.0,0,1
AC096570.1,0.0,0.0,0,0
AC096570.2,0.0,0.0,0,0
AC096576.2,0.0,0.0,0,0
AC096576.3,0.0,0.0,0,0
AC096576.6,0.0,0.0,0,0
AC096577.1,0.0,0.0,0,0
AC096585.1,0.0,0.0,0,0
AC096586.1,-0.00054885284,0.0,0,1
AC096586.2,0.0,0.0,0,0
AC096588.1,0.0,0.0,0,0
AC096589.1,0.0,0.0,0,0
AC096589.2,0.0,0.0,0,0
AC096631.1,0.0,0.0,0,0
AC096637.1,0.0,0.0,0,0
AC096637.2,0.0,0.0,0,0
AC096639.1,0.0,0.0,0,0
AC096642.1,-1.1855455e-05,0.0,0,1
AC096642.2,0.0,0.0,0,0
AC096644.3,0.0,0.0,0,0
AC096645.1,0.0,0.0,0,0
AC096647.1,-0.000117414595,0.0,0,1
AC096649.1,0.0,0.0,0,0
AC096659.1,0.0,0.0,0,0
AC096666.1,0.0,0.0,0,0
AC096669.1,0.0,0.0,0,0
AC096675.1,0.0,0.0,0,0
AC096677.2,0.0,0.0,0,0
AC096708.2,0.0,0.0,0,0
AC096708.3,0.0,0.0,0,0
AC096711.1,0.0,0.0,0,0
AC096711.2,0.0,0.0,0,0
AC096719.1,0.0,0.0,0,0
AC096721.1,0.0,0.0,0,0
AC096732.1,0.0,0.0,0,0
AC096733.1,0.0,0.0,0,0
AC096734.1,0.0,0.0,0,0
AC096734.2,-0.00040780823,0.0,0,1
AC096736.1,0.0,0.0,0,0
AC096736.2,0.0,0.0,0,0
AC096736.3,0.0,0.0,0,0
AC096741.1,0.0,0.0,0,0
AC096746.1,0.0,0.0,0,0
AC096747.1,0.0,0.0,0,0
AC096751.2,0.0,0.0,0,0
AC096759.1,0.0,0.0,0,0
AC096759.2,0.0,0.0,0,0
AC096763.1,0.0,0.0,0,0
AC096772.1,0.0,0.0,0,0
AC096773.1,0.0,0.0,0,0
AC096861.2,-0.00011207661,0.0,0,1
AC096920.1,0.0,0.0,0,0
AC096970.1,0.0,0.0,0,0
AC096992.3,0.0,0.0,0,0
AC096996.2,0.0,0.0,0,0
AC096996.3,0.0,0.0,0,0
AC097015.1,0.0,0.0,0,0
AC097059.1,0.0,0.0,0,0
AC097065.2,0.0,0.0,0,0
AC097103.1,0.0,0.0,0,0
AC097110.1,0.0,0.0,0,0
AC097173.2,0.0,0.0,0,0
AC097358.2,0.0,0.0,0,0
AC097359.3,0.0,0.0,0,0
AC097369.2,0.0,0.0,0,0
AC097372.1,0.0,0.0,0,0
AC097375.1,0.0,0.0,0,0
AC097375.2,0.0,0.0,0,0
AC097375.3,0.0,0.0,0,0
AC097375.4,0.0,0.0,0,0
AC097375.5,0.0,0.0,0,0
AC097381.1,0.0,0.0,0,0
AC097381.2,0.0,0.0,0,0
AC097381.3,0.0,0.0,0,0
AC097382.2,-1.8270648e-05,0.0,0,1
AC097448.1,0.0,0.0,0,0
AC097450.1,0.0,0.0,0,0
AC097451.1,0.0,0.0,0,0
AC097459.1,0.0,0.0,0,0
AC097460.1,0.0,0.0,0,0
AC097462.3,0.0,0.0,0,0
AC097467.1,0.0,0.0,0,0
AC097467.3,0.0,0.0,0,0
AC097468.1,0.0,0.0,0,0
AC097468.2,0.0,0.0,0,0
AC097468.4,0.0,0.0,0,0
AC097478.1,0.0,0.0,0,0
AC097478.2,0.0,0.0,0,0
AC097478.3,0.0,0.0,0,0
AC097480.1,0.0,0.0,0,0
AC097480.2,0.0,0.0,0,0
AC097487.1,0.0,0.0,0,0
AC097491.1,0.0,0.0,0,0
AC097494.1,0.0,0.0,0,0
AC097499.2,0.0,0.0,0,0
AC097500.1,-0.00012743253,0.0,0,1
AC097501.1,0.0,0.0,0,0
AC097505.1,0.0,0.0,0,0
AC097511.1,0.0,0.0,0,0
AC097512.1,0.0,0.0,0,0
AC097515.1,0.0,0.0,0,0
AC097517.1,0.0,0.0,0,0
AC097518.1,0.0,0.0,0,0
AC097518.2,0.0,0.0,0,0
AC097520.2,0.0,0.0,0,0
AC097521.1,0.0,0.0,0,0
AC097522.2,0.0,0.0,0,0
AC097526.1,0.0,0.0,0,0
AC097528.1,0.0,0.0,0,0
AC097532.1,0.0,0.0,0,0
AC097532.2,0.0,0.0,0,0
AC097532.3,0.0,0.0,0,0
AC097534.1,0.0,0.0,0,0
AC097535.1,0.0,0.0,0,0
AC097537.1,0.0,0.0,0,0
AC097625.1,0.0,0.0,0,0
AC097634.2,0.0,0.0,0,0
AC097634.3,0.0,0.0,0,0
AC097637.3,0.0,0.0,0,0
AC097639.1,-6.9318776e-05,0.0,0,1
AC097641.2,0.0,0.0,0,0
AC097652.1,0.0,0.0,0,0
AC097654.1,0.0,0.0,0,0
AC097658.2,0.0,0.0,0,0
AC097658.3,0.0,0.0,0,0
AC097709.1,0.0,0.0,0,0
AC097713.1,0.0,0.0,0,0
AC097713.3,0.0,0.0,0,0
AC097716.1,0.0,0.0,0,0
AC097717.1,0.0,0.0,0,0
AC097724.1,0.0,0.0,0,0
AC098479.1,0.0,0.0,0,0
AC098483.1,0.0,0.0,0,0
AC098484.1,0.0,0.0,0,0
AC098484.4,-5.2498654e-05,0.0,0,1
AC098587.1,0.0,0.0,0,0
AC098588.3,0.0,0.0,0,0
AC098595.1,0.0,0.0,0,0
AC098617.1,0.0,0.0,0,0
AC098649.1,0.0,0.0,0,0
AC098656.1,0.0,0.0,0,0
AC098657.2,0.0,0.0,0,0
AC098679.5,-0.00019739593,0.0,0,1
AC098679.6,0.0,0.0,0,0
AC098680.1,0.0,0.0,0,0
AC098680.2,0.0,0.0,0,0
AC098798.1,0.0,0.0,0,0
AC098817.1,0.0,0.0,0,0
AC098820.1,-0.0025615727,0.0,0,2
AC098820.2,0.0,0.0,0,0
AC098820.3,0.0,0.0,0,0
AC098825.1,0.0,0.0,0,0
AC098828.2,0.0,0.0,0,0
AC098829.1,-0.0021963487,0.0,0,1
AC098848.1,0.0,0.0,0,0
AC098850.1,0.0,0.0,0,0
AC098850.2,0.0,0.0,0,0
AC098851.1,0.0,0.0,0,0
AC098859.2,0.0,0.0,0,0
AC098868.1,0.0,0.0,0,0
AC098869.2,0.0,0.0,0,0
AC098872.1,0.0,0.0,0,0
AC098969.1,0.0,0.0,0,0
AC098969.2,0.0,0.0,0,0
AC099050.1,0.0,0.0,0,0
AC099063.1,0.0,0.0,0,0
AC099066.1,0.0,0.0,0,0
AC099066.2,0.0,0.0,0,0
AC099313.1,0.0,0.0,0,0
AC099314.1,0.0,0.0,0,0
AC099328.2,0.0,0.0,0,0
AC099329.1,0.0,0.0,0,0
AC099329.2,0.0,0.0,0,0
AC099332.1,0.0,0.0,0,0
AC099332.2,0.0,0.0,0,0
AC099342.1,0.0,0.0,0,0
AC099344.1,0.0,0.0,0,0
AC099344.2,0.0,0.0,0,0
AC099344.3,0.0,0.0,0,0
AC099398.1,0.0,0.0,0,0
AC099482.1,0.0,0.0,0,0
AC099482.2,0.0,0.0,0,0
AC099487.1,0.0,0.0,0,0
AC099487.2,0.0,0.0,0,0
AC099489.3,-0.00018787904,0.0,0,1
AC099499.1,0.0,0.0,0,0
AC099499.2,0.0,0.0,0,0
AC099501.1,0.0,0.0,0,0
AC099506.1,0.0,0.0,0,0
AC099506.3,0.0,0.0,0,0
AC099508.1,-9.8808734e-05,0.0,0,1
AC099508.2,0.0,0.0,0,0
AC099509.1,0.0,0.0,0,0
AC099509.2,0.0,0.0,0,0
AC099511.1,0.0,0.0,0,0
AC099517.1,0.0,0.0,0,0
AC099518.2,0.0,0.0,0,0
AC099518.4,0.0,0.0,0,0
AC099518.6,0.0,0.0,0,0
AC099520.1,0.0,0.0,0,0
AC099520.2,0.0,0.0,0,0
AC099521.1,0.0,0.0,0,0
AC099521.3,0.0,0.0,0,0
AC099522.2,0.0,0.0,0,0
AC099535.2,-0.00019724597,0.0,0,1
AC099541.1,-9.4002906e-05,0.0,0,1
AC099542.2,0.0,0.0,0,0
AC099552.1,0.0,0.0,0,0
AC099552.2,0.0,0.0,0,0
AC099552.3,0.0,0.0,0,0
AC099552.5,0.0,0.0,0,0
AC099554.1,0.0,0.0,0,0
AC099560.1,0.0,0.0,0,0
AC099563.2,0.0,0.0,0,0
AC099565.1,0.0,0.0,0,0
AC099567.1,0.0,0.0,0,0
AC099654.1,0.0,0.0,0,0
AC099654.15,0.0,0.0,0,0
AC099654.16,0.0,0.0,0,0
AC099661.1,-8.3848085e-05,0.0,0,1
AC099670.3,0.0,0.0,0,0
AC099671.1,0.0,0.0,0,0
AC099677.4,0.0,0.0,0,0
AC099681.1,0.0,0.0,0,0
AC099681.2,0.0,0.0,0,0
AC099681.3,0.0,0.0,0,0
AC099684.1,0.0,0.0,0,0
AC099684.2,0.0,0.0,0,0
AC099684.3,0.0,0.0,0,0
AC099685.1,0.0,0.0,0,0
AC099753.1,0.0,0.0,0,0
AC099754.1,0.0,0.0,0,0
AC099782.2,0.0,0.0,0,0
AC099786.1,0.0,0.0,0,0
AC099786.2,0.0,0.0,0,0
AC099786.3,0.0,0.0,0,0
AC099788.1,0.0,0.0,0,0
AC099791.2,0.0,0.0,0,0
AC099791.3,0.0,0.0,0,0
AC099791.4,0.0,0.0,0,0
AC099792.1,0.0,0.0,0,0
AC099794.1,0.0,0.0,0,0
AC099795.1,0.0,0.0,0,0
AC099796.2,0.0,0.0,0,0
AC099811.1,0.0,0.0,0,0
AC099811.3,0.0,0.0,0,0
AC099811.4,0.0,0.0,0,0
AC099811.5,0.0,0.0,0,0
AC099845.1,0.0,0.0,0,0
AC099850.3,0.0,0.0,0,0
AC100756.4,0.0,0.0,0,0
AC100763.1,0.0,0.0,0,0
AC100768.1,0.0,0.0,0,0
AC100771.2,0.0,0.0,0,0
AC100774.1,0.0,0.0,0,0
AC100775.1,0.0,0.0,0,0
AC100778.1,0.0,0.0,0,0
AC100778.3,-8.6727836e-05,0.0,0,1
AC100778.4,0.0,0.0,0,0
AC100779.1,0.0,0.0,0,0
AC100781.1,0.0,0.0,0,0
AC100782.1,0.0,0.0,0,0
AC100786.2,0.0,0.0,0,0
AC100788.1,0.0,0.0,0,0
AC100791.1,0.0,0.0,0,0
AC100791.2,0.0,0.0,0,0
AC100791.3,0.0,0.0,0,0
AC100793.3,0.0,0.0,0,0
AC100793.4,0.0,0.0,0,0
AC100797.1,0.0,0.0,0,0
AC100797.5,0.0,0.0,0,0
AC100800.1,-0.00014289115,0.0,0,1
AC100801.1,0.0,0.0,0,0
AC100801.2,0.0,0.0,0,0
AC100802.1,0.0,0.0,0,0
AC100803.2,0.0,0.0,0,0
AC100803.3,0.0,0.0,0,0
AC100803.4,0.0,0.0,0,0
AC100805.1,0.0,0.0,0,0
AC100807.2,0.0,0.0,0,0
AC100808.1,0.0,0.0,0,0
AC100810.3,-8.044368e-05,0.0,0,1
AC100810.7,0.0,0.0,0,0
AC100812.1,-0.00022706688,0.0,0,1
AC100814.1,-0.0003546956,0.0,0,1
AC100821.2,-0.0029347164,0.0,0,1
AC100822.1,0.0,0.0,0,0
AC100823.1,0.0,0.0,0,0
AC100825.1,0.0,0.0,0,0
AC100826.1,0.0,0.0,0,0
AC100827.3,0.0,0.0,0,0
AC100830.2,0.0,0.0,0,0
AC100830.3,0.0,0.0,0,0
AC100832.2,0.0,0.0,0,0
AC100834.2,0.0,0.0,0,0
AC100835.1,0.0,0.0,0,0
AC100835.2,0.0,0.0,0,0
AC100836.1,0.0,0.0,0,0
AC100839.1,0.0,0.0,0,0
AC100839.2,0.0,0.0,0,0
AC100843.1,0.0,0.0,0,0
AC100844.1,0.0,0.0,0,0
AC100847.1,-0.00011401103,0.0,0,1
AC100849.2,-0.000117778116,0.0,0,1
AC100858.2,0.0,0.0,0,0
AC100858.4,0.0,0.0,0,0
AC100860.1,0.0,0.0,0,0
AC100861.2,-0.0016747396,0.0,0,2
AC100863.1,0.0,0.0,0,0
AC100871.2,0.0,0.0,0,0
AC100872.2,0.0,0.0,0,0
AC102797.1,0.0,0.0,0,0
AC102941.1,0.0,0.0,0,0
AC102941.2,0.0,0.0,0,0
AC102945.1,0.0,0.0,0,0
AC103409.1,0.0,0.0,0,0
AC103563.2,0.0,0.0,0,0
AC103563.7,0.0,0.0,0,0
AC103564.1,0.0,0.0,0,0
AC103591.4,0.0,0.0,0,0
AC103681.1,0.0,0.0,0,0
AC103681.2,0.0,0.0,0,0
AC103691.2,-0.00028394943,0.0,0,1
AC103702.2,-0.010683786,0.0,0,2
AC103718.1,0.0,0.0,0,0
AC103719.1,-0.0001916315,0.0,0,1
AC103724.3,-0.0028472336,0.0,0,1
AC103724.4,0.0,0.0,0,0
AC103726.1,0.0,0.0,0,0
AC103726.2,0.0,0.0,0,0
AC103739.1,0.0,0.0,0,0
AC103739.2,0.0,0.0,0,0
AC103739.3,0.0,0.0,0,0
AC103740.1,0.0,0.0,0,0
AC103740.2,0.0,0.0,0,0
AC103746.1,0.0,0.0,0,0
AC103758.1,0.0,0.0,0,0
AC103760.1,-0.00038861213,0.0,0,1
AC103764.1,0.0,0.0,0,0
AC103770.1,0.0,0.0,0,0
AC103794.1,0.0,0.0,0,0
AC103796.1,0.0,0.0,0,0
AC103808.1,0.0,0.0,0,0
AC103808.2,0.0,0.0,0,0
AC103808.3,0.0,0.0,0,0
AC103808.4,0.0,0.0,0,0
AC103808.5,0.0,0.0,0,0
AC103808.6,0.0,0.0,0,0
AC103809.1,0.0,0.0,0,0
AC103810.2,-0.00015800512,0.0,0,1
AC103831.1,0.0,0.0,0,0
AC103843.1,0.0,0.0,0,0
AC103853.1,0.0,0.0,0,0
AC103853.2,0.0,0.0,0,0
AC103855.1,0.0,0.0,0,0
AC103855.2,0.0,0.0,0,0
AC103855.3,0.0,0.0,0,0
AC103858.1,-0.007601283,0.0,0,1
AC103858.2,0.0,0.0,0,0
AC103871.1,0.0,0.0,0,0
AC103874.1,0.0,0.0,0,0
AC103876.1,-0.008222238,0.0,0,1
AC103879.1,0.0,0.0,0,0
AC103925.1,0.0,0.0,0,0
AC103952.1,0.0,0.0,0,0
AC103955.1,0.0,0.0,0,0
AC103957.1,0.0,0.0,0,0
AC103957.2,0.0,0.0,0,0
AC103974.2,0.0,0.0,0,0
AC103982.1,0.0,0.0,0,0
AC103987.2,0.0,0.0,0,0
AC103993.1,0.0,0.0,0,0
AC103996.3,0.0,0.0,0,0
AC104002.1,0.0,0.0,0,0
AC104002.2,0.0,0.0,0,0
AC104002.3,0.0,0.0,0,0
AC104009.1,0.0,0.0,0,0
AC104012.1,0.0,0.0,0,0
AC104024.1,0.0,0.0,0,0
AC104024.2,0.0,0.0,0,0
AC104024.3,0.0,0.0,0,0
AC104035.1,0.0,0.0,0,0
AC104041.1,0.0,0.0,0,0
AC104051.1,0.0,0.0,0,0
AC104051.2,0.0,0.0,0,0
AC104063.1,0.0,0.0,0,0
AC104066.3,0.0,0.0,0,0
AC104066.4,0.0,0.0,0,0
AC104071.1,0.0,0.0,0,0
AC104072.1,0.0,0.0,0,0
AC104073.4,0.0,0.0,0,0
AC104076.1,0.0,0.0,0,0
AC104078.1,0.0,0.0,0,0
AC104078.2,0.0,0.0,0,0
AC104083.1,0.0,0.0,0,0
AC104088.1,0.0,0.0,0,0
AC104088.2,0.0,0.0,0,0
AC104088.3,0.0,0.0,0,0
AC104113.1,-0.00033203067,0.0,0,1
AC104116.1,0.0,0.0,0,0
AC104117.3,0.0,0.0,0,0
AC104117.5,0.0,0.0,0,0
AC104119.1,0.0,0.0,0,0
AC104123.1,0.0,0.0,0,0
AC104129.1,0.0,0.0,0,0
AC104135.1,0.0,0.0,0,0
AC104137.1,0.0,0.0,0,0
AC104167.1,0.0,0.0,0,0
AC104169.1,0.0,0.0,0,0
AC104170.2,0.0,0.0,0,0
AC104187.1,-0.00010492333,0.0,0,1
AC104211.2,0.0,0.0,0,0
AC104211.3,0.0,0.0,0,0
AC104211.4,0.0,0.0,0,0
AC104232.1,0.0,0.0,0,0
AC104232.2,0.0,0.0,0,0
AC104232.3,0.0,0.0,0,0
AC104237.1,0.0,0.0,0,0
AC104237.2,0.0,0.0,0,0
AC104237.3,0.0,0.0,0,0
AC104248.1,0.0,0.0,0,0
AC104257.1,0.0,0.0,0,0
AC104260.1,0.0,0.0,0,0
AC104260.3,0.0,0.0,0,0
AC104304.3,0.0,0.0,0,0
AC104316.1,0.0,0.0,0,0
AC104316.2,0.0,0.0,0,0
AC104333.4,0.0,0.0,0,0
AC104335.1,-0.012930163,0.0,0,2
AC104335.2,0.0,0.0,0,0
AC104350.1,0.0,0.0,0,0
AC104365.1,0.0,0.0,0,0
AC104365.2,0.0,0.0,0,0
AC104365.3,0.0,0.0,0,0
AC104370.1,0.0,0.0,0,0
AC104383.2,0.0,0.0,0,0
AC104389.2,0.0,0.0,0,0
AC104389.5,-0.00052404386,0.0,0,1
AC104393.1,0.0,0.0,0,0
AC104407.1,0.0,0.0,0,0
AC104411.1,0.0,0.0,0,0
AC104417.2,0.0,0.0,0,0
AC104423.1,0.0,0.0,0,0
AC104435.2,0.0,0.0,0,0
AC104445.1,0.0,0.0,0,0
AC104451.2,0.0,0.0,0,0
AC104453.1,0.0,0.0,0,0
AC104454.2,0.0,0.0,0,0
AC104457.2,0.0,0.0,0,0
AC104458.1,0.0,0.0,0,0
AC104459.1,-6.626556e-05,0.0,0,1
AC104461.1,-0.0002069249,0.0,0,1
AC104462.1,0.0,0.0,0,0
AC104462.2,0.0,0.0,0,0
AC104463.1,0.0,0.0,0,0
AC104463.2,0.0,0.0,0,0
AC104472.1,0.0,0.0,0,0
AC104472.4,-0.00016491888,0.0,0,1
AC104472.5,0.0,0.0,0,0
AC104521.1,0.0,0.0,0,0
AC104534.1,0.0,0.0,0,0
AC104561.1,0.0,0.0,0,0
AC104561.3,0.0,0.0,0,0
AC104561.4,-1.5664069e-05,0.0,0,1
AC104564.1,0.0,0.0,0,0
AC104564.2,0.0,0.0,0,0
AC104564.3,0.0,0.0,0,0
AC104564.4,0.0,0.0,0,0
AC104574.1,0.0,0.0,0,0
AC104574.2,0.0,0.0,0,0
AC104590.1,0.0,0.0,0,0
AC104619.2,0.0,0.0,0,0
AC104623.1,0.0,0.0,0,0
AC104633.1,0.0,0.0,0,0
AC104633.2,0.0,0.0,0,0
AC104634.2,0.0,0.0,0,0
AC104640.1,0.0,0.0,0,0
AC104653.2,0.0,0.0,0,0
AC104655.1,0.0,0.0,0,0
AC104656.1,0.0,0.0,0,0
AC104662.1,0.0,0.0,0,0
AC104663.1,0.0,0.0,0,0
AC104664.1,0.0,0.0,0,0
AC104667.1,0.0,0.0,0,0
AC104667.2,-0.010124491,0.0,0,2
AC104688.1,0.0,0.0,0,0
AC104689.2,0.0,0.0,0,0
AC104695.1,0.0,0.0,0,0
AC104695.2,-0.00019024994,0.0,0,1
AC104699.1,-7.515042e-05,0.0,0,1
AC104758.2,0.0,0.0,0,0
AC104758.4,0.0,0.0,0,0
AC104758.5,0.0,0.0,0,0
AC104770.1,0.0,0.0,0,0
AC104777.1,0.0,0.0,0,0
AC104777.2,0.0,0.0,0,0
AC104779.1,0.0,0.0,0,0
AC104781.1,0.0,0.0,0,0
AC104781.2,0.0,0.0,0,0
AC104785.1,0.0,0.0,0,0
AC104790.1,0.0,0.0,0,0
AC104791.1,0.0,0.0,0,0
AC104793.1,0.0,0.0,0,0
AC104794.2,0.0,0.0,0,0
AC104794.4,0.0,0.0,0,0
AC104794.5,0.0,0.0,0,0
AC104803.1,0.0,0.0,0,0
AC104806.2,0.0,0.0,0,0
AC104809.1,0.0,0.0,0,0
AC104809.2,0.0,0.0,0,0
AC104819.3,0.0,0.0,0,0
AC104823.1,0.0,0.0,0,0
AC104825.1,-0.00083768717,0.0,0,1
AC104827.1,0.0,0.0,0,0
AC104831.1,0.0,0.0,0,0
AC104836.1,-8.316309e-05,0.0,0,1
AC104841.1,0.0,0.0,0,0
AC104938.1,0.0,0.0,0,0
AC104958.1,0.0,0.0,0,0
AC104958.2,0.0,0.0,0,0
AC104961.1,0.0,0.0,0,0
AC104964.2,0.0,0.0,0,0
AC104971.2,0.0,0.0,0,0
AC104971.3,0.0,0.0,0,0
AC104982.2,0.0,0.0,0,0
AC104984.1,0.0,0.0,0,0
AC104984.2,0.0,0.0,0,0
AC104984.3,0.0,0.0,0,0
AC104984.4,0.0,0.0,0,0
AC104984.5,0.0,0.0,0,0
AC104985.1,0.0,0.0,0,0
AC104985.2,0.0,0.0,0,0
AC104996.1,0.0,0.0,0,0
AC105001.1,0.0,0.0,0,0
AC105020.2,-0.00025372594,0.0,0,1
AC105020.3,0.0,0.0,0,0
AC105020.4,0.0,0.0,0,0
AC105020.5,-0.0006440919,0.0,0,1
AC105031.2,0.0,0.0,0,0
AC105046.2,-9.052403e-05,0.0,0,1
AC105052.5,0.0,0.0,0,0
AC105053.1,0.0,0.0,0,0
AC105094.1,0.0,0.0,0,0
AC105094.2,0.0,0.0,0,0
AC105101.2,0.0,0.0,0,0
AC105105.1,-9.923572e-06,0.0,0,1
AC105105.2,0.0,0.0,0,0
AC105105.3,0.0,0.0,0,0
AC105105.4,0.0,0.0,0,0
AC105114.2,0.0,0.0,0,0
AC105118.1,0.0,0.0,0,0
AC105133.1,0.0,0.0,0,0
AC105137.2,0.0,0.0,0,0
AC105150.1,0.0,0.0,0,0
AC105177.1,0.0,0.0,0,0
AC105180.1,0.0,0.0,0,0
AC105180.2,0.0,0.0,0,0
AC105206.1,0.0,0.0,0,0
AC105206.2,0.0,0.0,0,0
AC105206.3,0.0,0.0,0,0
AC105213.1,0.0,0.0,0,0
AC105219.2,0.0,0.0,0,0
AC105219.3,0.0,0.0,0,0
AC105219.4,0.0,0.0,0,0
AC105227.1,0.0,0.0,0,0
AC105230.1,0.0,0.0,0,0
AC105254.1,0.0,0.0,0,0
AC105265.3,0.0,0.0,0,0
AC105271.1,0.0,0.0,0,0
AC105275.1,0.0,0.0,0,0
AC105275.2,-0.000195321,0.0,0,1
AC105290.1,0.0,0.0,0,0
AC105328.1,0.0,0.0,0,0
AC105339.3,0.0,0.0,0,0
AC105343.1,0.0,0.0,0,0
AC105343.2,0.0,0.0,0,0
AC105345.1,-0.00028346144,0.0,0,1
AC105345.2,0.0,0.0,0,0
AC105362.1,0.0,0.0,0,0
AC105383.1,0.0,0.0,0,0
AC105384.1,0.0,0.0,0,0
AC105389.1,0.0,0.0,0,0
AC105389.2,0.0,0.0,0,0
AC105389.3,0.0,0.0,0,0
AC105390.1,0.0,0.0,0,0
AC105393.1,0.0,0.0,0,0
AC105393.2,0.0,0.0,0,0
AC105398.1,0.0,0.0,0,0
AC105402.3,0.0,0.0,0,0
AC105402.4,-7.304554e-05,0.0,0,1
AC105411.1,-0.0001567835,0.0,0,1
AC105415.1,-0.00019297667,0.0,0,1
AC105430.1,0.0,0.0,0,0
AC105445.1,0.0,0.0,0,0
AC105450.1,0.0,0.0,0,0
AC105460.1,0.0,0.0,0,0
AC105460.2,0.0,0.0,0,0
AC105760.1,-0.00020751539,0.0,0,1
AC105914.2,0.0,0.0,0,0
AC105916.1,0.0,0.0,0,0
AC105924.1,0.0,0.0,0,0
AC105935.1,0.0,0.0,0,0
AC105935.2,0.0,0.0,0,0
AC105940.1,0.0,0.0,0,0
AC105940.2,0.0,0.0,0,0
AC105941.1,0.0,0.0,0,0
AC105942.1,-1.7274482e-05,0.0,0,1
AC105999.1,0.0,0.0,0,0
AC106017.1,0.0,0.0,0,0
AC106017.2,0.0,0.0,0,0
AC106028.2,0.0,0.0,0,0
AC106037.2,0.0,0.0,0,0
AC106037.3,0.0,0.0,0,0
AC106038.1,0.0,0.0,0,0
AC106045.1,0.0,0.0,0,0
AC106052.1,0.0,0.0,0,0
AC106053.1,0.0,0.0,0,0
AC106706.1,0.0,0.0,0,0
AC106706.2,0.0,0.0,0,0
AC106712.1,0.0,0.0,0,0
AC106719.1,0.0,0.0,0,0
AC106729.1,0.0,0.0,0,0
AC106730.1,0.0,0.0,0,0
AC106736.1,0.0,0.0,0,0
AC106738.1,0.0,0.0,0,0
AC106738.2,0.0,0.0,0,0
AC106742.1,0.0,0.0,0,0
AC106743.1,0.0,0.0,0,0
AC106744.1,0.0,0.0,0,0
AC106744.2,0.0,0.0,0,0
AC106745.1,0.0,0.0,0,0
AC106754.1,0.0,0.0,0,0
AC106771.1,0.0,0.0,0,0
AC106772.1,0.0,0.0,0,0
AC106772.2,0.0,0.0,0,0
AC106774.4,0.0,0.0,0,0
AC106779.1,0.0,0.0,0,0
AC106785.2,0.0,0.0,0,0
AC106786.1,0.0,0.0,0,0
AC106786.2,-9.321048e-05,0.0,0,1
AC106791.2,0.0,0.0,0,0
AC106793.1,0.0,0.0,0,0
AC106795.3,0.0,0.0,0,0
AC106796.1,0.0,0.0,0,0
AC106798.1,0.0,0.0,0,0
AC106799.1,0.0,0.0,0,0
AC106799.2,0.0,0.0,0,0
AC106799.3,0.0,0.0,0,0
AC106801.1,0.0,0.0,0,0
AC106818.2,-0.00018704904,0.0,0,1
AC106820.2,0.0,0.0,0,0
AC106820.3,0.0,0.0,0,0
AC106820.4,0.0,0.0,0,0
AC106820.5,0.0,0.0,0,0
AC106820.6,0.0,0.0,0,0
AC106821.1,0.0,0.0,0,0
AC106821.2,0.0,0.0,0,0
AC106822.1,0.0,0.0,0,0
AC106845.1,0.0,0.0,0,0
AC106858.1,-0.0003589097,0.0,0,1
AC106864.1,0.0,0.0,0,0
AC106870.1,0.0,0.0,0,0
AC106870.2,0.0,0.0,0,0
AC106871.1,0.0,0.0,0,0
AC106872.12,0.0,0.0,0,0
AC106872.9,0.0,0.0,0,0
AC106873.1,0.0,0.0,0,0
AC106874.1,0.0,0.0,0,0
AC106875.1,0.0,0.0,0,0
AC106875.2,0.0,0.0,0,0
AC106876.1,0.0,0.0,0,0
AC106881.1,0.0,0.0,0,0
AC106882.1,0.0,0.0,0,0
AC106892.1,0.0,0.0,0,0
AC106894.1,0.0,0.0,0,0
AC106895.1,0.0,0.0,0,0
AC106895.2,0.0,0.0,0,0
AC106900.1,0.0,0.0,0,0
AC107021.1,0.0,0.0,0,0
AC107021.2,0.0,0.0,0,0
AC107023.1,0.0,0.0,0,0
AC107027.3,-0.0006476258,0.0,0,1
AC107029.1,0.0,0.0,0,0
AC107029.2,0.0,0.0,0,0
AC107031.1,0.0,0.0,0,0
AC107032.2,-0.00013769954,0.0,0,1
AC107032.3,0.0,0.0,0,0
AC107050.1,0.0,0.0,0,0
AC107057.1,0.0,0.0,0,0
AC107067.1,0.0,0.0,0,0
AC107067.2,0.0,0.0,0,0
AC107068.2,0.0,0.0,0,0
AC107071.1,-0.00013172455,0.0,0,1
AC107072.1,0.0,0.0,0,0
AC107072.2,0.0,0.0,0,0
AC107074.1,0.0,0.0,0,0
AC107079.1,0.0,0.0,0,0
AC107081.4,0.0,0.0,0,0
AC107204.1,0.0,0.0,0,0
AC107208.1,0.0,0.0,0,0
AC107214.1,-0.00020122668,0.0,0,1
AC107214.2,0.0,0.0,0,0
AC107220.1,0.0,0.0,0,0
AC107222.2,0.0,0.0,0,0
AC107241.1,0.0,0.0,0,0
AC107294.1,0.0,0.0,0,0
AC107294.3,0.0,0.0,0,0
AC107302.2,0.0,0.0,0,0
AC107308.1,0.0,0.0,0,0
AC107373.1,0.0,0.0,0,0
AC107373.2,0.0,0.0,0,0
AC107373.3,0.0,0.0,0,0
AC107375.1,-0.00040380066,0.0,0,1
AC107391.1,0.0,0.0,0,0
AC107396.1,0.0,0.0,0,0
AC107398.2,0.0,0.0,0,0
AC107398.3,0.0,0.0,0,0
AC107398.4,0.0,0.0,0,0
AC107398.5,0.0,0.0,0,0
AC107419.1,-0.000101177684,0.0,0,1
AC107463.1,0.0,0.0,0,0
AC107464.1,0.0,0.0,0,0
AC107464.2,0.0,0.0,0,0
AC107871.2,0.0,0.0,0,0
AC107881.1,0.0,0.0,0,0
AC107882.1,0.0,0.0,0,0
AC107884.2,0.0,0.0,0,0
AC107886.1,0.0,0.0,0,0
AC107892.1,0.0,0.0,0,0
AC107896.1,0.0,0.0,0,0
AC107905.1,0.0,0.0,0,0
AC107909.1,0.0,0.0,0,0
AC107909.2,0.0,0.0,0,0
AC107918.5,0.0,0.0,0,0
AC107918.6,0.0,0.0,0,0
AC107926.1,0.0,0.0,0,0
AC107952.2,0.0,0.0,0,0
AC107953.2,0.0,0.0,0,0
AC107958.2,0.0,0.0,0,0
AC107958.3,0.0,0.0,0,0
AC107959.3,0.0,0.0,0,0
AC107973.1,0.0,0.0,0,0
AC107976.1,0.0,0.0,0,0
AC107980.1,0.0,0.0,0,0
AC107982.2,0.0,0.0,0,0
AC107982.3,0.0,0.0,0,0
AC108002.1,0.0,0.0,0,0
AC108002.2,0.0,0.0,0,0
AC108019.2,0.0,0.0,0,0
AC108021.1,0.0,0.0,0,0
AC108025.1,0.0,0.0,0,0
AC108037.1,0.0,0.0,0,0
AC108046.1,0.0,0.0,0,0
AC108047.1,-5.7378085e-05,0.0,0,1
AC108050.1,0.0,0.0,0,0
AC108051.1,0.0,0.0,0,0
AC108052.1,0.0,0.0,0,0
AC108053.1,0.0,0.0,0,0
AC108057.1,0.0,0.0,0,0
AC108058.1,0.0,0.0,0,0
AC108063.1,0.0,0.0,0,0
AC108063.2,0.0,0.0,0,0
AC108066.1,0.0,0.0,0,0
AC108066.2,0.0,0.0,0,0
AC108067.1,0.0,0.0,0,0
AC108073.3,0.0,0.0,0,0
AC108075.1,0.0,0.0,0,0
AC108097.1,0.0,0.0,0,0
AC108099.1,0.0,0.0,0,0
AC108102.1,0.0,0.0,0,0
AC108105.1,0.0,0.0,0,0
AC108112.1,0.0,0.0,0,0
AC108125.1,0.0,0.0,0,0
AC108134.1,0.0,0.0,0,0
AC108134.4,-0.010242569,0.0,0,2
AC108136.1,0.0,0.0,0,0
AC108142.1,0.0,0.0,0,0
AC108156.1,0.0,0.0,0,0
AC108159.1,0.0,0.0,0,0
AC108168.1,0.0,0.0,0,0
AC108169.1,0.0,0.0,0,0
AC108174.1,0.0,0.0,0,0
AC108199.1,0.0,0.0,0,0
AC108206.1,0.0,0.0,0,0
AC108210.1,-0.00061019463,0.0,0,1
AC108448.1,0.0,0.0,0,0
AC108448.3,0.0,0.0,0,0
AC108449.1,0.0,0.0,0,0
AC108449.2,-0.0060809613,0.0,0,2
AC108449.3,0.0,0.0,0,0
AC108451.1,0.0,0.0,0,0
AC108451.2,0.0,0.0,0,0
AC108452.1,0.0,0.0,0,0
AC108457.1,0.0,0.0,0,0
AC108462.1,0.0,0.0,0,0
AC108463.2,0.0,0.0,0,0
AC108467.1,0.0,0.0,0,0
AC108471.2,-0.000712941,0.0,0,1
AC108472.1,0.0,0.0,0,0
AC108477.1,0.0,0.0,0,0
AC108477.2,0.0,0.0,0,0
AC108482.1,-0.000110956295,0.0,0,1
AC108482.2,0.0,0.0,0,0
AC108515.1,0.0,0.0,0,0
AC108516.1,0.0,0.0,0,0
AC108517.1,0.0,0.0,0,0
AC108517.2,0.0,0.0,0,0
AC108519.1,-0.00013714081,0.0,0,1
AC108667.2,0.0,0.0,0,0
AC108673.2,0.0,0.0,0,0
AC108673.3,-1.49438465e-05,0.0,0,1
AC108681.1,0.0,0.0,0,0
AC108690.1,0.0,0.0,0,0
AC108693.2,0.0,0.0,0,0
AC108704.1,0.0,0.0,0,0
AC108721.1,0.0,0.0,0,0
AC108721.2,0.0,0.0,0,0
AC108727.1,0.0,0.0,0,0
AC108727.2,0.0,0.0,0,0
AC108733.1,0.0,0.0,0,0
AC108734.4,0.0,0.0,0,0
AC108747.1,0.0,0.0,0,0
AC108749.1,0.0,0.0,0,0
AC108751.4,0.0,0.0,0,0
AC108752.1,0.0,0.0,0,0
AC108860.2,0.0,0.0,0,0
AC108861.1,-0.04665344,0.0,0,1
AC108863.2,0.0,0.0,0,0
AC108865.1,0.0,0.0,0,0
AC108865.2,0.0,0.0,0,0
AC108868.1,-0.00048248738,0.0,0,1
AC108868.2,0.0,0.0,0,0
AC108879.1,0.0,0.0,0,0
AC108925.1,0.0,0.0,0,0
AC108935.1,0.0,0.0,0,0
AC109129.1,0.0,0.0,0,0
AC109131.1,0.0,0.0,0,0
AC109133.1,0.0,0.0,0,0
AC109136.1,0.0,0.0,0,0
AC109309.1,0.0,0.0,0,0
AC109322.2,0.0,0.0,0,0
AC109347.1,-0.00012050313,0.0,0,1
AC109347.2,-0.00013170626,0.0,0,1
AC109349.1,0.0,0.0,0,0
AC109361.1,0.0,0.0,0,0
AC109361.2,0.0,0.0,0,0
AC109439.2,0.0,0.0,0,0
AC109441.1,0.0,0.0,0,0
AC109446.3,0.0,0.0,0,0
AC109449.1,-0.00016187348,0.0,0,1
AC109454.3,0.0,0.0,0,0
AC109458.2,0.0,0.0,0,0
AC109460.2,-0.00018811297,0.0,0,1
AC109460.4,0.0,0.0,0,0
AC109462.1,0.0,0.0,0,0
AC109462.2,0.0,0.0,0,0
AC109462.3,0.0,0.0,0,0
AC109464.1,0.0,0.0,0,0
AC109464.2,0.0,0.0,0,0
AC109466.1,0.0,0.0,0,0
AC109471.1,0.0,0.0,0,0
AC109472.1,0.0,0.0,0,0
AC109479.1,0.0,0.0,0,0
AC109479.3,0.0,0.0,0,0
AC109492.1,0.0,0.0,0,0
AC109495.1,0.0,0.0,0,0
AC109517.1,0.0,0.0,0,0
AC109587.1,-0.0001729445,0.0,0,1
AC109597.1,0.0,0.0,0,0
AC109635.6,0.0,0.0,0,0
AC109635.7,0.0,0.0,0,0
AC109642.1,0.0,0.0,0,0
AC109782.1,0.0,0.0,0,0
AC109809.1,0.0,0.0,0,0
AC109811.1,0.0,0.0,0,0
AC109824.1,0.0,0.0,0,0
AC109925.2,0.0,0.0,0,0
AC109927.1,0.0,0.0,0,0
AC109927.2,0.0,0.0,0,0
AC109992.2,0.0,0.0,0,0
AC110011.1,0.0,0.0,0,0
AC110014.1,0.0,0.0,0,0
AC110015.1,0.0,0.0,0,0
AC110023.1,0.0,0.0,0,0
AC110048.2,0.0,0.0,0,0
AC110058.1,0.0,0.0,0,0
AC110285.1,0.0,0.0,0,0
AC110285.3,0.0,0.0,0,0
AC110285.4,0.0,0.0,0,0
AC110285.5,-0.00011304853,0.0,0,1
AC110288.1,0.0,0.0,0,0
AC110296.1,0.0,0.0,0,0
AC110491.1,0.0,0.0,0,0
AC110491.2,0.0,0.0,0,0
AC110491.3,0.0,0.0,0,0
AC110597.1,0.0,0.0,0,0
AC110597.3,0.0,0.0,0,0
AC110603.1,0.0,0.0,0,0
AC110614.1,0.0,0.0,0,0
AC110615.1,0.0,0.0,0,0
AC110619.1,-0.00021996652,0.0,0,1
AC110716.1,0.0,0.0,0,0
AC110716.2,0.0,0.0,0,0
AC110751.1,0.0,0.0,0,0
AC110760.1,0.0,0.0,0,0
AC110760.2,0.0,0.0,0,0
AC110767.1,0.0,0.0,0,0
AC110769.1,0.0,0.0,0,0
AC110772.1,0.0,0.0,0,0
AC110772.2,0.0,0.0,0,0
AC110790.1,0.0,0.0,0,0
AC110792.2,0.0,0.0,0,0
AC110792.4,0.0,0.0,0,0
AC110795.1,0.0,0.0,0,0
AC110800.1,0.0,0.0,0,0
AC110809.1,0.0,0.0,0,0
AC110813.1,0.0,0.0,0,0
AC110921.1,0.0,0.0,0,0
AC110926.2,0.0,0.0,0,0
AC110992.1,0.0,0.0,0,0
AC111000.4,0.0,0.0,0,0
AC111006.1,0.0,0.0,0,0
AC111149.1,0.0,0.0,0,0
AC111149.2,0.0,0.0,0,0
AC111152.2,0.0,0.0,0,0
AC111170.1,0.0,0.0,0,0
AC111170.2,0.0,0.0,0,0
AC111182.2,0.0,0.0,0,0
AC111194.1,0.0,0.0,0,0
AC111194.2,0.0,0.0,0,0
AC111197.1,0.0,0.0,0,0
AC111198.1,0.0,0.0,0,0
AC112172.2,0.0,0.0,0,0
AC112176.1,0.0,0.0,0,0
AC112178.1,0.0,0.0,0,0
AC112187.3,0.0,0.0,0,0
AC112196.1,0.0,0.0,0,0
AC112198.3,0.0,0.0,0,0
AC112204.2,0.0,0.0,0,0
AC112206.2,0.0,0.0,0,0
AC112211.1,0.0,0.0,0,0
AC112219.1,0.0,0.0,0,0
AC112219.2,0.0,0.0,0,0
AC112220.2,-0.0020466263,0.0,0,2
AC112229.2,0.0,0.0,0,0
AC112236.1,0.0,0.0,0,0
AC112242.1,0.0,0.0,0,0
AC112242.2,0.0,0.0,0,0
AC112250.2,0.0,0.0,0,0
AC112254.1,0.0,0.0,0,0
AC112481.1,0.0,0.0,0,0
AC112481.2,0.0,0.0,0,0
AC112482.2,0.0,0.0,0,0
AC112484.5,0.0,0.0,0,0
AC112487.1,0.0,0.0,0,0
AC112491.1,-0.006264653,0.0,0,1
AC112493.1,0.0,0.0,0,0
AC112495.1,0.0,0.0,0,0
AC112496.1,-0.004292396,0.0,0,2
AC112503.1,0.0,0.0,0,0
AC112503.2,0.0,0.0,0,0
AC112504.3,0.0,0.0,0,0
AC112512.1,0.0,0.0,0,0
AC112693.1,0.0,0.0,0,0
AC112695.1,0.0,0.0,0,0
AC112715.1,0.0,0.0,0,0
AC112719.2,0.0,0.0,0,0
AC112721.1,0.0,0.0,0,0
AC112721.2,0.0,0.0,0,0
AC112722.1,0.0,0.0,0,0
AC112770.1,0.0,0.0,0,0
AC112907.1,0.0,0.0,0,0
AC113137.1,0.0,0.0,0,0
AC113139.1,0.0,0.0,0,0
AC113143.1,0.0,0.0,0,0
AC113143.3,0.0,0.0,0,0
AC113145.1,0.0,0.0,0,0
AC113146.1,0.0,0.0,0,0
AC113167.1,0.0,0.0,0,0
AC113189.3,0.0,0.0,0,0
AC113192.1,0.0,0.0,0,0
AC113192.3,0.0,0.0,0,0
AC113194.1,0.0,0.0,0,0
AC113208.4,0.0,0.0,0,0
AC113208.5,0.0,0.0,0,0
AC113331.1,0.0,0.0,0,0
AC113346.1,0.0,0.0,0,0
AC113346.2,0.0,0.0,0,0
AC113347.4,0.0,0.0,0,0
AC113348.1,0.0,0.0,0,0
AC113348.3,0.0,0.0,0,0
AC113349.1,0.0,0.0,0,0
AC113349.2,0.0,0.0,0,0
AC113355.1,0.0,0.0,0,0
AC113361.1,0.0,0.0,0,0
AC113370.1,0.0,0.0,0,0
AC113382.2,0.0,0.0,0,0
AC113383.1,0.0,0.0,0,0
AC113385.1,0.0,0.0,0,0
AC113386.1,0.0,0.0,0,0
AC113391.1,0.0,0.0,0,0
AC113391.2,0.0,0.0,0,0
AC113398.2,0.0,0.0,0,0
AC113404.1,0.0,0.0,0,0
AC113410.2,0.0,0.0,0,0
AC113410.4,-0.016225852,0.0,0,2
AC113410.5,-0.0002585529,0.0,0,1
AC113414.1,0.0,0.0,0,0
AC113418.1,0.0,0.0,0,0
AC113423.1,0.0,0.0,0,0
AC113423.2,0.0,0.0,0,0
AC113607.1,0.0,0.0,0,0
AC113608.2,0.0,0.0,0,0
AC113615.1,0.0,0.0,0,0
AC113615.2,0.0,0.0,0,0
AC113618.2,0.0,0.0,0,0
AC114277.1,0.0,0.0,0,0
AC114284.1,0.0,0.0,0,0
AC114291.1,0.0,0.0,0,0
AC114291.2,0.0,0.0,0,0
AC114296.1,0.0,0.0,0,0
AC114311.1,0.0,0.0,0,0
AC114316.1,0.0,0.0,0,0
AC114321.1,0.0,0.0,0,0
AC114341.1,0.0,0.0,0,0
AC114341.2,0.0,0.0,0,0
AC114401.1,0.0,0.0,0,0
AC114485.1,0.0,0.0,0,0
AC114488.1,0.0,0.0,0,0
AC114488.2,0.0,0.0,0,0
AC114488.3,-0.00026324304,0.0,0,1
AC114489.1,-0.015627325,0.0,0,1
AC114498.1,0.0,0.0,0,0
AC114501.3,0.0,0.0,0,0
AC114546.1,0.0,0.0,0,0
AC114546.2,0.0,0.0,0,0
AC114550.1,0.0,0.0,0,0
AC114550.2,0.0,0.0,0,0
AC114550.3,0.0,0.0,0,0
AC114684.1,0.0,0.0,0,0
AC114689.3,0.0,0.0,0,0
AC114730.1,-0.0001091244,0.0,0,1
AC114730.2,0.0,0.0,0,0
AC114730.3,0.0,0.0,0,0
AC114737.1,0.0,0.0,0,0
AC114741.1,0.0,0.0,0,0
AC114752.1,0.0,0.0,0,0
AC114752.2,0.0,0.0,0,0
AC114757.1,0.0,0.0,0,0
AC114760.2,0.0,0.0,0,0
AC114763.2,0.0,0.0,0,0
AC114776.1,0.0,0.0,0,0
AC114781.2,0.0,0.0,0,0
AC114798.1,0.0,0.0,0,0
AC114802.1,0.0,0.0,0,0
AC114803.1,0.0,0.0,0,0
AC114808.1,0.0,0.0,0,0
AC114808.2,0.0,0.0,0,0
AC114810.1,-0.00015651977,0.0,0,1
AC114811.2,0.0,0.0,0,0
AC114812.2,0.0,0.0,0,0
AC114814.1,0.0,0.0,0,0
AC114814.3,0.0,0.0,0,0
AC114928.1,0.0,0.0,0,0
AC114930.1,0.0,0.0,0,0
AC114939.1,0.0,0.0,0,0
AC114947.2,0.0,0.0,0,0
AC114954.1,0.0,0.0,0,0
AC114956.1,0.0,0.0,0,0
AC114956.2,0.0,0.0,0,0
AC114964.2,0.0,0.0,0,0
AC114971.1,0.0,0.0,0,0
AC114977.2,-0.00021642506,0.0,0,1
AC115099.1,0.0,0.0,0,0
AC115100.1,0.0,0.0,0,0
AC115102.1,0.0,0.0,0,0
AC115220.1,0.0,0.0,0,0
AC115220.3,0.0,0.0,0,0
AC115282.1,0.0,0.0,0,0
AC115282.2,0.0,0.0,0,0
AC115284.3,0.0,0.0,0,0
AC115284.4,0.0,0.0,0,0
AC115485.1,0.0,0.0,0,0
AC115522.1,0.0,0.0,0,0
AC115618.2,0.0,0.0,0,0
AC115619.1,0.0,0.0,0,0
AC115622.1,0.0,0.0,0,0
AC115676.1,0.0,0.0,0,0
AC115837.2,0.0,0.0,0,0
AC115989.1,0.0,0.0,0,0
AC116003.1,0.0,0.0,0,0
AC116003.2,0.0,0.0,0,0
AC116003.3,0.0,0.0,0,0
AC116021.1,0.0,0.0,0,0
AC116025.1,0.0,0.0,0,0
AC116025.2,0.0,0.0,0,0
AC116035.1,0.0,0.0,0,0
AC116036.2,0.0,0.0,0,0
AC116038.1,0.0,0.0,0,0
AC116049.2,0.0,0.0,0,0
AC116096.1,0.0,0.0,0,0
AC116099.1,0.0,0.0,0,0
AC116158.1,0.0,0.0,0,0
AC116158.2,0.0,0.0,0,0
AC116312.1,-0.002163792,0.0,0,1
AC116317.1,0.0,0.0,0,0
AC116337.3,0.0,0.0,0,0
AC116337.4,0.0,0.0,0,0
AC116345.1,0.0,0.0,0,0
AC116345.3,0.0,0.0,0,0
AC116345.4,0.0,0.0,0,0
AC116348.1,0.0,0.0,0,0
AC116348.2,0.0,0.0,0,0
AC116348.3,-0.00018040139,0.0,0,1
AC116350.1,0.0,0.0,0,0
AC116351.1,0.0,0.0,0,0
AC116351.2,0.0,0.0,0,0
AC116361.1,0.0,0.0,0,0
AC116362.1,0.0,0.0,0,0
AC116362.2,0.0,0.0,0,0
AC116366.2,-0.00024642082,0.0,0,1
AC116407.1,0.0,0.0,0,0
AC116424.1,0.0,0.0,0,0
AC116428.1,0.0,0.0,0,0
AC116447.1,0.0,0.0,0,0
AC116456.1,0.0,0.0,0,0
AC116534.1,0.0,0.0,0,0
AC116552.1,0.0,0.0,0,0
AC116565.1,0.0,0.0,0,0
AC116609.1,0.0,0.0,0,0
AC116609.2,0.0,0.0,0,0
AC116609.3,0.0,0.0,0,0
AC116611.1,0.0,0.0,0,0
AC116612.1,0.0,0.0,0,0
AC116616.1,0.0,0.0,0,0
AC116634.1,0.0,0.0,0,0
AC116666.1,0.0,0.0,0,0
AC116903.1,0.0,0.0,0,0
AC116903.2,0.0,0.0,0,0
AC116914.1,0.0,0.0,0,0
AC116914.2,0.0,0.0,0,0
AC117373.1,0.0,0.0,0,0
AC117373.2,0.0,0.0,0,0
AC117377.1,0.0,0.0,0,0
AC117383.1,0.0,0.0,0,0
AC117386.1,0.0,0.0,0,0
AC117386.2,0.0,0.0,0,0
AC117394.2,0.0,0.0,0,0
AC117395.1,0.0,0.0,0,0
AC117422.1,0.0,0.0,0,0
AC117430.1,0.0,0.0,0,0
AC117435.1,0.0,0.0,0,0
AC117453.1,0.0,0.0,0,0
AC117460.1,0.0,0.0,0,0
AC117461.1,0.0,0.0,0,0
AC117462.1,0.0,0.0,0,0
AC117464.1,0.0,0.0,0,0
AC117465.1,0.0,0.0,0,0
AC117469.1,0.0,0.0,0,0
AC117473.1,0.0,0.0,0,0
AC117480.1,0.0,0.0,0,0
AC117481.1,0.0,0.0,0,0
AC117488.1,0.0,0.0,0,0
AC117490.2,0.0,0.0,0,0
AC117498.1,0.0,0.0,0,0
AC117500.1,0.0,0.0,0,0
AC117500.2,0.0,0.0,0,0
AC117500.3,0.0,0.0,0,0
AC117500.6,0.0,0.0,0,0
AC117503.1,0.0,0.0,0,0
AC117503.5,0.0,0.0,0,0
AC117505.1,0.0,0.0,0,0
AC117509.1,0.0,0.0,0,0
AC117522.2,0.0,0.0,0,0
AC117569.1,0.0,0.0,0,0
AC117569.2,0.0,0.0,0,0
AC117834.1,0.0,0.0,0,0
AC117834.2,0.0,0.0,0,0
AC117944.1,0.0,0.0,0,0
AC117945.1,0.0,0.0,0,0
AC117945.2,0.0,0.0,0,0
AC118344.1,0.0,0.0,0,0
AC118345.1,0.0,0.0,0,0
AC118469.2,-7.71313e-05,0.0,0,1
AC118555.1,0.0,0.0,0,0
AC118653.1,0.0,0.0,0,0
AC118658.1,0.0,0.0,0,0
AC118754.1,0.0,0.0,0,0
AC118754.2,0.0,0.0,0,0
AC118755.1,0.0,0.0,0,0
AC118755.2,0.0,0.0,0,0
AC118758.3,0.0,0.0,0,0
AC119150.1,0.0,0.0,0,0
AC119424.1,0.0,0.0,0,0
AC119427.1,0.0,0.0,0,0
AC119428.1,0.0,0.0,0,0
AC119428.2,0.0,0.0,0,0
AC119673.1,0.0,0.0,0,0
AC119674.1,-0.0043453076,0.0,0,2
AC119676.1,0.0,0.0,0,0
AC119677.1,0.0,0.0,0,0
AC119868.2,0.0,0.0,0,0
AC120024.1,-0.002226527,0.0,0,1
AC120036.4,0.0,0.0,0,0
AC120036.5,0.0,0.0,0,0
AC120042.1,0.0,0.0,0,0
AC120042.2,0.0,0.0,0,0
AC120045.1,0.0,0.0,0,0
AC120114.1,0.0,0.0,0,0
AC120114.2,0.0,0.0,0,0
AC120194.1,0.0,0.0,0,0
AC120349.1,0.0,0.0,0,0
AC120498.1,0.0,0.0,0,0
AC120498.10,0.0,0.0,0,0
AC120498.2,0.0,0.0,0,0
AC120498.3,0.0,0.0,0,0
AC120498.4,0.0,0.0,0,0
AC120498.6,0.0,0.0,0,0
AC120498.8,0.0,0.0,0,0
AC120498.9,0.0,0.0,0,0
AC121154.1,0.0,0.0,0,0
AC121161.2,0.0,0.0,0,0
AC121247.1,0.0,0.0,0,0
AC121320.1,0.0,0.0,0,0
AC121333.1,0.0,0.0,0,0
AC121334.3,0.0,0.0,0,0
AC121334.4,0.0,0.0,0,0
AC121338.1,-0.014254714,0.0,0,1
AC121338.2,-0.0002328054,0.0,0,1
AC121342.1,0.0,0.0,0,0
AC121493.1,0.0,0.0,0,0
AC121757.1,0.0,0.0,0,0
AC121757.2,0.0,0.0,0,0
AC121764.1,0.0,0.0,0,0
AC121764.2,0.0,0.0,0,0
AC121764.3,0.0,0.0,0,0
AC122108.1,0.0,0.0,0,0
AC122108.2,0.0,0.0,0,0
AC122129.1,0.0,0.0,0,0
AC122129.2,0.0,0.0,0,0
AC122134.1,0.0,0.0,0,0
AC122136.1,0.0,0.0,0,0
AC122138.1,0.0,0.0,0,0
AC122683.1,0.0,0.0,0,0
AC122685.1,0.0,0.0,0,0
AC122688.2,0.0,0.0,0,0
AC122688.5,0.0,0.0,0,0
AC122694.1,0.0,0.0,0,0
AC122697.1,0.0,0.0,0,0
AC122707.1,0.0,0.0,0,0
AC122710.1,0.0,0.0,0,0
AC122719.1,0.0,0.0,0,0
AC122719.2,0.0,0.0,0,0
AC122719.3,0.0,0.0,0,0
AC123023.1,0.0,0.0,0,0
AC123023.2,0.0,0.0,0,0
AC123512.1,0.0,0.0,0,0
AC123567.2,0.0,0.0,0,0
AC123768.1,0.0,0.0,0,0
AC123768.2,-0.00010544129,0.0,0,1
AC123768.3,-0.00040598484,0.0,0,1
AC123768.5,-0.008934454,0.0,0,2
AC123784.1,0.0,0.0,0,0
AC123786.1,0.0,0.0,0,0
AC123786.3,0.0,0.0,0,0
AC123788.1,0.0,0.0,0,0
AC123905.1,0.0,0.0,0,0
AC123912.2,0.0,0.0,0,0
AC123912.4,0.0,0.0,0,0
AC124014.1,0.0,0.0,0,0
AC124016.1,-0.0045236046,0.0,0,2
AC124057.1,0.0,0.0,0,0
AC124066.1,0.0,0.0,0,0
AC124067.1,0.0,0.0,0,0
AC124067.3,0.0,0.0,0,0
AC124067.4,0.0,0.0,0,0
AC124069.1,0.0,0.0,0,0
AC124242.1,-0.010269261,0.0,0,2
AC124242.3,-0.00018551172,0.0,0,1
AC124248.2,0.0,0.0,0,0
AC124254.2,0.0,0.0,0,0
AC124276.1,0.0,0.0,0,0
AC124276.2,0.0,0.0,0,0
AC124283.2,0.0,0.0,0,0
AC124290.1,0.0,0.0,0,0
AC124290.2,0.0,0.0,0,0
AC124301.1,0.0,0.0,0,0
AC124312.2,0.0,0.0,0,0
AC124312.3,0.0,0.0,0,0
AC124312.5,0.0,0.0,0,0
AC124319.2,0.0,0.0,0,0
AC124784.1,0.0,0.0,0,0
AC124798.1,-0.012240616,0.0,0,2
AC124798.3,0.0,0.0,0,0
AC124804.1,0.0,0.0,0,0
AC124852.1,0.0,0.0,0,0
AC124854.1,0.0,0.0,0,0
AC124861.1,0.0,0.0,0,0
AC124861.2,0.0,0.0,0,0
AC124861.3,0.0,0.0,0,0
AC124862.1,0.0,0.0,0,0
AC124864.3,0.0,0.0,0,0
AC124893.1,0.0,0.0,0,0
AC124944.3,0.0,0.0,0,0
AC124947.1,-0.0058964565,0.0,0,2
AC125257.1,0.0,0.0,0,0
AC125257.2,0.0,0.0,0,0
AC125421.1,0.0,0.0,0,0
AC125421.2,0.0,0.0,0,0
AC125437.3,-0.00018486648,0.0,0,1
AC125494.2,-0.0002735208,0.0,0,1
AC125494.3,0.0,0.0,0,0
AC125603.1,0.0,0.0,0,0
AC125603.2,0.0,0.0,0,0
AC125603.3,0.0,0.0,0,0
AC125603.4,0.0,0.0,0,0
AC125611.4,0.0,0.0,0,0
AC125613.1,0.0,0.0,0,0
AC125616.1,0.0,0.0,0,0
AC125618.1,0.0,0.0,0,0
AC125793.1,0.0,0.0,0,0
AC125807.2,0.0,0.0,0,0
AC126118.1,0.0,0.0,0,0
AC126121.2,0.0,0.0,0,0
AC126121.3,0.0,0.0,0,0
AC126175.2,0.0,0.0,0,0
AC126177.3,0.0,0.0,0,0
AC126178.1,0.0,0.0,0,0
AC126182.3,0.0,0.0,0,0
AC126323.2,0.0,0.0,0,0
AC126323.3,0.0,0.0,0,0
AC126323.5,0.0,0.0,0,0
AC126323.6,0.0,0.0,0,0
AC126335.1,0.0,0.0,0,0
AC126365.1,0.0,0.0,0,0
AC126407.1,0.0,0.0,0,0
AC126468.1,0.0,0.0,0,0
AC126614.1,-0.00038484545,0.0,0,1
AC126696.2,0.0,0.0,0,0
AC126696.3,-0.00011866767,0.0,0,1
AC126755.3,0.0,0.0,0,0
AC126763.1,0.0,0.0,0,0
AC126768.1,0.0,0.0,0,0
AC126768.2,0.0,0.0,0,0
AC126768.3,0.0,0.0,0,0
AC126773.3,0.0,0.0,0,0
AC126773.4,0.0,0.0,0,0
AC127024.2,0.0,0.0,0,0
AC127024.3,0.0,0.0,0,0
AC127024.4,0.0,0.0,0,0
AC127024.5,0.0,0.0,0,0
AC127029.2,0.0,0.0,0,0
AC127035.1,0.0,0.0,0,0
AC127070.2,-0.00034116875,0.0,0,1
AC127164.1,0.0,0.0,0,0
AC127459.1,0.0,0.0,0,0
AC127459.2,0.0,0.0,0,0
AC127496.1,0.0,0.0,0,0
AC127496.2,0.0,0.0,0,0
AC127496.3,0.0,0.0,0,0
AC127496.4,0.0,0.0,0,0
AC127496.5,-0.00016991208,0.0,0,1
AC127520.1,0.0,0.0,0,0
AC127521.1,-9.443987e-05,0.0,0,1
AC127522.1,0.0,0.0,0,0
AC127526.1,0.0,0.0,0,0
AC127526.2,0.0,0.0,0,0
AC127526.4,0.0,0.0,0,0
AC127537.1,0.0,0.0,0,0
AC127540.1,0.0,0.0,0,0
AC127540.2,0.0,0.0,0,0
AC127894.1,0.0,0.0,0,0
AC128685.1,0.0,0.0,0,0
AC128687.2,0.0,0.0,0,0
AC128687.3,0.0,0.0,0,0
AC128707.1,0.0,0.0,0,0
AC128709.1,0.0,0.0,0,0
AC128709.2,0.0,0.0,0,0
AC128709.3,0.0,0.0,0,0
AC129102.1,0.0,0.0,0,0
AC129492.1,0.0,0.0,0,0
AC129492.2,0.0,0.0,0,0
AC129492.4,0.0,0.0,0,0
AC129507.1,-0.048729587,0.0,0,2
AC129507.2,0.0,0.0,0,0
AC129507.3,0.0,0.0,0,0
AC129507.4,0.0,0.0,0,0
AC129510.1,0.0,0.0,0,0
AC129510.2,0.0,0.0,0,0
AC129803.1,0.0,0.0,0,0
AC129807.1,0.0,0.0,0,0
AC129915.3,0.0,0.0,0,0
AC129926.1,0.0,0.0,0,0
AC129926.2,0.0,0.0,0,0
AC130307.1,0.0,0.0,0,0
AC130324.1,0.0,0.0,0,0
AC130324.2,0.0,0.0,0,0
AC130343.1,0.0,0.0,0,0
AC130343.2,0.0,0.0,0,0
AC130352.1,0.0,0.0,0,0
AC130371.1,0.0,0.0,0,0
AC130404.1,0.0,0.0,0,0
AC130404.2,0.0,0.0,0,0
AC130415.1,0.0,0.0,0,0
AC130456.1,-0.00031102856,0.0,0,1
AC130456.2,0.0,0.0,0,0
AC130456.3,0.0,0.0,0,0
AC130456.4,0.0,0.0,0,0
AC130456.5,0.0,0.0,0,0
AC130466.1,-0.00014703083,0.0,0,1
AC130467.1,0.0,0.0,0,0
AC130469.1,0.0,0.0,0,0
AC130650.1,0.0,0.0,0,0
AC130650.2,-0.011424135,0.0,0,2
AC130651.1,0.0,0.0,0,0
AC130710.1,0.0,0.0,0,0
AC130814.1,0.0,0.0,0,0
AC130888.1,0.0,0.0,0,0
AC130895.1,0.0,0.0,0,0
AC131009.1,0.0,0.0,0,0
AC131009.2,0.0,0.0,0,0
AC131009.3,-0.00014140428,0.0,0,1
AC131011.1,-0.0042556203,0.0,0,2
AC131025.1,-0.00033799539,0.0,0,1
AC131025.2,0.0,0.0,0,0
AC131025.3,0.0,0.0,0,0
AC131094.1,0.0,0.0,0,0
AC131097.1,0.0,0.0,0,0
AC131097.2,0.0,0.0,0,0
AC131157.1,0.0,0.0,0,0
AC131159.1,0.0,0.0,0,0
AC131182.1,0.0,0.0,0,0
AC131211.1,0.0,0.0,0,0
AC131212.1,0.0,0.0,0,0
AC131235.2,-0.00014366573,0.0,0,1
AC131235.3,0.0,0.0,0,0
AC131238.1,0.0,0.0,0,0
AC131254.1,-0.007713346,0.0,0,1
AC131254.2,0.0,0.0,0,0
AC131254.3,0.0,0.0,0,0
AC131274.1,0.0,0.0,0,0
AC131391.1,-0.00019405033,0.0,0,1
AC131568.1,0.0,0.0,0,0
AC131571.1,0.0,0.0,0,0
AC131649.1,0.0,0.0,0,0
AC131902.1,0.0,0.0,0,0
AC131934.1,-0.00015868056,0.0,0,1
AC131953.1,0.0,0.0,0,0
AC131953.2,0.0,0.0,0,0
AC131956.1,0.0,0.0,0,0
AC131956.3,0.0,0.0,0,0
AC132153.1,0.0,0.0,0,0
AC132192.1,0.0,0.0,0,0
AC132216.1,0.0,0.0,0,0
AC132217.1,0.0,0.0,0,0
AC132217.2,0.0,0.0,0,0
AC132219.1,0.0,0.0,0,0
AC132660.2,0.0,0.0,0,0
AC132803.1,0.0,0.0,0,0
AC132807.1,0.0,0.0,0,0
AC132807.2,0.0,0.0,0,0
AC132825.2,0.0,0.0,0,0
AC132825.3,0.0,0.0,0,0
AC132938.1,0.0,0.0,0,0
AC132938.2,0.0,0.0,0,0
AC132938.3,-0.00055877113,0.0,0,1
AC133040.1,0.0,0.0,0,0
AC133106.1,0.0,0.0,0,0
AC133480.1,0.0,0.0,0,0
AC133485.2,0.0,0.0,0,0
AC133485.3,0.0,0.0,0,0
AC133485.5,0.0,0.0,0,0
AC133485.7,0.0,0.0,0,0
AC133528.1,0.0,0.0,0,0
AC133530.1,0.0,0.0,0,0
AC133540.1,0.0,0.0,0,0
AC133550.2,-0.006362056,0.0,0,2
AC133551.1,0.0,0.0,0,0
AC133565.1,0.0,0.0,0,0
AC133634.1,0.0,0.0,0,0
AC133637.2,0.0,0.0,0,0
AC133644.2,0.0,0.0,0,0
AC133681.1,0.0,0.0,0,0
AC133785.1,0.0,0.0,0,0
AC133865.1,0.0,0.0,0,0
AC133919.1,0.0,0.0,0,0
AC133919.2,0.0,0.0,0,0
AC133961.1,0.0,0.0,0,0
AC134043.2,0.0,0.0,0,0
AC134312.1,0.0,0.0,0,0
AC134312.2,0.0,0.0,0,0
AC134312.3,0.0,0.0,0,0
AC134312.4,0.0,0.0,0,0
AC134312.5,0.0,0.0,0,0
AC134312.6,0.0,0.0,0,0
AC134349.1,-0.00024000184,0.0,0,1
AC134407.1,0.0,0.0,0,0
AC134508.1,0.0,0.0,0,0
AC134508.2,0.0,0.0,0,0
AC134684.11,0.0,0.0,0,0
AC134684.8,0.0,0.0,0,0
AC134684.9,0.0,0.0,0,0
AC134772.1,0.0,0.0,0,0
AC134775.1,-0.00014822415,0.0,0,1
AC134978.1,0.0,0.0,0,0
AC134980.2,0.0,0.0,0,0
AC134981.1,0.0,0.0,0,0
AC135012.1,0.0,0.0,0,0
AC135012.2,0.0,0.0,0,0
AC135012.3,0.0,0.0,0,0
AC135048.2,0.0,0.0,0,0
AC135050.1,-0.00026656353,0.0,0,1
AC135050.3,-0.008940054,0.0,0,2
AC135050.4,0.0,0.0,0,0
AC135050.5,-0.00022585197,0.0,0,1
AC135050.6,-0.018404754,0.0,0,2
AC135068.1,0.0,0.0,0,0
AC135068.2,0.0,0.0,0,0
AC135068.3,0.0,0.0,0,0
AC135068.7,0.0,0.0,0,0
AC135068.8,0.0,0.0,0,0
AC135068.9,0.0,0.0,0,0
AC135166.1,0.0,0.0,0,0
AC135178.2,0.0,0.0,0,0
AC135178.4,0.0,0.0,0,0
AC135178.5,0.0,0.0,0,0
AC135178.6,-0.00017629453,0.0,0,1
AC135388.1,0.0,0.0,0,0
AC135726.1,0.0,0.0,0,0
AC135776.1,0.0,0.0,0,0
AC135776.2,0.0,0.0,0,0
AC135782.1,0.0,0.0,0,0
AC135782.2,0.0,0.0,0,0
AC135893.1,-0.00046770167,0.0,0,1
AC135895.1,0.0,0.0,0,0
AC136188.1,0.0,0.0,0,0
AC136285.1,0.0,0.0,0,0
AC136285.2,0.0,0.0,0,0
AC136285.3,0.0,0.0,0,0
AC136297.1,0.0,0.0,0,0
AC136352.2,0.0,0.0,0,0
AC136352.3,0.0,0.0,0,0
AC136424.1,0.0,0.0,0,0
AC136424.2,0.0,0.0,0,0
AC136428.1,0.0,0.0,0,0
AC136431.1,0.0,0.0,0,0
AC136431.2,0.0,0.0,0,0
AC136443.3,0.0,0.0,0,0
AC136443.4,0.0,0.0,0,0
AC136469.1,-0.00013779863,0.0,0,1
AC136475.1,-0.00044906884,0.0,0,1
AC136475.3,-0.0003259863,0.0,0,1
AC136475.4,0.0,0.0,0,0
AC136475.7,0.0,0.0,0,0
AC136475.8,0.0,0.0,0,0
AC136475.9,-0.00039680264,0.0,0,1
AC136489.1,0.0,0.0,0,0
AC136601.1,0.0,0.0,0,0
AC136612.1,0.0,0.0,0,0
AC136616.1,0.0,0.0,0,0
AC136616.2,0.0,0.0,0,0
AC136616.3,0.0,0.0,0,0
AC136618.1,0.0,0.0,0,0
AC136624.1,0.0,0.0,0,0
AC136624.2,0.0,0.0,0,0
AC136628.1,0.0,0.0,0,0
AC136628.4,0.0,0.0,0,0
AC136698.1,0.0,0.0,0,0
AC136777.1,0.0,0.0,0,0
AC136944.1,0.0,0.0,0,0
AC136944.2,0.0,0.0,0,0
AC136944.4,0.0,0.0,0,0
AC137494.1,0.0,0.0,0,0
AC137561.1,0.0,0.0,0,0
AC137579.1,0.0,0.0,0,0
AC137579.2,0.0,0.0,0,0
AC137590.1,0.0,0.0,0,0
AC137590.2,0.0,0.0,0,0
AC137630.1,-0.00023873306,0.0,0,1
AC137630.2,0.0,0.0,0,0
AC137735.1,0.0,0.0,0,0
AC137735.2,0.0,0.0,0,0
AC137735.3,0.0,0.0,0,0
AC137761.1,0.0,0.0,0,0
AC137770.1,0.0,0.0,0,0
AC137810.1,0.0,0.0,0,0
AC137894.1,0.0,0.0,0,0
AC137894.3,0.0,0.0,0,0
AC137932.1,-0.00020688289,0.0,0,1
AC137932.2,0.0,0.0,0,0
AC137932.3,0.0,0.0,0,0
AC137936.1,0.0,0.0,0,0
AC138024.1,0.0,0.0,0,0
AC138028.1,0.0,0.0,0,0
AC138028.2,0.0,0.0,0,0
AC138028.3,0.0,0.0,0,0
AC138028.4,0.0,0.0,0,0
AC138028.5,0.0,0.0,0,0
AC138028.6,0.0,0.0,0,0
AC138035.2,0.0,0.0,0,0
AC138057.1,0.0,0.0,0,0
AC138089.1,0.0,0.0,0,0
AC138123.1,0.0,0.0,0,0
AC138123.2,0.0,0.0,0,0
AC138150.2,-0.0010070886,0.0,0,1
AC138207.1,-6.558236e-05,0.0,0,1
AC138207.2,-0.00016954383,0.0,0,1
AC138207.5,0.0,0.0,0,0
AC138230.1,0.0,0.0,0,0
AC138304.1,0.0,0.0,0,0
AC138305.1,0.0,0.0,0,0
AC138305.2,0.0,0.0,0,0
AC138331.1,0.0,0.0,0,0
AC138356.1,-0.00013172455,0.0,0,1
AC138356.3,0.0,0.0,0,0
AC138360.1,0.0,0.0,0,0
AC138393.3,-0.00022926643,0.0,0,1
AC138409.3,0.0,0.0,0,0
AC138420.1,0.0,0.0,0,0
AC138466.1,0.0,0.0,0,0
AC138466.3,0.0,0.0,0,0
AC138470.2,0.0,0.0,0,0
AC138474.1,0.0,0.0,0,0
AC138512.1,0.0,0.0,0,0
AC138625.1,0.0,0.0,0,0
AC138625.2,0.0,0.0,0,0
AC138627.1,-0.00020598841,0.0,0,1
AC138646.1,0.0,0.0,0,0
AC138647.1,0.0,0.0,0,0
AC138647.2,0.0,0.0,0,0
AC138655.1,0.0,0.0,0,0
AC138761.1,0.0,0.0,0,0
AC138781.1,0.0,0.0,0,0
AC138811.1,0.0,0.0,0,0
AC138819.1,0.0,0.0,0,0
AC138854.1,0.0,0.0,0,0
AC138869.2,0.0,0.0,0,0
AC138869.3,0.0,0.0,0,0
AC138894.2,0.0,0.0,0,0
AC138904.1,0.0,0.0,0,0
AC138904.3,0.0,0.0,0,0
AC138907.1,0.0,0.0,0,0
AC138907.2,0.0,0.0,0,0
AC138907.3,0.0,0.0,0,0
AC138907.7,0.0,0.0,0,0
AC138915.3,0.0,0.0,0,0
AC138956.1,0.0,0.0,0,0
AC138956.2,0.0,0.0,0,0
AC138965.1,0.0,0.0,0,0
AC138969.3,0.0,0.0,0,0
AC139019.1,-4.8816088e-05,0.0,0,1
AC139099.1,-0.0007760376,0.0,0,1
AC139100.1,0.0,0.0,0,0
AC139100.2,-0.00025253434,0.0,0,1
AC139149.1,0.0,0.0,0,0
AC139426.2,0.0,0.0,0,0
AC139491.1,0.0,0.0,0,0
AC139491.3,0.0,0.0,0,0
AC139491.4,0.0,0.0,0,0
AC139491.8,0.0,0.0,0,0
AC139493.2,-0.009904574,0.0,0,1
AC139497.1,0.0,0.0,0,0
AC139712.3,0.0,0.0,0,0
AC139718.1,0.0,0.0,0,0
AC139718.2,0.0,0.0,0,0
AC139720.1,0.0,0.0,0,0
AC139720.2,0.0,0.0,0,0
AC139722.1,0.0,0.0,0,0
AC139769.2,0.0,0.0,0,0
AC139792.1,0.0,0.0,0,0
AC139795.3,0.0,0.0,0,0
AC139834.1,0.0,0.0,0,0
AC139887.1,0.0,0.0,0,0
AC139887.3,0.0,0.0,0,0
AC139887.4,-0.011855156,0.0,0,2
AC139887.5,0.0,0.0,0,0
AC140118.1,0.0,0.0,0,0
AC140118.2,0.0,0.0,0,0
AC140121.1,0.0,0.0,0,0
AC140125.1,0.0,0.0,0,0
AC140125.2,0.0,0.0,0,0
AC140125.3,0.0,0.0,0,0
AC140134.2,0.0,0.0,0,0
AC140168.1,0.0,0.0,0,0
AC140481.1,0.0,0.0,0,0
AC140481.2,0.0,0.0,0,0
AC140658.1,0.0,0.0,0,0
AC140658.2,0.0,0.0,0,0
AC140725.1,0.0,0.0,0,0
AC140847.1,0.0,0.0,0,0
AC140847.2,0.0,0.0,0,0
AC140912.1,0.0,0.0,0,0
AC141002.1,0.0,0.0,0,0
AC141257.1,0.0,0.0,0,0
AC141257.2,0.0,0.0,0,0
AC141272.1,0.0,0.0,0,0
AC141273.1,0.0,0.0,0,0
AC141424.1,0.0,0.0,0,0
AC141586.2,0.0,0.0,0,0
AC141586.3,0.0,0.0,0,0
AC141930.1,0.0,0.0,0,0
AC141930.2,0.0,0.0,0,0
AC142086.1,0.0,0.0,0,0
AC142086.4,0.0,0.0,0,0
AC142116.2,0.0,0.0,0,0
AC144450.1,0.0,0.0,0,0
AC144521.1,-0.00061758136,0.0,0,1
AC144568.2,0.0,0.0,0,0
AC144833.1,0.0,0.0,0,0
AC144836.1,0.0,0.0,0,0
AC145098.1,0.0,0.0,0,0
AC145124.1,-0.00020486714,0.0,0,1
AC145141.1,0.0,0.0,0,0
AC145141.2,0.0,0.0,0,0
AC145146.1,0.0,0.0,0,0
AC145207.1,0.0,0.0,0,0
AC145207.2,-0.0007558083,0.0,0,1
AC145207.3,0.0,0.0,0,0
AC145207.4,-0.00013883208,0.0,0,1
AC145207.6,0.0,0.0,0,0
AC145207.7,0.0,0.0,0,0
AC145207.8,-0.00012387653,0.0,0,1
AC145285.3,0.0,0.0,0,0
AC145285.6,-0.0006292871,0.0,0,1
AC145350.4,0.0,0.0,0,0
AC145423.2,0.0,0.0,0,0
AC145543.1,0.0,0.0,0,0
AC145625.1,0.0,0.0,0,0
AC145625.2,0.0,0.0,0,0
AC146507.3,-0.0003428467,0.0,0,1
AC147067.2,0.0,0.0,0,0
AC147651.2,0.0,0.0,0,0
AC147651.3,0.0,0.0,0,0
AC148476.1,0.0,0.0,0,0
AC148477.1,0.0,0.0,0,0
AC148477.10,0.0,0.0,0,0
AC148477.2,0.0,0.0,0,0
AC148477.3,0.0,0.0,0,0
AC148477.4,0.0,0.0,0,0
AC156455.1,-0.0005443562,0.0,0,1
AC159540.1,0.0,0.0,0,0
AC159540.2,-0.00044149227,0.0,0,1
AC171558.1,0.0,0.0,0,0
AC171558.3,0.0,0.0,0,0
AC174065.1,0.0,0.0,0,0
AC174469.1,0.0,0.0,0,0
AC183088.3,0.0,0.0,0,0
AC187653.1,0.0,0.0,0,0
AC188616.1,-8.9116074e-05,0.0,0,1
AC188617.1,0.0,0.0,0,0
AC188617.2,0.0,0.0,0,0
AC207130.1,0.0,0.0,0,0
AC209005.1,0.0,0.0,0,0
AC209154.1,0.0,0.0,0,0
AC211433.2,0.0,0.0,0,0
AC211486.2,0.0,0.0,0,0
AC211486.5,0.0,0.0,0,0
AC211486.6,0.0,0.0,0,0
AC211486.7,0.0,0.0,0,0
AC211486.8,0.0,0.0,0,0
AC213203.1,0.0,0.0,0,0
AC213203.2,0.0,0.0,0,0
AC215217.1,0.0,0.0,0,0
AC215522.3,0.0,0.0,0,0
AC217774.1,0.0,0.0,0,0
AC217774.2,0.0,0.0,0,0
AC226101.1,0.0,0.0,0,0
AC226118.1,0.0,0.0,0,0
AC231533.1,0.0,0.0,0,0
AC231656.1,0.0,0.0,0,0
AC231759.2,0.0,0.0,0,0
AC231981.1,-0.00017407809,0.0,0,1
AC232271.1,-0.0007230024,0.0,0,1
AC232271.2,0.0,0.0,0,0
AC233263.6,0.0,0.0,0,0
AC233266.2,0.0,0.0,0,0
AC233296.1,0.0,0.0,0,0
AC233701.1,0.0,0.0,0,0
AC233702.5,0.0,0.0,0,0
AC233702.7,0.0,0.0,0,0
AC233728.1,0.0,0.0,0,0
AC233755.1,0.0,0.0,0,0
AC233755.2,0.0,0.0,0,0
AC233976.1,0.0,0.0,0,0
AC233976.2,0.0,0.0,0,0
AC233992.1,0.0,0.0,0,0
AC233992.3,0.0,0.0,0,0
AC234031.1,0.0,0.0,0,0
AC234582.1,0.0,0.0,0,0
AC234582.2,-0.00015804994,0.0,0,1
AC234644.2,-0.00014334037,0.0,0,1
AC234771.1,0.0,0.0,0,0
AC234772.2,-0.00042078804,0.0,0,1
AC234775.3,0.0,0.0,0,0
AC234775.4,-7.3319105e-05,0.0,0,1
AC234781.1,0.0,0.0,0,0
AC234917.1,0.0,0.0,0,0
AC234917.2,0.0,0.0,0,0
AC235097.1,0.0,0.0,0,0
AC236972.3,0.0,0.0,0,0
AC236972.4,0.0,0.0,0,0
AC237221.1,0.0,0.0,0,0
AC239584.1,0.0,0.0,0,0
AC239585.1,0.0,0.0,0,0
AC239585.2,0.0,0.0,0,0
AC239727.1,0.0,0.0,0,0
AC239799.1,-0.017086029,0.0,0,1
AC239802.1,0.0,0.0,0,0
AC239802.2,0.0,0.0,0,0
AC239803.1,0.0,0.0,0,0
AC239804.1,-0.00011700703,0.0,0,1
AC239860.4,0.0,0.0,0,0
AC241644.1,0.0,0.0,0,0
AC241644.2,0.0,0.0,0,0
AC241644.3,0.0,0.0,0,0
AC242022.1,0.0,0.0,0,0
AC242022.2,-0.0002264462,0.0,0,1
AC242842.1,-0.00017464401,0.0,0,1
AC242988.1,0.0,0.0,0,0
AC243547.1,0.0,0.0,0,0
AC243562.3,0.0,0.0,0,0
AC243571.1,0.0,0.0,0,0
AC243571.2,0.0,0.0,0,0
AC243585.1,0.0,0.0,0,0
AC243585.2,0.0,0.0,0,0
AC243654.1,0.0,0.0,0,0
AC243654.3,0.0,0.0,0,0
AC243773.1,0.0,0.0,0,0
AC243773.2,0.0,0.0,0,0
AC243829.2,0.0,0.0,0,0
AC243829.5,0.0,0.0,0,0
AC243830.1,0.0,0.0,0,0
AC243830.2,-0.0001846419,0.0,0,1
AC243830.3,0.0,0.0,0,0
AC243960.3,-0.009564293,0.0,0,2
AC243961.1,0.0,0.0,0,0
AC243964.3,0.0,0.0,0,0
AC243965.1,0.0,0.0,0,0
AC243965.2,0.0,0.0,0,0
AC243967.2,0.0,0.0,0,0
AC243967.3,0.0,0.0,0,0
AC243972.1,0.0,0.0,0,0
AC244034.2,-0.0001808885,0.0,0,1
AC244035.1,0.0,0.0,0,0
AC244035.2,0.0,0.0,0,0
AC244035.4,0.0,0.0,0,0
AC244090.3,0.0,0.0,0,0
AC244093.3,0.0,0.0,0,0
AC244093.5,0.0,0.0,0,0
AC244100.2,0.0,0.0,0,0
AC244100.3,0.0,0.0,0,0
AC244100.4,0.0,0.0,0,0
AC244102.1,0.0,0.0,0,0
AC244102.3,0.0,0.0,0,0
AC244102.4,0.0,0.0,0,0
AC244131.2,0.0,0.0,0,0
AC244153.1,0.0,0.0,0,0
AC244197.2,-0.00021299999,0.0,0,1
AC244213.1,0.0,0.0,0,0
AC244250.1,0.0,0.0,0,0
AC244250.4,0.0,0.0,0,0
AC244394.2,0.0,0.0,0,0
AC244452.3,0.0,0.0,0,0
AC244453.1,0.0,0.0,0,0
AC244453.2,-9.301002e-05,0.0,0,1
AC244472.1,0.0,0.0,0,0
AC244502.3,0.0,0.0,0,0
AC244517.1,0.0,0.0,0,0
AC244517.11,0.0,0.0,0,0
AC244517.12,0.0,0.0,0,0
AC244517.2,0.0,0.0,0,0
AC244517.4,0.0,0.0,0,0
AC244517.5,0.0,0.0,0,0
AC244517.7,0.0,0.0,0,0
AC244517.9,0.0,0.0,0,0
AC244636.3,-0.0018108125,0.0,0,2
AC245008.1,0.0,0.0,0,0
AC245014.1,0.0,0.0,0,0
AC245033.2,0.0,0.0,0,0
AC245036.5,0.0,0.0,0,0
AC245041.1,0.0,0.0,0,0
AC245041.2,0.0,0.0,0,0
AC245052.1,0.0,0.0,0,0
AC245052.4,-0.00010684618,0.0,0,1
AC245056.1,0.0,0.0,0,0
AC245060.2,0.0,0.0,0,0
AC245060.6,0.0,0.0,0,0
AC245088.2,0.0,0.0,0,0
AC245100.1,-0.00012996765,0.0,0,1
AC245100.6,0.0,0.0,0,0
AC245123.1,0.0,0.0,0,0
AC245128.3,0.0,0.0,0,0
AC245140.1,0.0,0.0,0,0
AC245140.3,-0.00012792251,0.0,0,1
AC245164.1,0.0,0.0,0,0
AC245177.1,0.0,0.0,0,0
AC245187.1,0.0,0.0,0,0
AC245187.2,0.0,0.0,0,0
AC245427.1,0.0,0.0,0,0
AC245427.2,0.0,0.0,0,0
AC245452.5,0.0,0.0,0,0
AC245519.1,0.0,0.0,0,0
AC245519.2,0.0,0.0,0,0
AC245748.3,0.0,0.0,0,0
AC245884.1,0.0,0.0,0,0
AC245884.10,0.0,0.0,0,0
AC245884.8,-0.00019946655,0.0,0,1
AC245884.9,0.0,0.0,0,0
AC246680.1,0.0,0.0,0,0
AC246785.3,0.0,0.0,0,0
AC246787.2,0.0,0.0,0,0
AC246793.1,0.0,0.0,0,0
AC246817.1,-0.0007822448,0.0,0,1
AC246817.2,-0.00017836486,0.0,0,1
AC247036.1,0.0,0.0,0,0
AC253536.3,0.0,0.0,0,0
AC253536.6,-6.238695e-05,0.0,0,1
AC253572.1,-0.0023477015,0.0,0,2
AC253576.2,0.0,0.0,0,0
AC254562.2,0.0,0.0,0,0
AC254562.3,-0.00039174917,0.0,0,1
AC254629.1,0.0,0.0,0,0
ACADL,0.0,0.0,0,0
ACAN,0.0,0.0,0,0
ACAP2-IT1,-0.00011996203,0.0,0,1
ACBD3-AS1,0.0,0.0,0,0
ACBD7,0.0,0.0,0,0
ACCSL,0.0,0.0,0,0
ACE2,-0.00014140428,0.0,0,1
ACER1,0.0,0.0,0,0
ACER2,-0.0017565052,0.0,0,2
ACKR1,0.0,0.0,0,0
ACKR4,-0.00021648199,0.0,0,1
ACMSD,0.0,0.0,0,0
ACOD1,-0.00014803022,0.0,0,1
ACOT1,-0.00028218763,0.0,0,1
ACOT12,0.0,0.0,0,0
ACOT6,0.0,0.0,0,0
ACOXL,0.0,0.0,0,0
ACOXL-AS1,0.0,0.0,0,0
ACP4,0.0,0.0,0,0
ACP7,0.0,0.0,0,0
ACRV1,0.0,0.0,0,0
ACSBG1,-0.000147508,0.0,0,1
ACSBG2,0.0,0.0,0,0
ACSL6,-0.0004008331,0.0,0,1
ACSM1,0.0,0.0,0,0
ACSM2A,0.0,0.0,0,0
ACSM2B,0.0,0.0,0,0
ACSM4,0.0,0.0,0,0
ACSM6,0.0,0.0,0,0
ACSS3,0.0,0.0,0,0
ACTA1,-7.7904646e-05,0.0,0,1
ACTA2-AS1,0.0,0.0,0,0
ACTBL2,0.0,0.0,0,0
ACTC1,0.0,0.0,0,0
ACTG2,0.0,0.0,0,0
ACTL6B,0.0,0.0,0,0
ACTL7A,0.0,0.0,0,0
ACTL7B,0.0,0.0,0,0
ACTL8,0.0,0.0,0,0
ACTL9,0.0,0.0,0,0
ACTN1-AS1,-0.00015448793,0.0,0,1
ACTN3,0.0,0.0,0,0
ACTRT1,0.0,0.0,0,0
ACTRT2,0.0,0.0,0,0
ACVR1C,-0.00021275063,0.0,0,1
ACVR2B-AS1,-0.00013910154,0.0,0,1
ACY3,-0.0023428835,0.0,0,1
AD000090.1,0.0,0.0,0,0
AD000671.3,0.0,0.0,0,0
AD001527.1,0.0,0.0,0,0
ADAD1,0.0,0.0,0,0
ADAD2,0.0,0.0,0,0
ADAM11,0.0,0.0,0,0
ADAM18,0.0,0.0,0,0
ADAM2,0.0,0.0,0,0
ADAM20,0.0,0.0,0,0
ADAM21,0.0,0.0,0,0
ADAM22,0.0,0.0,0,0
ADAM23,0.0,0.0,0,0
ADAM29,0.0,0.0,0,0
ADAM30,0.0,0.0,0,0
ADAM33,0.0,0.0,0,0
ADAM7,0.0,0.0,0,0
ADAMTS1,-0.0044296007,0.0,0,2
ADAMTS12,0.0,0.0,0,0
ADAMTS15,0.0,0.0,0,0
ADAMTS16,-0.036302697,0.0,0,1
ADAMTS18,-0.0022861152,0.0,0,1
ADAMTS19,-0.000117778116,0.0,0,1
ADAMTS19-AS1,0.0,0.0,0,0
ADAMTS20,0.0,0.0,0,0
ADAMTS3,0.0,0.0,0,0
ADAMTS5,0.0,0.0,0,0
ADAMTS8,0.0,0.0,0,0
ADAMTS9-AS1,0.0,0.0,0,0
ADAMTS9-AS2,0.0,0.0,0,0
ADAMTSL1,0.0,0.0,0,0
ADAMTSL3,0.0,0.0,0,0
ADAMTSL5,-0.000275692,0.0,0,1
ADARB2-AS1,0.0,0.0,0,0
ADCK1,-0.005735422,0.0,0,2
ADCY1,-0.00045340564,0.0,0,1
ADCY10,-0.00017566425,0.0,0,1
ADCY2,0.0,0.0,0,0
ADCY5,0.0,0.0,0,0
ADCY6-DT,0.0,0.0,0,0
ADCY8,0.0,0.0,0,0
ADCYAP1,0.0,0.0,0,0
ADCYAP1R1,0.0,0.0,0,0
ADD2,-0.00027313665,0.0,0,1
ADD3-AS1,0.0,0.0,0,0
ADGB,-8.6727836e-05,0.0,0,1
ADGRA1,0.0,0.0,0,0
ADGRA1-AS1,0.0,0.0,0,0
ADGRA2,0.0,0.0,0,0
ADGRB2,0.0,0.0,0,0
ADGRD1-AS1,0.0,0.0,0,0
ADGRD2,0.0,0.0,0,0
ADGRF1,0.0,0.0,0,0
ADGRF2,0.0,0.0,0,0
ADGRF3,-0.0003512695,0.0,0,1
ADGRF4,-0.00013259974,0.0,0,1
ADGRF5,0.0,0.0,0,0
ADGRG3,-5.649189e-05,0.0,0,1
ADGRG4,0.0,0.0,0,0
ADGRG7,-0.036302697,0.0,0,1
ADGRL3,-0.00030660306,0.0,0,1
ADGRL3-AS1,0.0,0.0,0,0
ADGRV1,0.0,0.0,0,0
ADH1A,0.0,0.0,0,0
ADH1C,0.0,0.0,0,0
ADH4,0.0,0.0,0,0
ADH6,0.0,0.0,0,0
ADH7,0.0,0.0,0,0
ADIG,0.0,0.0,0,0
ADIPOQ,0.0,0.0,0,0
ADIPOQ-AS1,0.0,0.0,0,0
ADM2,-0.00024819543,0.0,0,1
ADM5,-0.0007289438,0.0,0,1
ADORA2A,-0.00020685345,0.0,0,1
ADORA2A-AS1,0.0,0.0,0,0
ADRA1A,0.0,0.0,0,0
ADRA1B,-0.009904574,0.0,0,1
ADRA1D,0.0,0.0,0,0
ADRA2B,-0.0002651204,0.0,0,1
ADRB1,-0.019234981,0.0,0,2
ADRB3,0.0,0.0,0,0
ADTRP,-0.00037208849,0.0,0,1
AF001548.1,0.0,0.0,0,0
AF001548.2,-0.0026762004,0.0,0,2
AF001550.1,0.0,0.0,0,0
AF015262.1,0.0,0.0,0,0
AF015720.1,0.0,0.0,0,0
AF038458.2,0.0,0.0,0,0
AF038458.3,0.0,0.0,0,0
AF064858.2,0.0,0.0,0,0
AF064860.1,0.0,0.0,0,0
AF064860.2,0.0,0.0,0,0
AF064866.1,0.0,0.0,0,0
AF067845.1,0.0,0.0,0,0
AF067845.2,0.0,0.0,0,0
AF067845.4,0.0,0.0,0,0
AF067845.5,0.0,0.0,0,0
AF096876.1,0.0,0.0,0,0
AF099810.1,0.0,0.0,0,0
AF106564.1,0.0,0.0,0,0
AF107885.2,0.0,0.0,0,0
AF111169.1,0.0,0.0,0,0
AF111169.2,0.0,0.0,0,0
AF111169.3,-0.00022634126,0.0,0,1
AF121898.1,0.0,0.0,0,0
AF123462.1,0.0,0.0,0,0
AF124730.1,-9.388284e-05,0.0,0,1
AF127577.1,0.0,0.0,0,0
AF127577.2,0.0,0.0,0,0
AF127577.3,0.0,0.0,0,0
AF127577.5,0.0,0.0,0,0
AF127936.1,-0.002841307,0.0,0,2
AF129075.1,0.0,0.0,0,0
AF129075.2,-0.0025640693,0.0,0,2
AF129075.3,0.0,0.0,0,0
AF129408.1,0.0,0.0,0,0
AF130359.1,0.0,0.0,0,0
AF130417.1,0.0,0.0,0,0
AF131215.3,0.0,0.0,0,0
AF131216.1,0.0,0.0,0,0
AF131216.3,0.0,0.0,0,0
AF131216.4,-0.00028058235,0.0,0,1
AF131216.5,0.0,0.0,0,0
AF165147.1,-0.0494297,0.0,0,2
AF178030.1,0.0,0.0,0,0
AF181450.1,0.0,0.0,0,0
AF186192.1,0.0,0.0,0,0
AF186192.3,0.0,0.0,0,0
AF196972.1,-0.0004359987,0.0,0,1
AF212831.1,0.0,0.0,0,0
AF228727.1,0.0,0.0,0,0
AF230666.2,0.0,0.0,0,0
AF233439.1,0.0,0.0,0,0
AF233439.2,0.0,0.0,0,0
AF233439.3,0.0,0.0,0,0
AF235103.1,0.0,0.0,0,0
AF240627.1,0.0,0.0,0,0
AF241725.1,0.0,0.0,0,0
AF241728.1,0.0,0.0,0,0
AF241728.2,0.0,0.0,0,0
AF274573.1,0.0,0.0,0,0
AF274853.1,-0.00019186443,0.0,0,1
AF279873.3,0.0,0.0,0,0
AF279873.4,0.0,0.0,0,0
AF287957.1,0.0,0.0,0,0
AFAP1-AS1,-0.00014401095,0.0,0,1
AFAP1L1,0.0,0.0,0,0
AFAP1L2,0.0,0.0,0,0
AFDN-DT,-0.00021874819,0.0,0,1
AFF2,0.0,0.0,0,0
AFF2-IT1,0.0,0.0,0,0
AFM,0.0,0.0,0,0
AFP,0.0,0.0,0,0
AGAP1-IT1,0.0,0.0,0,0
AGAP2-AS1,0.0,0.0,0,0
AGBL1,0.0,0.0,0,0
AGBL1-AS1,0.0,0.0,0,0
AGBL2,-0.00045859918,0.0,0,1
AGBL4,0.0,0.0,0,0
AGBL4-IT1,0.0,0.0,0,0
AGBL5-AS1,-9.444725e-05,0.0,0,1
AGBL5-IT1,0.0,0.0,0,0
AGMO,0.0,0.0,0,0
AGR3,0.0,0.0,0,0
AGT,0.0,0.0,0,0
AGTR1,0.0,0.0,0,0
AGTR2,0.0,0.0,0,0
AGXT,0.0,0.0,0,0
AGXT2,0.0,0.0,0,0
AHRR,0.0,0.0,0,0
AHSG,0.0,0.0,0,0
AHSP,0.0,0.0,0,0
AICDA,-0.00021774841,0.0,0,1
AIF1L,-0.003717941,0.0,0,2
AIPL1,0.0,0.0,0,0
AIRE,-0.0002610213,0.0,0,1
AIRN,0.0,0.0,0,0
AJ003147.1,0.0,0.0,0,0
AJ003147.2,0.0,0.0,0,0
AJ006995.1,0.0,0.0,0,0
AJ009632.1,0.0,0.0,0,0
AJ009632.2,0.0,0.0,0,0
AJ011931.1,0.0,0.0,0,0
AJ011931.2,0.0,0.0,0,0
AJ011932.1,0.0,0.0,0,0
AJ239318.1,0.0,0.0,0,0
AJ239322.1,0.0,0.0,0,0
AJ239322.2,0.0,0.0,0,0
AJAP1,0.0,0.0,0,0
AJUBA,-0.00025934263,0.0,0,1
AK5,-0.00043910238,0.0,0,1
AK7,0.0,0.0,0,0
AK8,-0.0001173643,0.0,0,1
AKAIN1,0.0,0.0,0,0
AKAP14,0.0,0.0,0,0
AKAP4,0.0,0.0,0,0
AKAP5,-0.000108666485,0.0,0,1
AKR1B15,0.0,0.0,0,0
AKR1C1,-0.009990045,0.0,0,2
AKR1C2,-0.00026675352,0.0,0,1
AKR1C4,0.0,0.0,0,0
AKR1D1,-0.00088182767,0.0,0,1
AKT3,-0.0074711908,0.0,0,2
AKT3-IT1,0.0,0.0,0,0
AL008582.1,-0.0003177008,0.0,0,1
AL008626.1,0.0,0.0,0,0
AL008628.1,-1.3721913e-05,0.0,0,1
AL008633.1,0.0,0.0,0,0
AL008635.1,0.0,0.0,0,0
AL008636.1,0.0,0.0,0,0
AL008638.1,0.0,0.0,0,0
AL008638.2,0.0,0.0,0,0
AL008638.3,0.0,0.0,0,0
AL008638.4,0.0,0.0,0,0
AL008638.5,0.0,0.0,0,0
AL008638.6,0.0,0.0,0,0
AL008718.2,0.0,0.0,0,0
AL008718.3,0.0,0.0,0,0
AL008719.1,0.0,0.0,0,0
AL008720.1,0.0,0.0,0,0
AL008721.1,0.0,0.0,0,0
AL008723.1,0.0,0.0,0,0
AL008723.2,0.0,0.0,0,0
AL008725.1,-7.049984e-05,0.0,0,1
AL008726.1,-0.0002048078,0.0,0,1
AL008727.1,-0.007193094,0.0,0,2
AL008729.2,-0.00048782048,0.0,0,1
AL008730.1,-0.00015651977,0.0,0,1
AL008733.1,0.0,0.0,0,0
AL009050.1,0.0,0.0,0,0
AL009177.1,-0.000109586406,0.0,0,1
AL009178.3,0.0,0.0,0,0
AL009179.1,-9.616091e-05,0.0,0,1
AL009179.2,-0.0011149714,0.0,0,1
AL009179.3,0.0,0.0,0,0
AL020993.1,0.0,0.0,0,0
AL020994.1,0.0,0.0,0,0
AL020994.2,0.0,0.0,0,0
AL020994.3,0.0,0.0,0,0
AL020995.1,0.0,0.0,0,0
AL020996.1,-0.015141294,0.0,0,2
AL020996.3,0.0,0.0,0,0
AL020997.3,0.0,0.0,0,0
AL020997.4,-0.003157267,0.0,0,1
AL020997.5,-0.00028970194,0.0,0,1
AL020998.1,0.0,0.0,0,0
AL021026.1,0.0,0.0,0,0
AL021153.1,0.0,0.0,0,0
AL021154.1,0.0,0.0,0,0
AL021308.1,0.0,0.0,0,0
AL021328.1,0.0,0.0,0,0
AL021368.1,0.0,0.0,0,0
AL021368.3,-0.00032631305,0.0,0,1
AL021368.5,0.0,0.0,0,0
AL021391.1,0.0,0.0,0,0
AL021393.1,0.0,0.0,0,0
AL021396.1,0.0,0.0,0,0
AL021408.1,0.0,0.0,0,0
AL021578.1,-0.0051673804,0.0,0,2
AL021707.3,0.0,0.0,0,0
AL021707.4,0.0,0.0,0,0
AL021707.7,-0.00027967343,0.0,0,1
AL021707.9,0.0,0.0,0,0
AL021877.2,0.0,0.0,0,0
AL021878.2,0.0,0.0,0,0
AL021917.1,0.0,0.0,0,0
AL021918.3,0.0,0.0,0,0
AL021918.4,0.0,0.0,0,0
AL021920.1,0.0,0.0,0,0
AL021920.3,0.0,0.0,0,0
AL021937.3,0.0,0.0,0,0
AL021937.4,0.0,0.0,0,0
AL021940.1,0.0,0.0,0,0
AL021978.1,0.0,0.0,0,0
AL022067.1,-0.00045811306,0.0,0,1
AL022068.1,0.0,0.0,0,0
AL022097.1,0.0,0.0,0,0
AL022098.1,0.0,0.0,0,0
AL022100.2,0.0,0.0,0,0
AL022151.1,0.0,0.0,0,0
AL022170.1,0.0,0.0,0,0
AL022238.2,0.0,0.0,0,0
AL022238.3,0.0,0.0,0,0
AL022310.1,0.0,0.0,0,0
AL022312.1,0.0,0.0,0,0
AL022313.2,0.0,0.0,0,0
AL022313.3,0.0,0.0,0,0
AL022313.4,0.0,0.0,0,0
AL022314.1,0.0,0.0,0,0
AL022315.1,0.0,0.0,0,0
AL022316.1,-0.00043537313,0.0,0,1
AL022318.1,0.0,0.0,0,0
AL022318.5,-0.00019598227,0.0,0,1
AL022322.1,0.0,0.0,0,0
AL022323.1,0.0,0.0,0,0
AL022323.2,0.0,0.0,0,0
AL022323.3,0.0,0.0,0,0
AL022323.4,0.0,0.0,0,0
AL022323.5,0.0,0.0,0,0
AL022324.3,0.0,0.0,0,0
AL022328.1,0.0,0.0,0,0
AL022328.2,0.0,0.0,0,0
AL022329.2,0.0,0.0,0,0
AL022329.3,0.0,0.0,0,0
AL022332.1,0.0,0.0,0,0
AL022334.2,0.0,0.0,0,0
AL022337.1,0.0,0.0,0,0
AL022341.1,-0.0002848736,0.0,0,1
AL022344.1,0.0,0.0,0,0
AL022396.1,0.0,0.0,0,0
AL022397.1,0.0,0.0,0,0
AL022476.1,0.0,0.0,0,0
AL022724.2,0.0,0.0,0,0
AL022724.3,-0.0001871151,0.0,0,1
AL022725.1,0.0,0.0,0,0
AL022726.1,0.0,0.0,0,0
AL023283.1,0.0,0.0,0,0
AL023284.4,0.0,0.0,0,0
AL023495.1,0.0,0.0,0,0
AL023553.1,0.0,0.0,0,0
AL023574.1,0.0,0.0,0,0
AL023581.1,-0.00020472585,0.0,0,1
AL023581.2,0.0,0.0,0,0
AL023583.1,0.0,0.0,0,0
AL023584.1,0.0,0.0,0,0
AL023584.2,0.0,0.0,0,0
AL023693.1,0.0,0.0,0,0
AL023754.1,0.0,0.0,0,0
AL023754.2,0.0,0.0,0,0
AL023755.1,0.0,0.0,0,0
AL023775.2,0.0,0.0,0,0
AL023802.1,0.0,0.0,0,0
AL023803.2,0.0,0.0,0,0
AL023803.3,0.0,0.0,0,0
AL023806.1,-0.0024764603,0.0,0,2
AL023806.2,0.0,0.0,0,0
AL023806.4,0.0,0.0,0,0
AL023877.1,0.0,0.0,0,0
AL023881.1,0.0,0.0,0,0
AL023882.1,0.0,0.0,0,0
AL023913.1,0.0,0.0,0,0
AL024474.2,0.0,0.0,0,0
AL024495.1,0.0,0.0,0,0
AL024497.1,0.0,0.0,0,0
AL024497.2,0.0,0.0,0,0
AL024498.1,0.0,0.0,0,0
AL024507.2,-0.00012384575,0.0,0,1
AL024508.1,0.0,0.0,0,0
AL024508.2,-0.00015147659,0.0,0,1
AL031005.1,0.0,0.0,0,0
AL031005.2,0.0,0.0,0,0
AL031008.1,0.0,0.0,0,0
AL031055.1,0.0,0.0,0,0
AL031056.1,0.0,0.0,0,0
AL031056.2,-0.00028061346,0.0,0,1
AL031058.1,0.0,0.0,0,0
AL031073.2,0.0,0.0,0,0
AL031118.1,0.0,0.0,0,0
AL031121.2,0.0,0.0,0,0
AL031121.3,0.0,0.0,0,0
AL031123.1,-0.0019200089,0.0,0,1
AL031123.2,-0.00015682755,0.0,0,1
AL031123.4,0.0,0.0,0,0
AL031186.1,0.0,0.0,0,0
AL031259.1,0.0,0.0,0,0
AL031275.1,0.0,0.0,0,0
AL031280.1,0.0,0.0,0,0
AL031283.1,-0.00025792923,0.0,0,1
AL031283.3,0.0,0.0,0,0
AL031289.1,0.0,0.0,0,0
AL031289.2,0.0,0.0,0,0
AL031290.1,0.0,0.0,0,0
AL031291.1,0.0,0.0,0,0
AL031293.1,0.0,0.0,0,0
AL031386.1,0.0,0.0,0,0
AL031428.1,0.0,0.0,0,0
AL031429.1,0.0,0.0,0,0
AL031429.2,0.0,0.0,0,0
AL031430.1,0.0,0.0,0,0
AL031432.1,0.0,0.0,0,0
AL031432.5,0.0,0.0,0,0
AL031584.3,0.0,0.0,0,0
AL031587.1,0.0,0.0,0,0
AL031587.2,0.0,0.0,0,0
AL031587.4,0.0,0.0,0,0
AL031593.1,0.0,0.0,0,0
AL031595.2,0.0,0.0,0,0
AL031598.1,0.0,0.0,0,0
AL031599.1,0.0,0.0,0,0
AL031600.2,0.0,0.0,0,0
AL031600.3,0.0,0.0,0,0
AL031602.2,0.0,0.0,0,0
AL031651.1,0.0,0.0,0,0
AL031651.2,0.0,0.0,0,0
AL031656.1,0.0,0.0,0,0
AL031658.1,0.0,0.0,0,0
AL031658.2,0.0,0.0,0,0
AL031663.2,0.0,0.0,0,0
AL031663.3,0.0,0.0,0,0
AL031666.1,-0.00023951645,0.0,0,1
AL031666.2,0.0,0.0,0,0
AL031667.3,0.0,0.0,0,0
AL031668.1,0.0,0.0,0,0
AL031668.2,0.0,0.0,0,0
AL031670.1,0.0,0.0,0,0
AL031674.1,0.0,0.0,0,0
AL031676.1,0.0,0.0,0,0
AL031687.1,0.0,0.0,0,0
AL031705.1,-0.00016469705,0.0,0,1
AL031709.1,0.0,0.0,0,0
AL031710.1,0.0,0.0,0,0
AL031710.2,-0.00017672729,0.0,0,1
AL031714.1,-0.0026611567,0.0,0,2
AL031716.1,0.0,0.0,0,0
AL031717.1,0.0,0.0,0,0
AL031722.1,0.0,0.0,0,0
AL031726.1,0.0,0.0,0,0
AL031726.2,0.0,0.0,0,0
AL031727.2,0.0,0.0,0,0
AL031728.1,0.0,0.0,0,0
AL031731.1,0.0,0.0,0,0
AL031733.2,-0.00018821347,0.0,0,1
AL031767.1,0.0,0.0,0,0
AL031767.2,0.0,0.0,0,0
AL031768.1,0.0,0.0,0,0
AL031768.2,0.0,0.0,0,0
AL031770.1,0.0,0.0,0,0
AL031773.1,0.0,0.0,0,0
AL031778.1,0.0,0.0,0,0
AL031779.1,0.0,0.0,0,0
AL031846.2,0.0,0.0,0,0
AL031847.1,-0.00012387653,0.0,0,1
AL031848.1,0.0,0.0,0,0
AL031963.1,0.0,0.0,0,0
AL032819.1,0.0,0.0,0,0
AL032819.3,0.0,0.0,0,0
AL032821.1,0.0,0.0,0,0
AL033379.1,0.0,0.0,0,0
AL033380.1,0.0,0.0,0,0
AL033381.1,0.0,0.0,0,0
AL033381.2,0.0,0.0,0,0
AL033381.3,0.0,0.0,0,0
AL033384.1,0.0,0.0,0,0
AL033384.2,0.0,0.0,0,0
AL033397.1,0.0,0.0,0,0
AL033397.2,0.0,0.0,0,0
AL033504.1,0.0,0.0,0,0
AL033519.4,0.0,0.0,0,0
AL033519.5,0.0,0.0,0,0
AL033527.2,0.0,0.0,0,0
AL033527.3,-0.00010402972,0.0,0,1
AL033530.1,-0.002226527,0.0,0,1
AL033539.1,0.0,0.0,0,0
AL033539.2,0.0,0.0,0,0
AL034345.2,0.0,0.0,0,0
AL034346.1,0.0,0.0,0,0
AL034347.1,0.0,0.0,0,0
AL034348.1,0.0,0.0,0,0
AL034349.1,0.0,0.0,0,0
AL034351.3,0.0,0.0,0,0
AL034351.4,0.0,0.0,0,0
AL034374.1,0.0,0.0,0,0
AL034376.1,-0.0057932157,0.0,0,1
AL034376.2,0.0,0.0,0,0
AL034380.1,0.0,0.0,0,0
AL034397.2,0.0,0.0,0,0
AL034405.1,0.0,0.0,0,0
AL034417.2,0.0,0.0,0,0
AL034417.3,0.0,0.0,0,0
AL034417.4,-0.00015037521,0.0,0,1
AL034422.1,0.0,0.0,0,0
AL034427.1,0.0,0.0,0,0
AL034428.1,0.0,0.0,0,0
AL034430.1,0.0,0.0,0,0
AL034430.2,0.0,0.0,0,0
AL034546.1,0.0,0.0,0,0
AL034548.1,0.0,0.0,0,0
AL034548.2,0.0,0.0,0,0
AL034550.1,0.0,0.0,0,0
AL034550.2,0.0,0.0,0,0
AL034550.3,0.0,0.0,0,0
AL035045.1,0.0,0.0,0,0
AL035071.2,0.0,0.0,0,0
AL035078.1,0.0,0.0,0,0
AL035078.2,0.0,0.0,0,0
AL035078.3,0.0,0.0,0,0
AL035106.1,0.0,0.0,0,0
AL035250.1,0.0,0.0,0,0
AL035250.2,0.0,0.0,0,0
AL035251.1,0.0,0.0,0,0
AL035252.2,0.0,0.0,0,0
AL035252.3,-0.009474785,0.0,0,2
AL035252.5,0.0,0.0,0,0
AL035258.1,0.0,0.0,0,0
AL035401.1,0.0,0.0,0,0
AL035404.2,0.0,0.0,0,0
AL035409.1,0.0,0.0,0,0
AL035411.3,0.0,0.0,0,0
AL035412.1,0.0,0.0,0,0
AL035415.1,0.0,0.0,0,0
AL035416.1,0.0,0.0,0,0
AL035420.1,0.0,0.0,0,0
AL035420.2,0.0,0.0,0,0
AL035420.3,0.0,0.0,0,0
AL035425.1,0.0,0.0,0,0
AL035427.1,0.0,0.0,0,0
AL035427.2,0.0,0.0,0,0
AL035443.1,0.0,0.0,0,0
AL035447.1,0.0,0.0,0,0
AL035448.1,-0.006063027,0.0,0,2
AL035454.1,0.0,0.0,0,0
AL035458.2,0.0,0.0,0,0
AL035461.2,0.0,0.0,0,0
AL035467.2,0.0,0.0,0,0
AL035541.1,0.0,0.0,0,0
AL035587.3,0.0,0.0,0,0
AL035588.1,-0.00023687184,0.0,0,1
AL035603.1,0.0,0.0,0,0
AL035604.1,0.0,0.0,0,0
AL035634.1,0.0,0.0,0,0
AL035658.1,0.0,0.0,0,0
AL035661.1,0.0,0.0,0,0
AL035665.1,-0.00041457862,0.0,0,1
AL035665.2,0.0,0.0,0,0
AL035670.1,0.0,0.0,0,0
AL035691.1,0.0,0.0,0,0
AL035693.1,0.0,0.0,0,0
AL035694.1,0.0,0.0,0,0
AL035696.1,0.0,0.0,0,0
AL035696.3,0.0,0.0,0,0
AL035696.4,0.0,0.0,0,0
AL035701.1,0.0,0.0,0,0
AL035706.1,0.0,0.0,0,0
AL049536.1,0.0,0.0,0,0
AL049541.1,0.0,0.0,0,0
AL049541.2,0.0,0.0,0,0
AL049543.1,0.0,0.0,0,0
AL049548.1,0.0,0.0,0,0
AL049552.1,0.0,0.0,0,0
AL049552.2,0.0,0.0,0,0
AL049555.1,0.0,0.0,0,0
AL049569.1,0.0,0.0,0,0
AL049569.2,0.0,0.0,0,0
AL049594.1,0.0,0.0,0,0
AL049597.2,-0.00021338968,0.0,0,1
AL049612.1,0.0,0.0,0,0
AL049629.1,0.0,0.0,0,0
AL049637.1,0.0,0.0,0,0
AL049637.2,0.0,0.0,0,0
AL049646.1,0.0,0.0,0,0
AL049646.2,0.0,0.0,0,0
AL049646.3,0.0,0.0,0,0
AL049647.1,0.0,0.0,0,0
AL049648.1,0.0,0.0,0,0
AL049649.1,0.0,0.0,0,0
AL049651.1,0.0,0.0,0,0
AL049651.2,0.0,0.0,0,0
AL049712.1,0.0,0.0,0,0
AL049747.1,0.0,0.0,0,0
AL049748.1,0.0,0.0,0,0
AL049749.1,0.0,0.0,0,0
AL049765.1,0.0,0.0,0,0
AL049775.2,0.0,0.0,0,0
AL049775.3,0.0,0.0,0,0
AL049779.4,0.0,0.0,0,0
AL049780.1,0.0,0.0,0,0
AL049780.2,-0.008967645,0.0,0,2
AL049794.1,0.0,0.0,0,0
AL049794.2,0.0,0.0,0,0
AL049795.2,0.0,0.0,0,0
AL049812.2,0.0,0.0,0,0
AL049812.3,0.0,0.0,0,0
AL049820.1,0.0,0.0,0,0
AL049825.1,0.0,0.0,0,0
AL049828.2,0.0,0.0,0,0
AL049829.2,0.0,0.0,0,0
AL049830.3,0.0,0.0,0,0
AL049833.1,0.0,0.0,0,0
AL049833.2,0.0,0.0,0,0
AL049833.4,0.0,0.0,0,0
AL049835.1,0.0,0.0,0,0
AL049836.1,0.0,0.0,0,0
AL049836.2,0.0,0.0,0,0
AL049838.1,0.0,0.0,0,0
AL049839.3,0.0,0.0,0,0
AL049840.3,-0.00012698809,0.0,0,1
AL049869.2,0.0,0.0,0,0
AL049869.3,-5.3448835e-05,0.0,0,1
AL049870.2,0.0,0.0,0,0
AL049870.3,0.0,0.0,0,0
AL049871.1,0.0,0.0,0,0
AL049874.3,0.0,0.0,0,0
AL050303.1,0.0,0.0,0,0
AL050320.1,0.0,0.0,0,0
AL050327.1,0.0,0.0,0,0
AL050331.2,0.0,0.0,0,0
AL050338.1,0.0,0.0,0,0
AL050338.2,0.0,0.0,0,0
AL050341.2,-0.00067654735,0.0,0,1
AL050343.2,-9.149788e-05,0.0,0,1
AL050343.3,-0.00023754052,0.0,0,1
AL050349.1,0.0,0.0,0,0
AL050350.1,0.0,0.0,0,0
AL050402.1,0.0,0.0,0,0
AL050402.2,0.0,0.0,0,0
AL050403.1,0.0,0.0,0,0
AL050403.2,-0.0003883393,0.0,0,1
AL050404.1,0.0,0.0,0,0
AL078459.1,-0.0013765713,0.0,0,1
AL078581.2,0.0,0.0,0,0
AL078581.3,0.0,0.0,0,0
AL078581.4,0.0,0.0,0,0
AL078582.2,0.0,0.0,0,0
AL078587.1,0.0,0.0,0,0
AL078590.1,0.0,0.0,0,0
AL078590.2,-0.014834245,0.0,0,2
AL078599.2,0.0,0.0,0,0
AL078602.1,0.0,0.0,0,0
AL078604.4,0.0,0.0,0,0
AL078605.1,0.0,0.0,0,0
AL078612.1,0.0,0.0,0,0
AL078612.2,0.0,0.0,0,0
AL078621.4,0.0,0.0,0,0
AL078622.1,-0.015861064,0.0,0,2
AL078623.1,0.0,0.0,0,0
AL078644.2,0.0,0.0,0,0
AL079301.1,0.0,0.0,0,0
AL079303.1,0.0,0.0,0,0
AL079304.1,0.0,0.0,0,0
AL079307.1,0.0,0.0,0,0
AL079307.2,0.0,0.0,0,0
AL079338.1,0.0,0.0,0,0
AL079343.1,0.0,0.0,0,0
AL080248.1,0.0,0.0,0,0
AL080273.1,0.0,0.0,0,0
AL080275.1,0.0,0.0,0,0
AL080276.2,-0.00039658215,0.0,0,1
AL080284.1,0.0,0.0,0,0
AL080312.2,0.0,0.0,0,0
AL080313.1,0.0,0.0,0,0
AL080313.2,0.0,0.0,0,0
AL080316.1,0.0,0.0,0,0
AL080317.1,-1.2886982e-06,0.0,0,1
AL096677.1,0.0,0.0,0,0
AL096677.2,0.0,0.0,0,0
AL096701.3,-0.036800217,0.0,0,2
AL096706.1,0.0,0.0,0,0
AL096709.1,0.0,0.0,0,0
AL096712.2,0.0,0.0,0,0
AL096772.1,0.0,0.0,0,0
AL096799.1,0.0,0.0,0,0
AL096803.4,0.0,0.0,0,0
AL096814.1,0.0,0.0,0,0
AL096814.2,0.0,0.0,0,0
AL096828.1,0.0,0.0,0,0
AL096828.2,0.0,0.0,0,0
AL096828.3,0.0,0.0,0,0
AL096828.5,0.0,0.0,0,0
AL096828.6,0.0,0.0,0,0
AL096854.1,0.0,0.0,0,0
AL096865.1,-0.0046335985,0.0,0,2
AL096869.1,0.0,0.0,0,0
AL096869.2,0.0,0.0,0,0
AL096869.3,0.0,0.0,0,0
AL109610.1,0.0,0.0,0,0
AL109613.1,0.0,0.0,0,0
AL109614.1,-0.00011856018,0.0,0,1
AL109615.4,-8.517954e-06,0.0,0,1
AL109653.3,0.0,0.0,0,0
AL109659.1,0.0,0.0,0,0
AL109761.1,0.0,0.0,0,0
AL109763.1,0.0,0.0,0,0
AL109767.1,0.0,0.0,0,0
AL109806.2,0.0,0.0,0,0
AL109807.1,0.0,0.0,0,0
AL109810.2,0.0,0.0,0,0
AL109824.1,0.0,0.0,0,0
AL109828.1,0.0,0.0,0,0
AL109829.1,0.0,0.0,0,0
AL109837.2,0.0,0.0,0,0
AL109837.3,0.0,0.0,0,0
AL109838.1,0.0,0.0,0,0
AL109910.1,0.0,0.0,0,0
AL109910.2,0.0,0.0,0,0
AL109914.1,0.0,0.0,0,0
AL109917.1,-0.0004761823,0.0,0,1
AL109920.1,0.0,0.0,0,0
AL109923.1,0.0,0.0,0,0
AL109924.1,0.0,0.0,0,0
AL109924.2,0.0,0.0,0,0
AL109924.4,0.0,0.0,0,0
AL109930.1,0.0,0.0,0,0
AL109933.1,0.0,0.0,0,0
AL109933.5,0.0,0.0,0,0
AL109935.1,0.0,0.0,0,0
AL109936.2,0.0,0.0,0,0
AL109936.6,0.0,0.0,0,0
AL109945.1,0.0,0.0,0,0
AL109946.1,0.0,0.0,0,0
AL109947.1,0.0,0.0,0,0
AL109954.1,0.0,0.0,0,0
AL109954.2,0.0,0.0,0,0
AL109955.2,0.0,0.0,0,0
AL109984.1,0.0,0.0,0,0
AL110115.1,0.0,0.0,0,0
AL110115.2,0.0,0.0,0,0
AL110292.1,0.0,0.0,0,0
AL110503.1,0.0,0.0,0,0
AL110504.1,0.0,0.0,0,0
AL110505.1,0.0,0.0,0,0
AL117190.2,0.0,0.0,0,0
AL117209.1,0.0,0.0,0,0
AL117327.1,-0.00022686714,0.0,0,1
AL117328.2,0.0,0.0,0,0
AL117329.1,0.0,0.0,0,0
AL117335.1,-0.0028655592,0.0,0,2
AL117339.4,-0.00022149326,0.0,0,1
AL117341.1,0.0,0.0,0,0
AL117344.2,0.0,0.0,0,0
AL117348.1,0.0,0.0,0,0
AL117353.1,0.0,0.0,0,0
AL117372.1,0.0,0.0,0,0
AL117378.1,0.0,0.0,0,0
AL117381.1,0.0,0.0,0,0
AL117382.1,0.0,0.0,0,0
AL117382.2,0.0,0.0,0,0
AL118505.1,0.0,0.0,0,0
AL118511.1,0.0,0.0,0,0
AL118511.2,0.0,0.0,0,0
AL118511.3,0.0,0.0,0,0
AL118511.4,0.0,0.0,0,0
AL118522.1,0.0,0.0,0,0
AL118523.1,0.0,0.0,0,0
AL118556.1,0.0,0.0,0,0
AL121574.1,-0.00056635746,0.0,0,1
AL121578.2,0.0,0.0,0,0
AL121578.3,0.0,0.0,0,0
AL121581.2,0.0,0.0,0,0
AL121582.1,0.0,0.0,0,0
AL121583.1,0.0,0.0,0,0
AL121584.1,0.0,0.0,0,0
AL121601.1,0.0,0.0,0,0
AL121612.1,0.0,0.0,0,0
AL121612.2,0.0,0.0,0,0
AL121655.1,0.0,0.0,0,0
AL121672.1,0.0,0.0,0,0
AL121672.3,0.0,0.0,0,0
AL121718.1,0.0,0.0,0,0
AL121721.1,-0.015198213,0.0,0,2
AL121748.1,-0.0055118334,0.0,0,2
AL121749.1,0.0,0.0,0,0
AL121749.2,0.0,0.0,0,0
AL121750.1,0.0,0.0,0,0
AL121757.1,0.0,0.0,0,0
AL121757.2,0.0,0.0,0,0
AL121757.3,0.0,0.0,0,0
AL121759.1,0.0,0.0,0,0
AL121759.2,0.0,0.0,0,0
AL121761.1,0.0,0.0,0,0
AL121762.1,0.0,0.0,0,0
AL121762.2,0.0,0.0,0,0
AL121768.1,0.0,0.0,0,0
AL121772.1,0.0,0.0,0,0
AL121772.2,0.0,0.0,0,0
AL121772.3,-8.9091984e-05,0.0,0,1
AL121781.1,0.0,0.0,0,0
AL121782.1,0.0,0.0,0,0
AL121787.1,0.0,0.0,0,0
AL121790.1,0.0,0.0,0,0
AL121790.2,0.0,0.0,0,0
AL121796.1,0.0,0.0,0,0
AL121809.1,0.0,0.0,0,0
AL121809.2,-0.00021429341,0.0,0,1
AL121820.3,0.0,0.0,0,0
AL121821.2,0.0,0.0,0,0
AL121823.1,0.0,0.0,0,0
AL121827.1,0.0,0.0,0,0
AL121827.2,0.0,0.0,0,0
AL121829.1,0.0,0.0,0,0
AL121829.2,0.0,0.0,0,0
AL121830.1,0.0,0.0,0,0
AL121832.1,0.0,0.0,0,0
AL121845.1,0.0,0.0,0,0
AL121845.4,0.0,0.0,0,0
AL121852.1,0.0,0.0,0,0
AL121872.1,0.0,0.0,0,0
AL121885.1,0.0,0.0,0,0
AL121885.2,0.0,0.0,0,0
AL121885.3,0.0,0.0,0,0
AL121888.1,0.0,0.0,0,0
AL121888.2,0.0,0.0,0,0
AL121890.2,0.0,0.0,0,0
AL121890.3,0.0,0.0,0,0
AL121890.4,0.0,0.0,0,0
AL121890.5,0.0,0.0,0,0
AL121892.1,-0.0003168795,0.0,0,1
AL121894.2,0.0,0.0,0,0
AL121894.3,0.0,0.0,0,0
AL121895.1,0.0,0.0,0,0
AL121895.2,0.0,0.0,0,0
AL121897.1,0.0,0.0,0,0
AL121899.3,0.0,0.0,0,0
AL121899.4,-1.9910784e-05,0.0,0,1
AL121900.1,0.0,0.0,0,0
AL121901.1,0.0,0.0,0,0
AL121902.1,0.0,0.0,0,0
AL121904.1,0.0,0.0,0,0
AL121904.2,0.0,0.0,0,0
AL121906.1,0.0,0.0,0,0
AL121908.1,0.0,0.0,0,0
AL121910.1,0.0,0.0,0,0
AL121917.2,0.0,0.0,0,0
AL121928.1,0.0,0.0,0,0
AL121929.1,0.0,0.0,0,0
AL121932.2,0.0,0.0,0,0
AL121935.1,0.0,0.0,0,0
AL121935.2,0.0,0.0,0,0
AL121935.3,0.0,0.0,0,0
AL121938.1,0.0,0.0,0,0
AL121956.1,0.0,0.0,0,0
AL121956.4,-0.000119039585,0.0,0,1
AL121956.6,0.0,0.0,0,0
AL121957.1,0.0,0.0,0,0
AL121970.1,0.0,0.0,0,0
AL121974.1,0.0,0.0,0,0
AL121977.2,0.0,0.0,0,0
AL121981.1,0.0,0.0,0,0
AL121985.1,-0.0001369285,0.0,0,1
AL121987.1,-0.00015224579,0.0,0,1
AL121987.2,-0.0002485762,0.0,0,1
AL121988.1,0.0,0.0,0,0
AL121989.1,0.0,0.0,0,0
AL121992.1,0.0,0.0,0,0
AL121992.3,0.0,0.0,0,0
AL121999.1,0.0,0.0,0,0
AL122003.2,0.0,0.0,0,0
AL122008.1,0.0,0.0,0,0
AL122008.3,0.0,0.0,0,0
AL122008.4,0.0,0.0,0,0
AL122010.1,0.0,0.0,0,0
AL122014.1,0.0,0.0,0,0
AL122018.2,0.0,0.0,0,0
AL122020.2,-0.0013225869,0.0,0,1
AL122034.1,0.0,0.0,0,0
AL122035.1,0.0,0.0,0,0
AL122035.2,-0.00052242697,0.0,0,1
AL122058.1,0.0,0.0,0,0
AL122125.1,0.0,0.0,0,0
AL132633.1,0.0,0.0,0,0
AL132639.3,0.0,0.0,0,0
AL132642.1,0.0,0.0,0,0
AL132655.1,0.0,0.0,0,0
AL132655.2,0.0,0.0,0,0
AL132655.3,0.0,0.0,0,0
AL132656.2,0.0,0.0,0,0
AL132656.3,-0.00010685574,0.0,0,1
AL132657.1,0.0,0.0,0,0
AL132657.2,0.0,0.0,0,0
AL132671.1,0.0,0.0,0,0
AL132708.1,0.0,0.0,0,0
AL132709.7,0.0,0.0,0,0
AL132711.1,0.0,0.0,0,0
AL132712.1,0.0,0.0,0,0
AL132712.2,-0.00015004129,0.0,0,1
AL132718.1,0.0,0.0,0,0
AL132719.1,0.0,0.0,0,0
AL132765.2,0.0,0.0,0,0
AL132775.1,0.0,0.0,0,0
AL132775.2,0.0,0.0,0,0
AL132780.1,-0.00041096812,0.0,0,1
AL132796.1,0.0,0.0,0,0
AL132796.2,0.0,0.0,0,0
AL132799.1,0.0,0.0,0,0
AL132800.1,-0.0003013323,0.0,0,1
AL132801.1,0.0,0.0,0,0
AL132819.1,0.0,0.0,0,0
AL132822.1,0.0,0.0,0,0
AL132855.1,0.0,0.0,0,0
AL132857.1,0.0,0.0,0,0
AL132875.2,0.0,0.0,0,0
AL132875.3,0.0,0.0,0,0
AL132981.1,0.0,0.0,0,0
AL132982.1,0.0,0.0,0,0
AL132986.1,0.0,0.0,0,0
AL132989.1,-0.00025356407,0.0,0,1
AL132989.2,0.0,0.0,0,0
AL132990.1,0.0,0.0,0,0
AL132996.1,0.0,0.0,0,0
AL133153.2,-7.813281e-05,0.0,0,1
AL133163.3,0.0,0.0,0,0
AL133166.1,0.0,0.0,0,0
AL133167.1,0.0,0.0,0,0
AL133215.1,0.0,0.0,0,0
AL133215.2,0.0,0.0,0,0
AL133215.3,0.0,0.0,0,0
AL133216.1,0.0,0.0,0,0
AL133227.1,0.0,0.0,0,0
AL133230.1,-9.301002e-05,0.0,0,1
AL133232.1,0.0,0.0,0,0
AL133240.1,0.0,0.0,0,0
AL133240.2,0.0,0.0,0,0
AL133243.1,0.0,0.0,0,0
AL133244.2,0.0,0.0,0,0
AL133245.1,-0.00040634637,0.0,0,1
AL133247.1,0.0,0.0,0,0
AL133255.1,0.0,0.0,0,0
AL133257.1,0.0,0.0,0,0
AL133259.1,0.0,0.0,0,0
AL133260.2,0.0,0.0,0,0
AL133268.2,0.0,0.0,0,0
AL133268.3,0.0,0.0,0,0
AL133268.4,0.0,0.0,0,0
AL133279.1,-6.724861e-05,0.0,0,1
AL133279.2,0.0,0.0,0,0
AL133279.3,0.0,0.0,0,0
AL133284.1,0.0,0.0,0,0
AL133297.1,0.0,0.0,0,0
AL133297.2,0.0,0.0,0,0
AL133299.1,0.0,0.0,0,0
AL133304.1,0.0,0.0,0,0
AL133304.2,0.0,0.0,0,0
AL133304.3,0.0,0.0,0,0
AL133313.1,0.0,0.0,0,0
AL133319.1,0.0,0.0,0,0
AL133320.2,0.0,0.0,0,0
AL133325.2,0.0,0.0,0,0
AL133325.3,0.0,0.0,0,0
AL133329.1,0.0,0.0,0,0
AL133330.1,-6.341841e-06,0.0,0,1
AL133330.2,0.0,0.0,0,0
AL133331.1,0.0,0.0,0,0
AL133334.1,0.0,0.0,0,0
AL133335.1,0.0,0.0,0,0
AL133335.2,0.0,0.0,0,0
AL133342.1,0.0,0.0,0,0
AL133343.1,0.0,0.0,0,0
AL133343.2,0.0,0.0,0,0
AL133346.1,0.0,0.0,0,0
AL133351.1,-0.00016176754,0.0,0,1
AL133351.2,0.0,0.0,0,0
AL133368.2,0.0,0.0,0,0
AL133370.1,0.0,0.0,0,0
AL133371.1,0.0,0.0,0,0
AL133371.3,0.0,0.0,0,0
AL133372.2,0.0,0.0,0,0
AL133372.3,0.0,0.0,0,0
AL133375.1,-0.00016469705,0.0,0,1
AL133383.1,0.0,0.0,0,0
AL133387.1,0.0,0.0,0,0
AL133387.2,0.0,0.0,0,0
AL133390.1,-0.0001158818,0.0,0,1
AL133395.1,0.0,0.0,0,0
AL133396.2,0.0,0.0,0,0
AL133405.1,0.0,0.0,0,0
AL133405.2,0.0,0.0,0,0
AL133406.2,0.0,0.0,0,0
AL133419.1,0.0,0.0,0,0
AL133444.1,0.0,0.0,0,0
AL133445.2,-0.00063872646,0.0,0,1
AL133445.3,0.0,0.0,0,0
AL133456.1,0.0,0.0,0,0
AL133457.1,0.0,0.0,0,0
AL133464.1,0.0,0.0,0,0
AL133465.1,0.0,0.0,0,0
AL133467.2,0.0,0.0,0,0
AL133467.4,0.0,0.0,0,0
AL133475.1,0.0,0.0,0,0
AL133476.1,0.0,0.0,0,0
AL133477.3,0.0,0.0,0,0
AL133480.1,0.0,0.0,0,0
AL133481.1,0.0,0.0,0,0
AL133481.3,0.0,0.0,0,0
AL133482.1,0.0,0.0,0,0
AL133485.3,-5.8556514e-05,0.0,0,1
AL133492.1,0.0,0.0,0,0
AL133493.1,0.0,0.0,0,0
AL133493.2,0.0,0.0,0,0
AL133499.1,0.0,0.0,0,0
AL133516.1,0.0,0.0,0,0
AL133520.1,0.0,0.0,0,0
AL133538.1,0.0,0.0,0,0
AL133551.1,-0.013788202,0.0,0,2
AL133553.1,0.0,0.0,0,0
AL133553.2,0.0,0.0,0,0
AL135744.1,0.0,0.0,0,0
AL135746.1,0.0,0.0,0,0
AL135784.1,0.0,0.0,0,0
AL135785.1,0.0,0.0,0,0
AL135786.2,0.0,0.0,0,0
AL135787.1,0.0,0.0,0,0
AL135790.1,0.0,0.0,0,0
AL135818.1,0.0,0.0,0,0
AL135818.2,0.0,0.0,0,0
AL135818.3,0.0,0.0,0,0
AL135838.1,-0.003370303,0.0,0,2
AL135841.1,0.0,0.0,0,0
AL135878.1,0.0,0.0,0,0
AL135902.1,0.0,0.0,0,0
AL135902.2,0.0,0.0,0,0
AL135905.1,-0.00016049777,0.0,0,1
AL135908.1,0.0,0.0,0,0
AL135910.1,0.0,0.0,0,0
AL135923.1,0.0,0.0,0,0
AL135923.2,0.0,0.0,0,0
AL135924.2,0.0,0.0,0,0
AL135926.2,0.0,0.0,0,0
AL135934.1,0.0,0.0,0,0
AL135936.1,0.0,0.0,0,0
AL135937.1,0.0,0.0,0,0
AL135960.1,0.0,0.0,0,0
AL135978.2,-7.0371076e-05,0.0,0,1
AL135999.2,0.0,0.0,0,0
AL135999.3,0.0,0.0,0,0
AL136018.1,0.0,0.0,0,0
AL136040.2,0.0,0.0,0,0
AL136084.2,0.0,0.0,0,0
AL136084.3,0.0,0.0,0,0
AL136090.1,0.0,0.0,0,0
AL136090.2,0.0,0.0,0,0
AL136096.1,0.0,0.0,0,0
AL136097.2,0.0,0.0,0,0
AL136099.1,0.0,0.0,0,0
AL136102.1,0.0,0.0,0,0
AL136114.1,0.0,0.0,0,0
AL136115.1,0.0,0.0,0,0
AL136115.2,-0.0077541503,0.0,0,2
AL136115.3,0.0,0.0,0,0
AL136119.1,0.0,0.0,0,0
AL136129.1,0.0,0.0,0,0
AL136131.2,0.0,0.0,0,0
AL136131.3,-0.00019995814,0.0,0,1
AL136140.1,0.0,0.0,0,0
AL136141.1,0.0,0.0,0,0
AL136146.2,0.0,0.0,0,0
AL136164.1,0.0,0.0,0,0
AL136172.1,0.0,0.0,0,0
AL136181.1,0.0,0.0,0,0
AL136221.1,0.0,0.0,0,0
AL136225.1,0.0,0.0,0,0
AL136234.1,0.0,0.0,0,0
AL136295.6,0.0,0.0,0,0
AL136298.1,0.0,0.0,0,0
AL136305.1,0.0,0.0,0,0
AL136307.1,0.0,0.0,0,0
AL136309.2,0.0,0.0,0,0
AL136309.3,0.0,0.0,0,0
AL136309.4,0.0,0.0,0,0
AL136317.2,0.0,0.0,0,0
AL136320.1,0.0,0.0,0,0
AL136322.1,0.0,0.0,0,0
AL136359.1,0.0,0.0,0,0
AL136360.2,0.0,0.0,0,0
AL136361.1,0.0,0.0,0,0
AL136366.1,-9.074089e-05,0.0,0,1
AL136369.1,0.0,0.0,0,0
AL136369.2,0.0,0.0,0,0
AL136372.2,0.0,0.0,0,0
AL136376.1,-0.00022478186,0.0,0,1
AL136379.1,0.0,0.0,0,0
AL136418.1,0.0,0.0,0,0
AL136419.2,0.0,0.0,0,0
AL136439.1,0.0,0.0,0,0
AL136442.1,0.0,0.0,0,0
AL136456.1,0.0,0.0,0,0
AL136460.1,0.0,0.0,0,0
AL136501.1,0.0,0.0,0,0
AL136524.1,0.0,0.0,0,0
AL136526.1,0.0,0.0,0,0
AL136528.1,0.0,0.0,0,0
AL136528.2,0.0,0.0,0,0
AL136537.1,0.0,0.0,0,0
AL136964.1,0.0,0.0,0,0
AL136972.1,0.0,0.0,0,0
AL136979.1,0.0,0.0,0,0
AL136980.1,0.0,0.0,0,0
AL136981.3,0.0,0.0,0,0
AL136982.2,0.0,0.0,0,0
AL136982.3,0.0,0.0,0,0
AL136982.7,0.0,0.0,0,0
AL136984.1,0.0,0.0,0,0
AL136985.1,0.0,0.0,0,0
AL136985.2,0.0,0.0,0,0
AL136988.1,-0.00016548892,0.0,0,1
AL136988.2,0.0,0.0,0,0
AL137001.1,0.0,0.0,0,0
AL137001.2,0.0,0.0,0,0
AL137002.1,0.0,0.0,0,0
AL137002.2,0.0,0.0,0,0
AL137005.1,0.0,0.0,0,0
AL137009.1,0.0,0.0,0,0
AL137017.1,0.0,0.0,0,0
AL137018.1,0.0,0.0,0,0
AL137024.1,0.0,0.0,0,0
AL137025.1,0.0,0.0,0,0
AL137026.1,-9.1019865e-05,0.0,0,1
AL137026.2,0.0,0.0,0,0
AL137026.3,0.0,0.0,0,0
AL137027.1,0.0,0.0,0,0
AL137067.3,0.0,0.0,0,0
AL137071.1,0.0,0.0,0,0
AL137076.1,0.0,0.0,0,0
AL137078.1,0.0,0.0,0,0
AL137078.2,0.0,0.0,0,0
AL137100.3,-0.00032015378,0.0,0,1
AL137139.2,0.0,0.0,0,0
AL137140.1,0.0,0.0,0,0
AL137157.1,0.0,0.0,0,0
AL137182.1,0.0,0.0,0,0
AL137186.1,-0.00017658276,0.0,0,1
AL137191.1,0.0,0.0,0,0
AL137220.1,0.0,0.0,0,0
AL137224.1,0.0,0.0,0,0
AL137230.1,-0.00028919207,0.0,0,1
AL137244.1,0.0,0.0,0,0
AL137246.1,0.0,0.0,0,0
AL137246.2,0.0,0.0,0,0
AL137779.1,0.0,0.0,0,0
AL137779.2,-0.0006439792,0.0,0,1
AL137781.1,0.0,0.0,0,0
AL137785.1,0.0,0.0,0,0
AL137786.1,-0.00013769954,0.0,0,1
AL137786.2,0.0,0.0,0,0
AL137786.3,0.0,0.0,0,0
AL137789.1,0.0,0.0,0,0
AL137789.2,0.0,0.0,0,0
AL137796.1,0.0,0.0,0,0
AL137798.1,0.0,0.0,0,0
AL137798.2,0.0,0.0,0,0
AL137800.1,0.0,0.0,0,0
AL137802.1,-0.00825789,0.0,0,1
AL137804.1,0.0,0.0,0,0
AL137847.1,-0.00028574315,0.0,0,1
AL137847.2,0.0,0.0,0,0
AL137856.1,-9.12181e-05,0.0,0,1
AL137857.1,-0.0010735624,0.0,0,1
AL138478.1,0.0,0.0,0,0
AL138479.2,0.0,0.0,0,0
AL138686.1,0.0,0.0,0,0
AL138689.1,0.0,0.0,0,0
AL138689.2,0.0,0.0,0,0
AL138690.1,0.0,0.0,0,0
AL138694.1,-0.00014689744,0.0,0,1
AL138701.2,0.0,0.0,0,0
AL138708.1,0.0,0.0,0,0
AL138716.1,0.0,0.0,0,0
AL138720.1,0.0,0.0,0,0
AL138731.1,0.0,0.0,0,0
AL138733.1,0.0,0.0,0,0
AL138733.2,0.0,0.0,0,0
AL138740.1,0.0,0.0,0,0
AL138749.1,0.0,0.0,0,0
AL138759.1,0.0,0.0,0,0
AL138760.1,0.0,0.0,0,0
AL138762.1,-0.0040645762,0.0,0,1
AL138767.1,0.0,0.0,0,0
AL138767.2,0.0,0.0,0,0
AL138773.1,0.0,0.0,0,0
AL138778.1,0.0,0.0,0,0
AL138781.1,0.0,0.0,0,0
AL138787.2,0.0,0.0,0,0
AL138789.1,0.0,0.0,0,0
AL138799.2,0.0,0.0,0,0
AL138799.4,0.0,0.0,0,0
AL138808.1,0.0,0.0,0,0
AL138812.1,0.0,0.0,0,0
AL138820.1,0.0,0.0,0,0
AL138824.1,0.0,0.0,0,0
AL138826.1,0.0,0.0,0,0
AL138828.1,-7.375157e-05,0.0,0,1
AL138830.1,0.0,0.0,0,0
AL138830.2,0.0,0.0,0,0
AL138831.2,-0.00021306601,0.0,0,1
AL138885.2,0.0,0.0,0,0
AL138885.3,0.0,0.0,0,0
AL138889.1,0.0,0.0,0,0
AL138889.3,0.0,0.0,0,0
AL138899.3,0.0,0.0,0,0
AL138900.1,0.0,0.0,0,0
AL138916.1,0.0,0.0,0,0
AL138916.2,0.0,0.0,0,0
AL138918.1,0.0,0.0,0,0
AL138921.1,-0.00012935966,0.0,0,1
AL138921.2,0.0,0.0,0,0
AL138927.1,0.0,0.0,0,0
AL138930.1,0.0,0.0,0,0
AL138954.1,0.0,0.0,0,0
AL138957.1,0.0,0.0,0,0
AL138960.1,0.0,0.0,0,0
AL138962.1,0.0,0.0,0,0
AL138963.1,-0.0002537962,0.0,0,1
AL138966.2,0.0,0.0,0,0
AL138997.1,0.0,0.0,0,0
AL138999.1,0.0,0.0,0,0
AL138999.2,0.0,0.0,0,0
AL139002.1,0.0,0.0,0,0
AL139008.2,0.0,0.0,0,0
AL139011.1,-0.00041522188,0.0,0,1
AL139020.1,0.0,0.0,0,0
AL139021.1,0.0,0.0,0,0
AL139021.2,0.0,0.0,0,0
AL139022.1,0.0,0.0,0,0
AL139022.2,0.0,0.0,0,0
AL139023.1,0.0,0.0,0,0
AL139035.1,0.0,0.0,0,0
AL139035.2,0.0,0.0,0,0
AL139039.3,-0.0001328129,0.0,0,1
AL139041.1,-0.00010375174,0.0,0,1
AL139042.1,0.0,0.0,0,0
AL139081.1,0.0,0.0,0,0
AL139081.2,0.0,0.0,0,0
AL139082.1,0.0,0.0,0,0
AL139089.1,-0.001162379,0.0,0,1
AL139090.1,0.0,0.0,0,0
AL139095.4,-0.00035710237,0.0,0,1
AL139095.5,-0.000108666485,0.0,0,1
AL139099.1,-0.0003457137,0.0,0,1
AL139099.2,0.0,0.0,0,0
AL139106.1,0.0,0.0,0,0
AL139118.1,0.0,0.0,0,0
AL139120.1,0.0,0.0,0,0
AL139123.1,0.0,0.0,0,0
AL139124.1,0.0,0.0,0,0
AL139130.1,0.0,0.0,0,0
AL139142.1,0.0,0.0,0,0
AL139147.1,-1.3656216e-05,0.0,0,1
AL139161.1,0.0,0.0,0,0
AL139193.1,0.0,0.0,0,0
AL139193.2,0.0,0.0,0,0
AL139220.2,-0.00038515066,0.0,0,1
AL139230.1,0.0,0.0,0,0
AL139231.1,0.0,0.0,0,0
AL139232.1,0.0,0.0,0,0
AL139234.1,-0.0019182224,0.0,0,2
AL139237.1,0.0,0.0,0,0
AL139240.1,0.0,0.0,0,0
AL139241.1,0.0,0.0,0,0
AL139246.1,0.0,0.0,0,0
AL139246.3,-0.00018657114,0.0,0,1
AL139246.4,0.0,0.0,0,0
AL139254.1,0.0,0.0,0,0
AL139254.2,0.0,0.0,0,0
AL139254.3,0.0,0.0,0,0
AL139274.2,-0.00092939805,0.0,0,1
AL139275.1,0.0,0.0,0,0
AL139275.2,0.0,0.0,0,0
AL139280.1,0.0,0.0,0,0
AL139280.2,0.0,0.0,0,0
AL139286.2,0.0,0.0,0,0
AL139286.3,0.0,0.0,0,0
AL139287.1,-0.0057932157,0.0,0,1
AL139288.1,0.0,0.0,0,0
AL139289.1,0.0,0.0,0,0
AL139289.3,0.0,0.0,0,0
AL139294.1,0.0,0.0,0,0
AL139300.2,0.0,0.0,0,0
AL139316.1,0.0,0.0,0,0
AL139317.1,0.0,0.0,0,0
AL139327.2,0.0,0.0,0,0
AL139330.1,0.0,0.0,0,0
AL139339.1,0.0,0.0,0,0
AL139340.1,0.0,0.0,0,0
AL139348.1,0.0,0.0,0,0
AL139349.1,0.0,0.0,0,0
AL139350.1,0.0,0.0,0,0
AL139351.1,0.0,0.0,0,0
AL139353.2,-0.00011802575,0.0,0,1
AL139354.1,0.0,0.0,0,0
AL139379.1,0.0,0.0,0,0
AL139381.1,0.0,0.0,0,0
AL139383.1,-0.00021308172,0.0,0,1
AL139384.2,0.0,0.0,0,0
AL139385.1,0.0,0.0,0,0
AL139390.1,0.0,0.0,0,0
AL139393.1,0.0,0.0,0,0
AL139393.2,0.0,0.0,0,0
AL139393.3,0.0,0.0,0,0
AL139397.1,0.0,0.0,0,0
AL139398.1,-0.00019432361,0.0,0,1
AL139405.1,0.0,0.0,0,0
AL139420.1,0.0,0.0,0,0
AL139420.2,0.0,0.0,0,0
AL139423.1,-0.00022134435,0.0,0,1
AL139423.2,0.0,0.0,0,0
AL139424.1,0.0,0.0,0,0
AL139424.3,0.0,0.0,0,0
AL139801.1,0.0,0.0,0,0
AL139807.1,0.0,0.0,0,0
AL139811.3,0.0,0.0,0,0
AL139815.1,0.0,0.0,0,0
AL139823.1,0.0,0.0,0,0
AL139824.1,0.0,0.0,0,0
AL157359.1,0.0,0.0,0,0
AL157359.2,0.0,0.0,0,0
AL157369.1,0.0,0.0,0,0
AL157371.1,0.0,0.0,0,0
AL157371.2,0.0,0.0,0,0
AL157373.1,0.0,0.0,0,0
AL157373.2,0.0,0.0,0,0
AL157378.1,0.0,0.0,0,0
AL157385.2,0.0,0.0,0,0
AL157387.1,0.0,0.0,0,0
AL157392.1,0.0,0.0,0,0
AL157392.2,0.0,0.0,0,0
AL157392.4,0.0,0.0,0,0
AL157394.1,0.0,0.0,0,0
AL157395.1,-0.00028551786,0.0,0,1
AL157396.1,0.0,0.0,0,0
AL157400.1,0.0,0.0,0,0
AL157400.2,0.0,0.0,0,0
AL157400.3,-0.0025790452,0.0,0,1
AL157400.4,0.0,0.0,0,0
AL157402.1,0.0,0.0,0,0
AL157413.1,0.0,0.0,0,0
AL157414.1,0.0,0.0,0,0
AL157414.2,0.0,0.0,0,0
AL157414.4,0.0,0.0,0,0
AL157688.1,0.0,0.0,0,0
AL157702.2,0.0,0.0,0,0
AL157703.1,0.0,0.0,0,0
AL157709.1,0.0,0.0,0,0
AL157756.1,-0.00029950877,0.0,0,1
AL157762.1,0.0,0.0,0,0
AL157769.1,0.0,0.0,0,0
AL157778.1,0.0,0.0,0,0
AL157786.1,0.0,0.0,0,0
AL157813.1,-0.014525556,0.0,0,2
AL157817.1,0.0,0.0,0,0
AL157823.2,0.0,0.0,0,0
AL157827.2,0.0,0.0,0,0
AL157829.1,0.0,0.0,0,0
AL157831.2,0.0,0.0,0,0
AL157831.3,0.0,0.0,0,0
AL157832.1,0.0,0.0,0,0
AL157832.2,0.0,0.0,0,0
AL157834.2,0.0,0.0,0,0
AL157838.1,0.0,0.0,0,0
AL157871.1,0.0,0.0,0,0
AL157871.2,0.0,0.0,0,0
AL157871.4,0.0,0.0,0,0
AL157871.5,0.0,0.0,0,0
AL157871.6,0.0,0.0,0,0
AL157882.1,0.0,0.0,0,0
AL157884.2,0.0,0.0,0,0
AL157886.1,0.0,0.0,0,0
AL157888.1,0.0,0.0,0,0
AL157895.1,-0.00015091884,0.0,0,1
AL157896.1,0.0,0.0,0,0
AL157902.1,0.0,0.0,0,0
AL157904.1,0.0,0.0,0,0
AL157911.1,0.0,0.0,0,0
AL157912.1,0.0,0.0,0,0
AL157931.1,0.0,0.0,0,0
AL157931.2,0.0,0.0,0,0
AL157932.1,0.0,0.0,0,0
AL157935.1,0.0,0.0,0,0
AL157936.1,0.0,0.0,0,0
AL157937.1,0.0,0.0,0,0
AL157938.2,0.0,0.0,0,0
AL157938.3,-0.0002279281,0.0,0,1
AL157938.4,0.0,0.0,0,0
AL157944.1,0.0,0.0,0,0
AL157955.1,-0.00013959287,0.0,0,1
AL157996.2,0.0,0.0,0,0
AL157997.1,0.0,0.0,0,0
AL158011.1,0.0,0.0,0,0
AL158013.1,0.0,0.0,0,0
AL158038.1,0.0,0.0,0,0
AL158042.1,0.0,0.0,0,0
AL158055.1,0.0,0.0,0,0
AL158058.1,0.0,0.0,0,0
AL158058.2,0.0,0.0,0,0
AL158063.1,0.0,0.0,0,0
AL158064.1,0.0,0.0,0,0
AL158065.1,0.0,0.0,0,0
AL158068.2,0.0,0.0,0,0
AL158069.1,0.0,0.0,0,0
AL158070.1,-0.0004548925,0.0,0,1
AL158071.1,0.0,0.0,0,0
AL158071.4,-0.00040748983,0.0,0,1
AL158071.5,0.0,0.0,0,0
AL158077.2,0.0,0.0,0,0
AL158090.1,0.0,0.0,0,0
AL158136.1,0.0,0.0,0,0
AL158141.1,0.0,0.0,0,0
AL158147.1,0.0,0.0,0,0
AL158151.1,0.0,0.0,0,0
AL158151.2,0.0,0.0,0,0
AL158154.2,0.0,0.0,0,0
AL158154.3,0.0,0.0,0,0
AL158166.1,-0.00034647062,0.0,0,1
AL158166.2,0.0,0.0,0,0
AL158167.1,0.0,0.0,0,0
AL158168.1,0.0,0.0,0,0
AL158175.1,0.0,0.0,0,0
AL158195.1,0.0,0.0,0,0
AL158196.1,0.0,0.0,0,0
AL158198.1,0.0,0.0,0,0
AL158207.2,0.0,0.0,0,0
AL158211.1,0.0,0.0,0,0
AL158211.2,0.0,0.0,0,0
AL158211.3,0.0,0.0,0,0
AL158211.4,0.0,0.0,0,0
AL158212.1,0.0,0.0,0,0
AL158212.2,-6.727843e-05,0.0,0,1
AL158212.5,0.0,0.0,0,0
AL158214.2,-0.00036517996,0.0,0,1
AL158216.1,0.0,0.0,0,0
AL158800.1,0.0,0.0,0,0
AL158801.2,-0.0016511478,0.0,0,2
AL158801.3,0.0,0.0,0,0
AL158817.1,0.0,0.0,0,0
AL158825.2,0.0,0.0,0,0
AL158828.1,0.0,0.0,0,0
AL158829.1,0.0,0.0,0,0
AL158832.1,0.0,0.0,0,0
AL158832.2,-0.0010407589,0.0,0,1
AL158834.2,0.0,0.0,0,0
AL158835.1,0.0,0.0,0,0
AL158837.1,0.0,0.0,0,0
AL158839.1,0.0,0.0,0,0
AL158840.1,0.0,0.0,0,0
AL158847.1,0.0,0.0,0,0
AL159156.1,0.0,0.0,0,0
AL159158.1,-0.00011135143,0.0,0,1
AL159166.1,0.0,0.0,0,0
AL159169.3,0.0,0.0,0,0
AL159174.1,0.0,0.0,0,0
AL159972.1,0.0,0.0,0,0
AL159978.1,0.0,0.0,0,0
AL159990.1,0.0,0.0,0,0
AL159990.2,0.0,0.0,0,0
AL160004.1,0.0,0.0,0,0
AL160035.1,0.0,0.0,0,0
AL160153.1,0.0,0.0,0,0
AL160154.1,0.0,0.0,0,0
AL160159.1,0.0,0.0,0,0
AL160163.1,0.0,0.0,0,0
AL160191.1,0.0,0.0,0,0
AL160237.1,0.0,0.0,0,0
AL160254.1,0.0,0.0,0,0
AL160262.1,0.0,0.0,0,0
AL160269.1,0.0,0.0,0,0
AL160270.1,0.0,0.0,0,0
AL160271.2,0.0,0.0,0,0
AL160286.2,0.0,0.0,0,0
AL160286.3,0.0,0.0,0,0
AL160290.1,0.0,0.0,0,0
AL160291.1,-0.00010684618,0.0,0,1
AL160313.1,-0.00017523748,0.0,0,1
AL160313.2,0.0,0.0,0,0
AL160314.2,-0.00021638116,0.0,0,1
AL160391.1,0.0,0.0,0,0
AL160396.1,0.0,0.0,0,0
AL160396.2,0.0,0.0,0,0
AL160400.1,0.0,0.0,0,0
AL160408.1,0.0,0.0,0,0
AL160408.3,0.0,0.0,0,0
AL160408.4,0.0,0.0,0,0
AL160408.5,0.0,0.0,0,0
AL160408.6,0.0,0.0,0,0
AL160410.1,0.0,0.0,0,0
AL160411.1,0.0,0.0,0,0
AL160412.1,0.0,0.0,0,0
AL160413.1,0.0,0.0,0,0
AL161430.1,0.0,0.0,0,0
AL161431.1,0.0,0.0,0,0
AL161443.1,0.0,0.0,0,0
AL161447.2,0.0,0.0,0,0
AL161449.2,0.0,0.0,0,0
AL161452.1,0.0,0.0,0,0
AL161457.1,0.0,0.0,0,0
AL161616.2,0.0,0.0,0,0
AL161618.1,0.0,0.0,0,0
AL161628.1,0.0,0.0,0,0
AL161629.1,0.0,0.0,0,0
AL161630.1,0.0,0.0,0,0
AL161636.1,0.0,0.0,0,0
AL161638.1,0.0,0.0,0,0
AL161638.2,0.0,0.0,0,0
AL161640.1,0.0,0.0,0,0
AL161640.2,0.0,0.0,0,0
AL161640.3,0.0,0.0,0,0
AL161644.1,0.0,0.0,0,0
AL161645.1,0.0,0.0,0,0
AL161645.2,0.0,0.0,0,0
AL161646.1,0.0,0.0,0,0
AL161652.1,0.0,0.0,0,0
AL161662.1,0.0,0.0,0,0
AL161663.1,0.0,0.0,0,0
AL161663.2,0.0,0.0,0,0
AL161665.1,-7.834235e-05,0.0,0,1
AL161665.2,-0.00018652233,0.0,0,1
AL161668.1,0.0,0.0,0,0
AL161668.2,0.0,0.0,0,0
AL161668.3,-0.011229392,0.0,0,2
AL161668.4,0.0,0.0,0,0
AL161669.1,0.0,0.0,0,0
AL161669.3,0.0,0.0,0,0
AL161714.1,0.0,0.0,0,0
AL161716.1,0.0,0.0,0,0
AL161719.1,0.0,0.0,0,0
AL161725.2,0.0,0.0,0,0
AL161729.1,0.0,0.0,0,0
AL161729.2,0.0,0.0,0,0
AL161729.3,0.0,0.0,0,0
AL161729.4,0.0,0.0,0,0
AL161731.1,0.0,0.0,0,0
AL161733.1,0.0,0.0,0,0
AL161734.1,0.0,0.0,0,0
AL161734.2,0.0,0.0,0,0
AL161740.1,0.0,0.0,0,0
AL161747.2,0.0,0.0,0,0
AL161752.1,0.0,0.0,0,0
AL161753.1,0.0,0.0,0,0
AL161756.1,0.0,0.0,0,0
AL161757.2,0.0,0.0,0,0
AL161757.3,0.0,0.0,0,0
AL161757.4,0.0,0.0,0,0
AL161757.5,0.0,0.0,0,0
AL161772.1,-0.00027061068,0.0,0,1
AL161781.2,0.0,0.0,0,0
AL161782.1,0.0,0.0,0,0
AL161785.2,0.0,0.0,0,0
AL161785.3,0.0,0.0,0,0
AL161793.1,0.0,0.0,0,0
AL161797.1,0.0,0.0,0,0
AL161804.1,0.0,0.0,0,0
AL161851.1,0.0,0.0,0,0
AL161851.2,0.0,0.0,0,0
AL161891.1,-0.00044564903,0.0,0,1
AL161893.1,0.0,0.0,0,0
AL161896.1,0.0,0.0,0,0
AL161908.1,0.0,0.0,0,0
AL161908.2,0.0,0.0,0,0
AL161909.2,0.0,0.0,0,0
AL161910.1,0.0,0.0,0,0
AL161912.1,0.0,0.0,0,0
AL161912.2,0.0,0.0,0,0
AL161935.3,0.0,0.0,0,0
AL161937.1,0.0,0.0,0,0
AL161938.1,0.0,0.0,0,0
AL161941.1,0.0,0.0,0,0
AL161945.1,0.0,0.0,0,0
AL162151.1,0.0,0.0,0,0
AL162151.3,0.0,0.0,0,0
AL162171.1,0.0,0.0,0,0
AL162171.2,0.0,0.0,0,0
AL162171.3,-0.01495561,0.0,0,1
AL162253.1,0.0,0.0,0,0
AL162293.1,0.0,0.0,0,0
AL162311.1,0.0,0.0,0,0
AL162311.3,-0.00031908214,0.0,0,1
AL162384.1,0.0,0.0,0,0
AL162385.1,0.0,0.0,0,0
AL162385.2,0.0,0.0,0,0
AL162386.2,0.0,0.0,0,0
AL162388.2,0.0,0.0,0,0
AL162391.1,0.0,0.0,0,0
AL162394.1,0.0,0.0,0,0
AL162399.1,0.0,0.0,0,0
AL162400.1,0.0,0.0,0,0
AL162400.2,0.0,0.0,0,0
AL162400.3,0.0,0.0,0,0
AL162408.1,0.0,0.0,0,0
AL162412.1,0.0,0.0,0,0
AL162413.1,0.0,0.0,0,0
AL162419.1,0.0,0.0,0,0
AL162424.1,-4.954706e-05,0.0,0,1
AL162425.1,0.0,0.0,0,0
AL162426.1,0.0,0.0,0,0
AL162427.1,0.0,0.0,0,0
AL162430.2,0.0,0.0,0,0
AL162456.1,0.0,0.0,0,0
AL162457.1,0.0,0.0,0,0
AL162457.2,0.0,0.0,0,0
AL162464.1,0.0,0.0,0,0
AL162464.2,0.0,0.0,0,0
AL162493.1,0.0,0.0,0,0
AL162497.1,0.0,0.0,0,0
AL162511.1,0.0,0.0,0,0
AL162574.1,0.0,0.0,0,0
AL162574.2,0.0,0.0,0,0
AL162582.1,0.0,0.0,0,0
AL162584.1,0.0,0.0,0,0
AL162585.1,-0.00020226363,0.0,0,1
AL162586.2,0.0,0.0,0,0
AL162591.2,-0.00029080798,0.0,0,1
AL162595.1,-0.00081995974,0.0,0,1
AL162595.2,0.0,0.0,0,0
AL162596.1,0.0,0.0,0,0
AL162632.1,0.0,0.0,0,0
AL162632.3,0.0,0.0,0,0
AL162713.1,0.0,0.0,0,0
AL162713.2,0.0,0.0,0,0
AL162717.1,0.0,0.0,0,0
AL162718.1,0.0,0.0,0,0
AL162718.2,0.0,0.0,0,0
AL162718.3,0.0,0.0,0,0
AL162719.1,0.0,0.0,0,0
AL162724.1,0.0,0.0,0,0
AL162725.2,0.0,0.0,0,0
AL162726.1,0.0,0.0,0,0
AL162726.4,0.0,0.0,0,0
AL162727.1,0.0,0.0,0,0
AL162727.2,0.0,0.0,0,0
AL162731.1,0.0,0.0,0,0
AL162734.1,0.0,0.0,0,0
AL162741.1,-0.00017523748,0.0,0,1
AL162742.1,0.0,0.0,0,0
AL162872.1,0.0,0.0,0,0
AL163192.1,0.0,0.0,0,0
AL163195.2,0.0,0.0,0,0
AL163534.1,0.0,0.0,0,0
AL163636.1,0.0,0.0,0,0
AL163872.1,0.0,0.0,0,0
AL163932.1,0.0,0.0,0,0
AL163952.1,0.0,0.0,0,0
AL163953.1,0.0,0.0,0,0
AL163973.2,0.0,0.0,0,0
AL163973.3,0.0,0.0,0,0
AL163974.1,0.0,0.0,0,0
AL352955.1,0.0,0.0,0,0
AL352979.2,0.0,0.0,0,0
AL352984.1,0.0,0.0,0,0
AL353052.1,0.0,0.0,0,0
AL353052.2,0.0,0.0,0,0
AL353072.2,0.0,0.0,0,0
AL353135.2,0.0,0.0,0,0
AL353151.2,-0.00027755267,0.0,0,1
AL353152.1,0.0,0.0,0,0
AL353572.3,0.0,0.0,0,0
AL353576.1,0.0,0.0,0,0
AL353579.1,0.0,0.0,0,0
AL353581.1,0.0,0.0,0,0
AL353586.1,0.0,0.0,0,0
AL353593.1,-0.0008833125,0.0,0,1
AL353593.2,0.0,0.0,0,0
AL353593.3,0.0,0.0,0,0
AL353595.1,0.0,0.0,0,0
AL353597.1,0.0,0.0,0,0
AL353600.1,0.0,0.0,0,0
AL353600.2,0.0,0.0,0,0
AL353604.1,0.0,0.0,0,0
AL353608.1,0.0,0.0,0,0
AL353608.2,0.0,0.0,0,0
AL353608.3,0.0,0.0,0,0
AL353611.1,0.0,0.0,0,0
AL353612.1,0.0,0.0,0,0
AL353612.2,0.0,0.0,0,0
AL353613.1,0.0,0.0,0,0
AL353614.1,0.0,0.0,0,0
AL353615.1,0.0,0.0,0,0
AL353622.2,0.0,0.0,0,0
AL353626.1,0.0,0.0,0,0
AL353633.1,0.0,0.0,0,0
AL353637.2,0.0,0.0,0,0
AL353648.1,0.0,0.0,0,0
AL353651.1,0.0,0.0,0,0
AL353651.2,0.0,0.0,0,0
AL353653.1,0.0,0.0,0,0
AL353658.1,0.0,0.0,0,0
AL353658.2,0.0,0.0,0,0
AL353660.1,0.0,0.0,0,0
AL353680.1,0.0,0.0,0,0
AL353681.1,0.0,0.0,0,0
AL353688.1,0.0,0.0,0,0
AL353689.2,0.0,0.0,0,0
AL353689.3,0.0,0.0,0,0
AL353693.1,0.0,0.0,0,0
AL353697.1,0.0,0.0,0,0
AL353699.1,0.0,0.0,0,0
AL353704.1,0.0,0.0,0,0
AL353704.2,0.0,0.0,0,0
AL353708.1,-0.0005465472,0.0,0,1
AL353708.2,0.0,0.0,0,0
AL353709.1,0.0,0.0,0,0
AL353730.1,0.0,0.0,0,0
AL353732.1,0.0,0.0,0,0
AL353740.1,0.0,0.0,0,0
AL353742.1,0.0,0.0,0,0
AL353743.2,0.0,0.0,0,0
AL353746.1,0.0,0.0,0,0
AL353747.2,0.0,0.0,0,0
AL353747.3,0.0,0.0,0,0
AL353747.4,0.0,0.0,0,0
AL353748.3,-0.00029907076,0.0,0,1
AL353751.1,0.0,0.0,0,0
AL353752.2,0.0,0.0,0,0
AL353753.1,0.0,0.0,0,0
AL353764.1,0.0,0.0,0,0
AL353768.1,0.0,0.0,0,0
AL353768.2,0.0,0.0,0,0
AL353770.3,0.0,0.0,0,0
AL353770.4,0.0,0.0,0,0
AL353771.1,0.0,0.0,0,0
AL353774.1,0.0,0.0,0,0
AL353780.1,0.0,0.0,0,0
AL353784.1,0.0,0.0,0,0
AL353789.1,0.0,0.0,0,0
AL353795.2,0.0,0.0,0,0
AL353796.1,-0.00018848204,0.0,0,1
AL353796.2,0.0,0.0,0,0
AL353801.1,0.0,0.0,0,0
AL353801.3,-7.64917e-05,0.0,0,1
AL353803.1,0.0,0.0,0,0
AL353803.2,0.0,0.0,0,0
AL353803.4,-0.00018451385,0.0,0,1
AL353803.5,0.0,0.0,0,0
AL353804.1,-0.014304865,0.0,0,1
AL353804.2,0.0,0.0,0,0
AL353807.2,0.0,0.0,0,0
AL353811.1,0.0,0.0,0,0
AL353997.2,0.0,0.0,0,0
AL354674.1,0.0,0.0,0,0
AL354694.1,-0.00020604678,0.0,0,1
AL354696.2,-0.0034302615,0.0,0,2
AL354702.2,0.0,0.0,0,0
AL354712.1,0.0,0.0,0,0
AL354714.1,0.0,0.0,0,0
AL354714.3,0.0,0.0,0,0
AL354718.2,0.0,0.0,0,0
AL354726.1,0.0,0.0,0,0
AL354733.1,0.0,0.0,0,0
AL354733.2,0.0,0.0,0,0
AL354733.3,-0.0005080642,0.0,0,1
AL354741.1,0.0,0.0,0,0
AL354743.1,0.0,0.0,0,0
AL354754.1,0.0,0.0,0,0
AL354760.1,-0.00037134657,0.0,0,1
AL354761.1,0.0,0.0,0,0
AL354766.2,-0.00016627695,0.0,0,1
AL354771.1,0.0,0.0,0,0
AL354793.1,0.0,0.0,0,0
AL354794.1,0.0,0.0,0,0
AL354810.1,0.0,0.0,0,0
AL354811.1,0.0,0.0,0,0
AL354811.2,0.0,0.0,0,0
AL354813.1,0.0,0.0,0,0
AL354821.1,0.0,0.0,0,0
AL354824.1,0.0,0.0,0,0
AL354824.2,0.0,0.0,0,0
AL354836.1,0.0,0.0,0,0
AL354861.2,0.0,0.0,0,0
AL354861.3,0.0,0.0,0,0
AL354863.1,0.0,0.0,0,0
AL354864.1,0.0,0.0,0,0
AL354892.1,0.0,0.0,0,0
AL354893.2,0.0,0.0,0,0
AL354897.1,0.0,0.0,0,0
AL354897.2,0.0,0.0,0,0
AL354916.1,0.0,0.0,0,0
AL354919.2,0.0,0.0,0,0
AL354928.1,0.0,0.0,0,0
AL354936.1,0.0,0.0,0,0
AL354949.1,0.0,0.0,0,0
AL354950.1,0.0,0.0,0,0
AL354950.2,0.0,0.0,0,0
AL354950.3,0.0,0.0,0,0
AL354953.1,0.0,0.0,0,0
AL354956.1,0.0,0.0,0,0
AL354977.1,0.0,0.0,0,0
AL354977.2,-0.00011674085,0.0,0,1
AL354979.1,0.0,0.0,0,0
AL354984.1,0.0,0.0,0,0
AL354984.2,0.0,0.0,0,0
AL354989.1,0.0,0.0,0,0
AL354993.1,0.0,0.0,0,0
AL354993.2,0.0,0.0,0,0
AL354994.1,0.0,0.0,0,0
AL355001.1,0.0,0.0,0,0
AL355053.1,0.0,0.0,0,0
AL355073.1,0.0,0.0,0,0
AL355073.2,-0.0019200089,0.0,0,1
AL355075.1,0.0,0.0,0,0
AL355075.2,0.0,0.0,0,0
AL355075.3,0.0,0.0,0,0
AL355075.6,0.0,0.0,0,0
AL355076.2,0.0,0.0,0,0
AL355095.1,0.0,0.0,0,0
AL355096.1,0.0,0.0,0,0
AL355097.1,0.0,0.0,0,0
AL355102.1,0.0,0.0,0,0
AL355102.3,0.0,0.0,0,0
AL355102.4,0.0,0.0,0,0
AL355102.5,0.0,0.0,0,0
AL355103.1,0.0,0.0,0,0
AL355112.1,0.0,0.0,0,0
AL355140.1,0.0,0.0,0,0
AL355297.2,0.0,0.0,0,0
AL355297.3,0.0,0.0,0,0
AL355297.4,0.0,0.0,0,0
AL355300.1,0.0,0.0,0,0
AL355303.1,0.0,0.0,0,0
AL355303.2,-0.000120676414,0.0,0,1
AL355306.2,0.0,0.0,0,0
AL355310.1,0.0,0.0,0,0
AL355310.2,0.0,0.0,0,0
AL355310.3,0.0,0.0,0,0
AL355312.2,0.0,0.0,0,0
AL355312.4,-4.617893e-05,0.0,0,1
AL355314.1,0.0,0.0,0,0
AL355314.2,0.0,0.0,0,0
AL355334.2,0.0,0.0,0,0
AL355337.1,0.0,0.0,0,0
AL355338.1,0.0,0.0,0,0
AL355347.1,-0.00010402972,0.0,0,1
AL355353.1,-0.0008115284,0.0,0,1
AL355361.1,0.0,0.0,0,0
AL355376.1,0.0,0.0,0,0
AL355377.3,-0.00022514333,0.0,0,1
AL355377.4,0.0,0.0,0,0
AL355385.1,0.0,0.0,0,0
AL355388.1,0.0,0.0,0,0
AL355388.3,0.0,0.0,0,0
AL355390.1,0.0,0.0,0,0
AL355432.1,0.0,0.0,0,0
AL355472.2,0.0,0.0,0,0
AL355472.3,-0.013972126,0.0,0,2
AL355474.1,0.0,0.0,0,0
AL355481.1,0.0,0.0,0,0
AL355482.1,0.0,0.0,0,0
AL355482.2,0.0,0.0,0,0
AL355483.1,0.0,0.0,0,0
AL355483.2,0.0,0.0,0,0
AL355483.3,0.0,0.0,0,0
AL355490.1,-0.018804165,0.0,0,2
AL355490.2,0.0,0.0,0,0
AL355497.2,0.0,0.0,0,0
AL355499.1,0.0,0.0,0,0
AL355501.1,0.0,0.0,0,0
AL355512.1,0.0,0.0,0,0
AL355516.1,0.0,0.0,0,0
AL355526.1,0.0,0.0,0,0
AL355526.2,0.0,0.0,0,0
AL355531.1,0.0,0.0,0,0
AL355537.1,0.0,0.0,0,0
AL355537.2,0.0,0.0,0,0
AL355538.1,0.0,0.0,0,0
AL355578.1,0.0,0.0,0,0
AL355581.1,0.0,0.0,0,0
AL355592.1,-0.00018868403,0.0,0,1
AL355596.1,0.0,0.0,0,0
AL355596.2,0.0,0.0,0,0
AL355597.1,0.0,0.0,0,0
AL355601.1,0.0,0.0,0,0
AL355602.1,0.0,0.0,0,0
AL355607.1,0.0,0.0,0,0
AL355607.2,0.0,0.0,0,0
AL355612.1,0.0,0.0,0,0
AL355613.1,0.0,0.0,0,0
AL355672.1,0.0,0.0,0,0
AL355674.1,0.0,0.0,0,0
AL355677.1,0.0,0.0,0,0
AL355773.1,0.0,0.0,0,0
AL355803.1,0.0,0.0,0,0
AL355810.1,0.0,0.0,0,0
AL355816.1,0.0,0.0,0,0
AL355834.1,0.0,0.0,0,0
AL355834.2,0.0,0.0,0,0
AL355835.1,0.0,0.0,0,0
AL355836.2,0.0,0.0,0,0
AL355836.3,0.0,0.0,0,0
AL355836.4,0.0,0.0,0,0
AL355838.1,0.0,0.0,0,0
AL355870.1,0.0,0.0,0,0
AL355870.2,0.0,0.0,0,0
AL355916.2,0.0,0.0,0,0
AL355922.1,0.0,0.0,0,0
AL355922.3,0.0,0.0,0,0
AL355922.4,0.0,0.0,0,0
AL355974.1,0.0,0.0,0,0
AL355974.2,0.0,0.0,0,0
AL355981.1,0.0,0.0,0,0
AL355990.1,0.0,0.0,0,0
AL355990.2,0.0,0.0,0,0
AL355994.3,0.0,0.0,0,0
AL355997.1,0.0,0.0,0,0
AL356010.2,0.0,0.0,0,0
AL356017.1,0.0,0.0,0,0
AL356019.1,0.0,0.0,0,0
AL356020.1,-0.00030161696,0.0,0,1
AL356022.1,0.0,0.0,0,0
AL356055.1,0.0,0.0,0,0
AL356056.1,0.0,0.0,0,0
AL356094.2,0.0,0.0,0,0
AL356108.1,0.0,0.0,0,0
AL356113.1,0.0,0.0,0,0
AL356123.1,0.0,0.0,0,0
AL356123.2,0.0,0.0,0,0
AL356124.2,-0.00013110391,0.0,0,1
AL356130.1,0.0,0.0,0,0
AL356133.2,0.0,0.0,0,0
AL356134.1,0.0,0.0,0,0
AL356157.1,0.0,0.0,0,0
AL356157.3,0.0,0.0,0,0
AL356215.1,-0.00033040706,0.0,0,1
AL356218.2,0.0,0.0,0,0
AL356234.3,0.0,0.0,0,0
AL356259.1,0.0,0.0,0,0
AL356275.1,0.0,0.0,0,0
AL356276.1,0.0,0.0,0,0
AL356277.2,0.0,0.0,0,0
AL356277.3,0.0,0.0,0,0
AL356289.1,0.0,0.0,0,0
AL356295.1,0.0,0.0,0,0
AL356299.2,0.0,0.0,0,0
AL356309.1,0.0,0.0,0,0
AL356309.2,0.0,0.0,0,0
AL356310.1,0.0,0.0,0,0
AL356311.1,0.0,0.0,0,0
AL356313.1,0.0,0.0,0,0
AL356317.2,-8.815349e-05,0.0,0,1
AL356356.1,0.0,0.0,0,0
AL356361.2,0.0,0.0,0,0
AL356361.3,0.0,0.0,0,0
AL356364.1,0.0,0.0,0,0
AL356379.2,0.0,0.0,0,0
AL356387.1,0.0,0.0,0,0
AL356413.1,0.0,0.0,0,0
AL356417.1,-0.0001347655,0.0,0,1
AL356417.2,0.0,0.0,0,0
AL356419.1,-0.002226527,0.0,0,1
AL356421.2,0.0,0.0,0,0
AL356433.1,0.0,0.0,0,0
AL356441.1,-0.00067899626,0.0,0,1
AL356475.1,0.0,0.0,0,0
AL356481.1,-0.00026769508,0.0,0,1
AL356481.2,0.0,0.0,0,0
AL356481.3,0.0,0.0,0,0
AL356488.2,-0.006045418,0.0,0,2
AL356489.1,0.0,0.0,0,0
AL356489.2,0.0,0.0,0,0
AL356489.3,0.0,0.0,0,0
AL356489.4,0.0,0.0,0,0
AL356495.1,0.0,0.0,0,0
AL356515.1,0.0,0.0,0,0
AL356580.1,0.0,0.0,0,0
AL356608.1,0.0,0.0,0,0
AL356608.3,0.0,0.0,0,0
AL356652.1,-0.00037649344,0.0,0,1
AL356737.2,0.0,0.0,0,0
AL356740.1,0.0,0.0,0,0
AL356740.2,0.0,0.0,0,0
AL356740.3,0.0,0.0,0,0
AL356747.1,0.0,0.0,0,0
AL356752.1,0.0,0.0,0,0
AL356753.1,-8.9116074e-05,0.0,0,1
AL356756.1,0.0,0.0,0,0
AL356776.2,-0.00031671234,0.0,0,1
AL356804.1,0.0,0.0,0,0
AL356805.1,0.0,0.0,0,0
AL356807.1,0.0,0.0,0,0
AL356859.1,0.0,0.0,0,0
AL356952.1,0.0,0.0,0,0
AL356961.1,0.0,0.0,0,0
AL356966.1,-8.3928935e-05,0.0,0,1
AL357033.1,0.0,0.0,0,0
AL357033.2,0.0,0.0,0,0
AL357033.3,-0.00049095025,0.0,0,1
AL357052.1,0.0,0.0,0,0
AL357054.2,0.0,0.0,0,0
AL357054.3,0.0,0.0,0,0
AL357054.4,-0.006082309,0.0,0,2
AL357054.5,0.0,0.0,0,0
AL357075.3,0.0,0.0,0,0
AL357075.4,0.0,0.0,0,0
AL357079.2,0.0,0.0,0,0
AL357093.1,0.0,0.0,0,0
AL357127.1,0.0,0.0,0,0
AL357127.2,0.0,0.0,0,0
AL357139.2,0.0,0.0,0,0
AL357140.1,0.0,0.0,0,0
AL357140.4,-7.20284e-05,0.0,0,1
AL357141.1,0.0,0.0,0,0
AL357146.1,0.0,0.0,0,0
AL357153.1,0.0,0.0,0,0
AL357153.2,0.0,0.0,0,0
AL357172.1,0.0,0.0,0,0
AL357375.1,0.0,0.0,0,0
AL357497.1,0.0,0.0,0,0
AL357500.1,0.0,0.0,0,0
AL357507.1,0.0,0.0,0,0
AL357509.1,0.0,0.0,0,0
AL357513.1,0.0,0.0,0,0
AL357514.1,0.0,0.0,0,0
AL357518.1,0.0,0.0,0,0
AL357552.2,0.0,0.0,0,0
AL357556.4,0.0,0.0,0,0
AL357558.1,0.0,0.0,0,0
AL357558.2,0.0,0.0,0,0
AL357558.3,0.0,0.0,0,0
AL357568.1,0.0,0.0,0,0
AL357568.2,0.0,0.0,0,0
AL357614.1,0.0,0.0,0,0
AL357673.2,0.0,0.0,0,0
AL357793.1,0.0,0.0,0,0
AL357793.2,0.0,0.0,0,0
AL357832.1,0.0,0.0,0,0
AL357835.1,0.0,0.0,0,0
AL357936.1,0.0,0.0,0,0
AL357972.1,0.0,0.0,0,0
AL357992.1,0.0,0.0,0,0
AL358053.1,0.0,0.0,0,0
AL358072.1,0.0,0.0,0,0
AL358074.1,0.0,0.0,0,0
AL358075.1,0.0,0.0,0,0
AL358075.2,0.0,0.0,0,0
AL358115.1,0.0,0.0,0,0
AL358117.1,0.0,0.0,0,0
AL358134.1,0.0,0.0,0,0
AL358154.1,0.0,0.0,0,0
AL358176.1,0.0,0.0,0,0
AL358176.4,0.0,0.0,0,0
AL358177.1,0.0,0.0,0,0
AL358215.1,0.0,0.0,0,0
AL358215.2,0.0,0.0,0,0
AL358216.1,0.0,0.0,0,0
AL358232.2,0.0,0.0,0,0
AL358292.1,0.0,0.0,0,0
AL358332.1,0.0,0.0,0,0
AL358333.1,0.0,0.0,0,0
AL358333.2,0.0,0.0,0,0
AL358333.3,0.0,0.0,0,0
AL358334.1,0.0,0.0,0,0
AL358334.2,0.0,0.0,0,0
AL358334.3,-0.00012985135,0.0,0,1
AL358334.4,0.0,0.0,0,0
AL358335.2,0.0,0.0,0,0
AL358393.1,0.0,0.0,0,0
AL358394.1,0.0,0.0,0,0
AL358452.1,0.0,0.0,0,0
AL358472.3,-0.00036911407,0.0,0,1
AL358472.4,-0.00016004678,0.0,0,1
AL358473.2,0.0,0.0,0,0
AL358612.1,0.0,0.0,0,0
AL358613.1,0.0,0.0,0,0
AL358613.2,0.0,0.0,0,0
AL358779.1,0.0,0.0,0,0
AL358780.1,0.0,0.0,0,0
AL358781.1,-0.0004657132,0.0,0,1
AL358787.1,0.0,0.0,0,0
AL358790.1,-0.0003489804,0.0,0,1
AL358876.2,0.0,0.0,0,0
AL358937.1,0.0,0.0,0,0
AL358944.1,0.0,0.0,0,0
AL358972.1,0.0,0.0,0,0
AL358976.2,0.0,0.0,0,0
AL359076.1,0.0,0.0,0,0
AL359081.1,0.0,0.0,0,0
AL359091.1,0.0,0.0,0,0
AL359091.3,0.0,0.0,0,0
AL359091.5,-0.0002069249,0.0,0,1
AL359094.1,0.0,0.0,0,0
AL359094.2,0.0,0.0,0,0
AL359095.1,0.0,0.0,0,0
AL359182.1,-0.0001375841,0.0,0,1
AL359195.1,0.0,0.0,0,0
AL359198.1,0.0,0.0,0,0
AL359208.1,0.0,0.0,0,0
AL359233.1,0.0,0.0,0,0
AL359237.1,0.0,0.0,0,0
AL359238.1,0.0,0.0,0,0
AL359258.1,0.0,0.0,0,0
AL359258.2,-0.00058165705,0.0,0,1
AL359259.1,0.0,0.0,0,0
AL359313.1,0.0,0.0,0,0
AL359317.1,0.0,0.0,0,0
AL359317.2,-0.00032761457,0.0,0,1
AL359380.1,0.0,0.0,0,0
AL359382.1,0.0,0.0,0,0
AL359382.2,0.0,0.0,0,0
AL359397.1,0.0,0.0,0,0
AL359399.1,0.0,0.0,0,0
AL359436.1,0.0,0.0,0,0
AL359458.1,0.0,0.0,0,0
AL359475.1,0.0,0.0,0,0
AL359502.1,0.0,0.0,0,0
AL359502.2,0.0,0.0,0,0
AL359504.2,0.0,0.0,0,0
AL359508.1,0.0,0.0,0,0
AL359511.2,0.0,0.0,0,0
AL359511.3,0.0,0.0,0,0
AL359538.3,0.0,0.0,0,0
AL359538.4,0.0,0.0,0,0
AL359546.1,0.0,0.0,0,0
AL359547.1,0.0,0.0,0,0
AL359551.1,0.0,0.0,0,0
AL359552.1,0.0,0.0,0,0
AL359555.1,0.0,0.0,0,0
AL359555.2,0.0,0.0,0,0
AL359555.4,0.0,0.0,0,0
AL359632.1,-8.332756e-05,0.0,0,1
AL359636.1,0.0,0.0,0,0
AL359643.2,0.0,0.0,0,0
AL359649.1,0.0,0.0,0,0
AL359682.1,0.0,0.0,0,0
AL359697.1,0.0,0.0,0,0
AL359704.3,0.0,0.0,0,0
AL359706.1,0.0,0.0,0,0
AL359710.1,0.0,0.0,0,0
AL359711.2,-0.0004865344,0.0,0,1
AL359715.1,-0.00022154175,0.0,0,1
AL359715.2,-0.00015895255,0.0,0,1
AL359715.3,0.0,0.0,0,0
AL359732.1,0.0,0.0,0,0
AL359745.1,0.0,0.0,0,0
AL359762.2,0.0,0.0,0,0
AL359764.1,0.0,0.0,0,0
AL359764.3,0.0,0.0,0,0
AL359771.1,0.0,0.0,0,0
AL359792.1,0.0,0.0,0,0
AL359813.2,0.0,0.0,0,0
AL359844.1,0.0,0.0,0,0
AL359851.1,0.0,0.0,0,0
AL359852.2,0.0,0.0,0,0
AL359853.1,0.0,0.0,0,0
AL359853.2,0.0,0.0,0,0
AL359878.1,-0.00027030794,0.0,0,1
AL359878.2,0.0,0.0,0,0
AL359880.1,-0.0071076867,0.0,0,2
AL359881.2,0.0,0.0,0,0
AL359881.3,0.0,0.0,0,0
AL359894.1,0.0,0.0,0,0
AL359915.1,0.0,0.0,0,0
AL359916.1,0.0,0.0,0,0
AL359918.2,0.0,0.0,0,0
AL359922.2,-0.0001082421,0.0,0,1
AL359924.1,0.0,0.0,0,0
AL359962.1,0.0,0.0,0,0
AL359962.2,0.0,0.0,0,0
AL359962.3,0.0,0.0,0,0
AL359979.1,0.0,0.0,0,0
AL359979.2,-0.0025342163,0.0,0,2
AL359987.1,0.0,0.0,0,0
AL360006.1,0.0,0.0,0,0
AL360007.1,0.0,0.0,0,0
AL360013.2,0.0,0.0,0,0
AL360013.3,0.0,0.0,0,0
AL360013.4,0.0,0.0,0,0
AL360014.1,0.0,0.0,0,0
AL360089.1,0.0,0.0,0,0
AL360091.2,0.0,0.0,0,0
AL360091.3,-9.156932e-05,0.0,0,1
AL360093.1,0.0,0.0,0,0
AL360157.1,0.0,0.0,0,0
AL360169.1,0.0,0.0,0,0
AL360169.2,0.0,0.0,0,0
AL360169.3,0.0,0.0,0,0
AL360175.1,0.0,0.0,0,0
AL360178.1,-0.00021422858,0.0,0,1
AL360178.2,0.0,0.0,0,0
AL360181.1,0.0,0.0,0,0
AL360181.2,-0.06385449,0.0,0,2
AL360181.4,0.0,0.0,0,0
AL360182.2,0.0,0.0,0,0
AL360227.1,0.0,0.0,0,0
AL360267.1,0.0,0.0,0,0
AL360267.2,0.0,0.0,0,0
AL360268.1,0.0,0.0,0,0
AL360268.2,0.0,0.0,0,0
AL360270.1,-0.0070441905,0.0,0,2
AL360270.2,0.0,0.0,0,0
AL360294.1,0.0,0.0,0,0
AL360295.1,0.0,0.0,0,0
AL365181.4,0.0,0.0,0,0
AL365184.1,0.0,0.0,0,0
AL365184.2,0.0,0.0,0,0
AL365194.1,0.0,0.0,0,0
AL365203.2,-4.3069012e-05,0.0,0,1
AL365204.1,0.0,0.0,0,0
AL365204.2,0.0,0.0,0,0
AL365205.3,0.0,0.0,0,0
AL365205.4,0.0,0.0,0,0
AL365214.2,0.0,0.0,0,0
AL365214.4,0.0,0.0,0,0
AL365215.2,0.0,0.0,0,0
AL365226.2,0.0,0.0,0,0
AL365229.1,0.0,0.0,0,0
AL365255.1,0.0,0.0,0,0
AL365256.1,-0.00013627972,0.0,0,1
AL365258.1,0.0,0.0,0,0
AL365259.1,0.0,0.0,0,0
AL365271.1,0.0,0.0,0,0
AL365273.1,0.0,0.0,0,0
AL365295.2,0.0,0.0,0,0
AL365318.1,0.0,0.0,0,0
AL365330.1,-0.00013172455,0.0,0,1
AL365356.1,0.0,0.0,0,0
AL365361.1,-0.0013626261,0.0,0,2
AL365394.1,0.0,0.0,0,0
AL365434.1,0.0,0.0,0,0
AL365434.2,0.0,0.0,0,0
AL365436.2,0.0,0.0,0,0
AL365440.2,0.0,0.0,0,0
AL389885.1,0.0,0.0,0,0
AL389889.1,0.0,0.0,0,0
AL389889.2,0.0,0.0,0,0
AL390037.1,0.0,0.0,0,0
AL390038.1,0.0,0.0,0,0
AL390061.1,0.0,0.0,0,0
AL390066.1,-0.0070548733,0.0,0,2
AL390066.2,0.0,0.0,0,0
AL390067.1,0.0,0.0,0,0
AL390071.1,-0.002226527,0.0,0,1
AL390195.2,0.0,0.0,0,0
AL390198.1,-9.336197e-05,0.0,0,1
AL390236.1,0.0,0.0,0,0
AL390242.1,0.0,0.0,0,0
AL390243.1,0.0,0.0,0,0
AL390254.1,0.0,0.0,0,0
AL390294.1,0.0,0.0,0,0
AL390718.1,0.0,0.0,0,0
AL390719.2,0.0,0.0,0,0
AL390719.3,0.0,0.0,0,0
AL390730.1,0.0,0.0,0,0
AL390730.2,0.0,0.0,0,0
AL390755.1,0.0,0.0,0,0
AL390755.3,-0.00013683077,0.0,0,1
AL390760.1,0.0,0.0,0,0
AL390763.1,0.0,0.0,0,0
AL390774.2,0.0,0.0,0,0
AL390778.1,0.0,0.0,0,0
AL390778.2,0.0,0.0,0,0
AL390783.1,0.0,0.0,0,0
AL390786.1,0.0,0.0,0,0
AL390791.1,0.0,0.0,0,0
AL390800.1,0.0,0.0,0,0
AL390816.1,0.0,0.0,0,0
AL390816.2,0.0,0.0,0,0
AL390835.1,0.0,0.0,0,0
AL390838.1,0.0,0.0,0,0
AL390839.1,0.0,0.0,0,0
AL390839.2,0.0,0.0,0,0
AL390856.1,0.0,0.0,0,0
AL390862.1,0.0,0.0,0,0
AL390866.1,0.0,0.0,0,0
AL390955.2,-0.00017907751,0.0,0,1
AL390961.1,0.0,0.0,0,0
AL390961.2,0.0,0.0,0,0
AL390962.1,0.0,0.0,0,0
AL390964.1,0.0,0.0,0,0
AL391001.1,0.0,0.0,0,0
AL391056.1,0.0,0.0,0,0
AL391069.1,-0.00016838203,0.0,0,1
AL391069.3,0.0,0.0,0,0
AL391095.2,0.0,0.0,0,0
AL391095.3,0.0,0.0,0,0
AL391097.1,0.0,0.0,0,0
AL391097.2,0.0,0.0,0,0
AL391097.3,0.0,0.0,0,0
AL391117.1,0.0,0.0,0,0
AL391119.1,0.0,0.0,0,0
AL391152.1,0.0,0.0,0,0
AL391244.1,0.0,0.0,0,0
AL391244.2,-0.0004290749,0.0,0,1
AL391261.2,0.0,0.0,0,0
AL391261.4,0.0,0.0,0,0
AL391262.1,0.0,0.0,0,0
AL391294.1,0.0,0.0,0,0
AL391335.1,0.0,0.0,0,0
AL391336.1,0.0,0.0,0,0
AL391361.2,0.0,0.0,0,0
AL391415.1,0.0,0.0,0,0
AL391421.1,0.0,0.0,0,0
AL391422.2,0.0,0.0,0,0
AL391422.3,0.0,0.0,0,0
AL391425.1,0.0,0.0,0,0
AL391427.1,0.0,0.0,0,0
AL391538.1,0.0,0.0,0,0
AL391557.1,0.0,0.0,0,0
AL391560.1,0.0,0.0,0,0
AL391560.2,0.0,0.0,0,0
AL391597.1,0.0,0.0,0,0
AL391645.1,0.0,0.0,0,0
AL391650.2,0.0,0.0,0,0
AL391704.1,0.0,0.0,0,0
AL391704.2,0.0,0.0,0,0
AL391730.2,0.0,0.0,0,0
AL391807.1,0.0,0.0,0,0
AL391811.1,0.0,0.0,0,0
AL391832.1,-0.00027687487,0.0,0,1
AL391832.4,0.0,0.0,0,0
AL391834.1,-0.00020119637,0.0,0,1
AL391834.3,0.0,0.0,0,0
AL391839.1,0.0,0.0,0,0
AL391839.2,0.0,0.0,0,0
AL391839.3,-0.013510816,0.0,0,2
AL391840.1,0.0,0.0,0,0
AL391840.3,-0.00033026226,0.0,0,1
AL391844.1,0.0,0.0,0,0
AL391845.1,0.0,0.0,0,0
AL391845.2,0.0,0.0,0,0
AL391863.1,0.0,0.0,0,0
AL391863.2,0.0,0.0,0,0
AL391869.1,0.0,0.0,0,0
AL391883.1,0.0,0.0,0,0
AL391987.1,0.0,0.0,0,0
AL391987.2,0.0,0.0,0,0
AL391987.3,0.0,0.0,0,0
AL391987.4,0.0,0.0,0,0
AL392023.1,0.0,0.0,0,0
AL392023.2,0.0,0.0,0,0
AL392024.1,0.0,0.0,0,0
AL392083.1,0.0,0.0,0,0
AL392083.2,0.0,0.0,0,0
AL392086.3,0.0,0.0,0,0
AL392089.1,0.0,0.0,0,0
AL392172.2,-0.00016229379,0.0,0,1
AL392183.1,0.0,0.0,0,0
AL392185.1,0.0,0.0,0,0
AL441883.1,-0.006370257,0.0,0,2
AL441943.1,0.0,0.0,0,0
AL441943.2,0.0,0.0,0,0
AL441989.1,0.0,0.0,0,0
AL442003.1,0.0,0.0,0,0
AL442067.1,0.0,0.0,0,0
AL442067.2,0.0,0.0,0,0
AL442067.3,-0.00014917816,0.0,0,1
AL442071.1,0.0,0.0,0,0
AL442071.2,0.0,0.0,0,0
AL442125.1,-0.00026027518,0.0,0,1
AL442125.2,0.0,0.0,0,0
AL442163.1,0.0,0.0,0,0
AL442224.1,0.0,0.0,0,0
AL442636.1,0.0,0.0,0,0
AL442638.1,0.0,0.0,0,0
AL445070.1,0.0,0.0,0,0
AL445072.1,0.0,0.0,0,0
AL445074.1,0.0,0.0,0,0
AL445123.1,0.0,0.0,0,0
AL445123.2,0.0,0.0,0,0
AL445183.1,0.0,0.0,0,0
AL445183.2,0.0,0.0,0,0
AL445190.1,0.0,0.0,0,0
AL445193.2,0.0,0.0,0,0
AL445205.1,0.0,0.0,0,0
AL445207.1,0.0,0.0,0,0
AL445209.1,0.0,0.0,0,0
AL445213.2,0.0,0.0,0,0
AL445218.1,0.0,0.0,0,0
AL445223.1,0.0,0.0,0,0
AL445224.1,0.0,0.0,0,0
AL445228.1,0.0,0.0,0,0
AL445228.2,0.0,0.0,0,0
AL445235.1,0.0,0.0,0,0
AL445237.1,0.0,0.0,0,0
AL445238.1,0.0,0.0,0,0
AL445238.2,0.0,0.0,0,0
AL445242.1,0.0,0.0,0,0
AL445250.1,0.0,0.0,0,0
AL445253.1,0.0,0.0,0,0
AL445255.1,0.0,0.0,0,0
AL445259.1,0.0,0.0,0,0
AL445288.1,0.0,0.0,0,0
AL445307.1,0.0,0.0,0,0
AL445309.1,0.0,0.0,0,0
AL445363.1,0.0,0.0,0,0
AL445363.2,0.0,0.0,0,0
AL445423.1,0.0,0.0,0,0
AL445426.1,-0.00015623523,0.0,0,1
AL445430.1,0.0,0.0,0,0
AL445430.2,0.0,0.0,0,0
AL445433.2,0.0,0.0,0,0
AL445438.1,0.0,0.0,0,0
AL445465.1,0.0,0.0,0,0
AL445465.2,0.0,0.0,0,0
AL445471.1,0.0,0.0,0,0
AL445471.2,0.0,0.0,0,0
AL445489.1,0.0,0.0,0,0
AL445490.1,0.0,0.0,0,0
AL445493.2,0.0,0.0,0,0
AL445493.3,0.0,0.0,0,0
AL445526.1,0.0,0.0,0,0
AL445531.1,0.0,0.0,0,0
AL445584.2,0.0,0.0,0,0
AL445588.1,0.0,0.0,0,0
AL445604.1,0.0,0.0,0,0
AL445623.1,0.0,0.0,0,0
AL445623.2,0.0,0.0,0,0
AL445644.1,0.0,0.0,0,0
AL445645.1,-0.00016410876,0.0,0,1
AL445647.1,0.0,0.0,0,0
AL445648.1,0.0,0.0,0,0
AL445649.1,0.0,0.0,0,0
AL445668.1,0.0,0.0,0,0
AL445685.1,-0.00011866767,0.0,0,1
AL445928.2,0.0,0.0,0,0
AL445931.1,0.0,0.0,0,0
AL445933.2,0.0,0.0,0,0
AL445985.1,0.0,0.0,0,0
AL445985.2,0.0,0.0,0,0
AL445989.1,0.0,0.0,0,0
AL449043.1,0.0,0.0,0,0
AL449106.1,0.0,0.0,0,0
AL449214.1,0.0,0.0,0,0
AL449223.1,0.0,0.0,0,0
AL449363.2,0.0,0.0,0,0
AL449403.1,0.0,0.0,0,0
AL449403.2,0.0,0.0,0,0
AL449403.3,0.0,0.0,0,0
AL449423.1,0.0,0.0,0,0
AL449983.1,0.0,0.0,0,0
AL450003.1,0.0,0.0,0,0
AL450043.1,0.0,0.0,0,0
AL450163.1,0.0,0.0,0,0
AL450226.1,0.0,0.0,0,0
AL450263.1,0.0,0.0,0,0
AL450267.1,0.0,0.0,0,0
AL450267.2,0.0,0.0,0,0
AL450270.1,0.0,0.0,0,0
AL450306.1,0.0,0.0,0,0
AL450307.1,0.0,0.0,0,0
AL450313.1,0.0,0.0,0,0
AL450322.1,0.0,0.0,0,0
AL450322.2,0.0,0.0,0,0
AL450326.1,-0.0039451327,0.0,0,2
AL450326.3,-0.00015425403,0.0,0,1
AL450327.1,0.0,0.0,0,0
AL450332.1,0.0,0.0,0,0
AL450338.2,0.0,0.0,0,0
AL450344.1,0.0,0.0,0,0
AL450344.2,0.0,0.0,0,0
AL450344.3,0.0,0.0,0,0
AL450345.1,0.0,0.0,0,0
AL450345.2,0.0,0.0,0,0
AL450352.1,-0.00010441983,0.0,0,1
AL450384.1,0.0,0.0,0,0
AL450423.1,0.0,0.0,0,0
AL450423.2,0.0,0.0,0,0
AL450426.1,0.0,0.0,0,0
AL450442.1,0.0,0.0,0,0
AL450467.1,0.0,0.0,0,0
AL450468.1,0.0,0.0,0,0
AL450468.2,0.0,0.0,0,0
AL450469.1,0.0,0.0,0,0
AL450469.2,0.0,0.0,0,0
AL450990.1,0.0,0.0,0,0
AL450992.1,0.0,0.0,0,0
AL450992.2,0.0,0.0,0,0
AL450992.3,0.0,0.0,0,0
AL450998.3,0.0,0.0,0,0
AL451007.2,0.0,0.0,0,0
AL451007.3,0.0,0.0,0,0
AL451042.1,0.0,0.0,0,0
AL451047.1,0.0,0.0,0,0
AL451048.1,0.0,0.0,0,0
AL451049.1,0.0,0.0,0,0
AL451054.4,0.0,0.0,0,0
AL451062.1,0.0,0.0,0,0
AL451064.1,0.0,0.0,0,0
AL451065.1,-9.7972894e-05,0.0,0,1
AL451067.1,-0.00019933203,0.0,0,1
AL451069.2,-0.00018994116,0.0,0,1
AL451070.1,0.0,0.0,0,0
AL451074.5,0.0,0.0,0,0
AL451080.1,0.0,0.0,0,0
AL451081.1,0.0,0.0,0,0
AL451105.2,0.0,0.0,0,0
AL451127.1,0.0,0.0,0,0
AL451127.2,0.0,0.0,0,0
AL451129.1,0.0,0.0,0,0
AL451137.2,0.0,0.0,0,0
AL451140.1,0.0,0.0,0,0
AL451164.1,0.0,0.0,0,0
AL451166.1,0.0,0.0,0,0
AL499602.1,0.0,0.0,0,0
AL499616.1,0.0,0.0,0,0
AL499627.1,0.0,0.0,0,0
AL499627.2,0.0,0.0,0,0
AL500522.1,0.0,0.0,0,0
AL512274.1,0.0,0.0,0,0
AL512283.2,0.0,0.0,0,0
AL512283.3,0.0,0.0,0,0
AL512288.1,0.0,0.0,0,0
AL512303.1,0.0,0.0,0,0
AL512306.3,0.0,0.0,0,0
AL512308.1,0.0,0.0,0,0
AL512310.10,0.0,0.0,0,0
AL512310.2,0.0,0.0,0,0
AL512310.9,0.0,0.0,0,0
AL512328.1,0.0,0.0,0,0
AL512330.1,0.0,0.0,0,0
AL512347.1,0.0,0.0,0,0
AL512356.4,0.0,0.0,0,0
AL512356.5,0.0,0.0,0,0
AL512357.1,0.0,0.0,0,0
AL512357.2,0.0,0.0,0,0
AL512358.1,0.0,0.0,0,0
AL512358.2,0.0,0.0,0,0
AL512363.1,0.0,0.0,0,0
AL512366.1,0.0,0.0,0,0
AL512380.1,0.0,0.0,0,0
AL512380.2,0.0,0.0,0,0
AL512413.1,0.0,0.0,0,0
AL512424.1,0.0,0.0,0,0
AL512427.2,0.0,0.0,0,0
AL512444.1,0.0,0.0,0,0
AL512452.1,0.0,0.0,0,0
AL512484.1,0.0,0.0,0,0
AL512506.1,0.0,0.0,0,0
AL512590.3,0.0,0.0,0,0
AL512603.2,0.0,0.0,0,0
AL512604.2,0.0,0.0,0,0
AL512604.3,0.0,0.0,0,0
AL512622.1,-0.00016121393,0.0,0,1
AL512624.2,0.0,0.0,0,0
AL512625.2,-0.00020633906,0.0,0,1
AL512631.1,-0.0001820887,0.0,0,1
AL512631.2,0.0,0.0,0,0
AL512634.1,0.0,0.0,0,0
AL512638.3,0.0,0.0,0,0
AL512641.1,0.0,0.0,0,0
AL512643.1,0.0,0.0,0,0
AL512643.2,0.0,0.0,0,0
AL512649.2,0.0,0.0,0,0
AL512655.1,0.0,0.0,0,0
AL512656.1,0.0,0.0,0,0
AL512658.1,0.0,0.0,0,0
AL512658.2,0.0,0.0,0,0
AL512662.2,0.0,0.0,0,0
AL512770.1,0.0,0.0,0,0
AL512785.1,0.0,0.0,0,0
AL512791.1,0.0,0.0,0,0
AL513008.1,0.0,0.0,0,0
AL513013.1,0.0,0.0,0,0
AL513122.2,0.0,0.0,0,0
AL513123.1,0.0,0.0,0,0
AL513128.1,-0.00019405033,0.0,0,1
AL513128.2,0.0,0.0,0,0
AL513128.3,0.0,0.0,0,0
AL513164.1,0.0,0.0,0,0
AL513165.1,-0.00017742482,0.0,0,1
AL513166.1,-0.007785255,0.0,0,2
AL513185.1,0.0,0.0,0,0
AL513188.1,0.0,0.0,0,0
AL513210.1,0.0,0.0,0,0
AL513217.1,0.0,0.0,0,0
AL513218.1,0.0,0.0,0,0
AL513220.1,0.0,0.0,0,0
AL513285.1,0.0,0.0,0,0
AL513304.1,0.0,0.0,0,0
AL513314.1,0.0,0.0,0,0
AL513317.1,0.0,0.0,0,0
AL513318.2,0.0,0.0,0,0
AL513320.1,-0.0002629336,0.0,0,1
AL513321.2,0.0,0.0,0,0
AL513323.1,0.0,0.0,0,0
AL513324.1,0.0,0.0,0,0
AL513327.1,0.0,0.0,0,0
AL513327.2,0.0,0.0,0,0
AL513327.3,0.0,0.0,0,0
AL513348.1,0.0,0.0,0,0
AL513365.2,0.0,0.0,0,0
AL513412.1,0.0,0.0,0,0
AL513422.1,0.0,0.0,0,0
AL513477.2,-0.0003095554,0.0,0,1
AL513487.1,0.0,0.0,0,0
AL513493.1,0.0,0.0,0,0
AL513523.3,0.0,0.0,0,0
AL513523.4,0.0,0.0,0,0
AL513524.1,0.0,0.0,0,0
AL513534.2,-0.000103240855,0.0,0,1
AL513542.1,0.0,0.0,0,0
AL513548.3,0.0,0.0,0,0
AL513548.4,-0.0002611729,0.0,0,1
AL583722.2,0.0,0.0,0,0
AL583722.3,0.0,0.0,0,0
AL583722.4,-0.00017830578,0.0,0,1
AL583785.1,-0.00017672729,0.0,0,1
AL583803.1,0.0,0.0,0,0
AL583804.1,0.0,0.0,0,0
AL583805.2,0.0,0.0,0,0
AL583808.1,0.0,0.0,0,0
AL583809.1,0.0,0.0,0,0
AL583810.1,0.0,0.0,0,0
AL583810.2,-0.0058472534,0.0,0,1
AL583810.3,0.0,0.0,0,0
AL583824.1,0.0,0.0,0,0
AL583825.1,0.0,0.0,0,0
AL583827.1,0.0,0.0,0,0
AL583829.1,0.0,0.0,0,0
AL583839.1,0.0,0.0,0,0
AL583852.1,0.0,0.0,0,0
AL583854.1,0.0,0.0,0,0
AL583856.2,0.0,0.0,0,0
AL583859.1,0.0,0.0,0,0
AL583859.3,0.0,0.0,0,0
AL589166.1,0.0,0.0,0,0
AL589182.1,0.0,0.0,0,0
AL589642.1,-0.008222238,0.0,0,1
AL589642.2,0.0,0.0,0,0
AL589645.1,0.0,0.0,0,0
AL589669.1,0.0,0.0,0,0
AL589678.1,0.0,0.0,0,0
AL589684.1,0.0,0.0,0,0
AL589693.1,0.0,0.0,0,0
AL589702.1,0.0,0.0,0,0
AL589739.1,0.0,0.0,0,0
AL589740.1,-0.000119039585,0.0,0,1
AL589743.1,0.0,0.0,0,0
AL589743.4,0.0,0.0,0,0
AL589745.1,-0.00013616153,0.0,0,1
AL589745.2,0.0,0.0,0,0
AL589765.1,0.0,0.0,0,0
AL589765.2,0.0,0.0,0,0
AL589765.4,-0.00027959584,0.0,0,1
AL589765.6,0.0,0.0,0,0
AL589765.7,-0.00023372093,0.0,0,1
AL589787.1,-0.00015724741,0.0,0,1
AL589794.2,0.0,0.0,0,0
AL589826.2,0.0,0.0,0,0
AL589863.1,-0.00033606842,0.0,0,1
AL589923.1,0.0,0.0,0,0
AL589935.3,0.0,0.0,0,0
AL589946.1,0.0,0.0,0,0
AL589986.1,0.0,0.0,0,0
AL589987.2,0.0,0.0,0,0
AL589990.1,0.0,0.0,0,0
AL590004.3,0.0,0.0,0,0
AL590006.1,0.0,0.0,0,0
AL590009.1,0.0,0.0,0,0
AL590027.1,0.0,0.0,0,0
AL590068.1,0.0,0.0,0,0
AL590068.2,0.0,0.0,0,0
AL590068.3,0.0,0.0,0,0
AL590068.4,-0.00016750715,0.0,0,1
AL590093.1,0.0,0.0,0,0
AL590096.1,0.0,0.0,0,0
AL590133.1,0.0,0.0,0,0
AL590133.2,0.0,0.0,0,0
AL590138.1,0.0,0.0,0,0
AL590227.1,0.0,0.0,0,0
AL590235.1,0.0,0.0,0,0
AL590235.2,-0.00031152891,0.0,0,1
AL590282.2,0.0,0.0,0,0
AL590286.2,0.0,0.0,0,0
AL590302.1,0.0,0.0,0,0
AL590302.2,0.0,0.0,0,0
AL590378.1,0.0,0.0,0,0
AL590381.1,0.0,0.0,0,0
AL590385.1,0.0,0.0,0,0
AL590399.3,0.0,0.0,0,0
AL590399.5,0.0,0.0,0,0
AL590408.1,0.0,0.0,0,0
AL590422.1,0.0,0.0,0,0
AL590432.1,0.0,0.0,0,0
AL590434.1,0.0,0.0,0,0
AL590440.1,0.0,0.0,0,0
AL590440.2,0.0,0.0,0,0
AL590483.1,0.0,0.0,0,0
AL590483.2,0.0,0.0,0,0
AL590483.4,0.0,0.0,0,0
AL590490.1,0.0,0.0,0,0
AL590491.2,0.0,0.0,0,0
AL590502.1,0.0,0.0,0,0
AL590550.1,0.0,0.0,0,0
AL590560.2,-0.00017039767,0.0,0,1
AL590560.3,-0.00014684109,0.0,0,1
AL590560.5,0.0,0.0,0,0
AL590608.1,0.0,0.0,0,0
AL590609.3,0.0,0.0,0,0
AL590640.1,0.0,0.0,0,0
AL590644.1,0.0,0.0,0,0
AL590652.1,0.0,0.0,0,0
AL590666.1,0.0,0.0,0,0
AL590666.2,-0.015879529,0.0,0,2
AL590666.3,0.0,0.0,0,0
AL590666.4,0.0,0.0,0,0
AL590666.5,0.0,0.0,0,0
AL590677.1,0.0,0.0,0,0
AL590681.1,0.0,0.0,0,0
AL590705.2,0.0,0.0,0,0
AL590705.3,0.0,0.0,0,0
AL590708.1,-9.460435e-05,0.0,0,1
AL590714.1,-0.00023320028,0.0,0,1
AL590723.1,0.0,0.0,0,0
AL590727.1,0.0,0.0,0,0
AL590729.1,0.0,0.0,0,0
AL590730.1,0.0,0.0,0,0
AL590783.1,0.0,0.0,0,0
AL590787.1,-0.007479366,0.0,0,1
AL590807.1,0.0,0.0,0,0
AL590814.1,0.0,0.0,0,0
AL590822.1,0.0,0.0,0,0
AL590822.2,0.0,0.0,0,0
AL590867.1,0.0,0.0,0,0
AL590989.1,0.0,0.0,0,0
AL590999.1,-0.00017809932,0.0,0,1
AL591002.1,0.0,0.0,0,0
AL591022.1,0.0,0.0,0,0
AL591030.1,0.0,0.0,0,0
AL591069.1,0.0,0.0,0,0
AL591074.1,0.0,0.0,0,0
AL591074.2,0.0,0.0,0,0
AL591115.1,-0.00022350269,0.0,0,1
AL591135.2,0.0,0.0,0,0
AL591163.1,0.0,0.0,0,0
AL591167.1,0.0,0.0,0,0
AL591178.1,0.0,0.0,0,0
AL591178.2,0.0,0.0,0,0
AL591212.1,0.0,0.0,0,0
AL591222.1,0.0,0.0,0,0
AL591242.1,0.0,0.0,0,0
AL591368.1,0.0,0.0,0,0
AL591378.1,0.0,0.0,0,0
AL591428.1,0.0,0.0,0,0
AL591463.1,0.0,0.0,0,0
AL591468.1,-0.0019053732,0.0,0,1
AL591468.2,0.0,0.0,0,0
AL591501.1,0.0,0.0,0,0
AL591503.1,0.0,0.0,0,0
AL591504.1,0.0,0.0,0,0
AL591504.2,0.0,0.0,0,0
AL591518.1,0.0,0.0,0,0
AL591519.1,0.0,0.0,0,0
AL591543.1,0.0,0.0,0,0
AL591643.1,0.0,0.0,0,0
AL591684.1,0.0,0.0,0,0
AL591686.1,0.0,0.0,0,0
AL591686.2,0.0,0.0,0,0
AL591719.2,0.0,0.0,0,0
AL591721.1,0.0,0.0,0,0
AL591742.2,0.0,0.0,0,0
AL591767.1,0.0,0.0,0,0
AL591770.1,0.0,0.0,0,0
AL591806.1,0.0,0.0,0,0
AL591845.1,0.0,0.0,0,0
AL591846.2,0.0,0.0,0,0
AL591848.2,0.0,0.0,0,0
AL591848.3,-0.0003554315,0.0,0,1
AL591848.4,0.0,0.0,0,0
AL591888.1,0.0,0.0,0,0
AL591896.1,0.0,0.0,0,0
AL591926.2,0.0,0.0,0,0
AL592043.1,0.0,0.0,0,0
AL592078.1,-0.00022981515,0.0,0,1
AL592078.2,0.0,0.0,0,0
AL592114.3,0.0,0.0,0,0
AL592146.1,0.0,0.0,0,0
AL592146.2,0.0,0.0,0,0
AL592148.3,-8.298238e-05,0.0,0,1
AL592156.2,0.0,0.0,0,0
AL592161.1,0.0,0.0,0,0
AL592164.1,0.0,0.0,0,0
AL592164.2,0.0,0.0,0,0
AL592166.1,-0.00020468008,0.0,0,1
AL592182.1,0.0,0.0,0,0
AL592182.2,0.0,0.0,0,0
AL592182.3,0.0,0.0,0,0
AL592211.2,0.0,0.0,0,0
AL592295.3,0.0,0.0,0,0
AL592301.1,0.0,0.0,0,0
AL592309.2,0.0,0.0,0,0
AL592402.1,0.0,0.0,0,0
AL592424.1,0.0,0.0,0,0
AL592429.2,-0.0005539342,0.0,0,1
AL592430.1,0.0,0.0,0,0
AL592430.2,0.0,0.0,0,0
AL592431.1,0.0,0.0,0,0
AL592431.2,0.0,0.0,0,0
AL592435.2,0.0,0.0,0,0
AL592463.1,0.0,0.0,0,0
AL592464.1,0.0,0.0,0,0
AL592464.2,0.0,0.0,0,0
AL592464.3,0.0,0.0,0,0
AL592466.1,0.0,0.0,0,0
AL592494.1,-0.00015510846,0.0,0,1
AL592494.2,-0.00022514333,0.0,0,1
AL592528.1,0.0,0.0,0,0
AL592546.2,0.0,0.0,0,0
AL592546.3,0.0,0.0,0,0
AL593844.1,0.0,0.0,0,0
AL596087.2,0.0,0.0,0,0
AL596087.3,0.0,0.0,0,0
AL596188.1,0.0,0.0,0,0
AL596211.1,0.0,0.0,0,0
AL596214.1,-0.0040645762,0.0,0,1
AL596218.1,0.0,0.0,0,0
AL596223.1,0.0,0.0,0,0
AL596223.2,0.0,0.0,0,0
AL596244.1,-0.00023703043,0.0,0,1
AL596247.1,0.0,0.0,0,0
AL596257.1,0.0,0.0,0,0
AL596325.1,0.0,0.0,0,0
AL596325.2,0.0,0.0,0,0
AL596330.1,-0.0001398485,0.0,0,1
AL596330.2,0.0,0.0,0,0
AL596442.1,0.0,0.0,0,0
AL596442.2,0.0,0.0,0,0
AL596442.3,0.0,0.0,0,0
AL596442.4,0.0,0.0,0,0
AL596451.1,0.0,0.0,0,0
AL603764.2,0.0,0.0,0,0
AL603824.1,-0.014254714,0.0,0,1
AL603832.1,0.0,0.0,0,0
AL603832.2,0.0,0.0,0,0
AL603839.1,0.0,0.0,0,0
AL603839.2,0.0,0.0,0,0
AL603839.3,-0.00011633991,0.0,0,1
AL603840.1,0.0,0.0,0,0
AL603910.1,0.0,0.0,0,0
AL603962.1,0.0,0.0,0,0
AL604028.1,0.0,0.0,0,0
AL606468.1,0.0,0.0,0,0
AL606489.1,0.0,0.0,0,0
AL606490.3,0.0,0.0,0,0
AL606491.1,-0.0002876411,0.0,0,1
AL606500.1,0.0,0.0,0,0
AL606516.1,0.0,0.0,0,0
AL606519.1,0.0,0.0,0,0
AL606534.2,0.0,0.0,0,0
AL606534.3,0.0,0.0,0,0
AL606537.1,0.0,0.0,0,0
AL606748.1,0.0,0.0,0,0
AL606753.2,0.0,0.0,0,0
AL606760.1,-0.00022169742,0.0,0,1
AL606760.3,-6.1294435e-05,0.0,0,1
AL606804.1,0.0,0.0,0,0
AL606834.2,-0.007345423,0.0,0,2
AL606923.2,0.0,0.0,0,0
AL606970.1,0.0,0.0,0,0
AL606970.2,0.0,0.0,0,0
AL606970.3,0.0,0.0,0,0
AL606970.4,0.0,0.0,0,0
AL606970.5,0.0,0.0,0,0
AL607028.1,0.0,0.0,0,0
AL611929.1,0.0,0.0,0,0
AL626787.1,0.0,0.0,0,0
AL627095.2,0.0,0.0,0,0
AL627230.1,0.0,0.0,0,0
AL627230.3,0.0,0.0,0,0
AL627232.1,0.0,0.0,0,0
AL627308.3,0.0,0.0,0,0
AL627309.1,0.0,0.0,0,0
AL627309.2,0.0,0.0,0,0
AL627309.3,0.0,0.0,0,0
AL627309.4,0.0,0.0,0,0
AL627316.1,0.0,0.0,0,0
AL627422.2,0.0,0.0,0,0
AL627443.1,0.0,0.0,0,0
AL627443.3,0.0,0.0,0,0
AL645465.1,0.0,0.0,0,0
AL645504.1,0.0,0.0,0,0
AL645507.1,0.0,0.0,0,0
AL645608.1,0.0,0.0,0,0
AL645608.2,0.0,0.0,0,0
AL645608.4,0.0,0.0,0,0
AL645608.5,-0.00025521318,0.0,0,1
AL645608.6,0.0,0.0,0,0
AL645608.8,0.0,0.0,0,0
AL645634.1,0.0,0.0,0,0
AL645634.2,0.0,0.0,0,0
AL645768.1,0.0,0.0,0,0
AL645924.1,0.0,0.0,0,0
AL645929.2,-0.00027080844,0.0,0,1
AL645933.2,-0.0033435675,0.0,0,2
AL645937.2,0.0,0.0,0,0
AL645937.4,0.0,0.0,0,0
AL645939.4,0.0,0.0,0,0
AL645939.5,-4.1223946e-05,0.0,0,1
AL645940.1,-0.00027505358,0.0,0,1
AL645941.3,0.0,0.0,0,0
AL645944.2,0.0,0.0,0,0
AL646090.1,0.0,0.0,0,0
AL646090.2,0.0,0.0,0,0
AL662789.1,0.0,0.0,0,0
AL662791.1,0.0,0.0,0,0
AL662791.2,0.0,0.0,0,0
AL662797.1,-0.00027390415,0.0,0,1
AL662844.3,0.0,0.0,0,0
AL662844.4,-0.00040885,0.0,0,1
AL662864.1,0.0,0.0,0,0
AL662884.1,0.0,0.0,0,0
AL662884.5,0.0,0.0,0,0
AL662889.1,0.0,0.0,0,0
AL662890.1,-0.000118310134,0.0,0,1
AL662907.3,0.0,0.0,0,0
AL663058.2,0.0,0.0,0,0
AL663074.1,0.0,0.0,0,0
AL669831.2,0.0,0.0,0,0
AL669841.1,0.0,0.0,0,0
AL669970.1,0.0,0.0,0,0
AL669970.2,0.0,0.0,0,0
AL669970.3,0.0,0.0,0,0
AL670729.1,0.0,0.0,0,0
AL670729.2,0.0,0.0,0,0
AL670729.3,0.0,0.0,0,0
AL671710.1,0.0,0.0,0,0
AL671883.3,0.0,0.0,0,0
AL672032.1,0.0,0.0,0,0
AL672277.1,0.0,0.0,0,0
AL672291.1,0.0,0.0,0,0
AL683807.1,-8.201459e-06,0.0,0,1
AL683887.1,0.0,0.0,0,0
AL691403.1,0.0,0.0,0,0
AL691420.1,0.0,0.0,0,0
AL691426.1,0.0,0.0,0,0
AL691432.2,-0.0039780904,0.0,0,2
AL691432.4,-0.00014631587,0.0,0,1
AL691447.2,-0.00299514,0.0,0,2
AL691459.1,0.0,0.0,0,0
AL691515.1,0.0,0.0,0,0
AL691515.2,0.0,0.0,0,0
AL691520.1,0.0,0.0,0,0
AL713851.1,0.0,0.0,0,0
AL713851.2,0.0,0.0,0,0
AL713852.2,0.0,0.0,0,0
AL713866.1,0.0,0.0,0,0
AL713868.1,0.0,0.0,0,0
AL713923.1,0.0,0.0,0,0
AL713965.1,0.0,0.0,0,0
AL713998.1,0.0,0.0,0,0
AL713998.3,0.0,0.0,0,0
AL713998.4,0.0,0.0,0,0
AL731533.1,0.0,0.0,0,0
AL731533.2,0.0,0.0,0,0
AL731533.3,0.0,0.0,0,0
AL731537.1,0.0,0.0,0,0
AL731537.2,0.0,0.0,0,0
AL731553.1,0.0,0.0,0,0
AL731555.1,0.0,0.0,0,0
AL731557.1,0.0,0.0,0,0
AL731559.1,-0.00014331914,0.0,0,1
AL731563.2,0.0,0.0,0,0
AL731566.2,0.0,0.0,0,0
AL731566.3,0.0,0.0,0,0
AL731571.1,-0.00024246112,0.0,0,1
AL731574.1,0.0,0.0,0,0
AL731575.1,0.0,0.0,0,0
AL731577.1,0.0,0.0,0,0
AL731577.2,-2.1437998e-05,0.0,0,1
AL731661.1,0.0,0.0,0,0
AL731684.1,0.0,0.0,0,0
AL731702.1,-0.00016529014,0.0,0,1
AL731769.1,0.0,0.0,0,0
AL731769.2,-0.000108666485,0.0,0,1
AL732292.2,0.0,0.0,0,0
AL732314.4,-0.0054051825,0.0,0,1
AL732314.6,-7.440956e-05,0.0,0,1
AL732323.1,0.0,0.0,0,0
AL732437.1,0.0,0.0,0,0
AL732437.2,0.0,0.0,0,0
AL732437.3,0.0,0.0,0,0
AL732509.1,-0.0004393741,0.0,0,1
AL772155.1,0.0,0.0,0,0
AL772202.1,0.0,0.0,0,0
AL772284.2,0.0,0.0,0,0
AL772337.2,0.0,0.0,0,0
AL772363.1,0.0,0.0,0,0
AL773545.1,0.0,0.0,0,0
AL773573.1,0.0,0.0,0,0
AL805961.1,0.0,0.0,0,0
AL807740.1,0.0,0.0,0,0
AL807742.1,0.0,0.0,0,0
AL807752.2,0.0,0.0,0,0
AL807752.3,0.0,0.0,0,0
AL807752.4,0.0,0.0,0,0
AL807752.5,0.0,0.0,0,0
AL807757.1,0.0,0.0,0,0
AL807757.2,0.0,0.0,0,0
AL807761.3,0.0,0.0,0,0
AL807761.4,0.0,0.0,0,0
AL807776.1,0.0,0.0,0,0
AL831711.1,-0.00022284465,0.0,0,1
AL831784.1,0.0,0.0,0,0
AL844170.1,0.0,0.0,0,0
AL844175.1,0.0,0.0,0,0
AL844892.1,0.0,0.0,0,0
AL844892.2,0.0,0.0,0,0
AL844908.2,0.0,0.0,0,0
AL845311.1,0.0,0.0,0,0
AL845331.2,0.0,0.0,0,0
AL845472.1,-0.0001558431,0.0,0,1
AL845552.2,0.0,0.0,0,0
AL928654.2,0.0,0.0,0,0
AL928921.1,0.0,0.0,0,0
AL928970.1,-0.0021963487,0.0,0,1
AL929091.1,-0.00012698809,0.0,0,1
AL929236.1,0.0,0.0,0,0
AL929288.1,0.0,0.0,0,0
AL929472.2,0.0,0.0,0,0
AL929472.3,0.0,0.0,0,0
AL929601.1,0.0,0.0,0,0
AL929601.2,0.0,0.0,0,0
AL929601.3,0.0,0.0,0,0
AL935212.1,0.0,0.0,0,0
AL953883.1,0.0,0.0,0,0
AL953897.1,0.0,0.0,0,0
AL954642.1,0.0,0.0,0,0
ALB,-0.0019200089,0.0,0,1
ALDH1A3,-0.00033799539,0.0,0,1
ALDH1L1,0.0,0.0,0,0
ALDH1L1-AS1,0.0,0.0,0,0
ALDH1L1-AS2,0.0,0.0,0,0
ALDH3A1,-8.3938234e-05,0.0,0,1
ALDOB,0.0,0.0,0,0
ALG10,-0.013102516,0.0,0,2
ALG13-AS1,0.0,0.0,0,0
ALG1L,-0.00012783823,0.0,0,1
ALG1L2,-0.023924822,0.0,0,2
ALG1L9P,0.0,0.0,0,0
ALG9-IT1,0.0,0.0,0,0
ALK,-9.890087e-05,0.0,0,1
ALKAL1,0.0,0.0,0,0
ALKAL2,0.0,0.0,0,0
ALKBH3-AS1,0.0,0.0,0,0
ALLC,0.0,0.0,0,0
ALOX12,0.0,0.0,0,0
ALOX12B,-0.00011930505,0.0,0,1
ALOXE3,0.0,0.0,0,0
ALPG,0.0,0.0,0,0
ALPI,0.0,0.0,0,0
ALPL,-0.0001861296,0.0,0,1
ALPP,0.0,0.0,0,0
ALX1,0.0,0.0,0,0
ALX3,0.0,0.0,0,0
ALX4,0.0,0.0,0,0
AMBN,0.0,0.0,0,0
AMBP,0.0,0.0,0,0
AMELX,0.0,0.0,0,0
AMELY,0.0,0.0,0,0
AMER1,-0.000109352484,0.0,0,1
AMER2,0.0,0.0,0,0
AMER3,0.0,0.0,0,0
AMHR2,0.0,0.0,0,0
AMIGO3,0.0,0.0,0,0
AMMECR1-IT1,0.0,0.0,0,0
AMN,-0.0047887242,0.0,0,2
AMOTL2,-0.0026282743,0.0,0,2
AMPD1,0.0,0.0,0,0
AMPH,0.0,0.0,0,0
AMTN,0.0,0.0,0,0
AMY1A,0.0,0.0,0,0
AMY1B,0.0,0.0,0,0
AMY1C,0.0,0.0,0,0
AMY2A,0.0,0.0,0,0
ANGPT1,-0.00022360713,0.0,0,1
ANGPT4,-0.00019142724,0.0,0,1
ANGPTL1,-0.00017297363,0.0,0,1
ANGPTL3,0.0,0.0,0,0
ANGPTL5,0.0,0.0,0,0
ANGPTL7,0.0,0.0,0,0
ANGPTL8,0.0,0.0,0,0
ANHX,0.0,0.0,0,0
ANK1,-0.0060205455,0.0,0,2
ANK3-DT,0.0,0.0,0,0
ANKDD1B,0.0,0.0,0,0
ANKFN1,0.0,0.0,0,0
ANKK1,-0.00013866424,0.0,0,1
ANKRD1,0.0,0.0,0,0
ANKRD10-IT1,-0.02238179,0.0,0,2
ANKRD18A,0.0,0.0,0,0
ANKRD18B,0.0,0.0,0,0
ANKRD20A1,-0.00019196533,0.0,0,1
ANKRD20A2,0.0,0.0,0,0
ANKRD20A3,0.0,0.0,0,0
ANKRD20A4,0.0,0.0,0,0
ANKRD30A,0.0,0.0,0,0
ANKRD30B,0.0,0.0,0,0
ANKRD30BL,0.0,0.0,0,0
ANKRD33B-AS1,0.0,0.0,0,0
ANKRD34B,0.0,0.0,0,0
ANKRD34C,0.0,0.0,0,0
ANKRD34C-AS1,0.0,0.0,0,0
ANKRD40CL,0.0,0.0,0,0
ANKRD55,-0.008222238,0.0,0,1
ANKRD60,0.0,0.0,0,0
ANKRD61,0.0,0.0,0,0
ANKRD62,0.0,0.0,0,0
ANKRD62P1-PARP4P3,0.0,0.0,0,0
ANKRD63,0.0,0.0,0,0
ANKRD65,-0.0074978066,0.0,0,2
ANKRD7,0.0,0.0,0,0
ANKS1B,0.0,0.0,0,0
ANKS4B,0.0,0.0,0,0
ANO1,0.0,0.0,0,0
ANO1-AS1,0.0,0.0,0,0
ANO2,0.0,0.0,0,0
ANO3,0.0,0.0,0,0
ANO3-AS1,0.0,0.0,0,0
ANO9,-0.0027848377,0.0,0,2
ANP32D,-0.00028701074,0.0,0,1
ANTXRL,0.0,0.0,0,0
ANXA10,0.0,0.0,0,0
ANXA8,0.0,0.0,0,0
ANXA8L1,0.0,0.0,0,0
ANXA9,-0.0029920985,0.0,0,2
AOAH-IT1,0.0,0.0,0,0
AOC1,0.0,0.0,0,0
AOC2,-0.00037329193,0.0,0,1
AOX1,0.0,0.0,0,0
AP000146.1,0.0,0.0,0,0
AP000221.1,0.0,0.0,0,0
AP000223.1,0.0,0.0,0,0
AP000224.1,-0.00020370803,0.0,0,1
AP000229.1,-0.009904574,0.0,0,1
AP000233.1,0.0,0.0,0,0
AP000233.2,0.0,0.0,0,0
AP000235.1,0.0,0.0,0,0
AP000238.1,-8.815349e-05,0.0,0,1
AP000248.1,0.0,0.0,0,0
AP000254.2,0.0,0.0,0,0
AP000265.1,0.0,0.0,0,0
AP000266.1,0.0,0.0,0,0
AP000281.2,0.0,0.0,0,0
AP000282.1,0.0,0.0,0,0
AP000289.1,0.0,0.0,0,0
AP000290.1,0.0,0.0,0,0
AP000302.1,0.0,0.0,0,0
AP000317.1,0.0,0.0,0,0
AP000320.1,-8.5022046e-05,0.0,0,1
AP000322.1,0.0,0.0,0,0
AP000322.2,0.0,0.0,0,0
AP000331.1,-1.5378057e-05,0.0,0,1
AP000345.1,0.0,0.0,0,0
AP000345.2,-0.08344036,0.0,0,2
AP000345.3,0.0,0.0,0,0
AP000350.5,-0.01331906,0.0,0,1
AP000350.6,0.0,0.0,0,0
AP000350.7,0.0,0.0,0,0
AP000355.1,0.0,0.0,0,0
AP000356.1,0.0,0.0,0,0
AP000356.2,0.0,0.0,0,0
AP000357.2,0.0,0.0,0,0
AP000365.1,0.0,0.0,0,0
AP000402.1,0.0,0.0,0,0
AP000424.1,0.0,0.0,0,0
AP000424.2,0.0,0.0,0,0
AP000426.1,0.0,0.0,0,0
AP000428.1,0.0,0.0,0,0
AP000428.2,0.0,0.0,0,0
AP000431.1,0.0,0.0,0,0
AP000431.2,0.0,0.0,0,0
AP000432.1,0.0,0.0,0,0
AP000438.1,0.0,0.0,0,0
AP000439.1,-0.00045922477,0.0,0,1
AP000439.3,0.0,0.0,0,0
AP000446.1,-9.9495264e-05,0.0,0,1
AP000459.1,0.0,0.0,0,0
AP000459.2,0.0,0.0,0,0
AP000462.1,0.0,0.0,0,0
AP000462.2,0.0,0.0,0,0
AP000462.3,0.0,0.0,0,0
AP000470.1,0.0,0.0,0,0
AP000471.1,0.0,0.0,0,0
AP000472.1,0.0,0.0,0,0
AP000474.1,0.0,0.0,0,0
AP000474.2,0.0,0.0,0,0
AP000477.1,0.0,0.0,0,0
AP000477.2,0.0,0.0,0,0
AP000477.3,0.0,0.0,0,0
AP000487.1,-0.00029624946,0.0,0,1
AP000487.2,0.0,0.0,0,0
AP000527.1,0.0,0.0,0,0
AP000532.2,0.0,0.0,0,0
AP000534.1,0.0,0.0,0,0
AP000542.2,0.0,0.0,0,0
AP000542.3,0.0,0.0,0,0
AP000547.2,0.0,0.0,0,0
AP000547.3,-0.002640074,0.0,0,2
AP000547.4,0.0,0.0,0,0
AP000550.1,0.0,0.0,0,0
AP000550.2,0.0,0.0,0,0
AP000552.2,0.0,0.0,0,0
AP000552.4,0.0,0.0,0,0
AP000553.2,0.0,0.0,0,0
AP000553.3,0.0,0.0,0,0
AP000553.9,0.0,0.0,0,0
AP000561.1,0.0,0.0,0,0
AP000569.1,-0.000103240855,0.0,0,1
AP000593.3,0.0,0.0,0,0
AP000593.4,-0.00011856018,0.0,0,1
AP000640.1,-0.00017919694,0.0,0,1
AP000640.2,-0.0009171432,0.0,0,1
AP000648.9,0.0,0.0,0,0
AP000654.1,0.0,0.0,0,0
AP000676.5,0.0,0.0,0,0
AP000679.1,0.0,0.0,0,0
AP000688.3,0.0,0.0,0,0
AP000688.4,0.0,0.0,0,0
AP000692.2,-0.00057812815,0.0,0,1
AP000695.2,-9.533452e-05,0.0,0,1
AP000696.1,0.0,0.0,0,0
AP000696.2,0.0,0.0,0,0
AP000696.3,0.0,0.0,0,0
AP000697.1,0.0,0.0,0,0
AP000708.1,0.0,0.0,0,0
AP000721.2,0.0,0.0,0,0
AP000722.1,0.0,0.0,0,0
AP000753.1,0.0,0.0,0,0
AP000753.2,0.0,0.0,0,0
AP000755.1,0.0,0.0,0,0
AP000755.2,0.0,0.0,0,0
AP000757.2,0.0,0.0,0,0
AP000759.1,0.0,0.0,0,0
AP000763.4,0.0,0.0,0,0
AP000769.6,-0.00096477853,0.0,0,1
AP000777.1,0.0,0.0,0,0
AP000777.2,-0.00056770275,0.0,0,1
AP000777.3,0.0,0.0,0,0
AP000781.1,0.0,0.0,0,0
AP000785.1,0.0,0.0,0,0
AP000793.1,0.0,0.0,0,0
AP000802.1,-0.0013790787,0.0,0,2
AP000808.1,0.0,0.0,0,0
AP000812.4,0.0,0.0,0,0
AP000813.1,0.0,0.0,0,0
AP000820.1,0.0,0.0,0,0
AP000820.2,0.0,0.0,0,0
AP000821.1,0.0,0.0,0,0
AP000821.2,0.0,0.0,0,0
AP000829.1,0.0,0.0,0,0
AP000842.1,0.0,0.0,0,0
AP000842.2,0.0,0.0,0,0
AP000842.3,0.0,0.0,0,0
AP000844.1,0.0,0.0,0,0
AP000844.2,0.0,0.0,0,0
AP000851.1,-0.0054051825,0.0,0,1
AP000851.2,0.0,0.0,0,0
AP000855.1,0.0,0.0,0,0
AP000857.2,0.0,0.0,0,0
AP000864.1,0.0,0.0,0,0
AP000866.1,-0.00047779502,0.0,0,1
AP000866.2,0.0,0.0,0,0
AP000866.5,0.0,0.0,0,0
AP000867.5,0.0,0.0,0,0
AP000873.3,0.0,0.0,0,0
AP000873.4,0.0,0.0,0,0
AP000879.1,0.0,0.0,0,0
AP000879.2,0.0,0.0,0,0
AP000892.1,0.0,0.0,0,0
AP000892.3,0.0,0.0,0,0
AP000893.2,0.0,0.0,0,0
AP000894.2,0.0,0.0,0,0
AP000894.3,0.0,0.0,0,0
AP000894.4,0.0,0.0,0,0
AP000897.2,0.0,0.0,0,0
AP000907.2,0.0,0.0,0,0
AP000911.1,0.0,0.0,0,0
AP000915.1,0.0,0.0,0,0
AP000919.2,0.0,0.0,0,0
AP000919.3,0.0,0.0,0,0
AP000936.1,0.0,0.0,0,0
AP000941.1,0.0,0.0,0,0
AP000942.2,0.0,0.0,0,0
AP000943.1,0.0,0.0,0,0
AP000943.2,-0.0002470475,0.0,0,1
AP000944.1,0.0,0.0,0,0
AP000944.6,-0.0001917768,0.0,0,1
AP000944.7,-0.00016551382,0.0,0,1
AP000959.1,0.0,0.0,0,0
AP000961.1,0.0,0.0,0,0
AP000962.1,0.0,0.0,0,0
AP000962.3,0.0,0.0,0,0
AP000997.2,0.0,0.0,0,0
AP000997.3,0.0,0.0,0,0
AP001005.3,-0.0022209117,0.0,0,1
AP001007.1,0.0,0.0,0,0
AP001007.2,0.0,0.0,0,0
AP001007.3,0.0,0.0,0,0
AP001010.1,0.0,0.0,0,0
AP001011.1,0.0,0.0,0,0
AP001020.1,0.0,0.0,0,0
AP001020.3,0.0,0.0,0,0
AP001021.1,-7.386038e-05,0.0,0,1
AP001021.2,0.0,0.0,0,0
AP001025.1,0.0,0.0,0,0
AP001029.1,0.0,0.0,0,0
AP001033.3,0.0,0.0,0,0
AP001037.1,0.0,0.0,0,0
AP001042.2,0.0,0.0,0,0
AP001042.3,0.0,0.0,0,0
AP001043.1,0.0,0.0,0,0
AP001046.1,-0.00046549307,0.0,0,1
AP001048.1,0.0,0.0,0,0
AP001056.1,-0.00012872928,0.0,0,1
AP001059.1,0.0,0.0,0,0
AP001059.2,-8.908624e-05,0.0,0,1
AP001062.2,0.0,0.0,0,0
AP001065.3,0.0,0.0,0,0
AP001066.1,0.0,0.0,0,0
AP001085.1,-0.00013769954,0.0,0,1
AP001092.1,0.0,0.0,0,0
AP001094.1,0.0,0.0,0,0
AP001094.2,-6.519804e-05,0.0,0,1
AP001094.3,0.0,0.0,0,0
AP001095.1,0.0,0.0,0,0
AP001099.1,0.0,0.0,0,0
AP001107.1,0.0,0.0,0,0
AP001107.3,0.0,0.0,0,0
AP001107.4,0.0,0.0,0,0
AP001107.5,0.0,0.0,0,0
AP001107.6,0.0,0.0,0,0
AP001107.7,0.0,0.0,0,0
AP001107.8,-0.00020675693,0.0,0,1
AP001107.9,-0.0037866498,0.0,0,2
AP001109.1,0.0,0.0,0,0
AP001116.1,0.0,0.0,0,0
AP001117.1,0.0,0.0,0,0
AP001120.1,0.0,0.0,0,0
AP001120.2,0.0,0.0,0,0
AP001120.5,0.0,0.0,0,0
AP001122.1,0.0,0.0,0,0
AP001136.1,0.0,0.0,0,0
AP001150.1,0.0,0.0,0,0
AP001172.1,0.0,0.0,0,0
AP001172.2,0.0,0.0,0,0
AP001178.1,0.0,0.0,0,0
AP001178.2,0.0,0.0,0,0
AP001178.3,0.0,0.0,0,0
AP001180.1,0.0,0.0,0,0
AP001180.2,0.0,0.0,0,0
AP001180.4,0.0,0.0,0,0
AP001189.1,0.0,0.0,0,0
AP001189.3,0.0,0.0,0,0
AP001189.4,0.0,0.0,0,0
AP001198.2,0.0,0.0,0,0
AP001205.1,0.0,0.0,0,0
AP001207.3,0.0,0.0,0,0
AP001208.1,0.0,0.0,0,0
AP001255.1,0.0,0.0,0,0
AP001266.1,0.0,0.0,0,0
AP001266.2,0.0,0.0,0,0
AP001267.1,-0.00013883208,0.0,0,1
AP001267.2,0.0,0.0,0,0
AP001267.3,-0.0027825804,0.0,0,2
AP001267.4,0.0,0.0,0,0
AP001269.1,0.0,0.0,0,0
AP001269.2,0.0,0.0,0,0
AP001271.1,0.0,0.0,0,0
AP001318.1,0.0,0.0,0,0
AP001318.2,0.0,0.0,0,0
AP001330.1,0.0,0.0,0,0
AP001330.4,-0.00016960023,0.0,0,1
AP001330.5,0.0,0.0,0,0
AP001341.1,0.0,0.0,0,0
AP001350.1,0.0,0.0,0,0
AP001351.1,0.0,0.0,0,0
AP001360.1,0.0,0.0,0,0
AP001360.2,0.0,0.0,0,0
AP001360.3,0.0,0.0,0,0
AP001363.1,0.0,0.0,0,0
AP001363.2,0.0,0.0,0,0
AP001372.1,0.0,0.0,0,0
AP001372.3,-8.2239916e-05,0.0,0,1
AP001381.1,0.0,0.0,0,0
AP001407.1,0.0,0.0,0,0
AP001412.1,0.0,0.0,0,0
AP001429.1,-2.3075554e-05,0.0,0,1
AP001432.1,-0.00014230292,0.0,0,1
AP001434.1,0.0,0.0,0,0
AP001439.1,0.0,0.0,0,0
AP001442.1,0.0,0.0,0,0
AP001453.1,-0.00038237622,0.0,0,1
AP001453.2,-0.013134572,0.0,0,2
AP001458.1,0.0,0.0,0,0
AP001464.1,0.0,0.0,0,0
AP001468.1,0.0,0.0,0,0
AP001469.1,0.0,0.0,0,0
AP001469.2,0.0,0.0,0,0
AP001471.1,0.0,0.0,0,0
AP001476.1,0.0,0.0,0,0
AP001476.2,0.0,0.0,0,0
AP001476.3,0.0,0.0,0,0
AP001486.2,0.0,0.0,0,0
AP001496.1,0.0,0.0,0,0
AP001496.2,-0.0002155383,0.0,0,1
AP001496.4,0.0,0.0,0,0
AP001505.1,-0.00054795033,0.0,0,1
AP001527.1,0.0,0.0,0,0
AP001527.2,0.0,0.0,0,0
AP001528.1,0.0,0.0,0,0
AP001531.1,0.0,0.0,0,0
AP001542.3,0.0,0.0,0,0
AP001547.1,0.0,0.0,0,0
AP001554.1,0.0,0.0,0,0
AP001574.1,0.0,0.0,0,0
AP001591.1,0.0,0.0,0,0
AP001595.1,0.0,0.0,0,0
AP001595.2,0.0,0.0,0,0
AP001596.1,0.0,0.0,0,0
AP001596.2,0.0,0.0,0,0
AP001599.1,0.0,0.0,0,0
AP001604.1,0.0,0.0,0,0
AP001605.1,0.0,0.0,0,0
AP001610.3,0.0,0.0,0,0
AP001615.1,0.0,0.0,0,0
AP001619.1,0.0,0.0,0,0
AP001619.2,0.0,0.0,0,0
AP001625.1,0.0,0.0,0,0
AP001625.2,0.0,0.0,0,0
AP001625.3,0.0,0.0,0,0
AP001626.1,-0.0002385532,0.0,0,1
AP001627.1,0.0,0.0,0,0
AP001628.1,0.0,0.0,0,0
AP001628.2,0.0,0.0,0,0
AP001630.1,0.0,0.0,0,0
AP001631.1,0.0,0.0,0,0
AP001636.3,-0.003245486,0.0,0,2
AP001652.1,0.0,0.0,0,0
AP001767.3,0.0,0.0,0,0
AP001775.2,0.0,0.0,0,0
AP001781.1,0.0,0.0,0,0
AP001783.1,0.0,0.0,0,0
AP001790.1,0.0,0.0,0,0
AP001793.1,0.0,0.0,0,0
AP001804.1,0.0,0.0,0,0
AP001825.1,0.0,0.0,0,0
AP001830.2,0.0,0.0,0,0
AP001831.1,0.0,0.0,0,0
AP001885.3,0.0,0.0,0,0
AP001893.3,0.0,0.0,0,0
AP001922.1,0.0,0.0,0,0
AP001922.2,0.0,0.0,0,0
AP001922.3,0.0,0.0,0,0
AP001922.5,-0.0151044605,0.0,0,2
AP001922.6,0.0,0.0,0,0
AP001924.1,0.0,0.0,0,0
AP001924.2,0.0,0.0,0,0
AP001961.1,0.0,0.0,0,0
AP001970.1,0.0,0.0,0,0
AP001972.1,0.0,0.0,0,0
AP001972.2,0.0,0.0,0,0
AP001972.3,-0.009105712,0.0,0,2
AP001972.4,0.0,0.0,0,0
AP001977.1,0.0,0.0,0,0
AP001978.1,0.0,0.0,0,0
AP001981.2,-0.0004356095,0.0,0,1
AP001992.2,-0.00019069972,0.0,0,1
AP001993.1,0.0,0.0,0,0
AP001994.2,0.0,0.0,0,0
AP001994.3,0.0,0.0,0,0
AP001999.1,0.0,0.0,0,0
AP001999.2,0.0,0.0,0,0
AP001999.3,0.0,0.0,0,0
AP002001.3,0.0,0.0,0,0
AP002008.1,0.0,0.0,0,0
AP002008.3,0.0,0.0,0,0
AP002008.4,0.0,0.0,0,0
AP002075.1,0.0,0.0,0,0
AP002336.1,-8.045771e-05,0.0,0,1
AP002336.2,0.0,0.0,0,0
AP002336.3,0.0,0.0,0,0
AP002340.1,0.0,0.0,0,0
AP002358.1,0.0,0.0,0,0
AP002370.2,0.0,0.0,0,0
AP002383.2,0.0,0.0,0,0
AP002409.1,0.0,0.0,0,0
AP002414.5,0.0,0.0,0,0
AP002428.1,0.0,0.0,0,0
AP002433.1,0.0,0.0,0,0
AP002433.2,-0.00023337001,0.0,0,1
AP002439.1,0.0,0.0,0,0
AP002448.1,0.0,0.0,0,0
AP002449.1,0.0,0.0,0,0
AP002478.1,0.0,0.0,0,0
AP002478.2,-0.00021637818,0.0,0,1
AP002495.1,-0.0028817335,0.0,0,2
AP002498.1,0.0,0.0,0,0
AP002505.1,0.0,0.0,0,0
AP002505.3,0.0,0.0,0,0
AP002518.1,0.0,0.0,0,0
AP002518.2,0.0,0.0,0,0
AP002528.1,0.0,0.0,0,0
AP002748.2,0.0,0.0,0,0
AP002748.6,0.0,0.0,0,0
AP002754.1,0.0,0.0,0,0
AP002754.2,0.0,0.0,0,0
AP002755.1,0.0,0.0,0,0
AP002761.1,0.0,0.0,0,0
AP002761.2,0.0,0.0,0,0
AP002761.3,0.0,0.0,0,0
AP002761.4,-0.00013402986,0.0,0,1
AP002762.2,0.0,0.0,0,0
AP002762.3,0.0,0.0,0,0
AP002765.1,0.0,0.0,0,0
AP002768.1,0.0,0.0,0,0
AP002770.1,-0.009904574,0.0,0,1
AP002784.1,-0.00020258245,0.0,0,1
AP002793.1,0.0,0.0,0,0
AP002802.1,0.0,0.0,0,0
AP002812.2,0.0,0.0,0,0
AP002812.3,0.0,0.0,0,0
AP002812.5,0.0,0.0,0,0
AP002813.1,-0.0057649757,0.0,0,2
AP002815.1,0.0,0.0,0,0
AP002833.1,0.0,0.0,0,0
AP002833.2,0.0,0.0,0,0
AP002840.1,0.0,0.0,0,0
AP002851.1,-7.510759e-05,0.0,0,1
AP002856.1,0.0,0.0,0,0
AP002856.2,0.0,0.0,0,0
AP002856.3,0.0,0.0,0,0
AP002856.4,0.0,0.0,0,0
AP002884.1,0.0,0.0,0,0
AP002884.3,0.0,0.0,0,0
AP002892.1,0.0,0.0,0,0
AP002892.2,0.0,0.0,0,0
AP002893.1,0.0,0.0,0,0
AP002907.1,-9.333263e-05,0.0,0,1
AP002954.1,-0.018616522,0.0,0,2
AP002954.2,0.0,0.0,0,0
AP002957.1,0.0,0.0,0,0
AP002961.1,0.0,0.0,0,0
AP002989.1,0.0,0.0,0,0
AP002991.2,0.0,0.0,0,0
AP002992.1,-0.00013972908,0.0,0,1
AP002993.1,0.0,0.0,0,0
AP003025.1,0.0,0.0,0,0
AP003025.2,0.0,0.0,0,0
AP003027.1,-0.00018963356,0.0,0,1
AP003031.1,0.0,0.0,0,0
AP003032.1,0.0,0.0,0,0
AP003032.2,0.0,0.0,0,0
AP003043.1,0.0,0.0,0,0
AP003049.2,0.0,0.0,0,0
AP003059.1,-0.00016275446,0.0,0,1
AP003059.2,0.0,0.0,0,0
AP003062.2,0.0,0.0,0,0
AP003064.1,0.0,0.0,0,0
AP003064.2,0.0,0.0,0,0
AP003065.1,0.0,0.0,0,0
AP003065.2,0.0,0.0,0,0
AP003066.1,0.0,0.0,0,0
AP003068.1,0.0,0.0,0,0
AP003068.2,-0.002572673,0.0,0,2
AP003068.3,0.0,0.0,0,0
AP003071.1,0.0,0.0,0,0
AP003071.2,0.0,0.0,0,0
AP003071.3,0.0,0.0,0,0
AP003071.4,0.0,0.0,0,0
AP003086.1,0.0,0.0,0,0
AP003086.2,0.0,0.0,0,0
AP003096.1,0.0,0.0,0,0
AP003100.1,0.0,0.0,0,0
AP003100.2,0.0,0.0,0,0
AP003100.3,0.0,0.0,0,0
AP003108.1,0.0,0.0,0,0
AP003115.1,0.0,0.0,0,0
AP003117.1,0.0,0.0,0,0
AP003117.2,0.0,0.0,0,0
AP003119.1,0.0,0.0,0,0
AP003119.2,0.0,0.0,0,0
AP003119.3,0.0,0.0,0,0
AP003121.1,0.0,0.0,0,0
AP003122.2,0.0,0.0,0,0
AP003123.1,0.0,0.0,0,0
AP003128.1,0.0,0.0,0,0
AP003170.3,0.0,0.0,0,0
AP003170.4,0.0,0.0,0,0
AP003171.1,0.0,0.0,0,0
AP003173.1,0.0,0.0,0,0
AP003174.1,0.0,0.0,0,0
AP003174.2,0.0,0.0,0,0
AP003306.1,0.0,0.0,0,0
AP003306.2,0.0,0.0,0,0
AP003327.2,0.0,0.0,0,0
AP003351.1,0.0,0.0,0,0
AP003352.1,0.0,0.0,0,0
AP003354.1,0.0,0.0,0,0
AP003355.2,0.0,0.0,0,0
AP003385.3,0.0,0.0,0,0
AP003392.1,0.0,0.0,0,0
AP003392.3,0.0,0.0,0,0
AP003392.4,0.0,0.0,0,0
AP003392.5,-0.0051565203,0.0,0,2
AP003393.1,0.0,0.0,0,0
AP003396.1,0.0,0.0,0,0
AP003396.3,0.0,0.0,0,0
AP003396.5,0.0,0.0,0,0
AP003398.2,0.0,0.0,0,0
AP003400.1,0.0,0.0,0,0
AP003419.3,0.0,0.0,0,0
AP003464.1,0.0,0.0,0,0
AP003465.2,0.0,0.0,0,0
AP003467.1,0.0,0.0,0,0
AP003469.1,0.0,0.0,0,0
AP003469.2,0.0,0.0,0,0
AP003469.3,0.0,0.0,0,0
AP003471.1,0.0,0.0,0,0
AP003472.1,0.0,0.0,0,0
AP003472.2,0.0,0.0,0,0
AP003486.2,0.0,0.0,0,0
AP003498.1,0.0,0.0,0,0
AP003498.2,0.0,0.0,0,0
AP003500.1,0.0,0.0,0,0
AP003501.1,0.0,0.0,0,0
AP003501.2,0.0,0.0,0,0
AP003548.1,0.0,0.0,0,0
AP003550.1,0.0,0.0,0,0
AP003555.1,0.0,0.0,0,0
AP003555.2,0.0,0.0,0,0
AP003557.1,0.0,0.0,0,0
AP003557.2,-0.0006095466,0.0,0,1
AP003559.1,0.0,0.0,0,0
AP003692.1,0.0,0.0,0,0
AP003696.1,0.0,0.0,0,0
AP003715.1,0.0,0.0,0,0
AP003717.1,0.0,0.0,0,0
AP003718.1,0.0,0.0,0,0
AP003721.1,0.0,0.0,0,0
AP003721.2,-0.00015368324,0.0,0,1
AP003721.3,0.0,0.0,0,0
AP003774.1,0.0,0.0,0,0
AP003774.2,-0.00013728952,0.0,0,1
AP003783.1,0.0,0.0,0,0
AP003900.1,0.0,0.0,0,0
AP003969.1,0.0,0.0,0,0
AP003973.2,0.0,0.0,0,0
AP003973.3,0.0,0.0,0,0
AP003973.4,0.0,0.0,0,0
AP004147.1,0.0,0.0,0,0
AP004247.2,0.0,0.0,0,0
AP004550.1,0.0,0.0,0,0
AP004606.1,0.0,0.0,0,0
AP004608.1,0.0,0.0,0,0
AP004609.1,0.0,0.0,0,0
AP005057.1,0.0,0.0,0,0
AP005059.1,0.0,0.0,0,0
AP005059.2,0.0,0.0,0,0
AP005062.1,0.0,0.0,0,0
AP005120.1,0.0,0.0,0,0
AP005121.1,0.0,0.0,0,0
AP005121.2,0.0,0.0,0,0
AP005131.1,0.0,0.0,0,0
AP005131.2,-0.0040645762,0.0,0,1
AP005131.3,0.0,0.0,0,0
AP005131.5,0.0,0.0,0,0
AP005136.4,0.0,0.0,0,0
AP005137.1,0.0,0.0,0,0
AP005137.2,0.0,0.0,0,0
AP005202.1,0.0,0.0,0,0
AP005202.2,0.0,0.0,0,0
AP005203.1,0.0,0.0,0,0
AP005205.1,0.0,0.0,0,0
AP005205.2,0.0,0.0,0,0
AP005209.1,0.0,0.0,0,0
AP005209.2,0.0,0.0,0,0
AP005210.1,0.0,0.0,0,0
AP005210.2,0.0,0.0,0,0
AP005229.1,0.0,0.0,0,0
AP005229.2,0.0,0.0,0,0
AP005230.1,0.0,0.0,0,0
AP005233.1,0.0,0.0,0,0
AP005233.2,-0.00014258745,0.0,0,1
AP005242.1,0.0,0.0,0,0
AP005242.3,0.0,0.0,0,0
AP005242.5,0.0,0.0,0,0
AP005262.2,0.0,0.0,0,0
AP005264.1,0.0,0.0,0,0
AP005264.3,0.0,0.0,0,0
AP005264.4,0.0,0.0,0,0
AP005271.1,0.0,0.0,0,0
AP005273.1,0.0,0.0,0,0
AP005273.2,0.0,0.0,0,0
AP005328.1,0.0,0.0,0,0
AP005329.2,-9.085071e-05,0.0,0,1
AP005357.1,0.0,0.0,0,0
AP005380.1,0.0,0.0,0,0
AP005432.2,-0.00010544129,0.0,0,1
AP005436.1,0.0,0.0,0,0
AP005436.2,0.0,0.0,0,0
AP005436.3,0.0,0.0,0,0
AP005482.1,-0.00016814291,0.0,0,1
AP005482.2,0.0,0.0,0,0
AP005482.3,-0.00013714081,0.0,0,1
AP005530.1,0.0,0.0,0,0
AP005717.2,-9.6560914e-05,0.0,0,1
AP005899.1,0.0,0.0,0,0
AP005899.2,0.0,0.0,0,0
AP005900.1,0.0,0.0,0,0
AP005901.2,0.0,0.0,0,0
AP005901.5,-0.00021061824,0.0,0,1
AP005901.6,0.0,0.0,0,0
AP006216.1,0.0,0.0,0,0
AP006216.2,0.0,0.0,0,0
AP006216.3,0.0,0.0,0,0
AP006219.1,0.0,0.0,0,0
AP006219.2,0.0,0.0,0,0
AP006219.3,0.0,0.0,0,0
AP006222.2,-0.00016536463,0.0,0,1
AP006248.4,0.0,0.0,0,0
AP006248.6,0.0,0.0,0,0
AP006259.1,0.0,0.0,0,0
AP006261.1,0.0,0.0,0,0
AP006285.1,0.0,0.0,0,0
AP006287.2,0.0,0.0,0,0
AP006287.3,0.0,0.0,0,0
AP006295.1,0.0,0.0,0,0
AP006333.1,0.0,0.0,0,0
AP006333.2,0.0,0.0,0,0
AP006437.1,0.0,0.0,0,0
AP006545.1,-0.00023963756,0.0,0,1
AP006545.2,-7.54676e-05,0.0,0,1
AP006545.3,0.0,0.0,0,0
AP006547.1,0.0,0.0,0,0
AP006565.1,0.0,0.0,0,0
AP006621.1,0.0,0.0,0,0
AP006621.2,0.0,0.0,0,0
AP006621.4,0.0,0.0,0,0
AP006748.1,0.0,0.0,0,0
AP006748.2,0.0,0.0,0,0
AP007216.1,0.0,0.0,0,0
AP007216.2,0.0,0.0,0,0
AP3B2,0.0,0.0,0,0
AP4B1-AS1,0.0,0.0,0,0
APBA2,-0.002226527,0.0,0,1
APC2,0.0,0.0,0,0
APCDD1L,0.0,0.0,0,0
APCDD1L-DT,0.0,0.0,0,0
APCS,0.0,0.0,0,0
APELA,0.0,0.0,0,0
APLN,-0.00018076644,0.0,0,1
APLNR,0.0,0.0,0,0
APLP1,-0.00011866767,0.0,0,1
APOA1,-0.00053516176,0.0,0,1
APOA1-AS,0.0,0.0,0,0
APOA2,0.0,0.0,0,0
APOA4,0.0,0.0,0,0
APOA5,0.0,0.0,0,0
APOB,0.0,0.0,0,0
APOBEC1,0.0,0.0,0,0
APOBEC2,0.0,0.0,0,0
APOBEC3B-AS1,0.0,0.0,0,0
APOBEC4,0.0,0.0,0,0
APOC3,0.0,0.0,0,0
APOF,0.0,0.0,0,0
APOH,0.0,0.0,0,0
APOL5,0.0,0.0,0,0
AQP10,0.0,0.0,0,0
AQP11,0.0,0.0,0,0
AQP12A,0.0,0.0,0,0
AQP12B,0.0,0.0,0,0
AQP2,0.0,0.0,0,0
AQP3,-0.0030010568,0.0,0,2
AQP4,0.0,0.0,0,0
AQP4-AS1,0.0,0.0,0,0
AQP5,0.0,0.0,0,0
ARAP1-AS1,0.0,0.0,0,0
ARAP1-AS2,-0.00024000184,0.0,0,1
ARFGEF3,-0.0062331115,0.0,0,2
ARGFX,0.0,0.0,0,0
ARHGAP11B,0.0,0.0,0,0
ARHGAP22-IT1,0.0,0.0,0,0
ARHGAP23,-0.00070259516,0.0,0,1
ARHGAP26-AS1,0.0,0.0,0,0
ARHGAP26-IT1,-0.00022819529,0.0,0,1
ARHGAP28,0.0,0.0,0,0
ARHGAP29-AS1,0.0,0.0,0,0
ARHGAP31-AS1,-0.00021105817,0.0,0,1
ARHGAP32,-0.00038033235,0.0,0,1
ARHGAP36,0.0,0.0,0,0
ARHGAP39,-0.00024837337,0.0,0,1
ARHGAP40,0.0,0.0,0,0
ARHGAP44,0.0,0.0,0,0
ARHGDIG,0.0,0.0,0,0
ARHGEF15,0.0,0.0,0,0
ARHGEF19-AS1,0.0,0.0,0,0
ARHGEF25,-0.0031928832,0.0,0,2
ARHGEF26-AS1,-0.00013769954,0.0,0,1
ARHGEF3-AS1,0.0,0.0,0,0
ARHGEF38,0.0,0.0,0,0
ARHGEF38-IT1,0.0,0.0,0,0
ARHGEF4,0.0,0.0,0,0
ARHGEF7-AS1,0.0,0.0,0,0
ARHGEF7-AS2,0.0,0.0,0,0
ARHGEF7-IT1,0.0,0.0,0,0
ARHGEF9-IT1,0.0,0.0,0,0
ARID3C,0.0,0.0,0,0
ARL13A,0.0,0.0,0,0
ARL14,0.0,0.0,0,0
ARL14EPL,0.0,0.0,0,0
ARL9,0.0,0.0,0,0
ARLNC1,0.0,0.0,0,0
ARMC12,-0.00013846344,0.0,0,1
ARMC2-AS1,0.0,0.0,0,0
ARMC4,-0.0030863357,0.0,0,1
ARMCX3-AS1,0.0,0.0,0,0
ARMCX5-GPRASP2-1,0.0,0.0,0,0
ARMH2,0.0,0.0,0,0
ARMS2,0.0,0.0,0,0
ARNT2,-4.3717115e-05,0.0,0,1
ARNTL2-AS1,0.0,0.0,0,0
ARPP21,0.0,0.0,0,0
ARPP21-AS1,0.0,0.0,0,0
ARR3,0.0,0.0,0,0
ARRDC3-AS1,-0.00031902254,0.0,0,1
ARSD-AS1,-0.000119039585,0.0,0,1
ARSF,0.0,0.0,0,0
ARSH,0.0,0.0,0,0
ARSI,0.0,0.0,0,0
ARSJ,0.0,0.0,0,0
ARSK,-0.003031845,0.0,0,2
ART1,0.0,0.0,0,0
ART3,0.0,0.0,0,0
ART4,-9.8946686e-05,0.0,0,1
ART5,0.0,0.0,0,0
ARTN,-0.00041564053,0.0,0,1
ARX,0.0,0.0,0,0
ASAH2,0.0,0.0,0,0
ASAP3,-0.00022639373,0.0,0,1
ASB10,0.0,0.0,0,0
ASB11,0.0,0.0,0,0
ASB12,0.0,0.0,0,0
ASB15,0.0,0.0,0,0
ASB16,0.0,0.0,0,0
ASB17,0.0,0.0,0,0
ASB18,0.0,0.0,0,0
ASB4,0.0,0.0,0,0
ASB5,0.0,0.0,0,0
ASCL3,0.0,0.0,0,0
ASCL4,0.0,0.0,0,0
ASCL5,0.0,0.0,0,0
ASH1L-IT1,0.0,0.0,0,0
ASIC2,0.0,0.0,0,0
ASIC4,0.0,0.0,0,0
ASIC5,0.0,0.0,0,0
ASPA,0.0,0.0,0,0
ASPDH,0.0,0.0,0,0
ASPG,0.0,0.0,0,0
ASPN,0.0,0.0,0,0
ASTN1,0.0,0.0,0,0
ASTN2-AS1,0.0,0.0,0,0
ASXL3,0.0,0.0,0,0
ASZ1,0.0,0.0,0,0
ATCAY,-0.011246922,0.0,0,1
ATG10-AS1,0.0,0.0,0,0
ATG10-IT1,0.0,0.0,0,0
ATOH1,0.0,0.0,0,0
ATOH7,0.0,0.0,0,0
ATP10B,0.0,0.0,0,0
ATP11A-AS1,0.0,0.0,0,0
ATP11AUN,0.0,0.0,0,0
ATP12A,0.0,0.0,0,0
ATP13A4-AS1,0.0,0.0,0,0
ATP13A5,0.0,0.0,0,0
ATP13A5-AS1,0.0,0.0,0,0
ATP1A2,0.0,0.0,0,0
ATP1A3,0.0,0.0,0,0
ATP1B2,0.0,0.0,0,0
ATP1B3-AS1,-9.740293e-05,0.0,0,1
ATP1B4,0.0,0.0,0,0
ATP2A1-AS1,-0.00024270399,0.0,0,1
ATP2B2-IT1,0.0,0.0,0,0
ATP2B2-IT2,0.0,0.0,0,0
ATP2B3,0.0,0.0,0,0
ATP2C2,0.0,0.0,0,0
ATP2C2-AS1,0.0,0.0,0,0
ATP4A,0.0,0.0,0,0
ATP6V0A4,0.0,0.0,0,0
ATP6V0E2-AS1,-0.0021194562,0.0,0,2
ATP6V1B1,0.0,0.0,0,0
ATP6V1FNB,-0.0005886385,0.0,0,1
ATP6V1G3,0.0,0.0,0,0
ATP8A2,-0.00037024624,0.0,0,1
ATRNL1,-0.00017809932,0.0,0,1
ATXN3L,0.0,0.0,0,0
ATXN8OS,0.0,0.0,0,0
AVP,0.0,0.0,0,0
AVPR1A,0.0,0.0,0,0
AVPR1B,0.0,0.0,0,0
AVPR2,-0.00015330531,0.0,0,1
AWAT1,0.0,0.0,0,0
AWAT2,0.0,0.0,0,0
AXDND1,-0.00016963512,0.0,0,1
AZGP1,0.0,0.0,0,0
AZU1,-0.014637496,0.0,0,2
B3GALT1,0.0,0.0,0,0
B3GALT2,-0.00017580875,0.0,0,1
B3GALT5,0.0,0.0,0,0
B3GALT5-AS1,0.0,0.0,0,0
B3GAT1,0.0,0.0,0,0
B3GAT2,-0.0007632347,0.0,0,1
B3GNT3,0.0,0.0,0,0
B3GNT4,-0.00017258915,0.0,0,1
B3GNT6,0.0,0.0,0,0
B4GALNT1,-3.5990826e-05,0.0,0,1
B4GALNT2,-0.00022878591,0.0,0,1
B4GALT2,-0.0074054995,0.0,0,2
B4GALT4-AS1,0.0,0.0,0,0
BAALC-AS2,0.0,0.0,0,0
BAAT,0.0,0.0,0,0
BACE2-IT1,0.0,0.0,0,0
BACH1-AS1,0.0,0.0,0,0
BACH1-IT1,-3.431333e-05,0.0,0,1
BACH1-IT3,0.0,0.0,0,0
BAIAP2L1,-4.5626366e-05,0.0,0,1
BAIAP2L2,0.0,0.0,0,0
BAIAP3,0.0,0.0,0,0
BANCR,0.0,0.0,0,0
BANF2,0.0,0.0,0,0
BANK1,-0.00037998616,0.0,0,1
BARHL1,0.0,0.0,0,0
BARHL2,0.0,0.0,0,0
BARX1,0.0,0.0,0,0
BARX1-DT,0.0,0.0,0,0
BARX2,0.0,0.0,0,0
BASP1-AS1,-0.007973395,0.0,0,2
BBOX1,0.0,0.0,0,0
BBOX1-AS1,-0.0024652602,0.0,0,2
BBS12,-0.004563527,0.0,0,2
BCAR4,0.0,0.0,0,0
BCL11B,-0.004888016,0.0,0,2
BCL2L10,0.0,0.0,0,0
BCL2L14,-0.0006715401,0.0,0,1
BCL2L15,-0.00014785618,0.0,0,1
BCL2L2-PABPN1,0.0,0.0,0,0
BCL6B,0.0,0.0,0,0
BCO1,0.0,0.0,0,0
BDKRB1,0.0,0.0,0,0
BDKRB2,0.0,0.0,0,0
BDNF,0.0,0.0,0,0
BDNF-AS,-0.00039841296,0.0,0,1
BEAN1,-0.00035303077,0.0,0,1
BECN2,0.0,0.0,0,0
BEGAIN,0.0,0.0,0,0
BEND2,0.0,0.0,0,0
BEND3,-0.00034715259,0.0,0,1
BEND4,0.0,0.0,0,0
BEND6,0.0,0.0,0,0
BEST2,0.0,0.0,0,0
BEST3,-0.00022350269,0.0,0,1
BEST4,-0.0003759892,0.0,0,1
BFSP2,0.0,0.0,0,0
BFSP2-AS1,0.0,0.0,0,0
BGLT3,0.0,0.0,0,0
BHLHA15,0.0,0.0,0,0
BHLHA9,0.0,0.0,0,0
BHLHB9,0.0,0.0,0,0
BHLHE22,0.0,0.0,0,0
BHLHE23,0.0,0.0,0,0
BHLHE40-AS1,-0.0002789997,0.0,0,1
BHMG1,0.0,0.0,0,0
BHMT,0.0,0.0,0,0
BHMT2,0.0,0.0,0,0
BICC1,0.0,0.0,0,0
BICDL1,-0.012701432,0.0,0,1
BICDL2,-0.009989899,0.0,0,2
BICRA-AS1,0.0,0.0,0,0
BIRC6-AS1,0.0,0.0,0,0
BIRC7,-0.012306068,0.0,0,2
BLACAT1,0.0,0.0,0,0
BLACE,0.0,0.0,0,0
BLID,0.0,0.0,0,0
BLK,-0.00015004513,0.0,0,1
BMF-AS1,0.0,0.0,0,0
BMP10,0.0,0.0,0,0
BMP15,0.0,0.0,0,0
BMP2,-0.015091491,0.0,0,2
BMP3,0.0,0.0,0,0
BMP4,0.0,0.0,0,0
BMP5,0.0,0.0,0,0
BMP7-AS1,0.0,0.0,0,0
BMP8A,0.0,0.0,0,0
BMP8B-AS1,0.0,0.0,0,0
BMPER,0.0,0.0,0,0
BMPR1B,0.0,0.0,0,0
BMPR1B-DT,0.0,0.0,0,0
BMS1P14,0.0,0.0,0,0
BMX,0.0,0.0,0,0
BNC1,0.0,0.0,0,0
BNC2-AS1,0.0,0.0,0,0
BNIP5,0.0,0.0,0,0
BNIPL,-0.00011111594,0.0,0,1
BOC,-0.003108915,0.0,0,2
BOD1L2,0.0,0.0,0,0
BOK,-0.0102722375,0.0,0,2
BOK-AS1,-0.00021928553,0.0,0,1
BOLL,0.0,0.0,0,0
BPESC1,0.0,0.0,0,0
BPI,0.0,0.0,0,0
BPIFA1,0.0,0.0,0,0
BPIFA2,0.0,0.0,0,0
BPIFA3,0.0,0.0,0,0
BPIFB1,0.0,0.0,0,0
BPIFB2,0.0,0.0,0,0
BPIFB3,0.0,0.0,0,0
BPIFB4,0.0,0.0,0,0
BPIFB6,0.0,0.0,0,0
BPIFC,0.0,0.0,0,0
BPY2,0.0,0.0,0,0
BPY2B,0.0,0.0,0,0
BPY2C,0.0,0.0,0,0
BRDT,0.0,0.0,0,0
BRINP1,0.0,0.0,0,0
BRINP2,0.0,0.0,0,0
BRINP3,0.0,0.0,0,0
BRS3,0.0,0.0,0,0
BRSK1,-0.00018652233,0.0,0,1
BRSK2,-1.5902915e-05,0.0,0,1
BRWD1-AS1,0.0,0.0,0,0
BRWD1-IT1,-0.00015711455,0.0,0,1
BSN,0.0,0.0,0,0
BSN-AS1,0.0,0.0,0,0
BSN-DT,0.0,0.0,0,0
BSND,0.0,0.0,0,0
BSPH1,0.0,0.0,0,0
BSPRY,0.0,0.0,0,0
BSX,0.0,0.0,0,0
BTBD16,0.0,0.0,0,0
BTBD17,0.0,0.0,0,0
BTBD18,0.0,0.0,0,0
BTBD9-AS1,0.0,0.0,0,0
BTC,-0.0003138258,0.0,0,1
BTG4,0.0,0.0,0,0
BTLA,-0.0002692724,0.0,0,1
BTN1A1,0.0,0.0,0,0
BTNL3,0.0,0.0,0,0
BTNL8,0.0,0.0,0,0
BVES,-0.00064878375,0.0,0,1
BX004807.1,0.0,0.0,0,0
BX004987.1,0.0,0.0,0,0
BX005019.1,0.0,0.0,0,0
BX005040.3,0.0,0.0,0,0
BX005132.1,0.0,0.0,0,0
BX005214.1,0.0,0.0,0,0
BX005214.2,0.0,0.0,0,0
BX005266.2,-0.0030863357,0.0,0,1
BX072566.1,0.0,0.0,0,0
BX072579.1,0.0,0.0,0,0
BX072579.2,0.0,0.0,0,0
BX088651.2,0.0,0.0,0,0
BX088651.4,-0.00041388976,0.0,0,1
BX088723.1,0.0,0.0,0,0
BX119904.2,0.0,0.0,0,0
BX255923.1,0.0,0.0,0,0
BX255923.2,0.0,0.0,0,0
BX255925.1,-0.00013904,0.0,0,1
BX255925.4,0.0,0.0,0,0
BX276092.9,0.0,0.0,0,0
BX284613.2,0.0,0.0,0,0
BX284656.1,0.0,0.0,0,0
BX284656.2,0.0,0.0,0,0
BX284668.1,0.0,0.0,0,0
BX284668.2,0.0,0.0,0,0
BX322234.2,0.0,0.0,0,0
BX322557.1,0.0,0.0,0,0
BX322557.2,0.0,0.0,0,0
BX322559.1,0.0,0.0,0,0
BX322562.1,-0.00015216337,0.0,0,1
BX323043.1,0.0,0.0,0,0
BX324167.1,0.0,0.0,0,0
BX324167.2,-0.00014242725,0.0,0,1
BX469938.1,0.0,0.0,0,0
BX470102.1,0.0,0.0,0,0
BX470102.2,0.0,0.0,0,0
BX470209.1,0.0,0.0,0,0
BX470209.2,0.0,0.0,0,0
BX539320.1,-0.0002651204,0.0,0,1
BX546033.1,0.0,0.0,0,0
BX546450.1,0.0,0.0,0,0
BX546450.2,0.0,0.0,0,0
BX571846.1,-0.0001082421,0.0,0,1
BX640514.1,0.0,0.0,0,0
BX640515.1,0.0,0.0,0,0
BX649601.1,0.0,0.0,0,0
BX664718.1,0.0,0.0,0,0
BX664727.3,-0.00015203994,0.0,0,1
BX664730.1,0.0,0.0,0,0
BX927359.1,0.0,0.0,0,0
C10orf105,0.0,0.0,0,0
C10orf113,0.0,0.0,0,0
C10orf120,0.0,0.0,0,0
C10orf142,0.0,0.0,0,0
C10orf53,0.0,0.0,0,0
C10orf62,0.0,0.0,0,0
C10orf67,0.0,0.0,0,0
C10orf71,0.0,0.0,0,0
C10orf71-AS1,0.0,0.0,0,0
C10orf82,0.0,0.0,0,0
C10orf95,-0.00049432303,0.0,0,1
C10orf99,0.0,0.0,0,0
C11orf16,0.0,0.0,0,0
C11orf40,0.0,0.0,0,0
C11orf42,0.0,0.0,0,0
C11orf44,0.0,0.0,0,0
C11orf52,-0.0001243638,0.0,0,1
C11orf53,0.0,0.0,0,0
C11orf72,-0.00013769954,0.0,0,1
C11orf86,0.0,0.0,0,0
C11orf87,0.0,0.0,0,0
C11orf88,0.0,0.0,0,0
C11orf91,-0.00014682133,0.0,0,1
C11orf94,0.0,0.0,0,0
C11orf97,0.0,0.0,0,0
C12orf40,0.0,0.0,0,0
C12orf42,-0.0020174119,0.0,0,2
C12orf50,-0.00017546478,0.0,0,1
C12orf54,0.0,0.0,0,0
C12orf56,-0.00014896625,0.0,0,1
C12orf60,-0.00023638434,0.0,0,1
C12orf71,0.0,0.0,0,0
C12orf77,0.0,0.0,0,0
C12orf80,0.0,0.0,0,0
C12orf81,-0.00029497742,0.0,0,1
C13orf42,0.0,0.0,0,0
C13orf46,-0.00053535996,0.0,0,2
C14orf132,0.0,0.0,0,0
C14orf177,0.0,0.0,0,0
C14orf178,-0.00020866586,0.0,0,1
C14orf180,0.0,0.0,0,0
C14orf39,0.0,0.0,0,0
C15orf32,0.0,0.0,0,0
C15orf54,0.0,0.0,0,0
C15orf65,-0.00059722277,0.0,0,1
C16orf71,0.0,0.0,0,0
C16orf74,0.0,0.0,0,0
C16orf78,0.0,0.0,0,0
C16orf82,0.0,0.0,0,0
C16orf90,0.0,0.0,0,0
C16orf92,0.0,0.0,0,0
C16orf96,0.0,0.0,0,0
C16orf97,0.0,0.0,0,0
C17orf102,0.0,0.0,0,0
C17orf112,0.0,0.0,0,0
C17orf50,0.0,0.0,0,0
C17orf75,-0.0030521986,0.0,0,2
C17orf77,0.0,0.0,0,0
C17orf78,0.0,0.0,0,0
C17orf82,-0.0017707996,0.0,0,2
C17orf97,-0.0068582385,0.0,0,2
C17orf98,0.0,0.0,0,0
C17orf99,0.0,0.0,0,0
C18orf63,0.0,0.0,0,0
C19orf18,0.0,0.0,0,0
C19orf67,0.0,0.0,0,0
C19orf85,0.0,0.0,0,0
C1GALT1C1L,0.0,0.0,0,0
C1QL1,0.0,0.0,0,0
C1QL2,0.0,0.0,0,0
C1QL3,0.0,0.0,0,0
C1QL4,0.0,0.0,0,0
C1QTNF1-AS1,0.0,0.0,0,0
C1QTNF2,0.0,0.0,0,0
C1QTNF4,-0.018595986,0.0,0,2
C1QTNF5,0.0,0.0,0,0
C1QTNF8,0.0,0.0,0,0
C1QTNF9,0.0,0.0,0,0
C1QTNF9-AS1,0.0,0.0,0,0
C1QTNF9B,0.0,0.0,0,0
C1R,-0.009829327,0.0,0,2
C1orf100,0.0,0.0,0,0
C1orf105,0.0,0.0,0,0
C1orf115,0.0,0.0,0,0
C1orf116,-7.7904646e-05,0.0,0,1
C1orf137,0.0,0.0,0,0
C1orf141,0.0,0.0,0,0
C1orf143,-0.00021996652,0.0,0,1
C1orf146,0.0,0.0,0,0
C1orf147,0.0,0.0,0,0
C1orf158,0.0,0.0,0,0
C1orf167,-0.00014230292,0.0,0,1
C1orf185,0.0,0.0,0,0
C1orf189,0.0,0.0,0,0
C1orf195,0.0,0.0,0,0
C1orf220,0.0,0.0,0,0
C1orf232,0.0,0.0,0,0
C1orf53,-0.004791154,0.0,0,2
C1orf56,-0.009564484,0.0,0,2
C1orf68,0.0,0.0,0,0
C1orf87,0.0,0.0,0,0
C1orf94,0.0,0.0,0,0
C20orf141,0.0,0.0,0,0
C20orf144,0.0,0.0,0,0
C20orf173,0.0,0.0,0,0
C20orf187,0.0,0.0,0,0
C20orf202,0.0,0.0,0,0
C20orf203,0.0,0.0,0,0
C20orf78,0.0,0.0,0,0
C20orf85,0.0,0.0,0,0
C21orf58,-0.000108997956,0.0,0,1
C21orf62,0.0,0.0,0,0
C21orf91-OT1,-0.00020123895,0.0,0,1
C22orf15,-0.00026131686,0.0,0,1
C22orf23,0.0,0.0,0,0
C22orf24,0.0,0.0,0,0
C22orf31,0.0,0.0,0,0
C22orf42,-9.388284e-05,0.0,0,1
C2CD4A,0.0,0.0,0,0
C2CD4B,0.0,0.0,0,0
C2CD4C,0.0,0.0,0,0
C2CD6,0.0,0.0,0,0
C2orf15,0.0,0.0,0,0
C2orf16,0.0,0.0,0,0
C2orf50,0.0,0.0,0,0
C2orf66,0.0,0.0,0,0
C2orf72,0.0,0.0,0,0
C2orf73,0.0,0.0,0,0
C2orf78,0.0,0.0,0,0
C2orf80,0.0,0.0,0,0
C2orf83,0.0,0.0,0,0
C2orf88,-0.00032761737,0.0,0,1
C3orf20,0.0,0.0,0,0
C3orf22,0.0,0.0,0,0
C3orf49,0.0,0.0,0,0
C3orf52,0.0,0.0,0,0
C3orf56,0.0,0.0,0,0
C3orf67-AS1,0.0,0.0,0,0
C3orf79,0.0,0.0,0,0
C3orf80,-0.0148794865,0.0,0,1
C3orf84,0.0,0.0,0,0
C3orf85,0.0,0.0,0,0
C4A,0.0,0.0,0,0
C4A-AS1,0.0,0.0,0,0
C4B-AS1,0.0,0.0,0,0
C4BPA,0.0,0.0,0,0
C4orf17,0.0,0.0,0,0
C4orf19,0.0,0.0,0,0
C4orf36,-0.0023478067,0.0,0,2
C4orf45,0.0,0.0,0,0
C4orf50,0.0,0.0,0,0
C4orf51,0.0,0.0,0,0
C4orf54,0.0,0.0,0,0
C5orf17,-8.5325366e-05,0.0,0,1
C5orf38,0.0,0.0,0,0
C5orf46,0.0,0.0,0,0
C5orf47,0.0,0.0,0,0
C5orf52,0.0,0.0,0,0
C5orf58,0.0,0.0,0,0
C5orf60,0.0,0.0,0,0
C5orf64,0.0,0.0,0,0
C5orf64-AS1,0.0,0.0,0,0
C5orf66,0.0,0.0,0,0
C5orf66-AS1,0.0,0.0,0,0
C5orf66-AS2,0.0,0.0,0,0
C5orf67,0.0,0.0,0,0
C6,0.0,0.0,0,0
C6orf118,0.0,0.0,0,0
C6orf141,0.0,0.0,0,0
C6orf15,0.0,0.0,0,0
C6orf201,0.0,0.0,0,0
C6orf223,-4.4296263e-05,0.0,0,1
C6orf58,0.0,0.0,0,0
C7orf33,-0.0028212469,0.0,0,2
C7orf65,0.0,0.0,0,0
C7orf66,0.0,0.0,0,0
C7orf69,0.0,0.0,0,0
C7orf77,-0.00044434948,0.0,0,1
C8A,0.0,0.0,0,0
C8B,0.0,0.0,0,0
C8G,0.0,0.0,0,0
C8orf34,0.0,0.0,0,0
C8orf37,-0.000100803794,0.0,0,1
C8orf37-AS1,-0.0004371426,0.0,0,1
C8orf49,0.0,0.0,0,0
C8orf74,0.0,0.0,0,0
C8orf86,0.0,0.0,0,0
C8orf87,0.0,0.0,0,0
C8orf88,-0.00036060088,0.0,0,1
C8orf89,0.0,0.0,0,0
C9,0.0,0.0,0,0
C9orf129,0.0,0.0,0,0
C9orf131,0.0,0.0,0,0
C9orf135,-0.0030934343,0.0,0,2
C9orf135-DT,0.0,0.0,0,0
C9orf152,0.0,0.0,0,0
C9orf43,-0.0001859014,0.0,0,1
C9orf50,0.0,0.0,0,0
C9orf57,0.0,0.0,0,0
C9orf62,0.0,0.0,0,0
C9orf92,0.0,0.0,0,0
CA10,0.0,0.0,0,0
CA12,0.0,0.0,0,0
CA5A,0.0,0.0,0,0
CA6,0.0,0.0,0,0
CA7,0.0,0.0,0,0
CA9,-9.240695e-05,0.0,0,1
CABCOCO1,0.0,0.0,0,0
CABP1,0.0,0.0,0,0
CABP2,0.0,0.0,0,0
CABP5,0.0,0.0,0,0
CABP7,-0.0005818045,0.0,0,1
CABS1,-0.00015895255,0.0,0,1
CACNA1B,-0.00013769954,0.0,0,1
CACNA1C-AS1,0.0,0.0,0,0
CACNA1C-AS2,0.0,0.0,0,0
CACNA1C-AS3,0.0,0.0,0,0
CACNA1C-AS4,0.0,0.0,0,0
CACNA1C-IT1,0.0,0.0,0,0
CACNA1C-IT2,0.0,0.0,0,0
CACNA1C-IT3,0.0,0.0,0,0
CACNA1D,-0.037049793,0.0,0,2
CACNA1E,0.0,0.0,0,0
CACNA1F,-0.00020571554,0.0,0,1
CACNA1G-AS1,-0.00022208244,0.0,0,1
CACNA1H,0.0,0.0,0,0
CACNA1I,0.0,0.0,0,0
CACNA1S,0.0,0.0,0,0
CACNA2D1,0.0,0.0,0,0
CACNA2D2,0.0,0.0,0,0
CACNA2D3-AS1,0.0,0.0,0,0
CACNB2,0.0,0.0,0,0
CACNG1,0.0,0.0,0,0
CACNG2,0.0,0.0,0,0
CACNG3,0.0,0.0,0,0
CACNG4,-0.000117778116,0.0,0,1
CACNG5,0.0,0.0,0,0
CACNG6,0.0,0.0,0,0
CACNG7,0.0,0.0,0,0
CACNG8,-0.0029347164,0.0,0,1
CACTIN-AS1,0.0,0.0,0,0
CADM2-AS1,0.0,0.0,0,0
CADM2-AS2,0.0,0.0,0,0
CADM3,0.0,0.0,0,0
CADM3-AS1,0.0,0.0,0,0
CADM4,-0.00013630271,0.0,0,1
CALB1,0.0,0.0,0,0
CALCA,0.0,0.0,0,0
CALCB,-0.00038735018,0.0,0,1
CALCR,-0.0022102192,0.0,0,2
CALHM1,0.0,0.0,0,0
CALHM3,0.0,0.0,0,0
CALHM4,0.0,0.0,0,0
CALHM5,0.0,0.0,0,0
CALML3,0.0,0.0,0,0
CALML3-AS1,0.0,0.0,0,0
CALML5,0.0,0.0,0,0
CALN1,0.0,0.0,0,0
CALR3,0.0,0.0,0,0
CALY,-0.0024593326,0.0,0,2
CAMK1G,-0.00032589425,0.0,0,1
CAMK2A,-7.304554e-05,0.0,0,1
CAMK2B,-0.007296379,0.0,0,2
CAMK2N1,0.0,0.0,0,0
CAMK2N2,0.0,0.0,0,0
CAMKV,0.0,0.0,0,0
CAMP,0.0,0.0,0,0
CAMTA1-DT,-0.00038516478,0.0,0,1
CAMTA1-IT1,0.0,0.0,0,0
CAP2,-7.744753e-05,0.0,0,1
CAPN13,-0.0002651204,0.0,0,1
CAPN14,0.0,0.0,0,0
CAPN6,0.0,0.0,0,0
CAPN8,0.0,0.0,0,0
CAPN9,0.0,0.0,0,0
CAPSL,-0.00030472613,0.0,0,1
CAPZA3,0.0,0.0,0,0
CARD10,-0.0002554275,0.0,0,1
CARD14,-0.0022577466,0.0,0,2
CARD17,-0.00012217113,0.0,0,1
CARD18,0.0,0.0,0,0
CARMIL2,-0.000112769,0.0,0,1
CARMN,0.0,0.0,0,0
CARNMT1-AS1,0.0,0.0,0,0
CARNS1,-0.011381108,0.0,0,2
CARS-AS1,0.0,0.0,0,0
CARTPT,0.0,0.0,0,0
CASC1,-0.04681531,0.0,0,2
CASC11,-0.00020048028,0.0,0,1
CASC15,0.0,0.0,0,0
CASC16,0.0,0.0,0,0
CASC17,0.0,0.0,0,0
CASC18,0.0,0.0,0,0
CASC19,0.0,0.0,0,0
CASC2,-0.0056103603,0.0,0,2
CASC20,0.0,0.0,0,0
CASC22,0.0,0.0,0,0
CASC23,0.0,0.0,0,0
CASC6,0.0,0.0,0,0
CASC8,0.0,0.0,0,0
CASK-AS1,0.0,0.0,0,0
CASKIN1,-0.00012057732,0.0,0,1
CASP14,0.0,0.0,0,0
CASP5,-0.00064810674,0.0,0,1
CASQ1,0.0,0.0,0,0
CASQ2,0.0,0.0,0,0
CASR,-0.00033075505,0.0,0,1
CATIP,-0.011705826,0.0,0,2
CATIP-AS2,0.0,0.0,0,0
CATSPER4,0.0,0.0,0,0
CATSPERB,0.0,0.0,0,0
CATSPERD,0.0,0.0,0,0
CATSPERZ,0.0,0.0,0,0
CAV1,-0.007259608,0.0,0,2
CAV3,0.0,0.0,0,0
CAVIN2,-0.00014521233,0.0,0,1
CBLC,-0.00069669983,0.0,0,1
CBLIF,0.0,0.0,0,0
CBLL2,0.0,0.0,0,0
CBLN1,0.0,0.0,0,0
CBLN2,0.0,0.0,0,0
CBLN4,0.0,0.0,0,0
CBWD6,-0.0027644634,0.0,0,2
CCAT2,0.0,0.0,0,0
CCBE1,0.0,0.0,0,0
CCDC103,-8.9116074e-05,0.0,0,1
CCDC105,0.0,0.0,0,0
CCDC110,0.0,0.0,0,0
CCDC114,-0.00015895255,0.0,0,1
CCDC116,0.0,0.0,0,0
CCDC13-AS1,0.0,0.0,0,0
CCDC136,-0.0011299163,0.0,0,1
CCDC138,-0.0007596188,0.0,0,1
CCDC140,0.0,0.0,0,0
CCDC144NL,-4.524227e-05,0.0,0,1
CCDC144NL-AS1,0.0,0.0,0,0
CCDC148,0.0,0.0,0,0
CCDC148-AS1,0.0,0.0,0,0
CCDC15-DT,-0.0032849088,0.0,0,2
CCDC155,0.0,0.0,0,0
CCDC158,0.0,0.0,0,0
CCDC166,0.0,0.0,0,0
CCDC169,0.0,0.0,0,0
CCDC17,-0.0010814505,0.0,0,1
CCDC172,0.0,0.0,0,0
CCDC175,-0.00023337001,0.0,0,1
CCDC177,0.0,0.0,0,0
CCDC178,-0.00019097507,0.0,0,1
CCDC179,0.0,0.0,0,0
CCDC181,0.0,0.0,0,0
CCDC182,0.0,0.0,0,0
CCDC184,0.0,0.0,0,0
CCDC185,0.0,0.0,0,0
CCDC187,0.0,0.0,0,0
CCDC188,0.0,0.0,0,0
CCDC190,0.0,0.0,0,0
CCDC192,0.0,0.0,0,0
CCDC195,0.0,0.0,0,0
CCDC196,0.0,0.0,0,0
CCDC197,0.0,0.0,0,0
CCDC198,0.0,0.0,0,0
CCDC200,0.0,0.0,0,0
CCDC201,0.0,0.0,0,0
CCDC27,0.0,0.0,0,0
CCDC28B,-0.0041898456,0.0,0,2
CCDC33,0.0,0.0,0,0
CCDC36,-0.002627873,0.0,0,2
CCDC37-DT,0.0,0.0,0,0
CCDC38,0.0,0.0,0,0
CCDC39-AS1,0.0,0.0,0,0
CCDC42,0.0,0.0,0,0
CCDC54,0.0,0.0,0,0
CCDC60,0.0,0.0,0,0
CCDC62,-0.0001980741,0.0,0,1
CCDC63,-0.00012616374,0.0,0,1
CCDC65,0.0,0.0,0,0
CCDC70,0.0,0.0,0,0
CCDC73,-9.418249e-05,0.0,0,1
CCDC74A,-0.0007170464,0.0,0,1
CCDC74B,-0.00017672729,0.0,0,1
CCDC85C,-0.016149938,0.0,0,2
CCDC87,0.0,0.0,0,0
CCER1,0.0,0.0,0,0
CCER2,0.0,0.0,0,0
CCK,0.0,0.0,0,0
CCKAR,0.0,0.0,0,0
CCKBR,0.0,0.0,0,0
CCL11,0.0,0.0,0,0
CCL15,0.0,0.0,0,0
CCL16,0.0,0.0,0,0
CCL22,-0.00019646315,0.0,0,1
CCL23,-0.017323896,0.0,0,2
CCL24,-0.00017247966,0.0,0,1
CCL25,0.0,0.0,0,0
CCL26,0.0,0.0,0,0
CCL27,0.0,0.0,0,0
CCM2L,0.0,0.0,0,0
CCN4,0.0,0.0,0,0
CCN5,-0.00019297667,0.0,0,1
CCN6,0.0,0.0,0,0
CCND2-AS1,0.0,0.0,0,0
CCNI2,-0.00015698196,0.0,0,1
CCNJL,0.0,0.0,0,0
CCNO,0.0,0.0,0,0
CCR10,-0.00042860853,0.0,0,2
CCR3,-0.00010236833,0.0,0,1
CCR4,-0.00010644616,0.0,0,1
CCR6,-0.0117404945,0.0,0,2
CCR8,0.0,0.0,0,0
CCR9,0.0,0.0,0,0
CCT8L2,0.0,0.0,0,0
CD160,-0.002031277,0.0,0,2
CD164L2,0.0,0.0,0,0
CD177,0.0,0.0,0,0
CD19,-0.009558164,0.0,0,2
CD1B,0.0,0.0,0,0
CD200,-0.0003896112,0.0,0,1
CD200R1L,0.0,0.0,0,0
CD200R1L-AS1,0.0,0.0,0,0
CD207,0.0,0.0,0,0
CD244,-0.0009851796,0.0,0,1
CD300LD,-0.00023320028,0.0,0,1
CD300LG,-0.00031250407,0.0,0,1
CD34,0.0,0.0,0,0
CD40LG,-0.00046180768,0.0,0,1
CD44-AS1,0.0,0.0,0,0
CD5L,0.0,0.0,0,0
CDA,-0.00038807918,0.0,0,1
CDC14C,0.0,0.0,0,0
CDC20B,0.0,0.0,0,0
CDC42-AS1,-5.4997043e-05,0.0,0,1
CDC42-IT1,0.0,0.0,0,0
CDC42BPG,0.0,0.0,0,0
CDCA5,-0.0025544423,0.0,0,2
CDCP2,-0.004637096,0.0,0,1
CDH10,0.0,0.0,0,0
CDH12,-0.00011996203,0.0,0,1
CDH15,0.0,0.0,0,0
CDH16,0.0,0.0,0,0
CDH17,0.0,0.0,0,0
CDH18,0.0,0.0,0,0
CDH18-AS1,0.0,0.0,0,0
CDH19,0.0,0.0,0,0
CDH2,-0.00013883208,0.0,0,1
CDH20,0.0,0.0,0,0
CDH22,-0.04665344,0.0,0,1
CDH23-AS1,0.0,0.0,0,0
CDH3,0.0,0.0,0,0
CDH4,0.0,0.0,0,0
CDH5,0.0,0.0,0,0
CDH7,0.0,0.0,0,0
CDH8,0.0,0.0,0,0
CDH9,0.0,0.0,0,0
CDHR1,0.0,0.0,0,0
CDHR2,0.0,0.0,0,0
CDHR3,0.0,0.0,0,0
CDHR4,0.0,0.0,0,0
CDHR5,0.0,0.0,0,0
CDK15,0.0,0.0,0,0
CDK5R2,0.0,0.0,0,0
CDKL1,-0.00038853902,0.0,0,1
CDKL2,-0.00021698978,0.0,0,1
CDKL4,0.0,0.0,0,0
CDKN1C,-0.0076283575,0.0,0,2
CDKN2A-DT,0.0,0.0,0,0
CDNF,0.0,0.0,0,0
CDON,0.0,0.0,0,0
CDR1,0.0,0.0,0,0
CDRT1,0.0,0.0,0,0
CDRT15,0.0,0.0,0,0
CDRT15L2,0.0,0.0,0,0
CDRT7,0.0,0.0,0,0
CDRT8,0.0,0.0,0,0
CDSN,0.0,0.0,0,0
CDX1,0.0,0.0,0,0
CDX2,0.0,0.0,0,0
CDX4,0.0,0.0,0,0
CDY1,0.0,0.0,0,0
CDY1B,0.0,0.0,0,0
CDY2A,0.0,0.0,0,0
CDY2B,0.0,0.0,0,0
CEACAM16,0.0,0.0,0,0
CEACAM18,0.0,0.0,0,0
CEACAM20,0.0,0.0,0,0
CEACAM3,-0.004562816,0.0,0,2
CEACAM5,0.0,0.0,0,0
CEACAM6,0.0,0.0,0,0
CEACAM7,0.0,0.0,0,0
CEACAM8,0.0,0.0,0,0
CEBPA-DT,-0.005887661,0.0,0,2
CEBPB-AS1,-0.0002534452,0.0,0,1
CEBPE,-0.0027252466,0.0,0,2
CECR2,0.0,0.0,0,0
CECR3,0.0,0.0,0,0
CELA1,-0.00028112912,0.0,0,1
CELA2A,0.0,0.0,0,0
CELA2B,0.0,0.0,0,0
CELA3A,0.0,0.0,0,0
CELA3B,0.0,0.0,0,0
CELF2-AS1,0.0,0.0,0,0
CELF2-AS2,0.0,0.0,0,0
CELF2-DT,0.0,0.0,0,0
CELF3,0.0,0.0,0,0
CEMP1,0.0,0.0,0,0
CEND1,0.0,0.0,0,0
CENPVL1,0.0,0.0,0,0
CENPVL2,0.0,0.0,0,0
CENPVL3,0.0,0.0,0,0
CEP112,-0.00035747397,0.0,0,1
CEP126,-0.00041665114,0.0,0,1
CEP19,-0.000257335,0.0,0,1
CER1,0.0,0.0,0,0
CERKL,0.0,0.0,0,0
CERNA1,0.0,0.0,0,0
CERNA2,-0.0004912575,0.0,0,1
CERNA3,0.0,0.0,0,0
CERS3,0.0,0.0,0,0
CERS3-AS1,0.0,0.0,0,0
CERS6-AS1,-0.0004009124,0.0,0,1
CES5A,0.0,0.0,0,0
CETN1,0.0,0.0,0,0
CFAP100,0.0,0.0,0,0
CFAP161,0.0,0.0,0,0
CFAP206,-0.00038359,0.0,0,1
CFAP221,0.0,0.0,0,0
CFAP299,0.0,0.0,0,0
CFAP300,-0.0001584998,0.0,0,1
CFAP43,0.0,0.0,0,0
CFAP44-AS1,0.0,0.0,0,0
CFAP46,0.0,0.0,0,0
CFAP47,0.0,0.0,0,0
CFAP52,0.0,0.0,0,0
CFAP54,-0.00037117722,0.0,0,1
CFAP57,0.0,0.0,0,0
CFAP58,-0.00014406563,0.0,0,1
CFAP65,0.0,0.0,0,0
CFAP74,0.0,0.0,0,0
CFAP77,0.0,0.0,0,0
CFAP97D2,0.0,0.0,0,0
CFAP99,0.0,0.0,0,0
CFC1,0.0,0.0,0,0
CFC1B,0.0,0.0,0,0
CFHR1,0.0,0.0,0,0
CFHR2,0.0,0.0,0,0
CFHR3,0.0,0.0,0,0
CFHR4,0.0,0.0,0,0
CFHR5,0.0,0.0,0,0
CFI,0.0,0.0,0,0
CFTR,0.0,0.0,0,0
CFTR-AS1,0.0,0.0,0,0
CGA,0.0,0.0,0,0
CGB1,0.0,0.0,0,0
CGB2,0.0,0.0,0,0
CGB3,0.0,0.0,0,0
CGB5,0.0,0.0,0,0
CGB7,0.0,0.0,0,0
CGB8,0.0,0.0,0,0
CGN,-0.004176374,0.0,0,2
CGREF1,-0.00038339352,0.0,0,1
CHAC1,-8.648401e-05,0.0,0,1
CHAD,0.0,0.0,0,0
CHAT,0.0,0.0,0,0
CHCHD4,-0.008765071,0.0,0,2
CHD5,0.0,0.0,0,0
CHDH,-0.000122018595,0.0,0,1
CHGA,0.0,0.0,0,0
CHGB,-0.06635705,0.0,0,1
CHI3L2,-0.0039950935,0.0,0,2
CHIA,0.0,0.0,0,0
CHL1,-0.00023659131,0.0,0,1
CHL1-AS1,0.0,0.0,0,0
CHL1-AS2,0.0,0.0,0,0
CHMP1B-AS1,-0.0002066859,0.0,0,1
CHMP4C,-0.00013383258,0.0,0,1
CHODL,-7.515042e-05,0.0,0,1
CHODL-AS1,0.0,0.0,0,0
CHP2,0.0,0.0,0,0
CHPF,-0.0020019442,0.0,0,2
CHRD,0.0,0.0,0,0
CHRDL1,0.0,0.0,0,0
CHRDL2,0.0,0.0,0,0
CHRM1,0.0,0.0,0,0
CHRM3,-0.00022309717,0.0,0,1
CHRM3-AS1,0.0,0.0,0,0
CHRM3-AS2,-0.000325913,0.0,0,1
CHRM4,-0.00023756576,0.0,0,1
CHRM5,0.0,0.0,0,0
CHRNA2,0.0,0.0,0,0
CHRNA3,0.0,0.0,0,0
CHRNA4,0.0,0.0,0,0
CHRNA5,0.0,0.0,0,0
CHRNA7,-0.0001887544,0.0,0,1
CHRNA9,0.0,0.0,0,0
CHRNB2,0.0,0.0,0,0
CHRNB3,0.0,0.0,0,0
CHRNB4,0.0,0.0,0,0
CHRND,0.0,0.0,0,0
CHRNG,0.0,0.0,0,0
CHST1,0.0,0.0,0,0
CHST3,-0.00019262194,0.0,0,1
CHST4,0.0,0.0,0,0
CHST5,0.0,0.0,0,0
CHST6,0.0,0.0,0,0
CHST8,0.0,0.0,0,0
CHST9,0.0,0.0,0,0
CIB3,0.0,0.0,0,0
CIB4,0.0,0.0,0,0
CILP2,-0.00022191957,0.0,0,1
CIRBP-AS1,-0.00031792672,0.0,0,1
CISTR,0.0,0.0,0,0
CITED1,-0.00018425834,0.0,0,1
CKMT1A,0.0,0.0,0,0
CKMT1B,0.0,0.0,0,0
CKMT2,0.0,0.0,0,0
CLC,0.0,0.0,0,0
CLCA1,0.0,0.0,0,0
CLCA2,0.0,0.0,0,0
CLCA4,0.0,0.0,0,0
CLCA4-AS1,0.0,0.0,0,0
CLCF1,-0.00032612053,0.0,0,1
CLCNKB,0.0,0.0,0,0
CLDN10,-0.0020614131,0.0,0,2
CLDN10-AS1,0.0,0.0,0,0
CLDN14,0.0,0.0,0,0
CLDN17,0.0,0.0,0,0
CLDN18,0.0,0.0,0,0
CLDN19,0.0,0.0,0,0
CLDN2,0.0,0.0,0,0
CLDN20,0.0,0.0,0,0
CLDN22,0.0,0.0,0,0
CLDN24,0.0,0.0,0,0
CLDN25,0.0,0.0,0,0
CLDN34,0.0,0.0,0,0
CLDN6,-0.0023642266,0.0,0,2
CLDN8,0.0,0.0,0,0
CLDN9,0.0,0.0,0,0
CLDND2,-0.0035885845,0.0,0,2
CLEC10A,-0.0030001197,0.0,0,2
CLEC12A-AS1,0.0,0.0,0,0
CLEC12B,-0.008993599,0.0,0,1
CLEC14A,0.0,0.0,0,0
CLEC17A,-0.00041987188,0.0,0,1
CLEC18C,0.0,0.0,0,0
CLEC1B,0.0,0.0,0,0
CLEC2A,0.0,0.0,0,0
CLEC2L,0.0,0.0,0,0
CLEC3A,0.0,0.0,0,0
CLEC3B,-0.0001014542,0.0,0,1
CLEC4C,0.0,0.0,0,0
CLEC4D,-0.00025598978,0.0,0,1
CLEC4G,-0.00012177322,0.0,0,1
CLEC6A,-0.011841152,0.0,0,2
CLGN,-0.0001559518,0.0,0,1
CLIC5,0.0,0.0,0,0
CLIP1-AS1,0.0,0.0,0,0
CLLU1,-0.00013089138,0.0,0,1
CLMAT3,0.0,0.0,0,0
CLMP,0.0,0.0,0,0
CLNK,-5.649189e-05,0.0,0,1
CLPS,0.0,0.0,0,0
CLPSL1,0.0,0.0,0,0
CLPSL2,0.0,0.0,0,0
CLRN1,0.0,0.0,0,0
CLRN1-AS1,0.0,0.0,0,0
CLRN2,0.0,0.0,0,0
CLRN3,0.0,0.0,0,0
CLSTN2,0.0,0.0,0,0
CLSTN2-AS1,0.0,0.0,0,0
CLTRN,0.0,0.0,0,0
CLVS2,0.0,0.0,0,0
CLYBL-AS1,0.0,0.0,0,0
CLYBL-AS2,0.0,0.0,0,0
CMA1,0.0,0.0,0,0
CMTM5,0.0,0.0,0,0
CNBD1,0.0,0.0,0,0
CNDP1,-0.002380598,0.0,0,2
CNGA1,0.0,0.0,0,0
CNGA2,0.0,0.0,0,0
CNGA3,0.0,0.0,0,0
CNGA4,0.0,0.0,0,0
CNGB3,0.0,0.0,0,0
CNKSR2,0.0,0.0,0,0
CNMD,0.0,0.0,0,0
CNNM1,0.0,0.0,0,0
CNNM3-DT,0.0,0.0,0,0
CNOT10-AS1,0.0,0.0,0,0
CNPY1,0.0,0.0,0,0
CNR2,0.0,0.0,0,0
CNTD1,0.0,0.0,0,0
CNTD2,0.0,0.0,0,0
CNTFR,0.0,0.0,0,0
CNTFR-AS1,0.0,0.0,0,0
CNTN1,0.0,0.0,0,0
CNTN2,0.0,0.0,0,0
CNTN3,0.0,0.0,0,0
CNTN4,0.0,0.0,0,0
CNTN4-AS1,0.0,0.0,0,0
CNTN4-AS2,0.0,0.0,0,0
CNTN5,0.0,0.0,0,0
CNTN6,0.0,0.0,0,0
CNTNAP1,-7.8403136e-05,0.0,0,1
CNTNAP2,0.0,0.0,0,0
CNTNAP3,0.0,0.0,0,0
CNTNAP3C,0.0,0.0,0,0
CNTNAP4,0.0,0.0,0,0
CNTNAP5,0.0,0.0,0,0
COBL,-0.00035367635,0.0,0,1
COCH,0.0,0.0,0,0
COL11A1,-0.008818128,0.0,0,1
COL11A2,0.0,0.0,0,0
COL12A1,-0.00018177916,0.0,0,1
COL14A1,0.0,0.0,0,0
COL16A1,0.0,0.0,0,0
COL17A1,0.0,0.0,0,0
COL18A1-AS1,0.0,0.0,0,0
COL18A1-AS2,0.0,0.0,0,0
COL19A1,0.0,0.0,0,0
COL20A1,0.0,0.0,0,0
COL21A1,0.0,0.0,0,0
COL22A1,0.0,0.0,0,0
COL25A1,0.0,0.0,0,0
COL26A1,-2.7029562e-05,0.0,0,1
COL28A1,0.0,0.0,0,0
COL2A1,0.0,0.0,0,0
COL4A2-AS1,-0.0004229307,0.0,0,1
COL4A3,0.0,0.0,0,0
COL4A4,0.0,0.0,0,0
COL4A6,0.0,0.0,0,0
COL5A1-AS1,0.0,0.0,0,0
COL5A3,0.0,0.0,0,0
COL6A5,0.0,0.0,0,0
COL6A6,-9.321048e-05,0.0,0,1
COL7A1,-0.001629152,0.0,0,1
COL8A1,0.0,0.0,0,0
COL9A1,-0.046806093,0.0,0,2
COLEC10,0.0,0.0,0,0
COLEC11,-0.0004483903,0.0,0,1
COMP,0.0,0.0,0,0
COPDA1,0.0,0.0,0,0
CORIN,0.0,0.0,0,0
CORO2B,0.0,0.0,0,0
CORT,0.0,0.0,0,0
COX4I2,-0.0003270218,0.0,0,1
COX6A2,-0.00034997702,0.0,0,1
COX6B2,0.0,0.0,0,0
COX7B2,0.0,0.0,0,0
COX8C,0.0,0.0,0,0
CP,-0.003466727,0.0,0,2
CPA1,0.0,0.0,0,0
CPA2,0.0,0.0,0,0
CPA3,0.0,0.0,0,0
CPA4,0.0,0.0,0,0
CPB1,-0.00020832337,0.0,0,1
CPB2,0.0,0.0,0,0
CPE,-0.00027542468,0.0,0,1
CPEB1,0.0,0.0,0,0
CPEB1-AS1,0.0,0.0,0,0
CPEB2-DT,0.0,0.0,0,0
CPHXL,0.0,0.0,0,0
CPLX2,0.0,0.0,0,0
CPLX3,0.0,0.0,0,0
CPLX4,0.0,0.0,0,0
CPN1,0.0,0.0,0,0
CPN2,0.0,0.0,0,0
CPNE4,0.0,0.0,0,0
CPNE6,0.0,0.0,0,0
CPNE7,-0.00057053514,0.0,0,1
CPNE8-AS1,-0.00018551172,0.0,0,1
CPNE9,-0.00039248282,0.0,0,1
CPO,0.0,0.0,0,0
CPSF4L,0.0,0.0,0,0
CPXCR1,0.0,0.0,0,0
CPXM2,-0.00016879739,0.0,0,1
CR1L,-0.0010701775,0.0,0,1
CR2,-0.00033736438,0.0,0,1
CR381670.2,0.0,0.0,0,0
CR382287.2,0.0,0.0,0,0
CR383656.10,0.0,0.0,0,0
CR383656.12,0.0,0.0,0,0
CR392000.2,0.0,0.0,0,0
CR392039.4,0.0,0.0,0,0
CR559946.1,0.0,0.0,0,0
CR559946.2,0.0,0.0,0,0
CR769776.3,0.0,0.0,0,0
CR936218.1,0.0,0.0,0,0
CR936218.2,0.0,0.0,0,0
CRABP1,-0.0022861152,0.0,0,1
CRACR2A,-0.012232789,0.0,0,2
CRB1,0.0,0.0,0,0
CRB2,-0.00015408441,0.0,0,1
CRCT1,0.0,0.0,0,0
CREB3L2-AS1,0.0,0.0,0,0
CREB3L3,0.0,0.0,0,0
CRH,0.0,0.0,0,0
CRHR1,0.0,0.0,0,0
CRHR2,0.0,0.0,0,0
CRIM1-DT,0.0,0.0,0,0
CRIP3,-0.0001476248,0.0,0,1
CRISP1,0.0,0.0,0,0
CRISP2,0.0,0.0,0,0
CRISP3,0.0,0.0,0,0
CRISPLD1,0.0,0.0,0,0
CRLF1,0.0,0.0,0,0
CRLF2,0.0,0.0,0,0
CRMP1,0.0,0.0,0,0
CRNN,0.0,0.0,0,0
CROCC2,0.0,0.0,0,0
CRP,0.0,0.0,0,0
CRPPA,0.0,0.0,0,0
CRPPA-AS1,0.0,0.0,0,0
CRTAC1,0.0,0.0,0,0
CRTC3-AS1,-0.0003324385,0.0,0,1
CRX,0.0,0.0,0,0
CRYAA,0.0,0.0,0,0
CRYAA2,0.0,0.0,0,0
CRYBA1,0.0,0.0,0,0
CRYBA2,0.0,0.0,0,0
CRYBA4,0.0,0.0,0,0
CRYBG2,0.0,0.0,0,0
CRYGA,0.0,0.0,0,0
CRYGB,0.0,0.0,0,0
CRYGC,0.0,0.0,0,0
CRYGD,0.0,0.0,0,0
CSAG1,0.0,0.0,0,0
CSAG2,0.0,0.0,0,0
CSAG3,-0.002226527,0.0,0,1
CSDC2,0.0,0.0,0,0
CSF2,0.0,0.0,0,0
CSF3,0.0,0.0,0,0
CSH1,0.0,0.0,0,0
CSH2,0.0,0.0,0,0
CSHL1,0.0,0.0,0,0
CSMD1,0.0,0.0,0,0
CSMD2,-9.671569e-05,0.0,0,1
CSMD2-AS1,0.0,0.0,0,0
CSMD3,0.0,0.0,0,0
CSN1S1,0.0,0.0,0,0
CSN2,0.0,0.0,0,0
CSN3,0.0,0.0,0,0
CSNK1A1L,0.0,0.0,0,0
CSNK1G2-AS1,0.0,0.0,0,0
CSNKA2IP,0.0,0.0,0,0
CSRNP3,0.0,0.0,0,0
CSRP3,0.0,0.0,0,0
CSRP3-AS1,0.0,0.0,0,0
CST1,0.0,0.0,0,0
CST11,0.0,0.0,0,0
CST2,0.0,0.0,0,0
CST4,0.0,0.0,0,0
CST5,-0.00013769954,0.0,0,1
CST8,0.0,0.0,0,0
CST9,0.0,0.0,0,0
CST9L,0.0,0.0,0,0
CSTL1,0.0,0.0,0,0
CT45A1,0.0,0.0,0,0
CT45A10,0.0,0.0,0,0
CT45A2,0.0,0.0,0,0
CT45A3,0.0,0.0,0,0
CT45A5,0.0,0.0,0,0
CT45A6,0.0,0.0,0,0
CT45A7,0.0,0.0,0,0
CT45A8,0.0,0.0,0,0
CT45A9,0.0,0.0,0,0
CT47A1,0.0,0.0,0,0
CT47A10,0.0,0.0,0,0
CT47A11,0.0,0.0,0,0
CT47A12,0.0,0.0,0,0
CT47A2,0.0,0.0,0,0
CT47A3,0.0,0.0,0,0
CT47A4,0.0,0.0,0,0
CT47A5,0.0,0.0,0,0
CT47A6,0.0,0.0,0,0
CT47A7,0.0,0.0,0,0
CT47A8,0.0,0.0,0,0
CT47A9,0.0,0.0,0,0
CT47B1,0.0,0.0,0,0
CT55,0.0,0.0,0,0
CT62,0.0,0.0,0,0
CT66,0.0,0.0,0,0
CT83,0.0,0.0,0,0
CTAG1A,0.0,0.0,0,0
CTAG1B,0.0,0.0,0,0
CTAG2,0.0,0.0,0,0
CTAGE1,0.0,0.0,0,0
CTAGE15,0.0,0.0,0,0
CTAGE4,0.0,0.0,0,0
CTAGE6,0.0,0.0,0,0
CTAGE8,0.0,0.0,0,0
CTAGE9,0.0,0.0,0,0
CTCFL,0.0,0.0,0,0
CTDSPL,-0.00027468547,0.0,0,1
CTH,-0.0012855108,0.0,0,1
CTNNA2,0.0,0.0,0,0
CTNNA3,0.0,0.0,0,0
CTRB2,0.0,0.0,0,0
CTRC,0.0,0.0,0,0
CTSE,-0.0025790452,0.0,0,1
CTSG,0.0,0.0,0,0
CTSV,-0.027029937,0.0,0,2
CTXN2,0.0,0.0,0,0
CTXN3,0.0,0.0,0,0
CTXND1,0.0,0.0,0,0
CTXND2,0.0,0.0,0,0
CU104787.1,0.0,0.0,0,0
CU633906.2,-0.0003137692,0.0,0,1
CU633906.5,-0.00034844282,0.0,0,1
CU634019.1,-0.0003245237,0.0,0,1
CU634019.2,-0.00020789784,0.0,0,1
CU638689.1,0.0,0.0,0,0
CU639417.1,0.0,0.0,0,0
CU639417.4,0.0,0.0,0,0
CU639417.5,0.0,0.0,0,0
CUX2,0.0,0.0,0,0
CWH43,0.0,0.0,0,0
CX3CL1,-0.00970826,0.0,0,2
CXCL13,-0.10290281,0.0,0,2
CXCL17,0.0,0.0,0,0
CXCL5,-0.00020898791,0.0,0,1
CXCR1,0.0,0.0,0,0
CXCR2,-0.011972387,0.0,0,2
CXXC4,0.0,0.0,0,0
CXXC4-AS1,0.0,0.0,0,0
CXXC5-AS1,-0.00019011255,0.0,0,1
CXorf49,0.0,0.0,0,0
CXorf49B,0.0,0.0,0,0
CXorf51A,0.0,0.0,0,0
CXorf51B,0.0,0.0,0,0
CXorf58,-7.515042e-05,0.0,0,1
CXorf65,-1.0603243e-05,0.0,0,1
CXorf66,0.0,0.0,0,0
CYGB,-0.0026917243,0.0,0,2
CYLC1,0.0,0.0,0,0
CYLC2,0.0,0.0,0,0
CYMP-AS1,0.0,0.0,0,0
CYP11A1,0.0,0.0,0,0
CYP11B1,0.0,0.0,0,0
CYP11B2,0.0,0.0,0,0
CYP17A1,0.0,0.0,0,0
CYP19A1,0.0,0.0,0,0
CYP1A1,0.0,0.0,0,0
CYP1A2,0.0,0.0,0,0
CYP1B1-AS1,-0.00027632734,0.0,0,1
CYP21A2,-0.046822865,0.0,0,2
CYP24A1,0.0,0.0,0,0
CYP26A1,-0.002226527,0.0,0,1
CYP26C1,0.0,0.0,0,0
CYP27B1,-0.009904574,0.0,0,1
CYP27C1,0.0,0.0,0,0
CYP2A13,0.0,0.0,0,0
CYP2A6,0.0,0.0,0,0
CYP2A7,0.0,0.0,0,0
CYP2B6,0.0,0.0,0,0
CYP2C18,0.0,0.0,0,0
CYP2C19,0.0,0.0,0,0
CYP2C8,0.0,0.0,0,0
CYP2C9,0.0,0.0,0,0
CYP2E1,-0.00048558926,0.0,0,1
CYP2F1,-0.00011866767,0.0,0,1
CYP2W1,0.0,0.0,0,0
CYP39A1,-0.007601283,0.0,0,1
CYP3A4,0.0,0.0,0,0
CYP3A43,0.0,0.0,0,0
CYP4A11,0.0,0.0,0,0
CYP4A22,0.0,0.0,0,0
CYP4A22-AS1,0.0,0.0,0,0
CYP4B1,-0.0002160039,0.0,0,1
CYP4F11,-0.010077053,0.0,0,2
CYP4F2,0.0,0.0,0,0
CYP4F22,0.0,0.0,0,0
CYP4F26P,0.0,0.0,0,0
CYP4F8,0.0,0.0,0,0
CYP4X1,-0.00013779863,0.0,0,1
CYP4Z1,0.0,0.0,0,0
CYP7B1,0.0,0.0,0,0
CYP8B1,0.0,0.0,0,0
CYS1,0.0,0.0,0,0
CYSRT1,0.0,0.0,0,0
CYYR1-AS1,0.0,0.0,0,0
DAAM2,0.0,0.0,0,0
DAB1,0.0,0.0,0,0
DAB1-AS1,0.0,0.0,0,0
DACH2,0.0,0.0,0,0
DACT1,-0.0001375841,0.0,0,1
DACT2,0.0,0.0,0,0
DACT3-AS1,0.0,0.0,0,0
DAND5,0.0,0.0,0,0
DANT1,0.0,0.0,0,0
DAO,-0.00021847575,0.0,0,1
DAOA,0.0,0.0,0,0
DAOA-AS1,0.0,0.0,0,0
DAPK1-IT1,-0.0041367942,0.0,0,2
DAPK2,-0.00012010204,0.0,0,1
DAW1,0.0,0.0,0,0
DAZ1,0.0,0.0,0,0
DAZ2,0.0,0.0,0,0
DAZ3,0.0,0.0,0,0
DAZ4,0.0,0.0,0,0
DAZL,0.0,0.0,0,0
DBET,0.0,0.0,0,0
DBH,0.0,0.0,0,0
DBH-AS1,0.0,0.0,0,0
DBN1,-0.001048989,0.0,0,1
DBX1,0.0,0.0,0,0
DBX2,0.0,0.0,0,0
DCAF12L2,0.0,0.0,0,0
DCAF4L2,0.0,0.0,0,0
DCAF8L1,0.0,0.0,0,0
DCAF8L2,0.0,0.0,0,0
DCANP1,0.0,0.0,0,0
DCC,0.0,0.0,0,0
DCD,0.0,0.0,0,0
DCDC1,0.0,0.0,0,0
DCDC2,-7.911298e-05,0.0,0,1
DCDC2C,0.0,0.0,0,0
DCHS1,-0.0010944302,0.0,0,1
DCHS2,0.0,0.0,0,0
DCLK1,0.0,0.0,0,0
DCLK2,-0.00027214474,0.0,0,1
DCLK3,0.0,0.0,0,0
DCST1,0.0,0.0,0,0
DCST2,-0.0022209117,0.0,0,1
DCSTAMP,-0.00027131144,0.0,0,1
DCT,0.0,0.0,0,0
DCTN1-AS1,0.0,0.0,0,0
DCUN1D2-AS,0.0,0.0,0,0
DCX,0.0,0.0,0,0
DDC,0.0,0.0,0,0
DDC-AS1,0.0,0.0,0,0
DDI1,0.0,0.0,0,0
DDIAS,-0.002341281,0.0,0,2
DDN,0.0,0.0,0,0
DDR1-DT,0.0,0.0,0,0
DDX25,0.0,0.0,0,0
DDX31,-0.01340469,0.0,0,2
DDX39B-AS1,-0.0001162238,0.0,0,1
DDX3Y,0.0,0.0,0,0
DDX4,0.0,0.0,0,0
DDX53,0.0,0.0,0,0
DEC1,-0.0004922513,0.0,0,1
DEFA1,0.0,0.0,0,0
DEFA1B,0.0,0.0,0,0
DEFA3,-0.00014140428,0.0,0,1
DEFA4,0.0,0.0,0,0
DEFA5,0.0,0.0,0,0
DEFA6,0.0,0.0,0,0
DEFB1,-0.003553441,0.0,0,2
DEFB103A,0.0,0.0,0,0
DEFB103B,0.0,0.0,0,0
DEFB104A,0.0,0.0,0,0
DEFB104B,0.0,0.0,0,0
DEFB105A,0.0,0.0,0,0
DEFB105B,0.0,0.0,0,0
DEFB106A,0.0,0.0,0,0
DEFB106B,0.0,0.0,0,0
DEFB107A,0.0,0.0,0,0
DEFB107B,0.0,0.0,0,0
DEFB108B,0.0,0.0,0,0
DEFB110,0.0,0.0,0,0
DEFB112,0.0,0.0,0,0
DEFB113,0.0,0.0,0,0
DEFB114,0.0,0.0,0,0
DEFB115,0.0,0.0,0,0
DEFB116,0.0,0.0,0,0
DEFB118,0.0,0.0,0,0
DEFB119,0.0,0.0,0,0
DEFB121,0.0,0.0,0,0
DEFB123,0.0,0.0,0,0
DEFB124,0.0,0.0,0,0
DEFB125,0.0,0.0,0,0
DEFB126,0.0,0.0,0,0
DEFB127,0.0,0.0,0,0
DEFB128,0.0,0.0,0,0
DEFB129,0.0,0.0,0,0
DEFB130A,0.0,0.0,0,0
DEFB130B,0.0,0.0,0,0
DEFB131A,0.0,0.0,0,0
DEFB131B,0.0,0.0,0,0
DEFB132,0.0,0.0,0,0
DEFB133,0.0,0.0,0,0
DEFB134,0.0,0.0,0,0
DEFB135,0.0,0.0,0,0
DEFB136,0.0,0.0,0,0
DEFB4A,0.0,0.0,0,0
DEFB4B,0.0,0.0,0,0
DEGS2,-0.0003136998,0.0,0,1
DENND2A,0.0,0.0,0,0
DENND2C,-0.00024480393,0.0,0,1
DENND5B-AS1,0.0,0.0,0,0
DENND6A-AS1,0.0,0.0,0,0
DEPDC1,-0.00032116377,0.0,0,1
DEPDC1-AS1,0.0,0.0,0,0
DEPDC1B,-0.00014140428,0.0,0,1
DEPDC4,-0.00036176422,0.0,0,1
DES,0.0,0.0,0,0
DGAT2L6,0.0,0.0,0,0
DGCR10,0.0,0.0,0,0
DGCR9,0.0,0.0,0,0
DGKB,0.0,0.0,0,0
DGKK,0.0,0.0,0,0
DHCR24-DT,0.0,0.0,0,0
DHCR7,-6.938322e-05,0.0,0,1
DHDH,-0.010696488,0.0,0,2
DHH,-0.00012676713,0.0,0,1
DHRS2,0.0,0.0,0,0
DHRS7C,0.0,0.0,0,0
DHX33-DT,0.0,0.0,0,0
DIAPH3-AS1,0.0,0.0,0,0
DIAPH3-AS2,0.0,0.0,0,0
DINOL,-0.0009807987,0.0,0,1
DIO1,-6.6064e-05,0.0,0,1
DIO2,0.0,0.0,0,0
DIO2-AS1,0.0,0.0,0,0
DIP2A-IT1,0.0,0.0,0,0
DIPK1C,0.0,0.0,0,0
DIPK2B,0.0,0.0,0,0
DIRAS2,0.0,0.0,0,0
DIRC1,0.0,0.0,0,0
DIRC3-AS1,-0.004637096,0.0,0,1
DISC1-IT1,-0.0002400627,0.0,0,1
DISC1FP1,-0.0001250289,0.0,0,1
DISP2,-0.00025633964,0.0,0,1
DISP3,0.0,0.0,0,0
DKK1,0.0,0.0,0,0
DKK3,-4.729345e-05,0.0,0,1
DKK4,0.0,0.0,0,0
DKKL1,0.0,0.0,0,0
DLG1-AS1,0.0,0.0,0,0
DLG3,-0.002592264,0.0,0,2
DLG3-AS1,0.0,0.0,0,0
DLG5-AS1,0.0,0.0,0,0
DLGAP1,0.0,0.0,0,0
DLGAP1-AS3,-0.0018138756,0.0,0,2
DLGAP1-AS4,0.0,0.0,0,0
DLGAP1-AS5,0.0,0.0,0,0
DLGAP2-AS1,0.0,0.0,0,0
DLK1,0.0,0.0,0,0
DLK2,0.0,0.0,0,0
DLL4,0.0,0.0,0,0
DLX1,0.0,0.0,0,0
DLX2-DT,0.0,0.0,0,0
DLX3,0.0,0.0,0,0
DLX4,-0.00012996765,0.0,0,1
DLX5,0.0,0.0,0,0
DLX6,0.0,0.0,0,0
DLX6-AS1,0.0,0.0,0,0
DM1-AS,0.0,0.0,0,0
DMBT1,0.0,0.0,0,0
DMBX1,0.0,0.0,0,0
DMD-AS3,0.0,0.0,0,0
DMPK,-0.0020840445,0.0,0,2
DMRT1,0.0,0.0,0,0
DMRT2,0.0,0.0,0,0
DMRT3,0.0,0.0,0,0
DMRTA1,0.0,0.0,0,0
DMRTA2,0.0,0.0,0,0
DMRTB1,0.0,0.0,0,0
DMRTC1,0.0,0.0,0,0
DMRTC1B,0.0,0.0,0,0
DMRTC2,0.0,0.0,0,0
DMWD,-0.00035135448,0.0,0,1
DNA2,-0.0023388052,0.0,0,2
DNAAF3,0.0,0.0,0,0
DNAH10,-0.0051950407,0.0,0,1
DNAH12,-0.0031579563,0.0,0,1
DNAH17,-0.0001657062,0.0,0,1
DNAH2,0.0,0.0,0,0
DNAH3,0.0,0.0,0,0
DNAH5,-0.0019200089,0.0,0,1
DNAH6,-5.4235465e-05,0.0,0,1
DNAH7,-0.00016430432,0.0,0,1
DNAH8,0.0,0.0,0,0
DNAH9,-0.0029741293,0.0,0,1
DNAI1,0.0,0.0,0,0
DNAI2,0.0,0.0,0,0
DNAJB13,0.0,0.0,0,0
DNAJB7,0.0,0.0,0,0
DNAJB8,0.0,0.0,0,0
DNAJB8-AS1,0.0,0.0,0,0
DNAJC28,-0.0012149666,0.0,0,1
DNAJC5G,0.0,0.0,0,0
DNAJC9-AS1,0.0,0.0,0,0
DNASE1L2,-0.00040570987,0.0,0,1
DNASE1L3,-0.00027586776,0.0,0,1
DNER,0.0,0.0,0,0
DNTT,0.0,0.0,0,0
DOCK6,-0.00019040988,0.0,0,1
DOCK9,-0.0027317076,0.0,0,2
DOCK9-AS1,0.0,0.0,0,0
DOCK9-DT,0.0,0.0,0,0
DOK6,0.0,0.0,0,0
DOK7,0.0,0.0,0,0
DPEP1,0.0,0.0,0,0
DPEP2NB,0.0,0.0,0,0
DPF1,0.0,0.0,0,0
DPF3,-0.011246922,0.0,0,1
DPH6-DT,-0.0006003423,0.0,0,1
DPP10,0.0,0.0,0,0
DPP10-AS1,0.0,0.0,0,0
DPP10-AS2,0.0,0.0,0,0
DPP10-AS3,0.0,0.0,0,0
DPP4,-0.009776049,0.0,0,2
DPP6,0.0,0.0,0,0
DPP9-AS1,-0.00012555304,0.0,0,1
DPPA2,0.0,0.0,0,0
DPPA3,0.0,0.0,0,0
DPPA4,-8.341103e-05,0.0,0,1
DPPA5,0.0,0.0,0,0
DPRX,0.0,0.0,0,0
DPYD-AS1,0.0,0.0,0,0
DPYD-AS2,0.0,0.0,0,0
DPYS,0.0,0.0,0,0
DPYSL5,-0.0001850273,0.0,0,1
DRAIC,-0.0002155383,0.0,0,1
DRAXIN,-0.00031981536,0.0,0,1
DRC3,0.0,0.0,0,0
DRC7,-0.00012040437,0.0,0,1
DRD1,0.0,0.0,0,0
DRD2,0.0,0.0,0,0
DRD3,0.0,0.0,0,0
DRD5,0.0,0.0,0,0
DRGX,0.0,0.0,0,0
DRICH1,0.0,0.0,0,0
DSC1,0.0,0.0,0,0
DSC3,-0.00020696696,0.0,0,1
DSCAM-AS1,0.0,0.0,0,0
DSCAM-IT1,0.0,0.0,0,0
DSCAML1,0.0,0.0,0,0
DSCAS,-9.053078e-05,0.0,0,1
DSCR10,0.0,0.0,0,0
DSCR4,0.0,0.0,0,0
DSCR4-IT1,0.0,0.0,0,0
DSCR8,0.0,0.0,0,0
DSCR9,-0.00015724741,0.0,0,1
DSG1,0.0,0.0,0,0
DSG1-AS1,0.0,0.0,0,0
DSG2,-0.0002265841,0.0,0,1
DSG2-AS1,0.0,0.0,0,0
DSG3,-0.0019200089,0.0,0,1
DSG4,0.0,0.0,0,0
DTHD1,-0.0021528143,0.0,0,2
DTX1,-0.00028218256,0.0,0,1
DUOX1,0.0,0.0,0,0
DUOX2,0.0,0.0,0,0
DUOXA1,-0.00012776809,0.0,0,1
DUOXA2,0.0,0.0,0,0
DUPD1,0.0,0.0,0,0
DUS4L,-0.005902299,0.0,0,2
DUSP13,0.0,0.0,0,0
DUSP15,-0.00015218162,0.0,0,1
DUSP21,0.0,0.0,0,0
DUSP26,0.0,0.0,0,0
DUSP9,-0.011246922,0.0,0,1
DUX4,0.0,0.0,0,0
DUXA,0.0,0.0,0,0
DUXB,0.0,0.0,0,0
DYDC1,0.0,0.0,0,0
DYDC2,-0.012701432,0.0,0,1
DYNAP,0.0,0.0,0,0
DYNC2H1,-0.008747573,0.0,0,2
DYTN,0.0,0.0,0,0
E2F5,-0.00018365301,0.0,0,1
E2F7,-5.593935e-05,0.0,0,1
E2F8,-0.0023641607,0.0,0,2
EAF1-AS1,-0.000225975,0.0,0,1
EBF3,0.0,0.0,0,0
EBF4,0.0,0.0,0,0
EBLN1,0.0,0.0,0,0
ECE1,-0.0013510985,0.0,0,1
ECE2,0.0,0.0,0,0
ECEL1,0.0,0.0,0,0
ECSCR,0.0,0.0,0,0
ECT2L,0.0,0.0,0,0
EDAR,-0.00026816776,0.0,0,1
EDARADD,-0.0003858645,0.0,0,1
EDDM13,-0.00014983592,0.0,0,1
EDDM3A,0.0,0.0,0,0
EDDM3B,0.0,0.0,0,0
EDIL3,0.0,0.0,0,0
EDN1,-0.00021677435,0.0,0,1
EDN2,0.0,0.0,0,0
EDN3,0.0,0.0,0,0
EDNRA,0.0,0.0,0,0
EDNRB-AS1,-0.000115125724,0.0,0,1
EEF1A2,0.0,0.0,0,0
EFCAB1,-0.00046501946,0.0,0,1
EFCAB12,-0.00024746844,0.0,0,1
EFCAB14-AS1,0.0,0.0,0,0
EFCAB3,0.0,0.0,0,0
EFCAB5,-0.0007317749,0.0,0,1
EFCAB6-AS1,0.0,0.0,0,0
EFCAB8,0.0,0.0,0,0
EFCAB9,0.0,0.0,0,0
EFCC1,-0.0023497264,0.0,0,2
EFNA2,0.0,0.0,0,0
EFNA5,-5.370821e-06,0.0,0,1
EFNB3,0.0,0.0,0,0
EGF,0.0,0.0,0,0
EGFL6,-0.000118310134,0.0,0,1
EGFLAM,0.0,0.0,0,0
EGFLAM-AS1,0.0,0.0,0,0
EGFLAM-AS2,0.0,0.0,0,0
EGFLAM-AS3,0.0,0.0,0,0
EGFLAM-AS4,0.0,0.0,0,0
EGFR,-0.00018761249,0.0,0,1
EGFR-AS1,0.0,0.0,0,0
EGLN3-AS1,0.0,0.0,0,0
EHD4-AS1,0.0,0.0,0,0
EHHADH-AS1,0.0,0.0,0,0
EHMT2-AS1,0.0,0.0,0,0
EID2B,-0.007844262,0.0,0,2
EID3,-0.00024157304,0.0,0,1
EIF1AX-AS1,0.0,0.0,0,0
EIF1AY,0.0,0.0,0,0
EIF2AK3-DT,-0.0032298856,0.0,0,2
EIF2S3B,-0.000109586406,0.0,0,1
EIF4E1B,0.0,0.0,0,0
EIPR1-IT1,0.0,0.0,0,0
ELANE,0.0,0.0,0,0
ELAVL2,0.0,0.0,0,0
ELAVL3,0.0,0.0,0,0
ELDR,0.0,0.0,0,0
ELF3-AS1,-0.002423581,0.0,0,2
ELF5,0.0,0.0,0,0
ELFN2,-0.00013722597,0.0,0,1
ELL3,-0.00010071365,0.0,0,1
ELMO1-AS1,0.0,0.0,0,0
ELMOD1,0.0,0.0,0,0
ELOA-AS1,-0.01786109,0.0,0,2
ELOA2,0.0,0.0,0,0
ELOA3,0.0,0.0,0,0
ELOA3B,0.0,0.0,0,0
ELOA3D,0.0,0.0,0,0
ELOVL2,0.0,0.0,0,0
ELOVL2-AS1,0.0,0.0,0,0
ELOVL3,-0.000509113,0.0,0,1
ELOVL4,0.0,0.0,0,0
ELOVL6,-0.0004690565,0.0,0,1
ELOVL7,0.0,0.0,0,0
ELSPBP1,0.0,0.0,0,0
EMC1-AS1,-5.6129105e-05,0.0,0,1
EMCN,0.0,0.0,0,0
EMID1,0.0,0.0,0,0
EMILIN3,0.0,0.0,0,0
EML5,0.0,0.0,0,0
EML6,-9.719746e-05,0.0,0,1
EMX1,0.0,0.0,0,0
EMX2OS,-0.00013476251,0.0,0,1
EN1,0.0,0.0,0,0
EN2,-0.00018531759,0.0,0,1
ENAH,-0.00061008637,0.0,0,1
ENAM,0.0,0.0,0,0
ENDOU,0.0,0.0,0,0
ENKUR,0.0,0.0,0,0
ENO1-AS1,-0.000117778116,0.0,0,1
ENO4,0.0,0.0,0,0
ENOX1,-0.00025665114,0.0,0,1
ENOX1-AS1,0.0,0.0,0,0
ENOX1-AS2,0.0,0.0,0,0
ENPEP,0.0,0.0,0,0
ENPP3,-0.0019004483,0.0,0,2
ENPP5,-0.0003737722,0.0,0,1
ENPP7,0.0,0.0,0,0
ENTHD1,0.0,0.0,0,0
ENTPD3,0.0,0.0,0,0
ENTPD8,-0.00013769954,0.0,0,1
EP300-AS1,0.0,0.0,0,0
EPB41L4A-DT,0.0,0.0,0,0
EPB41L4B,0.0,0.0,0,0
EPB42,0.0,0.0,0,0
EPGN,0.0,0.0,0,0
EPHA1-AS1,-0.0044070827,0.0,0,2
EPHA10,0.0,0.0,0,0
EPHA3,0.0,0.0,0,0
EPHA4,-0.00060367334,0.0,0,1
EPHA5,0.0,0.0,0,0
EPHA5-AS1,0.0,0.0,0,0
EPHA6,0.0,0.0,0,0
EPHA7,0.0,0.0,0,0
EPHA8,0.0,0.0,0,0
EPHB1,0.0,0.0,0,0
EPHB4,-0.00010643686,0.0,0,1
EPHX2,-7.9252255e-05,0.0,0,1
EPHX4,0.0,0.0,0,0
EPN2-AS1,-0.00015623523,0.0,0,1
EPO,0.0,0.0,0,0
EPPIN,0.0,0.0,0,0
EPS8L3,0.0,0.0,0,0
EPX,0.0,0.0,0,0
EQTN,0.0,0.0,0,0
ERAS,0.0,0.0,0,0
ERBB3,-0.005149429,0.0,0,1
ERC2-IT1,0.0,0.0,0,0
ERFE,0.0,0.0,0,0
ERFL,-0.011491665,0.0,0,2
ERI3-IT1,0.0,0.0,0,0
ERICH2,0.0,0.0,0,0
ERICH3,-7.304554e-05,0.0,0,1
ERICH3-AS1,0.0,0.0,0,0
ERICH6,0.0,0.0,0,0
ERICH6-AS1,-0.00045812735,0.0,0,1
ERICH6B,0.0,0.0,0,0
ERLNC1,0.0,0.0,0,0
ERN2,0.0,0.0,0,0
ERVE-1,0.0,0.0,0,0
ERVFRD-1,0.0,0.0,0,0
ERVH-1,0.0,0.0,0,0
ERVH48-1,0.0,0.0,0,0
ERVK-28,0.0,0.0,0,0
ERVK9-11,0.0,0.0,0,0
ERVMER34-1,0.0,0.0,0,0
ERVMER61-1,-0.0021381786,0.0,0,2
ERVV-1,0.0,0.0,0,0
ERVV-2,0.0,0.0,0,0
ERVW-1,-0.00012985135,0.0,0,1
ESM1,-0.0001808885,0.0,0,1
ESPN,0.0,0.0,0,0
ESPNL,-0.00709446,0.0,0,2
ESRG,0.0,0.0,0,0
ESRP1,-0.00017370882,0.0,0,1
ESRP2,-9.321048e-05,0.0,0,1
ESRRB,-0.00023957701,0.0,0,1
ESX1,0.0,0.0,0,0
ESYT3,0.0,0.0,0,0
ETDA,0.0,0.0,0,0
ETDB,0.0,0.0,0,0
ETDC,0.0,0.0,0,0
ETNK2,-0.00012217113,0.0,0,1
ETNPPL,0.0,0.0,0,0
ETS1-AS1,0.0,0.0,0,0
ETV2,-0.00059810095,0.0,0,1
ETV3L,0.0,0.0,0,0
ETV5-AS1,0.0,0.0,0,0
EVA1A,0.0,0.0,0,0
EVC,-0.0026063018,0.0,0,2
EVPL,0.0,0.0,0,0
EVX1,0.0,0.0,0,0
EVX1-AS,0.0,0.0,0,0
EVX2,0.0,0.0,0,0
EWSAT1,-0.008728371,0.0,0,1
EXD1,-0.00052698335,0.0,0,1
EXO1,-0.00012933668,0.0,0,1
EXOC1L,0.0,0.0,0,0
EXOC3L2,0.0,0.0,0,0
EXOC3L4,0.0,0.0,0,0
EXOSC10-AS1,-0.00012698809,0.0,0,1
EXTL3-AS1,0.0,0.0,0,0
EYA1,0.0,0.0,0,0
EYS,0.0,0.0,0,0
EZHIP,0.0,0.0,0,0
EZR-AS1,0.0,0.0,0,0
F10,0.0,0.0,0,0
F10-AS1,0.0,0.0,0,0
F11,0.0,0.0,0,0
F11-AS1,0.0,0.0,0,0
F13B,0.0,0.0,0,0
F2,0.0,0.0,0,0
F2R,-0.0029767707,0.0,0,2
F2RL1,-0.00029318573,0.0,0,1
F2RL2,0.0,0.0,0,0
F2RL3,0.0,0.0,0,0
F3,0.0,0.0,0,0
F7,0.0,0.0,0,0
F9,0.0,0.0,0,0
FA2H,0.0,0.0,0,0
FABP12,0.0,0.0,0,0
FABP2,0.0,0.0,0,0
FABP6,0.0,0.0,0,0
FABP7,0.0,0.0,0,0
FABP9,0.0,0.0,0,0
FADS6,0.0,0.0,0,0
FAIM2,-0.00012424488,0.0,0,1
FALEC,-0.00051036384,0.0,0,1
FAM106C,0.0,0.0,0,0
FAM110D,0.0,0.0,0,0
FAM131C,0.0,0.0,0,0
FAM133A,0.0,0.0,0,0
FAM138A,0.0,0.0,0,0
FAM138B,-0.00021284062,0.0,0,1
FAM138C,0.0,0.0,0,0
FAM138D,0.0,0.0,0,0
FAM138E,0.0,0.0,0,0
FAM138F,0.0,0.0,0,0
FAM13C,-0.009904574,0.0,0,1
FAM151A,0.0,0.0,0,0
FAM153A,0.0,0.0,0,0
FAM153B,-0.0019200089,0.0,0,1
FAM155A,0.0,0.0,0,0
FAM155A-IT1,0.0,0.0,0,0
FAM155B,0.0,0.0,0,0
FAM156B,-0.00019142724,0.0,0,1
FAM160A1-DT,-0.00011866767,0.0,0,1
FAM162B,0.0,0.0,0,0
FAM163A,0.0,0.0,0,0
FAM163B,0.0,0.0,0,0
FAM166A,-0.00019598227,0.0,0,1
FAM167A,0.0,0.0,0,0
FAM167A-AS1,0.0,0.0,0,0
FAM167B,-0.00012424488,0.0,0,1
FAM169B,0.0,0.0,0,0
FAM170A,0.0,0.0,0,0
FAM170B,0.0,0.0,0,0
FAM170B-AS1,0.0,0.0,0,0
FAM171A1,0.0,0.0,0,0
FAM171A2,-0.002226527,0.0,0,1
FAM180A,0.0,0.0,0,0
FAM181A,-1.3304515e-05,0.0,0,1
FAM181A-AS1,0.0,0.0,0,0
FAM181B,0.0,0.0,0,0
FAM182B,0.0,0.0,0,0
FAM183A,-0.0017562774,0.0,0,2
FAM184A,-0.00026816776,0.0,0,1
FAM184B,0.0,0.0,0,0
FAM186A,0.0,0.0,0,0
FAM187A,0.0,0.0,0,0
FAM189A1,0.0,0.0,0,0
FAM189A2,0.0,0.0,0,0
FAM197Y6,0.0,0.0,0,0
FAM197Y7,0.0,0.0,0,0
FAM201A,-0.00010644616,0.0,0,1
FAM205A,0.0,0.0,0,0
FAM205C,0.0,0.0,0,0
FAM216B,0.0,0.0,0,0
FAM217A,0.0,0.0,0,0
FAM221B,0.0,0.0,0,0
FAM222A-AS1,-5.4235465e-05,0.0,0,1
FAM223A,0.0,0.0,0,0
FAM223B,-0.0001091244,0.0,0,1
FAM224A,0.0,0.0,0,0
FAM224B,0.0,0.0,0,0
FAM225A,-0.0017731752,0.0,0,2
FAM226B,0.0,0.0,0,0
FAM227A,-0.0001462156,0.0,0,1
FAM228A,0.0,0.0,0,0
FAM230A,0.0,0.0,0,0
FAM230B,0.0,0.0,0,0
FAM230C,0.0,0.0,0,0
FAM230D,0.0,0.0,0,0
FAM230E,0.0,0.0,0,0
FAM230F,0.0,0.0,0,0
FAM230G,0.0,0.0,0,0
FAM230H,0.0,0.0,0,0
FAM230I,0.0,0.0,0,0
FAM230J,0.0,0.0,0,0
FAM236A,0.0,0.0,0,0
FAM236B,0.0,0.0,0,0
FAM236C,0.0,0.0,0,0
FAM236D,0.0,0.0,0,0
FAM237A,0.0,0.0,0,0
FAM237B,0.0,0.0,0,0
FAM240A,0.0,0.0,0,0
FAM240B,0.0,0.0,0,0
FAM240C,0.0,0.0,0,0
FAM242A,0.0,0.0,0,0
FAM242B,0.0,0.0,0,0
FAM242C,-0.00027859642,0.0,0,1
FAM242D,0.0,0.0,0,0
FAM242E,0.0,0.0,0,0
FAM242F,0.0,0.0,0,0
FAM243A,0.0,0.0,0,0
FAM243B,0.0,0.0,0,0
FAM245B,0.0,0.0,0,0
FAM24A,0.0,0.0,0,0
FAM24B,-0.0065380842,0.0,0,2
FAM25A,0.0,0.0,0,0
FAM25C,0.0,0.0,0,0
FAM25G,0.0,0.0,0,0
FAM27C,-0.00038922278,0.0,0,1
FAM27E3,0.0,0.0,0,0
FAM27E5,0.0,0.0,0,0
FAM30A,0.0,0.0,0,0
FAM3D,-4.926347e-05,0.0,0,1
FAM3D-AS1,0.0,0.0,0,0
FAM41AY1,0.0,0.0,0,0
FAM41AY2,0.0,0.0,0,0
FAM43A,-0.000602429,0.0,0,1
FAM43B,0.0,0.0,0,0
FAM47A,0.0,0.0,0,0
FAM47B,0.0,0.0,0,0
FAM47C,0.0,0.0,0,0
FAM47E,-0.00092841196,0.0,0,1
FAM53A,-0.0005587581,0.0,0,1
FAM53B-AS1,0.0,0.0,0,0
FAM66A,0.0,0.0,0,0
FAM66D,-3.8168586e-05,0.0,0,1
FAM66E,-0.0001630666,0.0,0,1
FAM71B,0.0,0.0,0,0
FAM71C,0.0,0.0,0,0
FAM71E1,-0.001086114,0.0,0,1
FAM71E2,0.0,0.0,0,0
FAM71F1,0.0,0.0,0,0
FAM71F2,-0.009796548,0.0,0,2
FAM74A1,0.0,0.0,0,0
FAM74A7,0.0,0.0,0,0
FAM78B,-0.00017430696,0.0,0,1
FAM81A,-0.004314638,0.0,0,2
FAM83A,0.0,0.0,0,0
FAM83A-AS1,0.0,0.0,0,0
FAM83B,0.0,0.0,0,0
FAM83C,0.0,0.0,0,0
FAM83C-AS1,0.0,0.0,0,0
FAM85B,0.0,0.0,0,0
FAM86B2,0.0,0.0,0,0
FAM87A,0.0,0.0,0,0
FAM87B,-0.00013625016,0.0,0,1
FAM90A1,-0.002311842,0.0,0,2
FAM90A26,0.0,0.0,0,0
FAM92B,0.0,0.0,0,0
FAM99A,0.0,0.0,0,0
FAM99B,0.0,0.0,0,0
FAM9A,0.0,0.0,0,0
FAM9C,0.0,0.0,0,0
FANCD2OS,0.0,0.0,0,0
FANCE,-0.00012520642,0.0,0,1
FANK1-AS1,0.0,0.0,0,0
FAP,0.0,0.0,0,0
FAR1-IT1,0.0,0.0,0,0
FARP1-AS1,0.0,0.0,0,0
FARSA-AS1,0.0,0.0,0,0
FASLG,-0.002993675,0.0,0,2
FAT3,-8.001428e-05,0.0,0,1
FAT4,0.0,0.0,0,0
FATE1,0.0,0.0,0,0
FAXC,-0.0002719861,0.0,0,1
FBLL1,-0.00020604678,0.0,0,1
FBLN2,-0.00017212493,0.0,0,1
FBN3,0.0,0.0,0,0
FBP2,0.0,0.0,0,0
FBXL16,-0.0017649616,0.0,0,2
FBXL2,-0.00014135179,0.0,0,1
FBXL7,0.0,0.0,0,0
FBXO16,0.0,0.0,0,0
FBXO24,0.0,0.0,0,0
FBXO3-DT,0.0,0.0,0,0
FBXO36-IT1,0.0,0.0,0,0
FBXO43,0.0,0.0,0,0
FBXO47,0.0,0.0,0,0
FBXW10,0.0,0.0,0,0
FBXW12,0.0,0.0,0,0
FBXW7-AS1,0.0,0.0,0,0
FCAMR,-0.00023624614,0.0,0,1
FCN2,0.0,0.0,0,0
FCN3,0.0,0.0,0,0
FCRL1,0.0,0.0,0,0
FCRL2,0.0,0.0,0,0
FCRL3,0.0,0.0,0,0
FCRL5,0.0,0.0,0,0
FCRL6,-9.382461e-05,0.0,0,1
FDCSP,0.0,0.0,0,0
FENDRR,0.0,0.0,0,0
FER1L5,0.0,0.0,0,0
FER1L6-AS1,0.0,0.0,0,0
FER1L6-AS2,-0.0002065893,0.0,0,1
FERD3L,0.0,0.0,0,0
FETUB,0.0,0.0,0,0
FEV,0.0,0.0,0,0
FEZF1,0.0,0.0,0,0
FEZF1-AS1,0.0,0.0,0,0
FEZF2,0.0,0.0,0,0
FFAR1,0.0,0.0,0,0
FGA,0.0,0.0,0,0
FGB,0.0,0.0,0,0
FGF1,0.0,0.0,0,0
FGF10,0.0,0.0,0,0
FGF10-AS1,0.0,0.0,0,0
FGF12-AS1,0.0,0.0,0,0
FGF12-AS2,0.0,0.0,0,0
FGF12-AS3,0.0,0.0,0,0
FGF13,-9.406992e-05,0.0,0,1
FGF13-AS1,0.0,0.0,0,0
FGF14,0.0,0.0,0,0
FGF14-AS1,0.0,0.0,0,0
FGF16,0.0,0.0,0,0
FGF19,0.0,0.0,0,0
FGF2,0.0,0.0,0,0
FGF21,0.0,0.0,0,0
FGF22,0.0,0.0,0,0
FGF23,0.0,0.0,0,0
FGF3,0.0,0.0,0,0
FGF4,0.0,0.0,0,0
FGF5,0.0,0.0,0,0
FGF6,0.0,0.0,0,0
FGF7,-0.00010441983,0.0,0,1
FGF8,0.0,0.0,0,0
FGFBP2,-0.0016988977,0.0,0,1
FGFBP3,-0.00073572766,0.0,0,1
FGFR2,-8.815349e-05,0.0,0,1
FGFR3,0.0,0.0,0,0
FGFRL1,-0.00044307127,0.0,0,1
FGG,0.0,0.0,0,0
FHDC1,-0.002226527,0.0,0,1
FHL5,0.0,0.0,0,0
FHOD3,0.0,0.0,0,0
FIBCD1,0.0,0.0,0,0
FIBIN,-0.015635686,0.0,0,2
FIGLA,-0.00014830189,0.0,0,1
FIGN,0.0,0.0,0,0
FIGNL2-DT,0.0,0.0,0,0
FJX1,-0.00078322086,0.0,0,1
FKBP1C,0.0,0.0,0,0
FLACC1,-9.911776e-05,0.0,0,1
FLG,0.0,0.0,0,0
FLG2,0.0,0.0,0,0
FLNB-AS1,0.0,0.0,0,0
FLNC-AS1,0.0,0.0,0,0
FLRT1,0.0,0.0,0,0
FLRT3,0.0,0.0,0,0
FLT3,-0.006989019,0.0,0,1
FLT4,0.0,0.0,0,0
FMN2,0.0,0.0,0,0
FMO3,0.0,0.0,0,0
FMR1-IT1,-0.0092595415,0.0,0,1
FMR1NB,0.0,0.0,0,0
FNDC1-IT1,0.0,0.0,0,0
FNDC11,-0.00015784845,0.0,0,1
FNDC5,0.0,0.0,0,0
FNDC7,-0.00010844891,0.0,0,1
FNDC8,0.0,0.0,0,0
FNDC9,0.0,0.0,0,0
FO393408.1,0.0,0.0,0,0
FO393414.3,0.0,0.0,0,0
FO393415.3,0.0,0.0,0,0
FO393418.1,-6.213784e-06,0.0,0,1
FO393419.2,0.0,0.0,0,0
FO680682.1,0.0,0.0,0,0
FO681492.1,0.0,0.0,0,0
FOCAD-AS1,0.0,0.0,0,0
FOLH1,0.0,0.0,0,0
FOXA1,0.0,0.0,0,0
FOXA2,0.0,0.0,0,0
FOXA3,0.0,0.0,0,0
FOXB1,0.0,0.0,0,0
FOXB2,0.0,0.0,0,0
FOXC2,0.0,0.0,0,0
FOXC2-AS1,0.0,0.0,0,0
FOXCUT,0.0,0.0,0,0
FOXD1,0.0,0.0,0,0
FOXD1-AS1,0.0,0.0,0,0
FOXD3,0.0,0.0,0,0
FOXD3-AS1,-0.000108666485,0.0,0,1
FOXD4L1,-0.00013714081,0.0,0,1
FOXD4L3,0.0,0.0,0,0
FOXD4L4,0.0,0.0,0,0
FOXD4L5,0.0,0.0,0,0
FOXD4L6,-0.0004600056,0.0,0,1
FOXE1,0.0,0.0,0,0
FOXE3,0.0,0.0,0,0
FOXF1,0.0,0.0,0,0
FOXF2,0.0,0.0,0,0
FOXG1,0.0,0.0,0,0
FOXG1-AS1,0.0,0.0,0,0
FOXH1,0.0,0.0,0,0
FOXI1,0.0,0.0,0,0
FOXI2,0.0,0.0,0,0
FOXI3,0.0,0.0,0,0
FOXJ1,-0.00038373758,0.0,0,1
FOXL1,0.0,0.0,0,0
FOXL2,0.0,0.0,0,0
FOXL2NB,0.0,0.0,0,0
FOXN1,0.0,0.0,0,0
FOXN3-AS2,0.0,0.0,0,0
FOXN4,0.0,0.0,0,0
FOXO6,0.0,0.0,0,0
FOXP1-AS1,0.0,0.0,0,0
FOXP2,-0.0060139173,0.0,0,2
FOXP4-AS1,-5.882231e-05,0.0,0,1
FOXR1,-0.00012712662,0.0,0,1
FOXR2,0.0,0.0,0,0
FOXS1,0.0,0.0,0,0
FP236240.1,0.0,0.0,0,0
FP236315.1,0.0,0.0,0,0
FP236315.3,0.0,0.0,0,0
FP325313.3,0.0,0.0,0,0
FP325318.1,0.0,0.0,0,0
FP325330.1,0.0,0.0,0,0
FP325330.2,0.0,0.0,0,0
FP325330.3,0.0,0.0,0,0
FP325332.1,0.0,0.0,0,0
FP325335.1,0.0,0.0,0,0
FP326651.1,0.0,0.0,0,0
FP475955.1,0.0,0.0,0,0
FP475955.2,0.0,0.0,0,0
FP475955.3,0.0,0.0,0,0
FP565171.1,0.0,0.0,0,0
FP565260.4,0.0,0.0,0,0
FP565260.5,0.0,0.0,0,0
FRAS1,0.0,0.0,0,0
FREM1,0.0,0.0,0,0
FREM2-AS1,0.0,0.0,0,0
FREM3,0.0,0.0,0,0
FRG2,0.0,0.0,0,0
FRG2B,0.0,0.0,0,0
FRG2C,0.0,0.0,0,0
FRGCA,0.0,0.0,0,0
FRK,-0.0023485457,0.0,0,2
FRMD5,0.0,0.0,0,0
FRMD6-AS1,-0.00028401826,0.0,0,1
FRMD6-AS2,0.0,0.0,0,0
FRMD7,0.0,0.0,0,0
FRMPD1,0.0,0.0,0,0
FRMPD2,0.0,0.0,0,0
FRMPD3,0.0,0.0,0,0
FRMPD3-AS1,0.0,0.0,0,0
FRMPD4,0.0,0.0,0,0
FRMPD4-AS1,0.0,0.0,0,0
FRRS1L,0.0,0.0,0,0
FRY-AS1,0.0,0.0,0,0
FSCB,0.0,0.0,0,0
FSCN3,-0.00022762736,0.0,0,1
FSD1,-0.00012792251,0.0,0,1
FSD2,0.0,0.0,0,0
FSHB,0.0,0.0,0,0
FSHR,0.0,0.0,0,0
FSIP1,0.0,0.0,0,0
FSIP2-AS1,0.0,0.0,0,0
FSIP2-AS2,0.0,0.0,0,0
FST,-0.00044349337,0.0,0,1
FSTL1,-0.00053290586,0.0,0,1
FSTL4,0.0,0.0,0,0
FSTL5,0.0,0.0,0,0
FTCD,-0.000100257654,0.0,0,1
FTCD-AS1,0.0,0.0,0,0
FTHL17,0.0,0.0,0,0
FTMT,0.0,0.0,0,0
FUT1,0.0,0.0,0,0
FUT2,0.0,0.0,0,0
FUT3,-0.0001920224,0.0,0,1
FUT5,0.0,0.0,0,0
FUT6,0.0,0.0,0,0
FUT8-AS1,-0.00023418052,0.0,0,1
FUT9,0.0,0.0,0,0
FXYD4,0.0,0.0,0,0
FXYD7,-0.00038745624,0.0,0,1
FYB2,0.0,0.0,0,0
FZD10,0.0,0.0,0,0
FZD10-AS1,-0.00020753872,0.0,0,1
FZD3,-5.690185e-05,0.0,0,1
FZD4,-0.03705481,0.0,0,2
FZD6,-0.00046079024,0.0,0,1
G2E3-AS1,0.0,0.0,0,0
G6PC,0.0,0.0,0,0
G6PC2,0.0,0.0,0,0
GAB4,0.0,0.0,0,0
GABBR2,0.0,0.0,0,0
GABRA1,0.0,0.0,0,0
GABRA2,0.0,0.0,0,0
GABRA4,0.0,0.0,0,0
GABRA5,0.0,0.0,0,0
GABRA6,0.0,0.0,0,0
GABRB1,0.0,0.0,0,0
GABRB3,0.0,0.0,0,0
GABRD,0.0,0.0,0,0
GABRE,-0.002226527,0.0,0,1
GABRG1,0.0,0.0,0,0
GABRG2,0.0,0.0,0,0
GABRG3,0.0,0.0,0,0
GABRG3-AS1,0.0,0.0,0,0
GABRP,0.0,0.0,0,0
GABRQ,0.0,0.0,0,0
GABRR1,0.0,0.0,0,0
GABRR3,0.0,0.0,0,0
GACAT1,0.0,0.0,0,0
GACAT2,0.0,0.0,0,0
GACAT3,0.0,0.0,0,0
GAD2,0.0,0.0,0,0
GADL1,0.0,0.0,0,0
GAGE1,0.0,0.0,0,0
GAGE10,0.0,0.0,0,0
GAGE12B,0.0,0.0,0,0
GAGE12C,0.0,0.0,0,0
GAGE12D,0.0,0.0,0,0
GAGE12E,0.0,0.0,0,0
GAGE12F,0.0,0.0,0,0
GAGE12G,0.0,0.0,0,0
GAGE12H,0.0,0.0,0,0
GAGE12J,0.0,0.0,0,0
GAGE13,0.0,0.0,0,0
GAGE2A,0.0,0.0,0,0
GAGE2E,0.0,0.0,0,0
GAL,0.0,0.0,0,0
GAL3ST1,0.0,0.0,0,0
GAL3ST2,-0.002226527,0.0,0,1
GAL3ST3,-0.000103240855,0.0,0,1
GALNT13,0.0,0.0,0,0
GALNT14,0.0,0.0,0,0
GALNT16,0.0,0.0,0,0
GALNT17,-9.321048e-05,0.0,0,1
GALNT18,-7.4821306e-05,0.0,0,1
GALNT8,0.0,0.0,0,0
GALNT9,0.0,0.0,0,0
GALNTL5,0.0,0.0,0,0
GALNTL6,0.0,0.0,0,0
GALP,0.0,0.0,0,0
GALR1,0.0,0.0,0,0
GAP43,0.0,0.0,0,0
GAPDHS,-0.0002080674,0.0,0,1
GAREM2,-0.013282257,0.0,0,2
GAS1RR,-0.010042985,0.0,0,2
GAS2L2,0.0,0.0,0,0
GAS5-AS1,-0.00012985135,0.0,0,1
GAS8-AS1,0.0,0.0,0,0
GAST,0.0,0.0,0,0
GATA1,0.0,0.0,0,0
GATA2,0.0,0.0,0,0
GATA2-AS1,-9.443987e-05,0.0,0,1
GATA3,-0.0023492984,0.0,0,2
GATA3-AS1,0.0,0.0,0,0
GATA4,0.0,0.0,0,0
GATA5,0.0,0.0,0,0
GATA6,-0.0054671876,0.0,0,2
GATA6-AS1,-0.00035748913,0.0,0,1
GAU1,0.0,0.0,0,0
GBP6,0.0,0.0,0,0
GBP7,0.0,0.0,0,0
GBX1,0.0,0.0,0,0
GBX2,0.0,0.0,0,0
GC,0.0,0.0,0,0
GCG,0.0,0.0,0,0
GCGR,0.0,0.0,0,0
GCK,-0.00028676065,0.0,0,1
GCKR,0.0,0.0,0,0
GCM1,0.0,0.0,0,0
GCM2,0.0,0.0,0,0
GCNT4,0.0,0.0,0,0
GCNT7,0.0,0.0,0,0
GCSAML,0.0,0.0,0,0
GCSAML-AS1,0.0,0.0,0,0
GCSIR,0.0,0.0,0,0
GDA,0.0,0.0,0,0
GDAP1L1,-0.00022483342,0.0,0,1
GDF1,0.0,0.0,0,0
GDF10,0.0,0.0,0,0
GDF11,-0.00023539299,0.0,0,1
GDF2,0.0,0.0,0,0
GDF3,0.0,0.0,0,0
GDF5,-9.385371e-05,0.0,0,1
GDF5OS,0.0,0.0,0,0
GDF6,0.0,0.0,0,0
GDF7,-0.00031382352,0.0,0,1
GDNF,-0.049200628,0.0,0,1
GDNF-AS1,0.0,0.0,0,0
GDPD2,0.0,0.0,0,0
GDPD4,0.0,0.0,0,0
GFAP,0.0,0.0,0,0
GFI1B,0.0,0.0,0,0
GFOD1-AS1,0.0,0.0,0,0
GFPT2,-0.0029229438,0.0,0,2
GFRA1,0.0,0.0,0,0
GFRA2,-0.0001808885,0.0,0,1
GFRA3,0.0,0.0,0,0
GFRA4,0.0,0.0,0,0
GFRAL,0.0,0.0,0,0
GFY,0.0,0.0,0,0
GGN,0.0,0.0,0,0
GGT1,0.0,0.0,0,0
GGT2,0.0,0.0,0,0
GGT5,-0.00012887196,0.0,0,1
GGT6,0.0,0.0,0,0
GGTLC1,0.0,0.0,0,0
GGTLC3,0.0,0.0,0,0
GH1,0.0,0.0,0,0
GH2,0.0,0.0,0,0
GHET1,-0.00021918869,0.0,0,1
GHR,0.0,0.0,0,0
GHRH,-0.00021429341,0.0,0,1
GHRHR,0.0,0.0,0,0
GHSR,0.0,0.0,0,0
GIMD1,0.0,0.0,0,0
GIP,0.0,0.0,0,0
GIPC2,0.0,0.0,0,0
GIPR,-0.0022408164,0.0,0,2
GJA1,0.0,0.0,0,0
GJA10,0.0,0.0,0,0
GJA3,0.0,0.0,0,0
GJA4,0.0,0.0,0,0
GJA5,0.0,0.0,0,0
GJA8,0.0,0.0,0,0
GJA9,0.0,0.0,0,0
GJB1,0.0,0.0,0,0
GJB2,0.0,0.0,0,0
GJB3,0.0,0.0,0,0
GJB4,0.0,0.0,0,0
GJB5,0.0,0.0,0,0
GJB6,0.0,0.0,0,0
GJB7,0.0,0.0,0,0
GJC1,0.0,0.0,0,0
GJC3,0.0,0.0,0,0
GJD2,0.0,0.0,0,0
GJD3,0.0,0.0,0,0
GJD4,0.0,0.0,0,0
GJE1,0.0,0.0,0,0
GK-AS1,0.0,0.0,0,0
GK2,0.0,0.0,0,0
GK3P,0.0,0.0,0,0
GKN1,0.0,0.0,0,0
GKN2,0.0,0.0,0,0
GLB1L3,0.0,0.0,0,0
GLI1,0.0,0.0,0,0
GLI2,0.0,0.0,0,0
GLI3,0.0,0.0,0,0
GLIPR1L1,0.0,0.0,0,0
GLIS1,0.0,0.0,0,0
GLIS2,-6.9318776e-05,0.0,0,1
GLIS3-AS1,0.0,0.0,0,0
GLOD5,0.0,0.0,0,0
GLP1R,0.0,0.0,0,0
GLP2R,0.0,0.0,0,0
GLRA1,0.0,0.0,0,0
GLRA2,0.0,0.0,0,0
GLRA3,0.0,0.0,0,0
GLRA4,0.0,0.0,0,0
GLRB,0.0,0.0,0,0
GLT1D1,-0.0026290435,0.0,0,2
GLT6D1,0.0,0.0,0,0
GLT8D2,-0.036302697,0.0,0,1
GLUD2,0.0,0.0,0,0
GLYAT,0.0,0.0,0,0
GLYATL1,0.0,0.0,0,0
GLYATL1B,0.0,0.0,0,0
GLYATL2,0.0,0.0,0,0
GLYATL3,0.0,0.0,0,0
GLYCTK-AS1,0.0,0.0,0,0
GMCL2,0.0,0.0,0,0
GML,0.0,0.0,0,0
GNA14,0.0,0.0,0,0
GNA14-AS1,0.0,0.0,0,0
GNAO1,0.0,0.0,0,0
GNAS-AS1,0.0,0.0,0,0
GNAT1,0.0,0.0,0,0
GNAT2,0.0,0.0,0,0
GNAT3,0.0,0.0,0,0
GNAZ,0.0,0.0,0,0
GNB3,0.0,0.0,0,0
GNG12-AS1,-0.0002532352,0.0,0,1
GNG13,0.0,0.0,0,0
GNG14,0.0,0.0,0,0
GNG3,0.0,0.0,0,0
GNG8,0.0,0.0,0,0
GNGT1,-0.04665344,0.0,0,1
GNLY,-0.011054597,0.0,0,2
GNPDA2,-0.0031240021,0.0,0,2
GNRH1,-7.5993965e-05,0.0,0,1
GNRH2,0.0,0.0,0,0
GNRHR,0.0,0.0,0,0
GOLGA6A,0.0,0.0,0,0
GOLGA6B,0.0,0.0,0,0
GOLGA6C,0.0,0.0,0,0
GOLGA6D,0.0,0.0,0,0
GOLGA6L1,0.0,0.0,0,0
GOLGA6L2,0.0,0.0,0,0
GOLGA6L22,0.0,0.0,0,0
GOLGA6L6,0.0,0.0,0,0
GOLGA6L7,0.0,0.0,0,0
GOLGA7B,-0.00038647908,0.0,0,1
GOLGA8F,0.0,0.0,0,0
GOLGA8G,0.0,0.0,0,0
GOLGA8J,0.0,0.0,0,0
GOLGA8M,0.0,0.0,0,0
GOLGA8M-1,0.0,0.0,0,0
GOLGA8Q,-0.0001693723,0.0,0,1
GOLGA8R,-6.3936845e-06,0.0,0,1
GOLGA8S,0.0,0.0,0,0
GOLGA8T,0.0,0.0,0,0
GORAB-AS1,0.0,0.0,0,0
GOT1L1,0.0,0.0,0,0
GP1BA,-0.0001559518,0.0,0,1
GP1BB,-0.00028278225,0.0,0,1
GP2,0.0,0.0,0,0
GP5,0.0,0.0,0,0
GP9,0.0,0.0,0,0
GPC3,0.0,0.0,0,0
GPC5-AS1,0.0,0.0,0,0
GPC5-AS2,0.0,0.0,0,0
GPC5-IT1,0.0,0.0,0,0
GPC6,0.0,0.0,0,0
GPC6-AS1,0.0,0.0,0,0
GPC6-AS2,0.0,0.0,0,0
GPD1,-1.6280255e-05,0.0,0,1
GPHA2,0.0,0.0,0,0
GPHB5,0.0,0.0,0,0
GPIHBP1,0.0,0.0,0,0
GPLD1,0.0,0.0,0,0
GPM6A,-0.00013869778,0.0,0,1
GPM6B,-0.00017740764,0.0,0,1
GPR1,0.0,0.0,0,0
GPR1-AS,0.0,0.0,0,0
GPR101,0.0,0.0,0,0
GPR119,0.0,0.0,0,0
GPR12,-0.00018784567,0.0,0,1
GPR139,0.0,0.0,0,0
GPR142,0.0,0.0,0,0
GPR148,0.0,0.0,0,0
GPR149,0.0,0.0,0,0
GPR15,0.0,0.0,0,0
GPR151,-0.000109586406,0.0,0,1
GPR152,0.0,0.0,0,0
GPR153,-0.002355755,0.0,0,2
GPR156,0.0,0.0,0,0
GPR157,-0.0020535474,0.0,0,2
GPR158,0.0,0.0,0,0
GPR158-AS1,0.0,0.0,0,0
GPR17,0.0,0.0,0,0
GPR171,-0.00030169476,0.0,0,1
GPR176,0.0,0.0,0,0
GPR176-DT,0.0,0.0,0,0
GPR179,0.0,0.0,0,0
GPR182,0.0,0.0,0,0
GPR19,0.0,0.0,0,0
GPR20,0.0,0.0,0,0
GPR21,-9.240695e-05,0.0,0,1
GPR22,0.0,0.0,0,0
GPR25,-0.00011930505,0.0,0,1
GPR26,0.0,0.0,0,0
GPR27,-9.418249e-05,0.0,0,1
GPR3,0.0,0.0,0,0
GPR32,0.0,0.0,0,0
GPR33,-0.00015612606,0.0,0,1
GPR37,-7.6905904e-05,0.0,0,1
GPR37L1,-0.0002347969,0.0,0,1
GPR39,0.0,0.0,0,0
GPR4,0.0,0.0,0,0
GPR45,0.0,0.0,0,0
GPR50,0.0,0.0,0,0
GPR50-AS1,0.0,0.0,0,0
GPR55,0.0,0.0,0,0
GPR6,0.0,0.0,0,0
GPR61,0.0,0.0,0,0
GPR62,-0.0001859014,0.0,0,1
GPR63,0.0,0.0,0,0
GPR75,-0.00035881353,0.0,0,1
GPR78,0.0,0.0,0,0
GPR83,0.0,0.0,0,0
GPR87,0.0,0.0,0,0
GPR88,0.0,0.0,0,0
GPRACR,-0.0026642096,0.0,0,2
GPRC5D,0.0,0.0,0,0
GPRC5D-AS1,-0.00022618845,0.0,0,1
GPRC6A,0.0,0.0,0,0
GPRIN1,-0.00044956384,0.0,0,1
GPRIN2,0.0,0.0,0,0
GPT,-0.00017620827,0.0,0,1
GPX2,-0.00013210023,0.0,0,1
GPX5,0.0,0.0,0,0
GPX6,0.0,0.0,0,0
GPX8,-0.00046282343,0.0,0,1
GRAMD2A,-0.0021306272,0.0,0,2
GRAP2,-0.004116769,0.0,0,2
GRB10,-0.0006636612,0.0,0,1
GRB14,0.0,0.0,0,0
GRHL3,-0.000117414595,0.0,0,1
GRIA1,0.0,0.0,0,0
GRIA3,0.0,0.0,0,0
GRIA4,0.0,0.0,0,0
GRID1,0.0,0.0,0,0
GRID1-AS1,0.0,0.0,0,0
GRID2,0.0,0.0,0,0
GRID2IP,-0.005686158,0.0,0,2
GRIFIN,0.0,0.0,0,0
GRIK1,0.0,0.0,0,0
GRIK2,0.0,0.0,0,0
GRIK3,0.0,0.0,0,0
GRIK4,0.0,0.0,0,0
GRIK5,0.0,0.0,0,0
GRIN1,0.0,0.0,0,0
GRIN2A,0.0,0.0,0,0
GRIN2B,0.0,0.0,0,0
GRIN3B,-4.010399e-05,0.0,0,1
GRK1,0.0,0.0,0,0
GRK4,-0.00014783675,0.0,0,1
GRK5-IT1,0.0,0.0,0,0
GRM1,-0.00022851698,0.0,0,1
GRM2,-0.00038523125,0.0,0,1
GRM3,0.0,0.0,0,0
GRM4,0.0,0.0,0,0
GRM5,0.0,0.0,0,0
GRM5-AS1,0.0,0.0,0,0
GRM6,0.0,0.0,0,0
GRM7,0.0,0.0,0,0
GRM7-AS1,0.0,0.0,0,0
GRM7-AS2,0.0,0.0,0,0
GRM7-AS3,0.0,0.0,0,0
GRM8,0.0,0.0,0,0
GRP,0.0,0.0,0,0
GRPEL2-AS1,0.0,0.0,0,0
GRPR,-0.00015804994,0.0,0,1
GRTP1,0.0,0.0,0,0
GRTP1-AS1,0.0,0.0,0,0
GRXCR1,0.0,0.0,0,0
GRXCR2,-0.0010780842,0.0,0,1
GSC2,0.0,0.0,0,0
GSDMC,0.0,0.0,0,0
GSG1,0.0,0.0,0,0
GSG1L,-0.00015037521,0.0,0,1
GSG1L2,0.0,0.0,0,0
GSTA1,0.0,0.0,0,0
GSTA2,0.0,0.0,0,0
GSTA3,0.0,0.0,0,0
GSTA5,0.0,0.0,0,0
GSTT4,0.0,0.0,0,0
GSX1,0.0,0.0,0,0
GSX2,0.0,0.0,0,0
GTF2A1L,0.0,0.0,0,0
GTF3C2-AS1,0.0,0.0,0,0
GTSCR1,0.0,0.0,0,0
GTSE1-DT,-5.2357016e-05,0.0,0,1
GTSF1L,0.0,0.0,0,0
GUCA1A,0.0,0.0,0,0
GUCA1C,0.0,0.0,0,0
GUCA2A,0.0,0.0,0,0
GUCA2B,0.0,0.0,0,0
GUCY1A2,0.0,0.0,0,0
GUCY2D,-0.00029870946,0.0,0,1
GUCY2F,0.0,0.0,0,0
GVQW2,-0.00022143195,0.0,0,1
GXYLT2,-0.0024293896,0.0,0,2
GYG2,0.0,0.0,0,0
GYG2-AS1,0.0,0.0,0,0
GYPA,0.0,0.0,0,0
GYPB,0.0,0.0,0,0
GYS2,0.0,0.0,0,0
H1FNT,0.0,0.0,0,0
H1FOO,0.0,0.0,0,0
H2AFB1,0.0,0.0,0,0
H2AFB2,0.0,0.0,0,0
H2AFB3,-0.00029840806,0.0,0,1
H2BFM,0.0,0.0,0,0
H2BFS,0.0,0.0,0,0
H2BFWT,0.0,0.0,0,0
H3.Y,0.0,0.0,0,0
H3F3C,0.0,0.0,0,0
HABP2,0.0,0.0,0,0
HAGLR,-3.5288394e-07,0.0,0,1
HAND1,0.0,0.0,0,0
HAND2-AS1,0.0,0.0,0,0
HAO1,0.0,0.0,0,0
HAO2,0.0,0.0,0,0
HAO2-IT1,0.0,0.0,0,0
HAP1,-0.0057932157,0.0,0,1
HAPLN1,0.0,0.0,0,0
HAPLN2,0.0,0.0,0,0
HAPLN4,0.0,0.0,0,0
HAR1B,-8.298238e-05,0.0,0,1
HAS2,0.0,0.0,0,0
HAS2-AS1,0.0,0.0,0,0
HAS3,-0.00016275446,0.0,0,1
HAVCR1,-3.4348323e-05,0.0,0,1
HBB,-0.0012792442,0.0,0,1
HBD,-0.00011153964,0.0,0,1
HBE1,0.0,0.0,0,0
HBM,0.0,0.0,0,0
HBQ1,0.0,0.0,0,0
HBZ,0.0,0.0,0,0
HCAR1,0.0,0.0,0,0
HCCAT5,-0.00014135179,0.0,0,1
HCFC1-AS1,0.0,0.0,0,0
HCG14,0.0,0.0,0,0
HCG15,0.0,0.0,0,0
HCG17,0.0,0.0,0,0
HCG20,-0.04890948,0.0,0,1
HCG21,0.0,0.0,0,0
HCG22,0.0,0.0,0,0
HCG24,0.0,0.0,0,0
HCG9,0.0,0.0,0,0
HCN1,0.0,0.0,0,0
HCN4,0.0,0.0,0,0
HCRT,-8.4021245e-05,0.0,0,1
HCRTR1,0.0,0.0,0,0
HCRTR2,0.0,0.0,0,0
HDAC11-AS1,-0.00011677379,0.0,0,1
HDC,0.0,0.0,0,0
HDGFL1,0.0,0.0,0,0
HDHD5-AS1,-0.0026185925,0.0,0,2
HEATR4,0.0,0.0,0,0
HEATR9,-0.00021429341,0.0,0,1
HECW1,0.0,0.0,0,0
HECW1-IT1,0.0,0.0,0,0
HECW2,-0.000588398,0.0,0,1
HELT,0.0,0.0,0,0
HEPACAM,0.0,0.0,0,0
HEPACAM2,0.0,0.0,0,0
HEPH,0.0,0.0,0,0
HEPHL1,0.0,0.0,0,0
HEPN1,0.0,0.0,0,0
HES2,-0.007720267,0.0,0,2
HES3,0.0,0.0,0,0
HES5,0.0,0.0,0,0
HES7,-0.00019031872,0.0,0,1
HEY2,-0.00010492333,0.0,0,1
HFM1,0.0,0.0,0,0
HGC6.3,0.0,0.0,0,0
HGD,0.0,0.0,0,0
HGFAC,-0.00018539187,0.0,0,1
HHATL,-0.0001761221,0.0,0,1
HHATL-AS1,0.0,0.0,0,0
HHIP,0.0,0.0,0,0
HHIP-AS1,0.0,0.0,0,0
HHIPL2,-0.009567986,0.0,0,1
HHLA1,0.0,0.0,0,0
HHLA2,0.0,0.0,0,0
HID1-AS1,0.0,0.0,0,0
HIF1A-AS1,0.0,0.0,0,0
HIF3A,-0.0025775675,0.0,0,2
HIGD1B,0.0,0.0,0,0
HIGD1C,0.0,0.0,0,0
HIGD2B,0.0,0.0,0,0
HIP1R,-0.00010644616,0.0,0,1
HIPK1-AS1,-0.006122531,0.0,0,2
HIPK4,0.0,0.0,0,0
HIST1H1A,-0.0003668421,0.0,0,1
HIST1H1T,0.0,0.0,0,0
HIST1H2AA,0.0,0.0,0,0
HIST1H2AB,-0.00020491805,0.0,0,1
HIST1H2BA,0.0,0.0,0,0
HIST1H2BB,-0.013250482,0.0,0,2
HIST1H2BL,-0.000372992,0.0,0,1
HIST1H2BN,-0.04710105,0.0,0,2
HIST1H2BO,-0.00018551172,0.0,0,1
HIST1H3F,-0.00093473453,0.0,0,1
HIST1H3G,-0.001034291,0.0,0,1
HIST1H4G,0.0,0.0,0,0
HIST1H4I,-0.0003363609,0.0,0,1
HIST1H4L,-0.0052366196,0.0,0,2
HIST2H3A,0.0,0.0,0,0
HIST2H3C,0.0,0.0,0,0
HIST2H4A,-0.0006119884,0.0,0,1
HIST2H4B,-0.013884335,0.0,0,2
HIST3H3,0.0,0.0,0,0
HIST4H4,-0.0010328424,0.0,0,2
HJURP,-0.00028128695,0.0,0,1
HJV,0.0,0.0,0,0
HKDC1,-0.00037429924,0.0,0,1
HLA-DOB,-0.00038411422,0.0,0,1
HLA-DQB1-AS1,-0.00019042198,0.0,0,1
HLA-F-AS1,-0.007904441,0.0,0,2
HLA-G,-0.0060962476,0.0,0,2
HLF,-0.00014983592,0.0,0,1
HLTF-AS1,0.0,0.0,0,0
HM13-AS1,0.0,0.0,0,0
HM13-IT1,0.0,0.0,0,0
HMBOX1-IT1,0.0,0.0,0,0
HMCN1,-0.00017907751,0.0,0,1
HMGA1P4,-0.0023221436,0.0,0,2
HMGB4,0.0,0.0,0,0
HMGCLL1,0.0,0.0,0,0
HMGCS2,0.0,0.0,0,0
HMHB1,0.0,0.0,0,0
HMMR-AS1,0.0,0.0,0,0
HMSD,0.0,0.0,0,0
HMX1,0.0,0.0,0,0
HMX2,0.0,0.0,0,0
HMX3,0.0,0.0,0,0
HNF1A,0.0,0.0,0,0
HNF1A-AS1,-0.00012687752,0.0,0,1
HNF1B,0.0,0.0,0,0
HNF4A,0.0,0.0,0,0
HNF4A-AS1,0.0,0.0,0,0
HNF4G,0.0,0.0,0,0
HNRNPA1L2,-0.00019502097,0.0,0,1
HNRNPCL1,0.0,0.0,0,0
HNRNPCL2,0.0,0.0,0,0
HNRNPCL3,0.0,0.0,0,0
HNRNPCL4,0.0,0.0,0,0
HOGA1,0.0,0.0,0,0
HOMER2,-0.0004913143,0.0,0,1
HOMER3-AS1,-0.00012207839,0.0,0,1
HORMAD2,0.0,0.0,0,0
HORMAD2-AS1,0.0,0.0,0,0
HOTAIR,0.0,0.0,0,0
HOTTIP,0.0,0.0,0,0
HOXA-AS2,0.0,0.0,0,0
HOXA-AS3,0.0,0.0,0,0
HOXA10,-0.0001574472,0.0,0,1
HOXA10-AS,0.0,0.0,0,0
HOXA11,0.0,0.0,0,0
HOXA11-AS,0.0,0.0,0,0
HOXA13,0.0,0.0,0,0
HOXA3,-0.00015724741,0.0,0,1
HOXA4,-0.00015846877,0.0,0,1
HOXA6,0.0,0.0,0,0
HOXA7,0.0,0.0,0,0
HOXB-AS2,0.0,0.0,0,0
HOXB-AS3,0.0,0.0,0,0
HOXB-AS4,0.0,0.0,0,0
HOXB1,0.0,0.0,0,0
HOXB13,0.0,0.0,0,0
HOXB3,-0.0003294095,0.0,0,1
HOXB8,0.0,0.0,0,0
HOXB9,-0.002226527,0.0,0,1
HOXC-AS1,-0.04665344,0.0,0,1
HOXC-AS2,0.0,0.0,0,0
HOXC-AS3,0.0,0.0,0,0
HOXC10,0.0,0.0,0,0
HOXC11,0.0,0.0,0,0
HOXC12,0.0,0.0,0,0
HOXC13,0.0,0.0,0,0
HOXC13-AS,0.0,0.0,0,0
HOXC5,0.0,0.0,0,0
HOXC6,0.0,0.0,0,0
HOXC8,0.0,0.0,0,0
HOXC9,0.0,0.0,0,0
HOXD-AS2,0.0,0.0,0,0
HOXD1,-0.00018486648,0.0,0,1
HOXD10,0.0,0.0,0,0
HOXD11,0.0,0.0,0,0
HOXD12,0.0,0.0,0,0
HOXD13,0.0,0.0,0,0
HOXD3,-0.000112267735,0.0,0,1
HOXD4,0.0,0.0,0,0
HOXD9,-0.0003289264,0.0,0,1
HP,0.0,0.0,0,0
HPCA,0.0,0.0,0,0
HPCAL4,0.0,0.0,0,0
HPD,-0.00033364454,0.0,0,1
HPGD,-0.0064245216,0.0,0,2
HPN-AS1,0.0,0.0,0,0
HPR,0.0,0.0,0,0
HPSE2,0.0,0.0,0,0
HPYR1,0.0,0.0,0,0
HRC,0.0,0.0,0,0
HRG,0.0,0.0,0,0
HRH1,-0.0027364835,0.0,0,2
HRH3,0.0,0.0,0,0
HRH4,-0.00018821347,0.0,0,1
HRNR,0.0,0.0,0,0
HS1BP3-IT1,0.0,0.0,0,0
HS3ST4,0.0,0.0,0,0
HS3ST5,0.0,0.0,0,0
HS3ST6,0.0,0.0,0,0
HS6ST2,-5.649189e-05,0.0,0,1
HS6ST2-AS1,0.0,0.0,0,0
HS6ST3,0.0,0.0,0,0
HSD11B1,0.0,0.0,0,0
HSD11B1L,-0.00042731423,0.0,0,1
HSD17B1,-0.0001235841,0.0,0,1
HSD17B13,-0.0002901681,0.0,0,1
HSD17B2,0.0,0.0,0,0
HSD17B3,0.0,0.0,0,0
HSD17B3-AS1,0.0,0.0,0,0
HSD17B6,-0.00017193459,0.0,0,1
HSD3B1,0.0,0.0,0,0
HSD3B2,0.0,0.0,0,0
HSF2BP,-0.00011153964,0.0,0,1
HSFX1,0.0,0.0,0,0
HSFX2,0.0,0.0,0,0
HSFX3,0.0,0.0,0,0
HSFX4,0.0,0.0,0,0
HSFY1,0.0,0.0,0,0
HSFY2,0.0,0.0,0,0
HSPA12A,-0.009904574,0.0,0,1
HSPA1L,-0.00082751265,0.0,0,1
HSPB3,0.0,0.0,0,0
HSPB7,-0.0010655685,0.0,0,1
HSPB8,0.0,0.0,0,0
HTN1,0.0,0.0,0,0
HTN3,0.0,0.0,0,0
HTR1A,0.0,0.0,0,0
HTR1B,0.0,0.0,0,0
HTR1D,0.0,0.0,0,0
HTR1E,0.0,0.0,0,0
HTR1F,0.0,0.0,0,0
HTR2A,0.0,0.0,0,0
HTR2A-AS1,0.0,0.0,0,0
HTR2C,0.0,0.0,0,0
HTR3A,-0.00017388775,0.0,0,1
HTR3B,0.0,0.0,0,0
HTR3C,0.0,0.0,0,0
HTR3D,0.0,0.0,0,0
HTR3E,0.0,0.0,0,0
HTR3E-AS1,0.0,0.0,0,0
HTR4,0.0,0.0,0,0
HTR5A,0.0,0.0,0,0
HTR5A-AS1,0.0,0.0,0,0
HTR6,0.0,0.0,0,0
HTRA3,0.0,0.0,0,0
HTT-AS,0.0,0.0,0,0
HULC,-0.006492041,0.0,0,2
HUNK-AS1,0.0,0.0,0,0
HYAL1,-0.0001805837,0.0,0,1
HYAL4,0.0,0.0,0,0
HYI-AS1,-0.0003456086,0.0,0,1
HYKK,-0.0033619152,0.0,0,2
HYPM,0.0,0.0,0,0
IAPP,0.0,0.0,0,0
IATPR,-0.00012217113,0.0,0,1
ICOS,-0.0005195113,0.0,0,1
IDH2-DT,0.0,0.0,0,0
IDI2,0.0,0.0,0,0
IDI2-AS1,-0.00029417864,0.0,0,1
IDO2,0.0,0.0,0,0
IFIT1B,-0.00014067352,0.0,0,1
IFITM5,0.0,0.0,0,0
IFNA1,0.0,0.0,0,0
IFNA10,0.0,0.0,0,0
IFNA13,0.0,0.0,0,0
IFNA14,0.0,0.0,0,0
IFNA16,0.0,0.0,0,0
IFNA17,0.0,0.0,0,0
IFNA2,0.0,0.0,0,0
IFNA21,0.0,0.0,0,0
IFNA4,0.0,0.0,0,0
IFNA5,0.0,0.0,0,0
IFNA6,0.0,0.0,0,0
IFNA7,0.0,0.0,0,0
IFNA8,0.0,0.0,0,0
IFNE,0.0,0.0,0,0
IFNG,-0.00031606556,0.0,0,1
IFNG-AS1,-0.00016848564,0.0,0,1
IFNK,0.0,0.0,0,0
IFNL1,-7.813281e-05,0.0,0,1
IFNL2,0.0,0.0,0,0
IFNL3,0.0,0.0,0,0
IFNW1,0.0,0.0,0,0
IFT57,-0.011739532,0.0,0,2
IFT74-AS1,0.0,0.0,0,0
IGBP1-AS1,0.0,0.0,0,0
IGBP1-AS2,0.0,0.0,0,0
IGDCC3,0.0,0.0,0,0
IGDCC4,-0.00025948058,0.0,0,1
IGF1R,-0.00948158,0.0,0,2
IGF2-AS,0.0,0.0,0,0
IGF2BP2,-0.0028286213,0.0,0,2
IGF2BP2-AS1,0.0,0.0,0,0
IGF2BP3,-0.0006602681,0.0,0,1
IGFALS,-0.0005858546,0.0,0,1
IGFBP1,0.0,0.0,0,0
IGFBP7-AS1,0.0,0.0,0,0
IGFBPL1,-0.00015380967,0.0,0,1
IGFL1,0.0,0.0,0,0
IGFL2,0.0,0.0,0,0
IGFL4,0.0,0.0,0,0
IGFN1,0.0,0.0,0,0
IGHD,0.0,0.0,0,0
IGHD1-1,0.0,0.0,0,0
IGHD1-14,0.0,0.0,0,0
IGHD1-20,0.0,0.0,0,0
IGHD1-26,0.0,0.0,0,0
IGHD1-7,0.0,0.0,0,0
IGHD1OR15-1A,0.0,0.0,0,0
IGHD1OR15-1B,0.0,0.0,0,0
IGHD2-15,0.0,0.0,0,0
IGHD2-2,0.0,0.0,0,0
IGHD2-21,0.0,0.0,0,0
IGHD2-8,0.0,0.0,0,0
IGHD2OR15-2A,0.0,0.0,0,0
IGHD2OR15-2B,0.0,0.0,0,0
IGHD3-10,0.0,0.0,0,0
IGHD3-16,0.0,0.0,0,0
IGHD3-22,0.0,0.0,0,0
IGHD3-3,0.0,0.0,0,0
IGHD3-9,0.0,0.0,0,0
IGHD3OR15-3A,0.0,0.0,0,0
IGHD3OR15-3B,0.0,0.0,0,0
IGHD4-11,0.0,0.0,0,0
IGHD4-17,0.0,0.0,0,0
IGHD4-23,0.0,0.0,0,0
IGHD4-4,0.0,0.0,0,0
IGHD4OR15-4A,0.0,0.0,0,0
IGHD4OR15-4B,0.0,0.0,0,0
IGHD5-12,0.0,0.0,0,0
IGHD5-18,0.0,0.0,0,0
IGHD5-24,0.0,0.0,0,0
IGHD5-5,0.0,0.0,0,0
IGHD5OR15-5A,0.0,0.0,0,0
IGHD5OR15-5B,0.0,0.0,0,0
IGHD6-13,0.0,0.0,0,0
IGHD6-19,0.0,0.0,0,0
IGHD6-25,0.0,0.0,0,0
IGHD6-6,0.0,0.0,0,0
IGHD7-27,0.0,0.0,0,0
IGHE,0.0,0.0,0,0
IGHEP1,0.0,0.0,0,0
IGHG3,-0.000275692,0.0,0,1
IGHGP,0.0,0.0,0,0
IGHJ1,0.0,0.0,0,0
IGHJ1P,0.0,0.0,0,0
IGHJ2,0.0,0.0,0,0
IGHJ2P,0.0,0.0,0,0
IGHJ3,0.0,0.0,0,0
IGHJ3P,0.0,0.0,0,0
IGHJ4,0.0,0.0,0,0
IGHJ5,0.0,0.0,0,0
IGHJ6,0.0,0.0,0,0
IGHV1-12,0.0,0.0,0,0
IGHV1-14,0.0,0.0,0,0
IGHV1-17,0.0,0.0,0,0
IGHV1-24,0.0,0.0,0,0
IGHV1-3,-0.015043705,0.0,0,2
IGHV1-45,0.0,0.0,0,0
IGHV1-58,0.0,0.0,0,0
IGHV1-67,0.0,0.0,0,0
IGHV1-68,0.0,0.0,0,0
IGHV1OR15-1,0.0,0.0,0,0
IGHV1OR15-2,0.0,0.0,0,0
IGHV1OR15-3,0.0,0.0,0,0
IGHV1OR15-4,0.0,0.0,0,0
IGHV1OR15-6,0.0,0.0,0,0
IGHV1OR15-9,0.0,0.0,0,0
IGHV1OR16-1,0.0,0.0,0,0
IGHV1OR16-2,0.0,0.0,0,0
IGHV1OR16-3,0.0,0.0,0,0
IGHV1OR16-4,0.0,0.0,0,0
IGHV1OR21-1,0.0,0.0,0,0
IGHV2-26,0.0,0.0,0,0
IGHV2-70,0.0,0.0,0,0
IGHV2-70D,0.0,0.0,0,0
IGHV2OR16-5,0.0,0.0,0,0
IGHV3-11,-0.0090043945,0.0,0,2
IGHV3-13,0.0,0.0,0,0
IGHV3-16,0.0,0.0,0,0
IGHV3-19,0.0,0.0,0,0
IGHV3-20,0.0,0.0,0,0
IGHV3-22,0.0,0.0,0,0
IGHV3-25,0.0,0.0,0,0
IGHV3-29,0.0,0.0,0,0
IGHV3-30-2,0.0,0.0,0,0
IGHV3-32,0.0,0.0,0,0
IGHV3-33,-2.9058778e-05,0.0,0,1
IGHV3-33-2,0.0,0.0,0,0
IGHV3-35,0.0,0.0,0,0
IGHV3-36,0.0,0.0,0,0
IGHV3-37,0.0,0.0,0,0
IGHV3-38,0.0,0.0,0,0
IGHV3-41,0.0,0.0,0,0
IGHV3-42,0.0,0.0,0,0
IGHV3-43,0.0,0.0,0,0
IGHV3-47,0.0,0.0,0,0
IGHV3-48,-0.046837986,0.0,0,2
IGHV3-49,0.0,0.0,0,0
IGHV3-50,0.0,0.0,0,0
IGHV3-52,0.0,0.0,0,0
IGHV3-53,0.0,0.0,0,0
IGHV3-54,0.0,0.0,0,0
IGHV3-57,0.0,0.0,0,0
IGHV3-6,0.0,0.0,0,0
IGHV3-60,0.0,0.0,0,0
IGHV3-62,0.0,0.0,0,0
IGHV3-63,0.0,0.0,0,0
IGHV3-64,0.0,0.0,0,0
IGHV3-64D,0.0,0.0,0,0
IGHV3-65,0.0,0.0,0,0
IGHV3-66,0.0,0.0,0,0
IGHV3-69-1,0.0,0.0,0,0
IGHV3-7,-0.00025275105,0.0,0,1
IGHV3-71,0.0,0.0,0,0
IGHV3-72,0.0,0.0,0,0
IGHV3-73,0.0,0.0,0,0
IGHV3-74,-0.0007673446,0.0,0,1
IGHV3-75,0.0,0.0,0,0
IGHV3-76,0.0,0.0,0,0
IGHV3-79,0.0,0.0,0,0
IGHV3OR15-7,0.0,0.0,0,0
IGHV3OR16-10,0.0,0.0,0,0
IGHV3OR16-11,0.0,0.0,0,0
IGHV3OR16-12,0.0,0.0,0,0
IGHV3OR16-13,0.0,0.0,0,0
IGHV3OR16-15,0.0,0.0,0,0
IGHV3OR16-6,0.0,0.0,0,0
IGHV3OR16-7,0.0,0.0,0,0
IGHV3OR16-8,0.0,0.0,0,0
IGHV3OR16-9,0.0,0.0,0,0
IGHV4-28,-9.509424e-05,0.0,0,1
IGHV4-31,-6.517768e-05,0.0,0,1
IGHV4-55,0.0,0.0,0,0
IGHV4-80,0.0,0.0,0,0
IGHV4OR15-8,0.0,0.0,0,0
IGHV5-51,-0.00013962689,0.0,0,1
IGHV5-78,0.0,0.0,0,0
IGHV7-27,0.0,0.0,0,0
IGHV7-34-1,0.0,0.0,0,0
IGHV7-4-1,0.0,0.0,0,0
IGHV7-40,0.0,0.0,0,0
IGHV7-56,0.0,0.0,0,0
IGHV7-81,0.0,0.0,0,0
IGHVII-1-1,0.0,0.0,0,0
IGHVII-15-1,0.0,0.0,0,0
IGHVII-22-1,0.0,0.0,0,0
IGHVII-26-2,0.0,0.0,0,0
IGHVII-28-1,0.0,0.0,0,0
IGHVII-30-1,0.0,0.0,0,0
IGHVII-30-21,0.0,0.0,0,0
IGHVII-33-1,0.0,0.0,0,0
IGHVII-40-1,0.0,0.0,0,0
IGHVII-43-1,0.0,0.0,0,0
IGHVII-46-1,0.0,0.0,0,0
IGHVII-49-1,0.0,0.0,0,0
IGHVII-51-2,0.0,0.0,0,0
IGHVII-53-1,0.0,0.0,0,0
IGHVII-60-1,0.0,0.0,0,0
IGHVII-62-1,0.0,0.0,0,0
IGHVII-65-1,0.0,0.0,0,0
IGHVII-67-1,0.0,0.0,0,0
IGHVII-74-1,0.0,0.0,0,0
IGHVII-78-1,0.0,0.0,0,0
IGHVIII-11-1,0.0,0.0,0,0
IGHVIII-13-1,0.0,0.0,0,0
IGHVIII-16-1,0.0,0.0,0,0
IGHVIII-2-1,0.0,0.0,0,0
IGHVIII-22-2,0.0,0.0,0,0
IGHVIII-25-1,0.0,0.0,0,0
IGHVIII-26-1,0.0,0.0,0,0
IGHVIII-38-1,0.0,0.0,0,0
IGHVIII-44,0.0,0.0,0,0
IGHVIII-47-1,0.0,0.0,0,0
IGHVIII-5-1,0.0,0.0,0,0
IGHVIII-5-2,0.0,0.0,0,0
IGHVIII-51-1,0.0,0.0,0,0
IGHVIII-67-2,0.0,0.0,0,0
IGHVIII-67-3,0.0,0.0,0,0
IGHVIII-67-4,0.0,0.0,0,0
IGHVIII-76-1,0.0,0.0,0,0
IGHVIII-82,0.0,0.0,0,0
IGHVIV-44-1,0.0,0.0,0,0
IGIP,-0.0038181592,0.0,0,2
IGKJ1,0.0,0.0,0,0
IGKJ2,0.0,0.0,0,0
IGKJ3,0.0,0.0,0,0
IGKJ4,0.0,0.0,0,0
IGKJ5,0.0,0.0,0,0
IGKV1-13,0.0,0.0,0,0
IGKV1-17,-6.0502593e-06,0.0,0,1
IGKV1-22,0.0,0.0,0,0
IGKV1-32,0.0,0.0,0,0
IGKV1-33,-0.00028919207,0.0,0,1
IGKV1-35,0.0,0.0,0,0
IGKV1-37,0.0,0.0,0,0
IGKV1-6,-0.00017115123,0.0,0,1
IGKV1-8,0.0,0.0,0,0
IGKV1D-12,0.0,0.0,0,0
IGKV1D-17,-2.0451998e-05,0.0,0,1
IGKV1D-22,0.0,0.0,0,0
IGKV1D-27,0.0,0.0,0,0
IGKV1D-32,0.0,0.0,0,0
IGKV1D-33,0.0,0.0,0,0
IGKV1D-35,0.0,0.0,0,0
IGKV1D-37,0.0,0.0,0,0
IGKV1D-39,0.0,0.0,0,0
IGKV1D-42,0.0,0.0,0,0
IGKV1D-43,0.0,0.0,0,0
IGKV1D-8,0.0,0.0,0,0
IGKV1OR-2,0.0,0.0,0,0
IGKV1OR-3,0.0,0.0,0,0
IGKV1OR10-1,0.0,0.0,0,0
IGKV1OR2-1,0.0,0.0,0,0
IGKV1OR2-108,0.0,0.0,0,0
IGKV1OR2-11,0.0,0.0,0,0
IGKV1OR2-118,0.0,0.0,0,0
IGKV1OR2-3,0.0,0.0,0,0
IGKV1OR2-6,0.0,0.0,0,0
IGKV1OR2-9,0.0,0.0,0,0
IGKV1OR22-1,0.0,0.0,0,0
IGKV1OR22-5,0.0,0.0,0,0
IGKV1OR9-1,0.0,0.0,0,0
IGKV1OR9-2,0.0,0.0,0,0
IGKV2-10,0.0,0.0,0,0
IGKV2-14,0.0,0.0,0,0
IGKV2-18,0.0,0.0,0,0
IGKV2-19,0.0,0.0,0,0
IGKV2-23,0.0,0.0,0,0
IGKV2-24,0.0,0.0,0,0
IGKV2-26,0.0,0.0,0,0
IGKV2-36,0.0,0.0,0,0
IGKV2-38,0.0,0.0,0,0
IGKV2-4,0.0,0.0,0,0
IGKV2-40,0.0,0.0,0,0
IGKV2D-10,0.0,0.0,0,0
IGKV2D-14,0.0,0.0,0,0
IGKV2D-18,0.0,0.0,0,0
IGKV2D-19,0.0,0.0,0,0
IGKV2D-23,0.0,0.0,0,0
IGKV2D-24,0.0,0.0,0,0
IGKV2D-26,0.0,0.0,0,0
IGKV2D-28,0.0,0.0,0,0
IGKV2D-30,-0.00034540796,0.0,0,1
IGKV2D-36,0.0,0.0,0,0
IGKV2D-38,0.0,0.0,0,0
IGKV2D-40,0.0,0.0,0,0
IGKV2OR2-1,0.0,0.0,0,0
IGKV2OR2-10,0.0,0.0,0,0
IGKV2OR2-2,0.0,0.0,0,0
IGKV2OR2-7,0.0,0.0,0,0
IGKV2OR2-7D,0.0,0.0,0,0
IGKV2OR2-8,0.0,0.0,0,0
IGKV2OR22-3,0.0,0.0,0,0
IGKV2OR22-4,0.0,0.0,0,0
IGKV3-15,-0.026263453,0.0,0,2
IGKV3-25,0.0,0.0,0,0
IGKV3-31,0.0,0.0,0,0
IGKV3-34,0.0,0.0,0,0
IGKV3-7,-0.00019042198,0.0,0,1
IGKV3D-11,0.0,0.0,0,0
IGKV3D-15,0.0,0.0,0,0
IGKV3D-20,-0.00020832337,0.0,0,1
IGKV3D-25,0.0,0.0,0,0
IGKV3D-31,0.0,0.0,0,0
IGKV3D-34,0.0,0.0,0,0
IGKV3D-7,0.0,0.0,0,0
IGKV3OR2-268,0.0,0.0,0,0
IGKV3OR2-5,0.0,0.0,0,0
IGKV3OR22-2,0.0,0.0,0,0
IGKV5-2,0.0,0.0,0,0
IGKV6-21,0.0,0.0,0,0
IGKV6D-21,0.0,0.0,0,0
IGKV7-3,0.0,0.0,0,0
IGLC4,0.0,0.0,0,0
IGLC5,0.0,0.0,0,0
IGLC6,0.0,0.0,0,0
IGLC7,-8.1229744e-05,0.0,0,1
IGLCOR22-1,0.0,0.0,0,0
IGLCOR22-2,0.0,0.0,0,0
IGLJ1,0.0,0.0,0,0
IGLJ2,0.0,0.0,0,0
IGLJ3,0.0,0.0,0,0
IGLJ4,0.0,0.0,0,0
IGLJ5,0.0,0.0,0,0
IGLJ6,0.0,0.0,0,0
IGLJ7,0.0,0.0,0,0
IGLJCOR18,0.0,0.0,0,0
IGLL1,0.0,0.0,0,0
IGLON5,-0.0030037416,0.0,0,2
IGLV1-36,0.0,0.0,0,0
IGLV1-41,0.0,0.0,0,0
IGLV1-47,-0.00015171338,0.0,0,1
IGLV1-50,0.0,0.0,0,0
IGLV1-62,0.0,0.0,0,0
IGLV10-54,0.0,0.0,0,0
IGLV10-67,0.0,0.0,0,0
IGLV11-55,0.0,0.0,0,0
IGLV2-28,0.0,0.0,0,0
IGLV2-33,0.0,0.0,0,0
IGLV2-34,0.0,0.0,0,0
IGLV2-5,0.0,0.0,0,0
IGLV3-10,-0.0017407449,0.0,0,2
IGLV3-12,0.0,0.0,0,0
IGLV3-13,0.0,0.0,0,0
IGLV3-15,0.0,0.0,0,0
IGLV3-17,0.0,0.0,0,0
IGLV3-2,0.0,0.0,0,0
IGLV3-22,0.0,0.0,0,0
IGLV3-24,0.0,0.0,0,0
IGLV3-26,0.0,0.0,0,0
IGLV3-27,-0.0055710208,0.0,0,1
IGLV3-29,0.0,0.0,0,0
IGLV3-30,0.0,0.0,0,0
IGLV3-31,0.0,0.0,0,0
IGLV3-32,0.0,0.0,0,0
IGLV3-4,0.0,0.0,0,0
IGLV3-6,0.0,0.0,0,0
IGLV3-7,0.0,0.0,0,0
IGLV3-9,-0.032764193,0.0,0,1
IGLV4-3,0.0,0.0,0,0
IGLV4-60,0.0,0.0,0,0
IGLV4-69,0.0,0.0,0,0
IGLV5-45,0.0,0.0,0,0
IGLV5-48,0.0,0.0,0,0
IGLV5-52,0.0,0.0,0,0
IGLV6-57,-0.06342179,0.0,0,2
IGLV7-35,0.0,0.0,0,0
IGLV7-43,-0.00021057435,0.0,0,1
IGLV8OR8-1,0.0,0.0,0,0
IGLV9-49,0.0,0.0,0,0
IGLVI-20,0.0,0.0,0,0
IGLVI-38,0.0,0.0,0,0
IGLVI-42,0.0,0.0,0,0
IGLVI-56,0.0,0.0,0,0
IGLVI-63,0.0,0.0,0,0
IGLVI-68,0.0,0.0,0,0
IGLVI-70,0.0,0.0,0,0
IGLVIV-53,0.0,0.0,0,0
IGLVIV-59,0.0,0.0,0,0
IGLVIV-64,0.0,0.0,0,0
IGLVIV-65,0.0,0.0,0,0
IGLVIV-66-1,0.0,0.0,0,0
IGLVIVOR22-1,0.0,0.0,0,0
IGLVIVOR22-2,0.0,0.0,0,0
IGLVV-58,0.0,0.0,0,0
IGLVV-66,0.0,0.0,0,0
IGLVVI-22-1,0.0,0.0,0,0
IGLVVI-25-1,0.0,0.0,0,0
IGLVVII-41-1,0.0,0.0,0,0
IGSF1,0.0,0.0,0,0
IGSF11,0.0,0.0,0,0
IGSF11-AS1,0.0,0.0,0,0
IGSF21-AS1,0.0,0.0,0,0
IGSF23,0.0,0.0,0,0
IGSF5,0.0,0.0,0,0
IGSF9B,0.0,0.0,0,0
IHH,-0.00014689744,0.0,0,1
IKZF2,-0.00037753535,0.0,0,1
IL11,0.0,0.0,0,0
IL12A,-0.0053893384,0.0,0,2
IL13,0.0,0.0,0,0
IL13RA2,0.0,0.0,0,0
IL17A,0.0,0.0,0,0
IL17C,0.0,0.0,0,0
IL17D,0.0,0.0,0,0
IL17F,0.0,0.0,0,0
IL17RB,0.0,0.0,0,0
IL17RD,0.0,0.0,0,0
IL17REL,0.0,0.0,0,0
IL18R1,-0.015410486,0.0,0,2
IL18RAP,-0.0003327418,0.0,0,1
IL1F10,0.0,0.0,0,0
IL1R1,-8.7750646e-05,0.0,0,1
IL1R1-AS1,0.0,0.0,0,0
IL1R2,-0.00026037035,0.0,0,1
IL1RAPL1,0.0,0.0,0,0
IL1RAPL2,-0.0019200089,0.0,0,1
IL1RL1,0.0,0.0,0,0
IL2,-0.004799576,0.0,0,2
IL20,0.0,0.0,0,0
IL20RA,-0.0057281014,0.0,0,1
IL20RB-AS1,0.0,0.0,0,0
IL21,0.0,0.0,0,0
IL21-AS1,-0.00017034943,0.0,0,1
IL21R-AS1,-0.00013618299,0.0,0,1
IL22,0.0,0.0,0,0
IL22RA1,0.0,0.0,0,0
IL22RA2,0.0,0.0,0,0
IL23R,-0.00028426727,0.0,0,1
IL24,0.0,0.0,0,0
IL25,0.0,0.0,0,0
IL26,0.0,0.0,0,0
IL3,0.0,0.0,0,0
IL31,0.0,0.0,0,0
IL31RA,0.0,0.0,0,0
IL33,0.0,0.0,0,0
IL34,-0.00021275063,0.0,0,1
IL36A,0.0,0.0,0,0
IL36B,0.0,0.0,0,0
IL36RN,0.0,0.0,0,0
IL37,0.0,0.0,0,0
IL4,0.0,0.0,0,0
IL5,0.0,0.0,0,0
IL5RA,0.0,0.0,0,0
IL9,0.0,0.0,0,0
ILDR1,-0.003242477,0.0,0,2
ILDR2,-0.006264653,0.0,0,1
IMPG1,0.0,0.0,0,0
IMPG2,0.0,0.0,0,0
INAVA,-0.04744428,0.0,0,2
INCA1,-0.0003178717,0.0,0,1
INE2,0.0,0.0,0,0
INHA,0.0,0.0,0,0
INHBA-AS1,-0.00018688408,0.0,0,1
INHBB,-0.00039199428,0.0,0,1
INHBE,0.0,0.0,0,0
INMT,0.0,0.0,0,0
INO80-AS1,-0.00018153245,0.0,0,1
INS,0.0,0.0,0,0
INSC,-0.0001574472,0.0,0,1
INSL3,0.0,0.0,0,0
INSL4,0.0,0.0,0,0
INSL5,0.0,0.0,0,0
INSL6,0.0,0.0,0,0
INSM1,0.0,0.0,0,0
INSM2,0.0,0.0,0,0
INSRR,0.0,0.0,0,0
INSYN1,0.0,0.0,0,0
INSYN1-AS1,0.0,0.0,0,0
INSYN2A,0.0,0.0,0,0
INTS6L-AS1,0.0,0.0,0,0
INTS9-AS1,0.0,0.0,0,0
IP6K3,0.0,0.0,0,0
IPP,-0.0005785795,0.0,0,1
IQCA1-AS1,0.0,0.0,0,0
IQCA1L,0.0,0.0,0,0
IQCF1,0.0,0.0,0,0
IQCF2,0.0,0.0,0,0
IQCF3,0.0,0.0,0,0
IQCF5,0.0,0.0,0,0
IQCF5-AS1,0.0,0.0,0,0
IQCF6,0.0,0.0,0,0
IQCH,-0.0144290775,0.0,0,2
IQCJ,0.0,0.0,0,0
IQCJ-SCHIP1,-0.00012725157,0.0,0,1
IQCJ-SCHIP1-AS1,0.0,0.0,0,0
IQCM,0.0,0.0,0,0
IQUB,0.0,0.0,0,0
IRAIN,0.0,0.0,0,0
IRF4,-0.002704567,0.0,0,2
IRGC,0.0,0.0,0,0
IRGM,0.0,0.0,0,0
IRS4,0.0,0.0,0,0
IRX1,0.0,0.0,0,0
IRX2,0.0,0.0,0,0
IRX4,0.0,0.0,0,0
IRX5,0.0,0.0,0,0
IRX6,0.0,0.0,0,0
ISL1,0.0,0.0,0,0
ISL2,0.0,0.0,0,0
ISLR,0.0,0.0,0,0
ISLR2,0.0,0.0,0,0
ISM1,0.0,0.0,0,0
ISM1-AS1,0.0,0.0,0,0
ISM2,0.0,0.0,0,0
ISX,0.0,0.0,0,0
ITCH-AS1,0.0,0.0,0,0
ITCH-IT1,0.0,0.0,0,0
ITFG1-AS1,0.0,0.0,0,0
ITFG2-AS1,-0.0011289037,0.0,0,1
ITGA10,-0.00020843744,0.0,0,1
ITGA11,0.0,0.0,0,0
ITGA6-AS1,-0.0052849185,0.0,0,1
ITGA8,0.0,0.0,0,0
ITGA9-AS1,-0.009960223,0.0,0,2
ITGAD,-0.013674638,0.0,0,2
ITGB1-DT,-0.006823966,0.0,0,2
ITGB5-AS1,0.0,0.0,0,0
ITGBL1,0.0,0.0,0,0
ITIH1,0.0,0.0,0,0
ITIH2,0.0,0.0,0,0
ITIH3,0.0,0.0,0,0
ITIH4-AS1,0.0,0.0,0,0
ITIH6,0.0,0.0,0,0
ITLN1,-0.00047175263,0.0,0,1
ITLN2,0.0,0.0,0,0
ITPK1-AS1,0.0,0.0,0,0
ITPR1-DT,-8.450311e-05,0.0,0,1
ITPRID1,0.0,0.0,0,0
ITPRIP-AS1,-0.003161975,0.0,0,2
IVL,0.0,0.0,0,0
IYD,0.0,0.0,0,0
IZUMO1R,0.0,0.0,0,0
IZUMO2,0.0,0.0,0,0
IZUMO3,0.0,0.0,0,0
JADE3,-0.00013667376,0.0,0,1
JADRR,0.0,0.0,0,0
JAKMIP1,0.0,0.0,0,0
JAKMIP2-AS1,0.0,0.0,0,0
JAKMIP3,0.0,0.0,0,0
JAM2,-0.0006789149,0.0,0,1
JAM3,-0.00020096103,0.0,0,1
JAZF1-AS1,-0.004800495,0.0,0,1
JCAD,0.0,0.0,0,0
JCHAIN,-0.001411351,0.0,0,2
JMJD1C-AS1,-0.0022371288,0.0,0,2
JPH1,0.0,0.0,0,0
JPH2,0.0,0.0,0,0
JPH3,0.0,0.0,0,0
JPH4,-0.0011513773,0.0,0,1
JRKL-AS1,0.0,0.0,0,0
KAAG1,0.0,0.0,0,0
KANK4,0.0,0.0,0,0
KAZN,0.0,0.0,0,0
KAZN-AS1,0.0,0.0,0,0
KBTBD11,0.0,0.0,0,0
KBTBD11-OT1,0.0,0.0,0,0
KBTBD12,0.0,0.0,0,0
KBTBD13,0.0,0.0,0,0
KBTBD6,-0.001450386,0.0,0,1
KC877392.1,0.0,0.0,0,0
KC877982.1,0.0,0.0,0,0
KCNA1,0.0,0.0,0,0
KCNA10,0.0,0.0,0,0
KCNA2,0.0,0.0,0,0
KCNA3,-0.0014862613,0.0,0,1
KCNA4,0.0,0.0,0,0
KCNA5,0.0,0.0,0,0
KCNA6,0.0,0.0,0,0
KCNA7,0.0,0.0,0,0
KCNAB1-AS1,0.0,0.0,0,0
KCNAB1-AS2,0.0,0.0,0,0
KCNB1,0.0,0.0,0,0
KCNB2,0.0,0.0,0,0
KCNC1,0.0,0.0,0,0
KCNC2,0.0,0.0,0,0
KCND2,0.0,0.0,0,0
KCND3,0.0,0.0,0,0
KCND3-AS1,0.0,0.0,0,0
KCND3-IT1,0.0,0.0,0,0
KCNE1B,0.0,0.0,0,0
KCNE2,0.0,0.0,0,0
KCNE4,0.0,0.0,0,0
KCNF1,0.0,0.0,0,0
KCNG1,0.0,0.0,0,0
KCNG2,0.0,0.0,0,0
KCNG3,0.0,0.0,0,0
KCNG4,0.0,0.0,0,0
KCNH1,0.0,0.0,0,0
KCNH1-IT1,0.0,0.0,0,0
KCNH2,0.0,0.0,0,0
KCNH3,-0.000109586406,0.0,0,1
KCNH4,-0.015027289,0.0,0,2
KCNH5,0.0,0.0,0,0
KCNH6,0.0,0.0,0,0
KCNH7,0.0,0.0,0,0
KCNH8,0.0,0.0,0,0
KCNIP2-AS1,-0.00014063895,0.0,0,1
KCNIP4,0.0,0.0,0,0
KCNIP4-IT1,0.0,0.0,0,0
KCNJ10,-0.0026981235,0.0,0,2
KCNJ11,0.0,0.0,0,0
KCNJ12,0.0,0.0,0,0
KCNJ13,-0.00012698809,0.0,0,1
KCNJ15,-0.0007264246,0.0,0,1
KCNJ16,0.0,0.0,0,0
KCNJ18,0.0,0.0,0,0
KCNJ3,0.0,0.0,0,0
KCNJ4,0.0,0.0,0,0
KCNJ6,0.0,0.0,0,0
KCNJ6-AS1,0.0,0.0,0,0
KCNJ8,0.0,0.0,0,0
KCNJ9,0.0,0.0,0,0
KCNK12,-0.04933833,0.0,0,2
KCNK15-AS1,0.0,0.0,0,0
KCNK16,0.0,0.0,0,0
KCNK17,0.0,0.0,0,0
KCNK18,0.0,0.0,0,0
KCNK2,0.0,0.0,0,0
KCNK3,0.0,0.0,0,0
KCNK4,0.0,0.0,0,0
KCNK9,0.0,0.0,0,0
KCNMA1-AS1,0.0,0.0,0,0
KCNMA1-AS2,0.0,0.0,0,0
KCNMA1-AS3,0.0,0.0,0,0
KCNMB2,0.0,0.0,0,0
KCNMB4,-0.013312972,0.0,0,2
KCNN1,-0.00030608033,0.0,0,1
KCNN2,0.0,0.0,0,0
KCNN3,-2.8596822e-05,0.0,0,1
KCNQ1-AS1,0.0,0.0,0,0
KCNQ1DN,0.0,0.0,0,0
KCNQ2,0.0,0.0,0,0
KCNQ4,0.0,0.0,0,0
KCNQ5,-0.0004790801,0.0,0,1
KCNQ5-AS1,0.0,0.0,0,0
KCNQ5-IT1,0.0,0.0,0,0
KCNS1,0.0,0.0,0,0
KCNS2,0.0,0.0,0,0
KCNT1,0.0,0.0,0,0
KCNT2,0.0,0.0,0,0
KCNU1,0.0,0.0,0,0
KCNV1,0.0,0.0,0,0
KCNV2,0.0,0.0,0,0
KCTD14,0.0,0.0,0,0
KCTD16,-0.00026964452,0.0,0,1
KCTD19,0.0,0.0,0,0
KCTD4,0.0,0.0,0,0
KCTD8,0.0,0.0,0,0
KDM4D,-0.020993205,0.0,0,2
KDM4E,0.0,0.0,0,0
KDM4F,0.0,0.0,0,0
KDM5D,0.0,0.0,0,0
KDR,0.0,0.0,0,0
KEL,-7.851785e-05,0.0,0,1
KERA,0.0,0.0,0,0
KF456478.1,-0.00015872582,0.0,0,1
KF459542.1,0.0,0.0,0,0
KHDC1,-0.0004818487,0.0,0,1
KHDC1L,0.0,0.0,0,0
KHDC3L,0.0,0.0,0,0
KHDRBS2-OT,0.0,0.0,0,0
KIAA0087,0.0,0.0,0,0
KIAA0319,0.0,0.0,0,0
KIAA0408,0.0,0.0,0,0
KIAA0895,0.0,0.0,0,0
KIAA1217,-0.0014811628,0.0,0,1
KIAA1257,0.0,0.0,0,0
KIAA1324L,0.0,0.0,0,0
KIAA1549L,0.0,0.0,0,0
KIAA1755,0.0,0.0,0,0
KIAA2012,0.0,0.0,0,0
KIAA2012-AS1,0.0,0.0,0,0
KIF14,-0.0001668618,0.0,0,1
KIF18B,0.0,0.0,0,0
KIF19,0.0,0.0,0,0
KIF24,-0.00011318064,0.0,0,1
KIF25,0.0,0.0,0,0
KIF25-AS1,0.0,0.0,0,0
KIF26A,0.0,0.0,0,0
KIF26B-AS1,0.0,0.0,0,0
KIF27,-0.0005438244,0.0,0,1
KIF2B,0.0,0.0,0,0
KIF4B,0.0,0.0,0,0
KIF5A,-8.77403e-05,0.0,0,1
KIF5C,0.0,0.0,0,0
KIF7,0.0,0.0,0,0
KIR2DL1,0.0,0.0,0,0
KIR2DL3,-0.040465612,0.0,0,1
KIR2DL4,-9.350158e-05,0.0,0,1
KIR3DL1,-0.0016988977,0.0,0,1
KIR3DL2,-0.0019200089,0.0,0,1
KIR3DL3,0.0,0.0,0,0
KIRREL1,-0.0020678458,0.0,0,2
KIRREL1-IT1,0.0,0.0,0,0
KIRREL2,0.0,0.0,0,0
KIRREL3,0.0,0.0,0,0
KIRREL3-AS1,0.0,0.0,0,0
KIRREL3-AS2,0.0,0.0,0,0
KIRREL3-AS3,0.0,0.0,0,0
KISS1,-6.665451e-05,0.0,0,1
KISS1R,0.0,0.0,0,0
KIT,0.0,0.0,0,0
KIZ-AS1,0.0,0.0,0,0
KL,0.0,0.0,0,0
KLB,0.0,0.0,0,0
KLC3,-6.327291e-05,0.0,0,1
KLF1,-0.0019021599,0.0,0,2
KLF14,0.0,0.0,0,0
KLF15,-0.00027072485,0.0,0,1
KLF17,0.0,0.0,0,0
KLF18,0.0,0.0,0,0
KLF3-AS1,-0.007613244,0.0,0,2
KLF8,-0.0005975541,0.0,0,1
KLHDC7A,0.0,0.0,0,0
KLHDC8A,-8.316309e-05,0.0,0,1
KLHL1,0.0,0.0,0,0
KLHL10,0.0,0.0,0,0
KLHL14,-0.015808878,0.0,0,2
KLHL29,-0.00013418564,0.0,0,1
KLHL3,-8.244456e-06,0.0,0,1
KLHL31,0.0,0.0,0,0
KLHL32,0.0,0.0,0,0
KLHL33,0.0,0.0,0,0
KLHL34,0.0,0.0,0,0
KLHL38,-6.519804e-05,0.0,0,1
KLHL4,0.0,0.0,0,0
KLHL40,0.0,0.0,0,0
KLHL6-AS1,0.0,0.0,0,0
KLK12,0.0,0.0,0,0
KLK13,-0.00018196473,0.0,0,1
KLK14,0.0,0.0,0,0
KLK15,0.0,0.0,0,0
KLK2,0.0,0.0,0,0
KLK3,0.0,0.0,0,0
KLK4,-0.0062915124,0.0,0,2
KLK9,0.0,0.0,0,0
KLKB1,-0.00031479678,0.0,0,1
KLLN,-0.00013727184,0.0,0,1
KLRC1,-0.0001251539,0.0,0,1
KLRC2,-0.00017237368,0.0,0,1
KLRC3,-0.0006331716,0.0,0,1
KLRF2,0.0,0.0,0,0
KLRG1,-0.00021328451,0.0,0,1
KLRG2,-0.0013225869,0.0,0,1
KNCN,0.0,0.0,0,0
KNDC1,0.0,0.0,0,0
KNG1,0.0,0.0,0,0
KPNA7,0.0,0.0,0,0
KPRP,0.0,0.0,0,0
KRBOX1-AS1,0.0,0.0,0,0
KREMEN2,0.0,0.0,0,0
KRT1,0.0,0.0,0,0
KRT12,0.0,0.0,0,0
KRT13,-0.014949832,0.0,0,1
KRT14,0.0,0.0,0,0
KRT15,0.0,0.0,0,0
KRT16,0.0,0.0,0,0
KRT17,-0.00039835423,0.0,0,1
KRT2,0.0,0.0,0,0
KRT20,0.0,0.0,0,0
KRT24,0.0,0.0,0,0
KRT25,0.0,0.0,0,0
KRT26,0.0,0.0,0,0
KRT27,0.0,0.0,0,0
KRT28,0.0,0.0,0,0
KRT3,-0.00025302565,0.0,0,1
KRT31,-0.000506422,0.0,0,1
KRT32,0.0,0.0,0,0
KRT33A,0.0,0.0,0,0
KRT33B,0.0,0.0,0,0
KRT34,0.0,0.0,0,0
KRT35,0.0,0.0,0,0
KRT37,0.0,0.0,0,0
KRT38,0.0,0.0,0,0
KRT39,0.0,0.0,0,0
KRT4,0.0,0.0,0,0
KRT40,0.0,0.0,0,0
KRT5,-0.00011866767,0.0,0,1
KRT6A,0.0,0.0,0,0
KRT6B,0.0,0.0,0,0
KRT6C,0.0,0.0,0,0
KRT7-AS,0.0,0.0,0,0
KRT71,0.0,0.0,0,0
KRT72,0.0,0.0,0,0
KRT73,0.0,0.0,0,0
KRT73-AS1,0.0,0.0,0,0
KRT74,0.0,0.0,0,0
KRT75,0.0,0.0,0,0
KRT76,0.0,0.0,0,0
KRT77,0.0,0.0,0,0
KRT78,0.0,0.0,0,0
KRT79,0.0,0.0,0,0
KRT80,0.0,0.0,0,0
KRT81,-5.649189e-05,0.0,0,1
KRT82,0.0,0.0,0,0
KRT83,0.0,0.0,0,0
KRT84,0.0,0.0,0,0
KRT85,0.0,0.0,0,0
KRT9,0.0,0.0,0,0
KRTAP1-1,0.0,0.0,0,0
KRTAP1-3,0.0,0.0,0,0
KRTAP1-4,0.0,0.0,0,0
KRTAP1-5,0.0,0.0,0,0
KRTAP10-1,0.0,0.0,0,0
KRTAP10-10,0.0,0.0,0,0
KRTAP10-11,0.0,0.0,0,0
KRTAP10-12,0.0,0.0,0,0
KRTAP10-2,0.0,0.0,0,0
KRTAP10-3,0.0,0.0,0,0
KRTAP10-4,0.0,0.0,0,0
KRTAP10-5,0.0,0.0,0,0
KRTAP10-6,0.0,0.0,0,0
KRTAP10-7,0.0,0.0,0,0
KRTAP10-8,0.0,0.0,0,0
KRTAP10-9,0.0,0.0,0,0
KRTAP11-1,0.0,0.0,0,0
KRTAP12-1,0.0,0.0,0,0
KRTAP12-2,0.0,0.0,0,0
KRTAP12-3,0.0,0.0,0,0
KRTAP12-4,0.0,0.0,0,0
KRTAP13-1,0.0,0.0,0,0
KRTAP13-2,0.0,0.0,0,0
KRTAP13-3,0.0,0.0,0,0
KRTAP13-4,0.0,0.0,0,0
KRTAP15-1,0.0,0.0,0,0
KRTAP16-1,0.0,0.0,0,0
KRTAP17-1,0.0,0.0,0,0
KRTAP19-1,0.0,0.0,0,0
KRTAP19-2,0.0,0.0,0,0
KRTAP19-3,0.0,0.0,0,0
KRTAP19-4,0.0,0.0,0,0
KRTAP19-5,0.0,0.0,0,0
KRTAP19-6,0.0,0.0,0,0
KRTAP19-7,0.0,0.0,0,0
KRTAP19-8,0.0,0.0,0,0
KRTAP2-1,0.0,0.0,0,0
KRTAP2-2,0.0,0.0,0,0
KRTAP2-3,0.0,0.0,0,0
KRTAP2-4,0.0,0.0,0,0
KRTAP20-1,0.0,0.0,0,0
KRTAP20-2,0.0,0.0,0,0
KRTAP20-3,0.0,0.0,0,0
KRTAP20-4,0.0,0.0,0,0
KRTAP21-1,0.0,0.0,0,0
KRTAP21-2,0.0,0.0,0,0
KRTAP21-3,0.0,0.0,0,0
KRTAP22-1,0.0,0.0,0,0
KRTAP22-2,0.0,0.0,0,0
KRTAP23-1,0.0,0.0,0,0
KRTAP24-1,0.0,0.0,0,0
KRTAP25-1,0.0,0.0,0,0
KRTAP26-1,0.0,0.0,0,0
KRTAP27-1,0.0,0.0,0,0
KRTAP29-1,0.0,0.0,0,0
KRTAP3-1,0.0,0.0,0,0
KRTAP3-2,0.0,0.0,0,0
KRTAP3-3,0.0,0.0,0,0
KRTAP4-1,0.0,0.0,0,0
KRTAP4-12,0.0,0.0,0,0
KRTAP4-16,0.0,0.0,0,0
KRTAP4-2,0.0,0.0,0,0
KRTAP4-3,0.0,0.0,0,0
KRTAP4-4,0.0,0.0,0,0
KRTAP4-5,0.0,0.0,0,0
KRTAP4-6,0.0,0.0,0,0
KRTAP4-7,0.0,0.0,0,0
KRTAP4-8,0.0,0.0,0,0
KRTAP4-9,0.0,0.0,0,0
KRTAP5-1,0.0,0.0,0,0
KRTAP5-10,0.0,0.0,0,0
KRTAP5-11,0.0,0.0,0,0
KRTAP5-2,0.0,0.0,0,0
KRTAP5-3,0.0,0.0,0,0
KRTAP5-4,0.0,0.0,0,0
KRTAP5-5,0.0,0.0,0,0
KRTAP5-6,0.0,0.0,0,0
KRTAP5-7,0.0,0.0,0,0
KRTAP5-8,-0.00025521318,0.0,0,1
KRTAP5-9,-0.00029624073,0.0,0,1
KRTAP5-AS1,0.0,0.0,0,0
KRTAP6-1,0.0,0.0,0,0
KRTAP6-2,0.0,0.0,0,0
KRTAP6-3,0.0,0.0,0,0
KRTAP7-1,0.0,0.0,0,0
KRTAP8-1,0.0,0.0,0,0
KRTAP9-1,0.0,0.0,0,0
KRTAP9-2,0.0,0.0,0,0
KRTAP9-3,0.0,0.0,0,0
KRTAP9-4,0.0,0.0,0,0
KRTAP9-6,0.0,0.0,0,0
KRTAP9-7,0.0,0.0,0,0
KRTAP9-8,0.0,0.0,0,0
KRTAP9-9,0.0,0.0,0,0
KRTDAP,0.0,0.0,0,0
KSR2,0.0,0.0,0,0
KY,0.0,0.0,0,0
L1CAM,-0.00022691989,0.0,0,1
L1TD1,-0.0013509748,0.0,0,1
L29074.1,0.0,0.0,0,0
L34079.2,0.0,0.0,0,0
L34079.3,0.0,0.0,0,0
L3MBTL1,-0.0059122075,0.0,0,2
LACRT,0.0,0.0,0,0
LACTBL1,0.0,0.0,0,0
LAD1,-5.3318607e-05,0.0,0,1
LAIR2,-0.0002250916,0.0,0,1
LALBA,0.0,0.0,0,0
LAMA1,-0.0007271664,0.0,0,1
LAMA2,0.0,0.0,0,0
LAMA4,0.0,0.0,0,0
LAMA5-AS1,0.0,0.0,0,0
LAMB1,-0.002226527,0.0,0,1
LAMB4,0.0,0.0,0,0
LAMC1-AS1,0.0,0.0,0,0
LAMC2,-0.0023883297,0.0,0,2
LAMC3,0.0,0.0,0,0
LAMP5-AS1,0.0,0.0,0,0
LANCL1-AS1,0.0,0.0,0,0
LAPTM4A-DT,0.0,0.0,0,0
LARGE-AS1,0.0,0.0,0,0
LARGE-IT1,0.0,0.0,0,0
LARGE1,0.0,0.0,0,0
LARGE2,-0.00031991885,0.0,0,1
LARS2-AS1,0.0,0.0,0,0
LATS2-AS1,0.0,0.0,0,0
LBHD2,0.0,0.0,0,0
LBP,0.0,0.0,0,0
LBX1,0.0,0.0,0,0
LBX1-AS1,0.0,0.0,0,0
LBX2,-0.002014906,0.0,0,2
LCA5L,-0.00032864834,0.0,0,1
LCAL1,0.0,0.0,0,0
LCE1A,0.0,0.0,0,0
LCE1B,0.0,0.0,0,0
LCE1C,0.0,0.0,0,0
LCE1D,0.0,0.0,0,0
LCE1E,0.0,0.0,0,0
LCE1F,0.0,0.0,0,0
LCE2A,0.0,0.0,0,0
LCE2B,0.0,0.0,0,0
LCE2C,0.0,0.0,0,0
LCE2D,0.0,0.0,0,0
LCE3A,0.0,0.0,0,0
LCE3B,0.0,0.0,0,0
LCE3C,0.0,0.0,0,0
LCE3D,0.0,0.0,0,0
LCE3E,0.0,0.0,0,0
LCE4A,0.0,0.0,0,0
LCE5A,0.0,0.0,0,0
LCE6A,0.0,0.0,0,0
LCMT1-AS2,-0.00016845974,0.0,0,1
LCN1,0.0,0.0,0,0
LCN10,0.0,0.0,0,0
LCN12,-0.00017546478,0.0,0,1
LCN15,0.0,0.0,0,0
LCN6,0.0,0.0,0,0
LCN8,0.0,0.0,0,0
LCN9,0.0,0.0,0,0
LCNL1,0.0,0.0,0,0
LCT,0.0,0.0,0,0
LCTL,-0.00015890713,0.0,0,1
LDB2,0.0,0.0,0,0
LDB3,0.0,0.0,0,0
LDHAL6A,0.0,0.0,0,0
LDHC,0.0,0.0,0,0
LDLR,-0.0006412771,0.0,0,1
LDLRAD1,0.0,0.0,0,0
LDLRAD2,-4.2828557e-05,0.0,0,1
LDLRAD4-AS1,-0.00019963988,0.0,0,1
LECT2,0.0,0.0,0,0
LEF1,-0.00039944542,0.0,0,1
LEF1-AS1,-0.0002627792,0.0,0,1
LEFTY2,0.0,0.0,0,0
LELP1,0.0,0.0,0,0
LEMD1,0.0,0.0,0,0
LEMD1-AS1,0.0,0.0,0,0
LEMD1-DT,0.0,0.0,0,0
LENEP,0.0,0.0,0,0
LENG9,-0.00048683133,0.0,0,1
LEP,-0.009567986,0.0,0,1
LEPR,-0.0039739343,0.0,0,2
LERFS,-0.0054051825,0.0,0,1
LEUTX,0.0,0.0,0,0
LEXM,0.0,0.0,0,0
LGALS13,0.0,0.0,0,0
LGALS14,0.0,0.0,0,0
LGALS16,0.0,0.0,0,0
LGALS2,-0.00048232285,0.0,0,1
LGALS4,-0.00026964452,0.0,0,1
LGALS7,-8.001428e-05,0.0,0,1
LGALS7B,0.0,0.0,0,0
LGALS8-AS1,-0.0038012473,0.0,0,2
LGALS9B,0.0,0.0,0,0
LGI1,0.0,0.0,0,0
LGI3,0.0,0.0,0,0
LGI4,-0.00577541,0.0,0,2
LGR4,-0.00049446244,0.0,0,1
LGR5,0.0,0.0,0,0
LHB,-0.00013582858,0.0,0,1
LHCGR,0.0,0.0,0,0
LHFPL1,0.0,0.0,0,0
LHFPL3,0.0,0.0,0,0
LHFPL3-AS1,0.0,0.0,0,0
LHFPL3-AS2,0.0,0.0,0,0
LHFPL4,0.0,0.0,0,0
LHX1-DT,0.0,0.0,0,0
LHX2,-0.0023479522,0.0,0,2
LHX3,0.0,0.0,0,0
LHX4,0.0,0.0,0,0
LHX5,0.0,0.0,0,0
LHX5-AS1,0.0,0.0,0,0
LHX6,0.0,0.0,0,0
LHX8,0.0,0.0,0,0
LHX9,0.0,0.0,0,0
LIF-AS1,0.0,0.0,0,0
LIFR,-0.0024167772,0.0,0,2
LIFR-AS1,0.0,0.0,0,0
LILRB1-AS1,0.0,0.0,0,0
LIM2,0.0,0.0,0,0
LIMCH1,-0.0005253458,0.0,0,1
LIMD1-AS1,-3.488711e-05,0.0,0,1
LIMS1-AS1,0.0,0.0,0,0
LIMS3,0.0,0.0,0,0
LIN28A,0.0,0.0,0,0
LIN28B,0.0,0.0,0,0
LIN28B-AS1,0.0,0.0,0,0
LIN7A,0.0,0.0,0,0
LINC-ROR,0.0,0.0,0,0
LINC00028,0.0,0.0,0,0
LINC00029,0.0,0.0,0,0
LINC00051,0.0,0.0,0,0
LINC00052,0.0,0.0,0,0
LINC00102,0.0,0.0,0,0
LINC00111,0.0,0.0,0,0
LINC00112,0.0,0.0,0,0
LINC00113,0.0,0.0,0,0
LINC00158,0.0,0.0,0,0
LINC00160,0.0,0.0,0,0
LINC00161,0.0,0.0,0,0
LINC00163,0.0,0.0,0,0
LINC00165,0.0,0.0,0,0
LINC00167,-0.00017259196,0.0,0,1
LINC00184,0.0,0.0,0,0
LINC00189,0.0,0.0,0,0
LINC00207,0.0,0.0,0,0
LINC00208,0.0,0.0,0,0
LINC00210,0.0,0.0,0,0
LINC00211,0.0,0.0,0,0
LINC00221,0.0,0.0,0,0
LINC00222,-0.0002328054,0.0,0,1
LINC00226,0.0,0.0,0,0
LINC00229,0.0,0.0,0,0
LINC00237,0.0,0.0,0,0
LINC00240,0.0,0.0,0,0
LINC00242,0.0,0.0,0,0
LINC00244,0.0,0.0,0,0
LINC00251,0.0,0.0,0,0
LINC00254,0.0,0.0,0,0
LINC00261,0.0,0.0,0,0
LINC00266-1,0.0,0.0,0,0
LINC00266-4P,0.0,0.0,0,0
LINC00269,0.0,0.0,0,0
LINC00272,0.0,0.0,0,0
LINC00273,0.0,0.0,0,0
LINC00276,0.0,0.0,0,0
LINC00278,-0.0001282326,0.0,0,1
LINC00280,0.0,0.0,0,0
LINC00283,0.0,0.0,0,0
LINC00290,0.0,0.0,0,0
LINC00293,0.0,0.0,0,0
LINC00297,0.0,0.0,0,0
LINC00298,0.0,0.0,0,0
LINC00303,0.0,0.0,0,0
LINC00304,0.0,0.0,0,0
LINC00305,0.0,0.0,0,0
LINC00307,0.0,0.0,0,0
LINC00308,0.0,0.0,0,0
LINC00309,-0.021806436,0.0,0,2
LINC00310,0.0,0.0,0,0
LINC00311,0.0,0.0,0,0
LINC00314,0.0,0.0,0,0
LINC00315,0.0,0.0,0,0
LINC00316,0.0,0.0,0,0
LINC00317,0.0,0.0,0,0
LINC00319,0.0,0.0,0,0
LINC00320,0.0,0.0,0,0
LINC00323,0.0,0.0,0,0
LINC00326,0.0,0.0,0,0
LINC00327,0.0,0.0,0,0
LINC00330,0.0,0.0,0,0
LINC00331,0.0,0.0,0,0
LINC00332,0.0,0.0,0,0
LINC00333,0.0,0.0,0,0
LINC00334,0.0,0.0,0,0
LINC00336,0.0,0.0,0,0
LINC00337,-0.00021967404,0.0,0,1
LINC00343,0.0,0.0,0,0
LINC00345,0.0,0.0,0,0
LINC00347,0.0,0.0,0,0
LINC00348,0.0,0.0,0,0
LINC00349,0.0,0.0,0,0
LINC00350,0.0,0.0,0,0
LINC00351,0.0,0.0,0,0
LINC00352,0.0,0.0,0,0
LINC00353,0.0,0.0,0,0
LINC00358,0.0,0.0,0,0
LINC00362,0.0,0.0,0,0
LINC00363,0.0,0.0,0,0
LINC00364,0.0,0.0,0,0
LINC00365,-0.0002015506,0.0,0,1
LINC00366,0.0,0.0,0,0
LINC00368,0.0,0.0,0,0
LINC00370,0.0,0.0,0,0
LINC00373,0.0,0.0,0,0
LINC00374,0.0,0.0,0,0
LINC00375,0.0,0.0,0,0
LINC00376,0.0,0.0,0,0
LINC00377,0.0,0.0,0,0
LINC00378,0.0,0.0,0,0
LINC00379,-0.00013962066,0.0,0,1
LINC00380,0.0,0.0,0,0
LINC00381,0.0,0.0,0,0
LINC00382,0.0,0.0,0,0
LINC00383,0.0,0.0,0,0
LINC00384,0.0,0.0,0,0
LINC00385,0.0,0.0,0,0
LINC00387,0.0,0.0,0,0
LINC00388,0.0,0.0,0,0
LINC00391,0.0,0.0,0,0
LINC00392,0.0,0.0,0,0
LINC00393,0.0,0.0,0,0
LINC00395,0.0,0.0,0,0
LINC00396,0.0,0.0,0,0
LINC00397,0.0,0.0,0,0
LINC00398,-0.0077623366,0.0,0,2
LINC00399,0.0,0.0,0,0
LINC00400,0.0,0.0,0,0
LINC00402,-0.00031293702,0.0,0,1
LINC00404,0.0,0.0,0,0
LINC00407,0.0,0.0,0,0
LINC00408,0.0,0.0,0,0
LINC00410,0.0,0.0,0,0
LINC00411,0.0,0.0,0,0
LINC00412,0.0,0.0,0,0
LINC00415,0.0,0.0,0,0
LINC00421,0.0,0.0,0,0
LINC00423,0.0,0.0,0,0
LINC00424,0.0,0.0,0,0
LINC00426,-0.0002708614,0.0,0,1
LINC00427,0.0,0.0,0,0
LINC00428,0.0,0.0,0,0
LINC00430,0.0,0.0,0,0
LINC00433,0.0,0.0,0,0
LINC00434,0.0,0.0,0,0
LINC00437,0.0,0.0,0,0
LINC00440,0.0,0.0,0,0
LINC00442,0.0,0.0,0,0
LINC00443,0.0,0.0,0,0
LINC00445,0.0,0.0,0,0
LINC00446,0.0,0.0,0,0
LINC00448,0.0,0.0,0,0
LINC00449,0.0,0.0,0,0
LINC00452,0.0,0.0,0,0
LINC00454,0.0,0.0,0,0
LINC00456,0.0,0.0,0,0
LINC00457,0.0,0.0,0,0
LINC00458,-0.0040645762,0.0,0,1
LINC00459,0.0,0.0,0,0
LINC00460,0.0,0.0,0,0
LINC00462,0.0,0.0,0,0
LINC00463,0.0,0.0,0,0
LINC00466,0.0,0.0,0,0
LINC00469,0.0,0.0,0,0
LINC00471,-0.0023997598,0.0,0,2
LINC00474,0.0,0.0,0,0
LINC00477,0.0,0.0,0,0
LINC00479,0.0,0.0,0,0
LINC00482,-0.00020521879,0.0,0,1
LINC00485,0.0,0.0,0,0
LINC00486,0.0,0.0,0,0
LINC00488,0.0,0.0,0,0
LINC00489,0.0,0.0,0,0
LINC00491,-0.0001861296,0.0,0,1
LINC00492,0.0,0.0,0,0
LINC00494,0.0,0.0,0,0
LINC00498,0.0,0.0,0,0
LINC00499,-0.00017620827,0.0,0,1
LINC00500,0.0,0.0,0,0
LINC00501,0.0,0.0,0,0
LINC00502,0.0,0.0,0,0
LINC00507,0.0,0.0,0,0
LINC00508,0.0,0.0,0,0
LINC00511,-0.0025399737,0.0,0,2
LINC00514,0.0,0.0,0,0
LINC00517,0.0,0.0,0,0
LINC00518,0.0,0.0,0,0
LINC00519,0.0,0.0,0,0
LINC00523,0.0,0.0,0,0
LINC00524,0.0,0.0,0,0
LINC00525,0.0,0.0,0,0
LINC00529,0.0,0.0,0,0
LINC00533,0.0,0.0,0,0
LINC00534,0.0,0.0,0,0
LINC00535,0.0,0.0,0,0
LINC00536,0.0,0.0,0,0
LINC00538,0.0,0.0,0,0
LINC00543,-0.0006607753,0.0,0,1
LINC00545,0.0,0.0,0,0
LINC00547,0.0,0.0,0,0
LINC00550,0.0,0.0,0,0
LINC00551,-0.00011386317,0.0,0,1
LINC00554,0.0,0.0,0,0
LINC00555,0.0,0.0,0,0
LINC00556,0.0,0.0,0,0
LINC00557,0.0,0.0,0,0
LINC00558,0.0,0.0,0,0
LINC00559,0.0,0.0,0,0
LINC00560,0.0,0.0,0,0
LINC00561,0.0,0.0,0,0
LINC00563,-0.00028151085,0.0,0,1
LINC00564,0.0,0.0,0,0
LINC00565,-7.5710275e-05,0.0,0,1
LINC00566,0.0,0.0,0,0
LINC00567,0.0,0.0,0,0
LINC00570,0.0,0.0,0,0
LINC00572,0.0,0.0,0,0
LINC00574,0.0,0.0,0,0
LINC00575,0.0,0.0,0,0
LINC00578,0.0,0.0,0,0
LINC00581,0.0,0.0,0,0
LINC00582,0.0,0.0,0,0
LINC00583,0.0,0.0,0,0
LINC00587,0.0,0.0,0,0
LINC00588,0.0,0.0,0,0
LINC00589,-0.00020883762,0.0,0,1
LINC00592,0.0,0.0,0,0
LINC00596,0.0,0.0,0,0
LINC00598,0.0,0.0,0,0
LINC00599,0.0,0.0,0,0
LINC00601,0.0,0.0,0,0
LINC00602,0.0,0.0,0,0
LINC00603,0.0,0.0,0,0
LINC00604,0.0,0.0,0,0
LINC00605,0.0,0.0,0,0
LINC00606,0.0,0.0,0,0
LINC00608,0.0,0.0,0,0
LINC00609,0.0,0.0,0,0
LINC00613,0.0,0.0,0,0
LINC00615,0.0,0.0,0,0
LINC00616,0.0,0.0,0,0
LINC00618,0.0,0.0,0,0
LINC00620,0.0,0.0,0,0
LINC00621,-0.0013225869,0.0,0,1
LINC00622,-0.005871004,0.0,0,1
LINC00624,-0.00030325458,0.0,0,1
LINC00626,0.0,0.0,0,0
LINC00628,0.0,0.0,0,0
LINC00632,-0.00013883208,0.0,0,1
LINC00634,0.0,0.0,0,0
LINC00635,0.0,0.0,0,0
LINC00636,0.0,0.0,0,0
LINC00637,0.0,0.0,0,0
LINC00639,-8.7503577e-07,0.0,0,1
LINC00640,0.0,0.0,0,0
LINC00642,0.0,0.0,0,0
LINC00644,0.0,0.0,0,0
LINC00645,0.0,0.0,0,0
LINC00648,0.0,0.0,0,0
LINC00652,0.0,0.0,0,0
LINC00658,0.0,0.0,0,0
LINC00659,0.0,0.0,0,0
LINC00661,0.0,0.0,0,0
LINC00664,-0.00046221397,0.0,0,1
LINC00668,0.0,0.0,0,0
LINC00670,0.0,0.0,0,0
LINC00672,-0.0015097415,0.0,0,1
LINC00676,0.0,0.0,0,0
LINC00677,0.0,0.0,0,0
LINC00678,0.0,0.0,0,0
LINC00681,0.0,0.0,0,0
LINC00682,0.0,0.0,0,0
LINC00686,0.0,0.0,0,0
LINC00687,0.0,0.0,0,0
LINC00689,0.0,0.0,0,0
LINC00690,0.0,0.0,0,0
LINC00691,0.0,0.0,0,0
LINC00692,0.0,0.0,0,0
LINC00698,-0.017086029,0.0,0,1
LINC00700,0.0,0.0,0,0
LINC00701,0.0,0.0,0,0
LINC00703,0.0,0.0,0,0
LINC00705,0.0,0.0,0,0
LINC00706,0.0,0.0,0,0
LINC00708,0.0,0.0,0,0
LINC00709,0.0,0.0,0,0
LINC00710,0.0,0.0,0,0
LINC00824,0.0,0.0,0,0
LINC00836,0.0,0.0,0,0
LINC00837,0.0,0.0,0,0
LINC00838,0.0,0.0,0,0
LINC00839,0.0,0.0,0,0
LINC00840,0.0,0.0,0,0
LINC00841,0.0,0.0,0,0
LINC00842,0.0,0.0,0,0
LINC00844,0.0,0.0,0,0
LINC00845,0.0,0.0,0,0
LINC00850,0.0,0.0,0,0
LINC00851,0.0,0.0,0,0
LINC00853,-0.0002915101,0.0,0,1
LINC00857,0.0,0.0,0,0
LINC00858,-0.002226527,0.0,0,1
LINC00862,0.0,0.0,0,0
LINC00866,0.0,0.0,0,0
LINC00867,0.0,0.0,0,0
LINC00868,0.0,0.0,0,0
LINC00870,0.0,0.0,0,0
LINC00871,0.0,0.0,0,0
LINC00879,0.0,0.0,0,0
LINC00880,0.0,0.0,0,0
LINC00882,0.0,0.0,0,0
LINC00884,-0.0059181605,0.0,0,2
LINC00885,0.0,0.0,0,0
LINC00887,0.0,0.0,0,0
LINC00892,-0.0027542943,0.0,0,2
LINC00895,0.0,0.0,0,0
LINC00896,-0.00013172455,0.0,0,1
LINC00898,0.0,0.0,0,0
LINC00901,0.0,0.0,0,0
LINC00903,0.0,0.0,0,0
LINC00905,0.0,0.0,0,0
LINC00906,0.0,0.0,0,0
LINC00911,0.0,0.0,0,0
LINC00917,0.0,0.0,0,0
LINC00919,0.0,0.0,0,0
LINC00922,0.0,0.0,0,0
LINC00924,0.0,0.0,0,0
LINC00927,0.0,0.0,0,0
LINC00928,0.0,0.0,0,0
LINC00929,0.0,0.0,0,0
LINC00930,0.0,0.0,0,0
LINC00934,0.0,0.0,0,0
LINC00939,0.0,0.0,0,0
LINC00940,0.0,0.0,0,0
LINC00942,0.0,0.0,0,0
LINC00943,0.0,0.0,0,0
LINC00945,0.0,0.0,0,0
LINC00951,0.0,0.0,0,0
LINC00955,0.0,0.0,0,0
LINC00964,0.0,0.0,0,0
LINC00967,0.0,0.0,0,0
LINC00970,0.0,0.0,0,0
LINC00971,0.0,0.0,0,0
LINC00972,0.0,0.0,0,0
LINC00973,0.0,0.0,0,0
LINC00974,0.0,0.0,0,0
LINC00989,0.0,0.0,0,0
LINC00992,0.0,0.0,0,0
LINC00994,0.0,0.0,0,0
LINC00997,-0.00036724252,0.0,0,1
LINC01005,0.0,0.0,0,0
LINC01007,0.0,0.0,0,0
LINC01013,0.0,0.0,0,0
LINC01014,0.0,0.0,0,0
LINC01015,0.0,0.0,0,0
LINC01016,0.0,0.0,0,0
LINC01017,0.0,0.0,0,0
LINC01018,0.0,0.0,0,0
LINC01019,0.0,0.0,0,0
LINC01020,0.0,0.0,0,0
LINC01022,0.0,0.0,0,0
LINC01028,0.0,0.0,0,0
LINC01029,0.0,0.0,0,0
LINC01030,0.0,0.0,0,0
LINC01031,0.0,0.0,0,0
LINC01033,0.0,0.0,0,0
LINC01034,0.0,0.0,0,0
LINC01035,0.0,0.0,0,0
LINC01038,0.0,0.0,0,0
LINC01039,0.0,0.0,0,0
LINC01040,0.0,0.0,0,0
LINC01043,0.0,0.0,0,0
LINC01044,0.0,0.0,0,0
LINC01046,0.0,0.0,0,0
LINC01047,0.0,0.0,0,0
LINC01048,0.0,0.0,0,0
LINC01049,0.0,0.0,0,0
LINC01050,0.0,0.0,0,0
LINC01052,0.0,0.0,0,0
LINC01053,0.0,0.0,0,0
LINC01054,0.0,0.0,0,0
LINC01055,0.0,0.0,0,0
LINC01056,0.0,0.0,0,0
LINC01058,0.0,0.0,0,0
LINC01060,0.0,0.0,0,0
LINC01065,0.0,0.0,0,0
LINC01066,0.0,0.0,0,0
LINC01067,0.0,0.0,0,0
LINC01068,0.0,0.0,0,0
LINC01069,0.0,0.0,0,0
LINC01070,0.0,0.0,0,0
LINC01072,0.0,0.0,0,0
LINC01074,0.0,0.0,0,0
LINC01075,0.0,0.0,0,0
LINC01076,0.0,0.0,0,0
LINC01077,0.0,0.0,0,0
LINC01078,0.0,0.0,0,0
LINC01079,0.0,0.0,0,0
LINC01080,0.0,0.0,0,0
LINC01081,0.0,0.0,0,0
LINC01082,0.0,0.0,0,0
LINC01087,0.0,0.0,0,0
LINC01088,-3.9446768e-05,0.0,0,1
LINC01090,0.0,0.0,0,0
LINC01093,0.0,0.0,0,0
LINC01095,-0.0001375841,0.0,0,1
LINC01097,0.0,0.0,0,0
LINC01098,0.0,0.0,0,0
LINC01099,0.0,0.0,0,0
LINC01100,0.0,0.0,0,0
LINC01102,0.0,0.0,0,0
LINC01103,0.0,0.0,0,0
LINC01104,0.0,0.0,0,0
LINC01107,0.0,0.0,0,0
LINC01108,0.0,0.0,0,0
LINC01111,0.0,0.0,0,0
LINC01114,-0.00031628556,0.0,0,1
LINC01115,0.0,0.0,0,0
LINC01119,-0.00012776809,0.0,0,1
LINC01120,0.0,0.0,0,0
LINC01121,0.0,0.0,0,0
LINC01122,0.0,0.0,0,0
LINC01123,0.0,0.0,0,0
LINC01124,0.0,0.0,0,0
LINC01127,-9.4006835e-05,0.0,0,1
LINC01133,-0.00012813816,0.0,0,1
LINC01135,-0.00025762492,0.0,0,1
LINC01136,-0.015228782,0.0,0,2
LINC01139,0.0,0.0,0,0
LINC01140,0.0,0.0,0,0
LINC01141,0.0,0.0,0,0
LINC01142,0.0,0.0,0,0
LINC01143,0.0,0.0,0,0
LINC01144,-0.00010387632,0.0,0,1
LINC01147,0.0,0.0,0,0
LINC01148,0.0,0.0,0,0
LINC01149,0.0,0.0,0,0
LINC01151,0.0,0.0,0,0
LINC01152,0.0,0.0,0,0
LINC01153,0.0,0.0,0,0
LINC01159,0.0,0.0,0,0
LINC01162,0.0,0.0,0,0
LINC01163,0.0,0.0,0,0
LINC01164,0.0,0.0,0,0
LINC01165,0.0,0.0,0,0
LINC01166,0.0,0.0,0,0
LINC01167,0.0,0.0,0,0
LINC01168,0.0,0.0,0,0
LINC01169,0.0,0.0,0,0
LINC01170,0.0,0.0,0,0
LINC01173,0.0,0.0,0,0
LINC01177,0.0,0.0,0,0
LINC01179,0.0,0.0,0,0
LINC01180,0.0,0.0,0,0
LINC01181,-0.00021429341,0.0,0,1
LINC01182,-0.00021079392,0.0,0,1
LINC01185,0.0,0.0,0,0
LINC01186,-0.009904574,0.0,0,1
LINC01187,-0.00825789,0.0,0,1
LINC01189,0.0,0.0,0,0
LINC01191,-0.00092502875,0.0,0,1
LINC01192,0.0,0.0,0,0
LINC01193,-0.00012330238,0.0,0,1
LINC01194,0.0,0.0,0,0
LINC01195,0.0,0.0,0,0
LINC01197,0.0,0.0,0,0
LINC01198,0.0,0.0,0,0
LINC01201,0.0,0.0,0,0
LINC01202,0.0,0.0,0,0
LINC01203,0.0,0.0,0,0
LINC01204,0.0,0.0,0,0
LINC01205,0.0,0.0,0,0
LINC01206,0.0,0.0,0,0
LINC01208,0.0,0.0,0,0
LINC01209,0.0,0.0,0,0
LINC01210,0.0,0.0,0,0
LINC01213,0.0,0.0,0,0
LINC01214,0.0,0.0,0,0
LINC01216,0.0,0.0,0,0
LINC01217,0.0,0.0,0,0
LINC01218,0.0,0.0,0,0
LINC01219,0.0,0.0,0,0
LINC01221,0.0,0.0,0,0
LINC01222,0.0,0.0,0,0
LINC01226,-0.005921885,0.0,0,2
LINC01227,0.0,0.0,0,0
LINC01228,0.0,0.0,0,0
LINC01229,0.0,0.0,0,0
LINC01230,0.0,0.0,0,0
LINC01231,0.0,0.0,0,0
LINC01232,-0.00083430373,0.0,0,1
LINC01233,0.0,0.0,0,0
LINC01234,0.0,0.0,0,0
LINC01235,0.0,0.0,0,0
LINC01237,-0.00318012,0.0,0,2
LINC01238-1,0.0,0.0,0,0
LINC01239,0.0,0.0,0,0
LINC01241,0.0,0.0,0,0
LINC01242,0.0,0.0,0,0
LINC01243,0.0,0.0,0,0
LINC01247,0.0,0.0,0,0
LINC01248,-0.008818128,0.0,0,1
LINC01249,0.0,0.0,0,0
LINC01250,0.0,0.0,0,0
LINC01251,0.0,0.0,0,0
LINC01252,-0.036302697,0.0,0,1
LINC01254,0.0,0.0,0,0
LINC01255,0.0,0.0,0,0
LINC01256,0.0,0.0,0,0
LINC01257,-0.0028472336,0.0,0,1
LINC01258,0.0,0.0,0,0
LINC01259,0.0,0.0,0,0
LINC01260,0.0,0.0,0,0
LINC01262,0.0,0.0,0,0
LINC01264,0.0,0.0,0,0
LINC01267,0.0,0.0,0,0
LINC01269,0.0,0.0,0,0
LINC01271,0.0,0.0,0,0
LINC01273,-0.00016692065,0.0,0,1
LINC01275,0.0,0.0,0,0
LINC01276,0.0,0.0,0,0
LINC01280,0.0,0.0,0,0
LINC01281,0.0,0.0,0,0
LINC01282,0.0,0.0,0,0
LINC01283,0.0,0.0,0,0
LINC01284,0.0,0.0,0,0
LINC01287,0.0,0.0,0,0
LINC01288,0.0,0.0,0,0
LINC01289,0.0,0.0,0,0
LINC01290,0.0,0.0,0,0
LINC01291,0.0,0.0,0,0
LINC01293,0.0,0.0,0,0
LINC01297,0.0,0.0,0,0
LINC01298,0.0,0.0,0,0
LINC01299,0.0,0.0,0,0
LINC01300,0.0,0.0,0,0
LINC01301,-0.0051304973,0.0,0,2
LINC01304,0.0,0.0,0,0
LINC01307,0.0,0.0,0,0
LINC01310,0.0,0.0,0,0
LINC01312,0.0,0.0,0,0
LINC01318,0.0,0.0,0,0
LINC01320,0.0,0.0,0,0
LINC01322,0.0,0.0,0,0
LINC01323,0.0,0.0,0,0
LINC01324,0.0,0.0,0,0
LINC01326,0.0,0.0,0,0
LINC01327,0.0,0.0,0,0
LINC01331,0.0,0.0,0,0
LINC01332,0.0,0.0,0,0
LINC01333,0.0,0.0,0,0
LINC01335,0.0,0.0,0,0
LINC01337,0.0,0.0,0,0
LINC01338,0.0,0.0,0,0
LINC01339,0.0,0.0,0,0
LINC01340,0.0,0.0,0,0
LINC01341,-0.0001162238,0.0,0,1
LINC01342,0.0,0.0,0,0
LINC01343,0.0,0.0,0,0
LINC01344,0.0,0.0,0,0
LINC01345,0.0,0.0,0,0
LINC01346,0.0,0.0,0,0
LINC01348,0.0,0.0,0,0
LINC01349,0.0,0.0,0,0
LINC01350,0.0,0.0,0,0
LINC01351,0.0,0.0,0,0
LINC01352,0.0,0.0,0,0
LINC01356,-0.014766126,0.0,0,2
LINC01359,-0.010465901,0.0,0,2
LINC01360,0.0,0.0,0,0
LINC01361,0.0,0.0,0,0
LINC01362,0.0,0.0,0,0
LINC01363,0.0,0.0,0,0
LINC01364,0.0,0.0,0,0
LINC01365,0.0,0.0,0,0
LINC01370,0.0,0.0,0,0
LINC01375,0.0,0.0,0,0
LINC01378,0.0,0.0,0,0
LINC01381,0.0,0.0,0,0
LINC01385,0.0,0.0,0,0
LINC01386,0.0,0.0,0,0
LINC01387,0.0,0.0,0,0
LINC01388,0.0,0.0,0,0
LINC01389,0.0,0.0,0,0
LINC01391,0.0,0.0,0,0
LINC01392,0.0,0.0,0,0
LINC01393,0.0,0.0,0,0
LINC01394,0.0,0.0,0,0
LINC01395,0.0,0.0,0,0
LINC01396,0.0,0.0,0,0
LINC01397,0.0,0.0,0,0
LINC01398,0.0,0.0,0,0
LINC01400,0.0,0.0,0,0
LINC01402,0.0,0.0,0,0
LINC01405,0.0,0.0,0,0
LINC01411,0.0,0.0,0,0
LINC01412,-0.00039678428,0.0,0,1
LINC01413,0.0,0.0,0,0
LINC01414,0.0,0.0,0,0
LINC01416,-0.00018531759,0.0,0,1
LINC01419,0.0,0.0,0,0
LINC01423,0.0,0.0,0,0
LINC01424,-0.00021388235,0.0,0,1
LINC01425,0.0,0.0,0,0
LINC01427,0.0,0.0,0,0
LINC01428,0.0,0.0,0,0
LINC01429,0.0,0.0,0,0
LINC01431,-0.0003968523,0.0,0,1
LINC01432,0.0,0.0,0,0
LINC01433,0.0,0.0,0,0
LINC01435,0.0,0.0,0,0
LINC01436,-0.0002008045,0.0,0,1
LINC01438,0.0,0.0,0,0
LINC01440,0.0,0.0,0,0
LINC01441,0.0,0.0,0,0
LINC01442,0.0,0.0,0,0
LINC01443,0.0,0.0,0,0
LINC01444,0.0,0.0,0,0
LINC01445,0.0,0.0,0,0
LINC01446,0.0,0.0,0,0
LINC01447,0.0,0.0,0,0
LINC01448,0.0,0.0,0,0
LINC01449,0.0,0.0,0,0
LINC01450,0.0,0.0,0,0
LINC01455,0.0,0.0,0,0
LINC01456,0.0,0.0,0,0
LINC01460,-0.00015724741,0.0,0,1
LINC01467,0.0,0.0,0,0
LINC01470,0.0,0.0,0,0
LINC01471,0.0,0.0,0,0
LINC01474,0.0,0.0,0,0
LINC01475,0.0,0.0,0,0
LINC01476,0.0,0.0,0,0
LINC01477,0.0,0.0,0,0
LINC01478,0.0,0.0,0,0
LINC01479,0.0,0.0,0,0
LINC01481,-0.00011135143,0.0,0,1
LINC01482,-0.00017809932,0.0,0,1
LINC01483,0.0,0.0,0,0
LINC01484,-0.00036781086,0.0,0,1
LINC01485,-0.00017486955,0.0,0,1
LINC01486,0.0,0.0,0,0
LINC01487,0.0,0.0,0,0
LINC01488,0.0,0.0,0,0
LINC01489,0.0,0.0,0,0
LINC01490,0.0,0.0,0,0
LINC01491,0.0,0.0,0,0
LINC01492,0.0,0.0,0,0
LINC01493,0.0,0.0,0,0
LINC01494,0.0,0.0,0,0
LINC01495,0.0,0.0,0,0
LINC01496,0.0,0.0,0,0
LINC01497,0.0,0.0,0,0
LINC01498,0.0,0.0,0,0
LINC01499,0.0,0.0,0,0
LINC01500,0.0,0.0,0,0
LINC01501,0.0,0.0,0,0
LINC01502,0.0,0.0,0,0
LINC01505,0.0,0.0,0,0
LINC01505-1,0.0,0.0,0,0
LINC01507,0.0,0.0,0,0
LINC01508,0.0,0.0,0,0
LINC01509,0.0,0.0,0,0
LINC01510,0.0,0.0,0,0
LINC01511,0.0,0.0,0,0
LINC01513,0.0,0.0,0,0
LINC01514,0.0,0.0,0,0
LINC01516,0.0,0.0,0,0
LINC01517,0.0,0.0,0,0
LINC01518,0.0,0.0,0,0
LINC01519,0.0,0.0,0,0
LINC01520,0.0,0.0,0,0
LINC01522,0.0,0.0,0,0
LINC01523,0.0,0.0,0,0
LINC01524,0.0,0.0,0,0
LINC01525,0.0,0.0,0,0
LINC01527,0.0,0.0,0,0
LINC01531,0.0,0.0,0,0
LINC01532,0.0,0.0,0,0
LINC01533,0.0,0.0,0,0
LINC01535,0.0,0.0,0,0
LINC01538,0.0,0.0,0,0
LINC01539,0.0,0.0,0,0
LINC01541,0.0,0.0,0,0
LINC01543,0.0,0.0,0,0
LINC01544,0.0,0.0,0,0
LINC01545,0.0,0.0,0,0
LINC01548,-0.000101177684,0.0,0,1
LINC01549,-0.000103240855,0.0,0,1
LINC01551,0.0,0.0,0,0
LINC01553,0.0,0.0,0,0
LINC01555,0.0,0.0,0,0
LINC01556,-0.00026327823,0.0,0,1
LINC01558,0.0,0.0,0,0
LINC01559,0.0,0.0,0,0
LINC01561,-4.4279343e-05,0.0,0,1
LINC01562,-0.00028506704,0.0,0,1
LINC01563,0.0,0.0,0,0
LINC01564,0.0,0.0,0,0
LINC01565,0.0,0.0,0,0
LINC01566,0.0,0.0,0,0
LINC01567,0.0,0.0,0,0
LINC01568,0.0,0.0,0,0
LINC01570,0.0,0.0,0,0
LINC01571,0.0,0.0,0,0
LINC01574,0.0,0.0,0,0
LINC01579,0.0,0.0,0,0
LINC01580,0.0,0.0,0,0
LINC01581,0.0,0.0,0,0
LINC01582,0.0,0.0,0,0
LINC01583,0.0,0.0,0,0
LINC01584,0.0,0.0,0,0
LINC01586,0.0,0.0,0,0
LINC01587,0.0,0.0,0,0
LINC01589,0.0,0.0,0,0
LINC01591,0.0,0.0,0,0
LINC01592,0.0,0.0,0,0
LINC01593,0.0,0.0,0,0
LINC01594,0.0,0.0,0,0
LINC01595,0.0,0.0,0,0
LINC01596,0.0,0.0,0,0
LINC01597,-0.00037724825,0.0,0,1
LINC01600,0.0,0.0,0,0
LINC01602,0.0,0.0,0,0
LINC01603,0.0,0.0,0,0
LINC01606,0.0,0.0,0,0
LINC01607,0.0,0.0,0,0
LINC01608,0.0,0.0,0,0
LINC01609,0.0,0.0,0,0
LINC01611,0.0,0.0,0,0
LINC01612,0.0,0.0,0,0
LINC01613,0.0,0.0,0,0
LINC01615,-0.0001477404,0.0,0,1
LINC01616,0.0,0.0,0,0
LINC01618,0.0,0.0,0,0
LINC01620,0.0,0.0,0,0
LINC01621,0.0,0.0,0,0
LINC01622,0.0,0.0,0,0
LINC01623,0.0,0.0,0,0
LINC01625,0.0,0.0,0,0
LINC01626,0.0,0.0,0,0
LINC01627,0.0,0.0,0,0
LINC01628,0.0,0.0,0,0
LINC01629,0.0,0.0,0,0
LINC01630,0.0,0.0,0,0
LINC01632,0.0,0.0,0,0
LINC01633,0.0,0.0,0,0
LINC01634,0.0,0.0,0,0
LINC01635,0.0,0.0,0,0
LINC01638,0.0,0.0,0,0
LINC01639,0.0,0.0,0,0
LINC01640,0.0,0.0,0,0
LINC01641,-0.00010767524,0.0,0,1
LINC01643,0.0,0.0,0,0
LINC01644,0.0,0.0,0,0
LINC01645,0.0,0.0,0,0
LINC01646,0.0,0.0,0,0
LINC01647,0.0,0.0,0,0
LINC01648,0.0,0.0,0,0
LINC01649,0.0,0.0,0,0
LINC01650,0.0,0.0,0,0
LINC01651,0.0,0.0,0,0
LINC01653,0.0,0.0,0,0
LINC01654,0.0,0.0,0,0
LINC01655,0.0,0.0,0,0
LINC01656,0.0,0.0,0,0
LINC01657,0.0,0.0,0,0
LINC01659,0.0,0.0,0,0
LINC01661,0.0,0.0,0,0
LINC01665,0.0,0.0,0,0
LINC01668,0.0,0.0,0,0
LINC01669,0.0,0.0,0,0
LINC01671,0.0,0.0,0,0
LINC01672,0.0,0.0,0,0
LINC01673,0.0,0.0,0,0
LINC01674,0.0,0.0,0,0
LINC01676,0.0,0.0,0,0
LINC01677,0.0,0.0,0,0
LINC01680,0.0,0.0,0,0
LINC01681,0.0,0.0,0,0
LINC01682,0.0,0.0,0,0
LINC01683,0.0,0.0,0,0
LINC01685,0.0,0.0,0,0
LINC01687,0.0,0.0,0,0
LINC01688,0.0,0.0,0,0
LINC01689,0.0,0.0,0,0
LINC01690,0.0,0.0,0,0
LINC01691,0.0,0.0,0,0
LINC01692,0.0,0.0,0,0
LINC01693,0.0,0.0,0,0
LINC01694,-0.0006823674,0.0,0,1
LINC01695,0.0,0.0,0,0
LINC01696,0.0,0.0,0,0
LINC01697,-0.00018522072,0.0,0,1
LINC01698,0.0,0.0,0,0
LINC01699,0.0,0.0,0,0
LINC01700,0.0,0.0,0,0
LINC01701,0.0,0.0,0,0
LINC01702,0.0,0.0,0,0
LINC01703,-0.00013769954,0.0,0,1
LINC01704,0.0,0.0,0,0
LINC01705,-0.018480105,0.0,0,1
LINC01706,0.0,0.0,0,0
LINC01707,0.0,0.0,0,0
LINC01708,0.0,0.0,0,0
LINC01709,0.0,0.0,0,0
LINC01710,0.0,0.0,0,0
LINC01711,0.0,0.0,0,0
LINC01712,0.0,0.0,0,0
LINC01713,0.0,0.0,0,0
LINC01714,0.0,0.0,0,0
LINC01716,0.0,0.0,0,0
LINC01717,0.0,0.0,0,0
LINC01718,0.0,0.0,0,0
LINC01720,0.0,0.0,0,0
LINC01721,0.0,0.0,0,0
LINC01722,0.0,0.0,0,0
LINC01723,0.0,0.0,0,0
LINC01724,0.0,0.0,0,0
LINC01726,0.0,0.0,0,0
LINC01727,0.0,0.0,0,0
LINC01728,0.0,0.0,0,0
LINC01729,0.0,0.0,0,0
LINC01730,0.0,0.0,0,0
LINC01731,0.0,0.0,0,0
LINC01732,0.0,0.0,0,0
LINC01733,0.0,0.0,0,0
LINC01734,0.0,0.0,0,0
LINC01735,0.0,0.0,0,0
LINC01737,0.0,0.0,0,0
LINC01738,0.0,0.0,0,0
LINC01739,0.0,0.0,0,0
LINC01740,0.0,0.0,0,0
LINC01741,0.0,0.0,0,0
LINC01742,0.0,0.0,0,0
LINC01743,0.0,0.0,0,0
LINC01744,-0.00024926287,0.0,0,1
LINC01745,0.0,0.0,0,0
LINC01746,0.0,0.0,0,0
LINC01747,0.0,0.0,0,0
LINC01748,0.0,0.0,0,0
LINC01749,0.0,0.0,0,0
LINC01750,0.0,0.0,0,0
LINC01751,0.0,0.0,0,0
LINC01752,0.0,0.0,0,0
LINC01753,0.0,0.0,0,0
LINC01754,0.0,0.0,0,0
LINC01755,0.0,0.0,0,0
LINC01756,0.0,0.0,0,0
LINC01757,0.0,0.0,0,0
LINC01758,0.0,0.0,0,0
LINC01760,0.0,0.0,0,0
LINC01761,0.0,0.0,0,0
LINC01762,-3.6362326e-06,0.0,0,1
LINC01763,0.0,0.0,0,0
LINC01764,0.0,0.0,0,0
LINC01765,0.0,0.0,0,0
LINC01766,0.0,0.0,0,0
LINC01767,0.0,0.0,0,0
LINC01768,0.0,0.0,0,0
LINC01770,0.0,0.0,0,0
LINC01771,-0.00030280117,0.0,0,1
LINC01774,0.0,0.0,0,0
LINC01776,0.0,0.0,0,0
LINC01777,0.0,0.0,0,0
LINC01778,-0.0008051826,0.0,0,1
LINC01779,0.0,0.0,0,0
LINC01780,0.0,0.0,0,0
LINC01781,0.0,0.0,0,0
LINC01782,0.0,0.0,0,0
LINC01783,-0.00013978024,0.0,0,1
LINC01784,0.0,0.0,0,0
LINC01785,0.0,0.0,0,0
LINC01786,-0.0002500037,0.0,0,1
LINC01787,0.0,0.0,0,0
LINC01788,0.0,0.0,0,0
LINC01789,0.0,0.0,0,0
LINC01790,0.0,0.0,0,0
LINC01791,0.0,0.0,0,0
LINC01792,0.0,0.0,0,0
LINC01793,0.0,0.0,0,0
LINC01794,0.0,0.0,0,0
LINC01795,0.0,0.0,0,0
LINC01796,0.0,0.0,0,0
LINC01797,0.0,0.0,0,0
LINC01798,0.0,0.0,0,0
LINC01799,0.0,0.0,0,0
LINC01800,0.0,0.0,0,0
LINC01801,-8.332756e-05,0.0,0,1
LINC01802,0.0,0.0,0,0
LINC01803,0.0,0.0,0,0
LINC01804,0.0,0.0,0,0
LINC01805,0.0,0.0,0,0
LINC01807,0.0,0.0,0,0
LINC01808,0.0,0.0,0,0
LINC01809,0.0,0.0,0,0
LINC01810,0.0,0.0,0,0
LINC01811,0.0,0.0,0,0
LINC01812,0.0,0.0,0,0
LINC01813,0.0,0.0,0,0
LINC01815,0.0,0.0,0,0
LINC01817,0.0,0.0,0,0
LINC01818,0.0,0.0,0,0
LINC01819,0.0,0.0,0,0
LINC01820,0.0,0.0,0,0
LINC01821,0.0,0.0,0,0
LINC01822,0.0,0.0,0,0
LINC01823,0.0,0.0,0,0
LINC01824,0.0,0.0,0,0
LINC01825,0.0,0.0,0,0
LINC01826,0.0,0.0,0,0
LINC01827,0.0,0.0,0,0
LINC01828,0.0,0.0,0,0
LINC01829,-0.009904574,0.0,0,1
LINC01831,0.0,0.0,0,0
LINC01832,0.0,0.0,0,0
LINC01833,0.0,0.0,0,0
LINC01834,0.0,0.0,0,0
LINC01836,0.0,0.0,0,0
LINC01837,0.0,0.0,0,0
LINC01838,0.0,0.0,0,0
LINC01839,0.0,0.0,0,0
LINC01840,0.0,0.0,0,0
LINC01842,0.0,0.0,0,0
LINC01843,0.0,0.0,0,0
LINC01844,0.0,0.0,0,0
LINC01845,0.0,0.0,0,0
LINC01846,0.0,0.0,0,0
LINC01847,0.0,0.0,0,0
LINC01848,0.0,0.0,0,0
LINC01849,0.0,0.0,0,0
LINC01850,0.0,0.0,0,0
LINC01851,0.0,0.0,0,0
LINC01853,0.0,0.0,0,0
LINC01854,0.0,0.0,0,0
LINC01856,0.0,0.0,0,0
LINC01858,0.0,0.0,0,0
LINC01859,0.0,0.0,0,0
LINC01861,0.0,0.0,0,0
LINC01862,0.0,0.0,0,0
LINC01863,0.0,0.0,0,0
LINC01864,0.0,0.0,0,0
LINC01865,0.0,0.0,0,0
LINC01866,0.0,0.0,0,0
LINC01867,0.0,0.0,0,0
LINC01868,0.0,0.0,0,0
LINC01870,0.0,0.0,0,0
LINC01872,0.0,0.0,0,0
LINC01873,0.0,0.0,0,0
LINC01874,0.0,0.0,0,0
LINC01875,0.0,0.0,0,0
LINC01876,0.0,0.0,0,0
LINC01878,0.0,0.0,0,0
LINC01879,0.0,0.0,0,0
LINC01880,0.0,0.0,0,0
LINC01883,0.0,0.0,0,0
LINC01884,0.0,0.0,0,0
LINC01885,0.0,0.0,0,0
LINC01886,0.0,0.0,0,0
LINC01887,0.0,0.0,0,0
LINC01888,-0.00013723907,0.0,0,1
LINC01889,0.0,0.0,0,0
LINC01890,-8.298238e-05,0.0,0,1
LINC01891,-0.00013769954,0.0,0,1
LINC01892,0.0,0.0,0,0
LINC01893,0.0,0.0,0,0
LINC01894,0.0,0.0,0,0
LINC01895,0.0,0.0,0,0
LINC01896,0.0,0.0,0,0
LINC01897,0.0,0.0,0,0
LINC01898,0.0,0.0,0,0
LINC01899,0.0,0.0,0,0
LINC01900,0.0,0.0,0,0
LINC01901,0.0,0.0,0,0
LINC01902,0.0,0.0,0,0
LINC01903,0.0,0.0,0,0
LINC01904,0.0,0.0,0,0
LINC01905,0.0,0.0,0,0
LINC01906,0.0,0.0,0,0
LINC01908,0.0,0.0,0,0
LINC01910,0.0,0.0,0,0
LINC01911,0.0,0.0,0,0
LINC01912,0.0,0.0,0,0
LINC01913,0.0,0.0,0,0
LINC01914,-0.0006538382,0.0,0,1
LINC01915,0.0,0.0,0,0
LINC01916,0.0,0.0,0,0
LINC01917,0.0,0.0,0,0
LINC01918,0.0,0.0,0,0
LINC01919,0.0,0.0,0,0
LINC01920,0.0,0.0,0,0
LINC01921,0.0,0.0,0,0
LINC01922,0.0,0.0,0,0
LINC01923,0.0,0.0,0,0
LINC01924,0.0,0.0,0,0
LINC01925,0.0,0.0,0,0
LINC01926,0.0,0.0,0,0
LINC01927,0.0,0.0,0,0
LINC01928,0.0,0.0,0,0
LINC01929,0.0,0.0,0,0
LINC01931,0.0,0.0,0,0
LINC01932,0.0,0.0,0,0
LINC01933,-0.00013962689,0.0,0,1
LINC01934,-0.002322581,0.0,0,2
LINC01935,0.0,0.0,0,0
LINC01936,0.0,0.0,0,0
LINC01937,0.0,0.0,0,0
LINC01938,0.0,0.0,0,0
LINC01939,0.0,0.0,0,0
LINC01940,0.0,0.0,0,0
LINC01941,0.0,0.0,0,0
LINC01942,0.0,0.0,0,0
LINC01944,0.0,0.0,0,0
LINC01945,0.0,0.0,0,0
LINC01946,0.0,0.0,0,0
LINC01947,0.0,0.0,0,0
LINC01948,0.0,0.0,0,0
LINC01949,0.0,0.0,0,0
LINC01950,0.0,0.0,0,0
LINC01951,0.0,0.0,0,0
LINC01952,0.0,0.0,0,0
LINC01953,0.0,0.0,0,0
LINC01955,0.0,0.0,0,0
LINC01956,0.0,0.0,0,0
LINC01957,0.0,0.0,0,0
LINC01958,0.0,0.0,0,0
LINC01961,0.0,0.0,0,0
LINC01962,0.0,0.0,0,0
LINC01964,0.0,0.0,0,0
LINC01965,0.0,0.0,0,0
LINC01966,0.0,0.0,0,0
LINC01967,0.0,0.0,0,0
LINC01968,0.0,0.0,0,0
LINC01971,0.0,0.0,0,0
LINC01972,0.0,0.0,0,0
LINC01973,0.0,0.0,0,0
LINC01974,0.0,0.0,0,0
LINC01975,0.0,0.0,0,0
LINC01976,0.0,0.0,0,0
LINC01977,0.0,0.0,0,0
LINC01978,0.0,0.0,0,0
LINC01979,0.0,0.0,0,0
LINC01980,0.0,0.0,0,0
LINC01981,0.0,0.0,0,0
LINC01982,0.0,0.0,0,0
LINC01983,0.0,0.0,0,0
LINC01985,0.0,0.0,0,0
LINC01986,0.0,0.0,0,0
LINC01987,0.0,0.0,0,0
LINC01988,0.0,0.0,0,0
LINC01989,0.0,0.0,0,0
LINC01990,0.0,0.0,0,0
LINC01991,0.0,0.0,0,0
LINC01992,0.0,0.0,0,0
LINC01993,0.0,0.0,0,0
LINC01994,0.0,0.0,0,0
LINC01995,0.0,0.0,0,0
LINC01996,0.0,0.0,0,0
LINC01997,0.0,0.0,0,0
LINC01998,0.0,0.0,0,0
LINC01999,0.0,0.0,0,0
LINC02000,0.0,0.0,0,0
LINC02002,0.0,0.0,0,0
LINC02003,0.0,0.0,0,0
LINC02004,0.0,0.0,0,0
LINC02005,0.0,0.0,0,0
LINC02008,0.0,0.0,0,0
LINC02009,0.0,0.0,0,0
LINC02010,0.0,0.0,0,0
LINC02011,0.0,0.0,0,0
LINC02012,0.0,0.0,0,0
LINC02013,0.0,0.0,0,0
LINC02014,-0.00033678045,0.0,0,1
LINC02015,0.0,0.0,0,0
LINC02016,0.0,0.0,0,0
LINC02017,0.0,0.0,0,0
LINC02020,0.0,0.0,0,0
LINC02021,-5.016866e-05,0.0,0,1
LINC02022,0.0,0.0,0,0
LINC02023,0.0,0.0,0,0
LINC02024,0.0,0.0,0,0
LINC02025,0.0,0.0,0,0
LINC02026,-0.00041256266,0.0,0,1
LINC02027,0.0,0.0,0,0
LINC02028,-0.0007306508,0.0,0,1
LINC02029,0.0,0.0,0,0
LINC02030,0.0,0.0,0,0
LINC02031,0.0,0.0,0,0
LINC02032,0.0,0.0,0,0
LINC02033,-0.00023951645,0.0,0,1
LINC02034,0.0,0.0,0,0
LINC02036,0.0,0.0,0,0
LINC02037,0.0,0.0,0,0
LINC02038,0.0,0.0,0,0
LINC02039,0.0,0.0,0,0
LINC02040,0.0,0.0,0,0
LINC02041,0.0,0.0,0,0
LINC02042,0.0,0.0,0,0
LINC02043,0.0,0.0,0,0
LINC02044,0.0,0.0,0,0
LINC02045,0.0,0.0,0,0
LINC02046,0.0,0.0,0,0
LINC02047,0.0,0.0,0,0
LINC02048,0.0,0.0,0,0
LINC02049,0.0,0.0,0,0
LINC02050,-0.0002236135,0.0,0,1
LINC02051,0.0,0.0,0,0
LINC02052,0.0,0.0,0,0
LINC02053,0.0,0.0,0,0
LINC02054,0.0,0.0,0,0
LINC02055,0.0,0.0,0,0
LINC02056,0.0,0.0,0,0
LINC02057,0.0,0.0,0,0
LINC02058,0.0,0.0,0,0
LINC02059,0.0,0.0,0,0
LINC02060,0.0,0.0,0,0
LINC02061,0.0,0.0,0,0
LINC02063,0.0,0.0,0,0
LINC02064,0.0,0.0,0,0
LINC02065,-6.9318776e-05,0.0,0,1
LINC02066,0.0,0.0,0,0
LINC02069,-0.0001243638,0.0,0,1
LINC02070,0.0,0.0,0,0
LINC02071,0.0,0.0,0,0
LINC02073,-0.009904574,0.0,0,1
LINC02074,0.0,0.0,0,0
LINC02075,0.0,0.0,0,0
LINC02077,0.0,0.0,0,0
LINC02078,0.0,0.0,0,0
LINC02079,0.0,0.0,0,0
LINC02080,0.0,0.0,0,0
LINC02082,0.0,0.0,0,0
LINC02084,-0.00033298857,0.0,0,1
LINC02085,0.0,0.0,0,0
LINC02086,0.0,0.0,0,0
LINC02087,0.0,0.0,0,0
LINC02088,0.0,0.0,0,0
LINC02089,0.0,0.0,0,0
LINC02090,0.0,0.0,0,0
LINC02091,0.0,0.0,0,0
LINC02092,0.0,0.0,0,0
LINC02093,0.0,0.0,0,0
LINC02094,0.0,0.0,0,0
LINC02096,0.0,0.0,0,0
LINC02097,0.0,0.0,0,0
LINC02098,0.0,0.0,0,0
LINC02099,-0.015025071,0.0,0,2
LINC02101,0.0,0.0,0,0
LINC02102,0.0,0.0,0,0
LINC02103,0.0,0.0,0,0
LINC02105,0.0,0.0,0,0
LINC02106,0.0,0.0,0,0
LINC02108,0.0,0.0,0,0
LINC02109,0.0,0.0,0,0
LINC02110,0.0,0.0,0,0
LINC02111,0.0,0.0,0,0
LINC02112,0.0,0.0,0,0
LINC02113,0.0,0.0,0,0
LINC02114,0.0,0.0,0,0
LINC02115,0.0,0.0,0,0
LINC02116,0.0,0.0,0,0
LINC02117,0.0,0.0,0,0
LINC02118,0.0,0.0,0,0
LINC02119,0.0,0.0,0,0
LINC02120,0.0,0.0,0,0
LINC02121,0.0,0.0,0,0
LINC02122,0.0,0.0,0,0
LINC02123,0.0,0.0,0,0
LINC02124,0.0,0.0,0,0
LINC02125,0.0,0.0,0,0
LINC02126,0.0,0.0,0,0
LINC02127,0.0,0.0,0,0
LINC02128,0.0,0.0,0,0
LINC02129,0.0,0.0,0,0
LINC02130,0.0,0.0,0,0
LINC02131,0.0,0.0,0,0
LINC02132,-0.00024665912,0.0,0,1
LINC02133,0.0,0.0,0,0
LINC02134,0.0,0.0,0,0
LINC02135,0.0,0.0,0,0
LINC02136,0.0,0.0,0,0
LINC02137,-0.00031464707,0.0,0,1
LINC02138,0.0,0.0,0,0
LINC02139,-0.0036574102,0.0,0,2
LINC02140,0.0,0.0,0,0
LINC02141,0.0,0.0,0,0
LINC02142,0.0,0.0,0,0
LINC02143,0.0,0.0,0,0
LINC02144,0.0,0.0,0,0
LINC02146,0.0,0.0,0,0
LINC02147,0.0,0.0,0,0
LINC02148,0.0,0.0,0,0
LINC02149,0.0,0.0,0,0
LINC02150,0.0,0.0,0,0
LINC02151,0.0,0.0,0,0
LINC02152,0.0,0.0,0,0
LINC02153,0.0,0.0,0,0
LINC02154,0.0,0.0,0,0
LINC02155,0.0,0.0,0,0
LINC02156,0.0,0.0,0,0
LINC02157,0.0,0.0,0,0
LINC02158,-0.00020338256,0.0,0,1
LINC02159,0.0,0.0,0,0
LINC02160,0.0,0.0,0,0
LINC02161,0.0,0.0,0,0
LINC02162,0.0,0.0,0,0
LINC02163,0.0,0.0,0,0
LINC02164,0.0,0.0,0,0
LINC02165,0.0,0.0,0,0
LINC02166,-0.00011620092,0.0,0,1
LINC02167,0.0,0.0,0,0
LINC02168,0.0,0.0,0,0
LINC02169,0.0,0.0,0,0
LINC02171,0.0,0.0,0,0
LINC02172,0.0,0.0,0,0
LINC02173,0.0,0.0,0,0
LINC02174,0.0,0.0,0,0
LINC02175,-0.0043315627,0.0,0,2
LINC02176,0.0,0.0,0,0
LINC02177,-0.00015224579,0.0,0,1
LINC02178,0.0,0.0,0,0
LINC02179,0.0,0.0,0,0
LINC02180,0.0,0.0,0,0
LINC02181,0.0,0.0,0,0
LINC02182,0.0,0.0,0,0
LINC02183,0.0,0.0,0,0
LINC02184,0.0,0.0,0,0
LINC02185,-0.0020914462,0.0,0,1
LINC02186,0.0,0.0,0,0
LINC02188,0.0,0.0,0,0
LINC02189,0.0,0.0,0,0
LINC02190,0.0,0.0,0,0
LINC02191,0.0,0.0,0,0
LINC02192,0.0,0.0,0,0
LINC02195,0.0,0.0,0,0
LINC02196,0.0,0.0,0,0
LINC02197,0.0,0.0,0,0
LINC02198,0.0,0.0,0,0
LINC02199,0.0,0.0,0,0
LINC02200,0.0,0.0,0,0
LINC02203,0.0,0.0,0,0
LINC02204,0.0,0.0,0,0
LINC02205,0.0,0.0,0,0
LINC02206,-0.00022483342,0.0,0,1
LINC02209,0.0,0.0,0,0
LINC02211,0.0,0.0,0,0
LINC02212,0.0,0.0,0,0
LINC02213,0.0,0.0,0,0
LINC02214,0.0,0.0,0,0
LINC02215,0.0,0.0,0,0
LINC02216,0.0,0.0,0,0
LINC02217,0.0,0.0,0,0
LINC02218,0.0,0.0,0,0
LINC02219,0.0,0.0,0,0
LINC02220,0.0,0.0,0,0
LINC02221,0.0,0.0,0,0
LINC02222,0.0,0.0,0,0
LINC02223,0.0,0.0,0,0
LINC02224,0.0,0.0,0,0
LINC02225,0.0,0.0,0,0
LINC02226,0.0,0.0,0,0
LINC02227,0.0,0.0,0,0
LINC02228,0.0,0.0,0,0
LINC02229,0.0,0.0,0,0
LINC02230,0.0,0.0,0,0
LINC02231,0.0,0.0,0,0
LINC02232,0.0,0.0,0,0
LINC02233,0.0,0.0,0,0
LINC02234,0.0,0.0,0,0
LINC02235,0.0,0.0,0,0
LINC02237,0.0,0.0,0,0
LINC02238,0.0,0.0,0,0
LINC02239,0.0,0.0,0,0
LINC02240,0.0,0.0,0,0
LINC02241,0.0,0.0,0,0
LINC02242,0.0,0.0,0,0
LINC02243,0.0,0.0,0,0
LINC02247,0.0,0.0,0,0
LINC02248,0.0,0.0,0,0
LINC02249,0.0,0.0,0,0
LINC02250,0.0,0.0,0,0
LINC02251,0.0,0.0,0,0
LINC02252,0.0,0.0,0,0
LINC02253,0.0,0.0,0,0
LINC02254,0.0,0.0,0,0
LINC02255,0.0,0.0,0,0
LINC02258,0.0,0.0,0,0
LINC02260,0.0,0.0,0,0
LINC02261,0.0,0.0,0,0
LINC02262,0.0,0.0,0,0
LINC02263,0.0,0.0,0,0
LINC02264,0.0,0.0,0,0
LINC02265,-0.008818128,0.0,0,1
LINC02266,0.0,0.0,0,0
LINC02267,0.0,0.0,0,0
LINC02268,0.0,0.0,0,0
LINC02269,0.0,0.0,0,0
LINC02270,0.0,0.0,0,0
LINC02271,0.0,0.0,0,0
LINC02272,0.0,0.0,0,0
LINC02273,-0.00040760104,0.0,0,1
LINC02274,-0.00025759227,0.0,0,1
LINC02275,0.0,0.0,0,0
LINC02276,0.0,0.0,0,0
LINC02277,0.0,0.0,0,0
LINC02278,0.0,0.0,0,0
LINC02279,0.0,0.0,0,0
LINC02281,0.0,0.0,0,0
LINC02282,0.0,0.0,0,0
LINC02283,0.0,0.0,0,0
LINC02284,-0.00031626096,0.0,0,1
LINC02286,0.0,0.0,0,0
LINC02287,0.0,0.0,0,0
LINC02288,-0.00012725157,0.0,0,1
LINC02289,-0.0003008947,0.0,0,1
LINC02290,0.0,0.0,0,0
LINC02291,0.0,0.0,0,0
LINC02292,0.0,0.0,0,0
LINC02293,0.0,0.0,0,0
LINC02294,0.0,0.0,0,0
LINC02295,0.0,0.0,0,0
LINC02296,0.0,0.0,0,0
LINC02297,0.0,0.0,0,0
LINC02298,0.0,0.0,0,0
LINC02299,0.0,0.0,0,0
LINC02300,0.0,0.0,0,0
LINC02301,0.0,0.0,0,0
LINC02302,0.0,0.0,0,0
LINC02303,0.0,0.0,0,0
LINC02304,0.0,0.0,0,0
LINC02305,0.0,0.0,0,0
LINC02306,0.0,0.0,0,0
LINC02307,0.0,0.0,0,0
LINC02308,0.0,0.0,0,0
LINC02309,0.0,0.0,0,0
LINC02310,0.0,0.0,0,0
LINC02311,0.0,0.0,0,0
LINC02312,0.0,0.0,0,0
LINC02313,0.0,0.0,0,0
LINC02314,0.0,0.0,0,0
LINC02315,0.0,0.0,0,0
LINC02316,0.0,0.0,0,0
LINC02317,0.0,0.0,0,0
LINC02318,0.0,0.0,0,0
LINC02319,0.0,0.0,0,0
LINC02320,0.0,0.0,0,0
LINC02322,0.0,0.0,0,0
LINC02324,0.0,0.0,0,0
LINC02325,0.0,0.0,0,0
LINC02326,0.0,0.0,0,0
LINC02327,0.0,0.0,0,0
LINC02329,0.0,0.0,0,0
LINC02330,0.0,0.0,0,0
LINC02331,0.0,0.0,0,0
LINC02333,0.0,0.0,0,0
LINC02334,0.0,0.0,0,0
LINC02335,0.0,0.0,0,0
LINC02336,0.0,0.0,0,0
LINC02337,0.0,0.0,0,0
LINC02338,0.0,0.0,0,0
LINC02339,0.0,0.0,0,0
LINC02341,0.0,0.0,0,0
LINC02342,0.0,0.0,0,0
LINC02343,0.0,0.0,0,0
LINC02344,0.0,0.0,0,0
LINC02346,0.0,0.0,0,0
LINC02347,0.0,0.0,0,0
LINC02349,0.0,0.0,0,0
LINC02351,0.0,0.0,0,0
LINC02352,-0.0015345529,0.0,0,1
LINC02353,0.0,0.0,0,0
LINC02354,0.0,0.0,0,0
LINC02355,0.0,0.0,0,0
LINC02357,0.0,0.0,0,0
LINC02358,0.0,0.0,0,0
LINC02359,0.0,0.0,0,0
LINC02360,0.0,0.0,0,0
LINC02362,-0.00084989984,0.0,0,1
LINC02363,0.0,0.0,0,0
LINC02364,0.0,0.0,0,0
LINC02365,0.0,0.0,0,0
LINC02366,0.0,0.0,0,0
LINC02367,0.0,0.0,0,0
LINC02368,0.0,0.0,0,0
LINC02369,0.0,0.0,0,0
LINC02370,0.0,0.0,0,0
LINC02371,0.0,0.0,0,0
LINC02372,0.0,0.0,0,0
LINC02373,-0.00012858695,0.0,0,1
LINC02374,0.0,0.0,0,0
LINC02375,0.0,0.0,0,0
LINC02376,0.0,0.0,0,0
LINC02377,0.0,0.0,0,0
LINC02378,0.0,0.0,0,0
LINC02379,0.0,0.0,0,0
LINC02380,0.0,0.0,0,0
LINC02382,0.0,0.0,0,0
LINC02383,0.0,0.0,0,0
LINC02385,0.0,0.0,0,0
LINC02386,0.0,0.0,0,0
LINC02387,0.0,0.0,0,0
LINC02388,0.0,0.0,0,0
LINC02389,0.0,0.0,0,0
LINC02390,-0.00019146212,0.0,0,1
LINC02392,0.0,0.0,0,0
LINC02393,0.0,0.0,0,0
LINC02394,0.0,0.0,0,0
LINC02395,0.0,0.0,0,0
LINC02396,0.0,0.0,0,0
LINC02398,0.0,0.0,0,0
LINC02399,0.0,0.0,0,0
LINC02400,0.0,0.0,0,0
LINC02401,0.0,0.0,0,0
LINC02402,0.0,0.0,0,0
LINC02403,0.0,0.0,0,0
LINC02404,0.0,0.0,0,0
LINC02405,0.0,0.0,0,0
LINC02406,0.0,0.0,0,0
LINC02408,0.0,0.0,0,0
LINC02409,0.0,0.0,0,0
LINC02410,0.0,0.0,0,0
LINC02411,0.0,0.0,0,0
LINC02412,0.0,0.0,0,0
LINC02413,0.0,0.0,0,0
LINC02414,0.0,0.0,0,0
LINC02415,0.0,0.0,0,0
LINC02416,0.0,0.0,0,0
LINC02417,0.0,0.0,0,0
LINC02418,0.0,0.0,0,0
LINC02419,0.0,0.0,0,0
LINC02420,0.0,0.0,0,0
LINC02421,0.0,0.0,0,0
LINC02423,0.0,0.0,0,0
LINC02424,0.0,0.0,0,0
LINC02425,0.0,0.0,0,0
LINC02426,-0.00037992935,0.0,0,1
LINC02427,-0.00023951645,0.0,0,1
LINC02428,0.0,0.0,0,0
LINC02429,0.0,0.0,0,0
LINC02430,0.0,0.0,0,0
LINC02431,0.0,0.0,0,0
LINC02433,0.0,0.0,0,0
LINC02434,0.0,0.0,0,0
LINC02435,0.0,0.0,0,0
LINC02436,0.0,0.0,0,0
LINC02437,0.0,0.0,0,0
LINC02438,0.0,0.0,0,0
LINC02439,0.0,0.0,0,0
LINC02440,0.0,0.0,0,0
LINC02441,0.0,0.0,0,0
LINC02442,0.0,0.0,0,0
LINC02443,0.0,0.0,0,0
LINC02444,0.0,0.0,0,0
LINC02445,0.0,0.0,0,0
LINC02447,-0.0061704405,0.0,0,2
LINC02448,0.0,0.0,0,0
LINC02449,-0.0002255582,0.0,0,1
LINC02450,0.0,0.0,0,0
LINC02451,0.0,0.0,0,0
LINC02452,0.0,0.0,0,0
LINC02453,-0.00071016204,0.0,0,1
LINC02455,0.0,0.0,0,0
LINC02456,0.0,0.0,0,0
LINC02457,0.0,0.0,0,0
LINC02458,0.0,0.0,0,0
LINC02459,0.0,0.0,0,0
LINC02460,0.0,0.0,0,0
LINC02461,0.0,0.0,0,0
LINC02462,0.0,0.0,0,0
LINC02463,0.0,0.0,0,0
LINC02464,0.0,0.0,0,0
LINC02465,0.0,0.0,0,0
LINC02466,0.0,0.0,0,0
LINC02468,0.0,0.0,0,0
LINC02469,0.0,0.0,0,0
LINC02470,0.0,0.0,0,0
LINC02471,0.0,0.0,0,0
LINC02472,0.0,0.0,0,0
LINC02473,0.0,0.0,0,0
LINC02474,0.0,0.0,0,0
LINC02475,0.0,0.0,0,0
LINC02476,0.0,0.0,0,0
LINC02477,0.0,0.0,0,0
LINC02479,0.0,0.0,0,0
LINC02480,0.0,0.0,0,0
LINC02483,0.0,0.0,0,0
LINC02484,0.0,0.0,0,0
LINC02485,0.0,0.0,0,0
LINC02487,0.0,0.0,0,0
LINC02488,0.0,0.0,0,0
LINC02489,0.0,0.0,0,0
LINC02490,0.0,0.0,0,0
LINC02492,0.0,0.0,0,0
LINC02493,0.0,0.0,0,0
LINC02494,0.0,0.0,0,0
LINC02496,0.0,0.0,0,0
LINC02497,0.0,0.0,0,0
LINC02498,0.0,0.0,0,0
LINC02499,0.0,0.0,0,0
LINC02500,0.0,0.0,0,0
LINC02501,0.0,0.0,0,0
LINC02502,0.0,0.0,0,0
LINC02503,0.0,0.0,0,0
LINC02504,0.0,0.0,0,0
LINC02505,0.0,0.0,0,0
LINC02506,0.0,0.0,0,0
LINC02507,0.0,0.0,0,0
LINC02508,0.0,0.0,0,0
LINC02509,0.0,0.0,0,0
LINC02510,0.0,0.0,0,0
LINC02511,0.0,0.0,0,0
LINC02512,0.0,0.0,0,0
LINC02513,0.0,0.0,0,0
LINC02514,0.0,0.0,0,0
LINC02515,0.0,0.0,0,0
LINC02516,0.0,0.0,0,0
LINC02517,0.0,0.0,0,0
LINC02518,0.0,0.0,0,0
LINC02519,0.0,0.0,0,0
LINC02520,0.0,0.0,0,0
LINC02521,0.0,0.0,0,0
LINC02522,0.0,0.0,0,0
LINC02523,0.0,0.0,0,0
LINC02525,0.0,0.0,0,0
LINC02527,0.0,0.0,0,0
LINC02528,0.0,0.0,0,0
LINC02529,0.0,0.0,0,0
LINC02530,0.0,0.0,0,0
LINC02531,0.0,0.0,0,0
LINC02532,0.0,0.0,0,0
LINC02533,0.0,0.0,0,0
LINC02534,0.0,0.0,0,0
LINC02535,0.0,0.0,0,0
LINC02536,0.0,0.0,0,0
LINC02537,0.0,0.0,0,0
LINC02538,0.0,0.0,0,0
LINC02539,0.0,0.0,0,0
LINC02540,0.0,0.0,0,0
LINC02542,-0.00038757207,0.0,0,1
LINC02543,0.0,0.0,0,0
LINC02544,0.0,0.0,0,0
LINC02545,0.0,0.0,0,0
LINC02546,0.0,0.0,0,0
LINC02547,0.0,0.0,0,0
LINC02548,0.0,0.0,0,0
LINC02549,0.0,0.0,0,0
LINC02551,0.0,0.0,0,0
LINC02552,0.0,0.0,0,0
LINC02553,0.0,0.0,0,0
LINC02554,0.0,0.0,0,0
LINC02555,0.0,0.0,0,0
LINC02556,0.0,0.0,0,0
LINC02557,0.0,0.0,0,0
LINC02558,0.0,0.0,0,0
LINC02559,0.0,0.0,0,0
LINC02560,0.0,0.0,0,0
LINC02561,0.0,0.0,0,0
LINC02562,0.0,0.0,0,0
LINC02563,0.0,0.0,0,0
LINC02564,0.0,0.0,0,0
LINC02565,0.0,0.0,0,0
LINC02567,0.0,0.0,0,0
LINC02568,0.0,0.0,0,0
LINC02569,-0.00014983592,0.0,0,1
LINC02570,0.0,0.0,0,0
LINC02571,0.0,0.0,0,0
LINC02572,0.0,0.0,0,0
LINC02573,0.0,0.0,0,0
LINC02575,-0.0005769276,0.0,0,1
LINC02576,-0.0002461607,0.0,0,1
LINC02578,0.0,0.0,0,0
LINC02579,0.0,0.0,0,0
LINC02582,0.0,0.0,0,0
LINC02583,0.0,0.0,0,0
LINC02584,0.0,0.0,0,0
LINC02585,0.0,0.0,0,0
LINC02586,-0.00031020166,0.0,0,1
LINC02587,0.0,0.0,0,0
LINC02588,0.0,0.0,0,0
LINC02590,0.0,0.0,0,0
LINC02593,0.0,0.0,0,0
LINC02594,0.0,0.0,0,0
LINC02595,0.0,0.0,0,0
LINC02596,0.0,0.0,0,0
LINC02598,0.0,0.0,0,0
LINC02599,0.0,0.0,0,0
LINC02600,0.0,0.0,0,0
LINC02601,0.0,0.0,0,0
LINC02603,0.0,0.0,0,0
LINC02607,0.0,0.0,0,0
LINC02608,0.0,0.0,0,0
LINC02612,0.0,0.0,0,0
LINC02613,0.0,0.0,0,0
LINC02614,-0.00014830189,0.0,0,1
LINC02616,0.0,0.0,0,0
LINC02617,0.0,0.0,0,0
LINC02619,0.0,0.0,0,0
LINC02620,0.0,0.0,0,0
LINC02621,0.0,0.0,0,0
LINC02622,0.0,0.0,0,0
LINC02623,0.0,0.0,0,0
LINC02624,0.0,0.0,0,0
LINC02625,0.0,0.0,0,0
LINC02626,0.0,0.0,0,0
LINC02627,0.0,0.0,0,0
LINC02628,0.0,0.0,0,0
LINC02629,0.0,0.0,0,0
LINC02630,0.0,0.0,0,0
LINC02631,-0.00014063895,0.0,0,1
LINC02632,0.0,0.0,0,0
LINC02633,0.0,0.0,0,0
LINC02634,0.0,0.0,0,0
LINC02635,0.0,0.0,0,0
LINC02636,0.0,0.0,0,0
LINC02637,0.0,0.0,0,0
LINC02639,0.0,0.0,0,0
LINC02640,0.0,0.0,0,0
LINC02641,0.0,0.0,0,0
LINC02643,0.0,0.0,0,0
LINC02644,0.0,0.0,0,0
LINC02645,0.0,0.0,0,0
LINC02646,0.0,0.0,0,0
LINC02647,0.0,0.0,0,0
LINC02648,0.0,0.0,0,0
LINC02650,0.0,0.0,0,0
LINC02651,0.0,0.0,0,0
LINC02652,0.0,0.0,0,0
LINC02653,0.0,0.0,0,0
LINC02654,0.0,0.0,0,0
LINC02655,0.0,0.0,0,0
LINC02657,0.0,0.0,0,0
LINC02658,0.0,0.0,0,0
LINC02659,0.0,0.0,0,0
LINC02660,0.0,0.0,0,0
LINC02661,0.0,0.0,0,0
LINC02662,0.0,0.0,0,0
LINC02663,0.0,0.0,0,0
LINC02664,0.0,0.0,0,0
LINC02665,0.0,0.0,0,0
LINC02666,-8.236741e-05,0.0,0,1
LINC02667,0.0,0.0,0,0
LINC02668,0.0,0.0,0,0
LINC02669,0.0,0.0,0,0
LINC02670,0.0,0.0,0,0
LINC02671,0.0,0.0,0,0
LINC02672,-0.00011620092,0.0,0,1
LINC02673,0.0,0.0,0,0
LINC02674,0.0,0.0,0,0
LINC02676,0.0,0.0,0,0
LINC02677,0.0,0.0,0,0
LINC02678,0.0,0.0,0,0
LINC02679,0.0,0.0,0,0
LINC02680,-0.00013627972,0.0,0,1
LINC02681,0.0,0.0,0,0
LINC02682,0.0,0.0,0,0
LINC02683,0.0,0.0,0,0
LINC02684,0.0,0.0,0,0
LINC02685,0.0,0.0,0,0
LINC02686,0.0,0.0,0,0
LINC02687,0.0,0.0,0,0
LINC02689,0.0,0.0,0,0
LINC02690,0.0,0.0,0,0
LINC02691,0.0,0.0,0,0
LINC02692,0.0,0.0,0,0
LINC02694,0.0,0.0,0,0
LINC02695,0.0,0.0,0,0
LINC02696,-0.0005165322,0.0,0,1
LINC02697,0.0,0.0,0,0
LINC02698,-0.0071360883,0.0,0,2
LINC02699,0.0,0.0,0,0
LINC02700,0.0,0.0,0,0
LINC02702,0.0,0.0,0,0
LINC02703,0.0,0.0,0,0
LINC02704,0.0,0.0,0,0
LINC02705,0.0,0.0,0,0
LINC02706,0.0,0.0,0,0
LINC02707,0.0,0.0,0,0
LINC02708,0.0,0.0,0,0
LINC02710,0.0,0.0,0,0
LINC02711,0.0,0.0,0,0
LINC02713,0.0,0.0,0,0
LINC02714,0.0,0.0,0,0
LINC02715,0.0,0.0,0,0
LINC02716,-9.605381e-05,0.0,0,1
LINC02717,0.0,0.0,0,0
LINC02718,0.0,0.0,0,0
LINC02719,0.0,0.0,0,0
LINC02720,0.0,0.0,0,0
LINC02721,0.0,0.0,0,0
LINC02722,0.0,0.0,0,0
LINC02725,0.0,0.0,0,0
LINC02726,0.0,0.0,0,0
LINC02727,0.0,0.0,0,0
LINC02729,0.0,0.0,0,0
LINC02730,0.0,0.0,0,0
LINC02734,0.0,0.0,0,0
LINC02735,0.0,0.0,0,0
LINC02737,0.0,0.0,0,0
LINC02739,0.0,0.0,0,0
LINC02740,0.0,0.0,0,0
LINC02741,0.0,0.0,0,0
LINC02742,0.0,0.0,0,0
LINC02743,0.0,0.0,0,0
LINC02744,0.0,0.0,0,0
LINC02745,0.0,0.0,0,0
LINC02746,0.0,0.0,0,0
LINC02747,0.0,0.0,0,0
LINC02748,0.0,0.0,0,0
LINC02749,0.0,0.0,0,0
LINC02750,0.0,0.0,0,0
LINC02751,0.0,0.0,0,0
LINC02752,0.0,0.0,0,0
LINC02753,0.0,0.0,0,0
LINC02754,0.0,0.0,0,0
LINC02755,0.0,0.0,0,0
LINC02756,0.0,0.0,0,0
LINC02758,0.0,0.0,0,0
LINC02759,0.0,0.0,0,0
LINC02760,0.0,0.0,0,0
LINC02761,0.0,0.0,0,0
LINC02763,0.0,0.0,0,0
LINC02764,0.0,0.0,0,0
LINC02765,-0.00015800512,0.0,0,1
LINC02767,-8.88815e-05,0.0,0,1
LINC02768,0.0,0.0,0,0
LINC02769,0.0,0.0,0,0
LINC02770,0.0,0.0,0,0
LINC02771,0.0,0.0,0,0
LINC02772,0.0,0.0,0,0
LINC02774,0.0,0.0,0,0
LINC02775,0.0,0.0,0,0
LINC02776,-0.00075252354,0.0,0,1
LINC02777,-0.00057240453,0.0,0,1
LINC02778,0.0,0.0,0,0
LINC02779,0.0,0.0,0,0
LINC02780,0.0,0.0,0,0
LINC02781,0.0,0.0,0,0
LINC02782,0.0,0.0,0,0
LINC02783,0.0,0.0,0,0
LINC02784,0.0,0.0,0,0
LINC02786,0.0,0.0,0,0
LINC02787,0.0,0.0,0,0
LINC02788,0.0,0.0,0,0
LINC02789,0.0,0.0,0,0
LINC02790,0.0,0.0,0,0
LINC02791,0.0,0.0,0,0
LINC02792,0.0,0.0,0,0
LINC02793,0.0,0.0,0,0
LINC02794,0.0,0.0,0,0
LINC02795,-0.00016541431,0.0,0,1
LINC02796,0.0,0.0,0,0
LINC02797,0.0,0.0,0,0
LINC02799,0.0,0.0,0,0
LINC02800,0.0,0.0,0,0
LINC02801,0.0,0.0,0,0
LINC02805,-0.00017979684,0.0,0,1
LINC02806,0.0,0.0,0,0
LINC02808,0.0,0.0,0,0
LINC02809,0.0,0.0,0,0
LINC02810,-0.00014745182,0.0,0,1
LINC02811,0.0,0.0,0,0
LINC02814,0.0,0.0,0,0
LINC02815,0.0,0.0,0,0
LINC02816,0.0,0.0,0,0
LINC02817,0.0,0.0,0,0
LINC02818,0.0,0.0,0,0
LINC02819,0.0,0.0,0,0
LINC02820,0.0,0.0,0,0
LINC02821,0.0,0.0,0,0
LINC02822,0.0,0.0,0,0
LINC02823,0.0,0.0,0,0
LINC02824,0.0,0.0,0,0
LINC02825,0.0,0.0,0,0
LINC02826,0.0,0.0,0,0
LINC02827,0.0,0.0,0,0
LINC02829,0.0,0.0,0,0
LINC02830,0.0,0.0,0,0
LINC02831,0.0,0.0,0,0
LINC02832,0.0,0.0,0,0
LINC02833,0.0,0.0,0,0
LINC02834,0.0,0.0,0,0
LINC02835,0.0,0.0,0,0
LINC02836,0.0,0.0,0,0
LINC02837,0.0,0.0,0,0
LINC02838,0.0,0.0,0,0
LINC02839,0.0,0.0,0,0
LINC02840,0.0,0.0,0,0
LINC02841,0.0,0.0,0,0
LINC02842,-0.00017520112,0.0,0,1
LINC02843,0.0,0.0,0,0
LINC02844,0.0,0.0,0,0
LINC02845,0.0,0.0,0,0
LINC02847,0.0,0.0,0,0
LINC02848,0.0,0.0,0,0
LINC02849,0.0,0.0,0,0
LINC02850,0.0,0.0,0,0
LINC02852,0.0,0.0,0,0
LINC02853,0.0,0.0,0,0
LINC02854,0.0,0.0,0,0
LINC02855,0.0,0.0,0,0
LINC02856,0.0,0.0,0,0
LINC02857,0.0,0.0,0,0
LINC02858,0.0,0.0,0,0
LINC02860,0.0,0.0,0,0
LINC2194,0.0,0.0,0,0
LINCADL,0.0,0.0,0,0
LINCMD1,0.0,0.0,0,0
LINGO1,0.0,0.0,0,0
LINGO1-AS1,0.0,0.0,0,0
LINGO1-AS2,0.0,0.0,0,0
LINGO2,-0.00026307986,0.0,0,1
LINGO3,-0.009163535,0.0,0,2
LINGO4,0.0,0.0,0,0
LINP1,0.0,0.0,0,0
LIPC,-0.0004896635,0.0,0,1
LIPC-AS1,0.0,0.0,0,0
LIPE,-0.0004014446,0.0,0,1
LIPF,0.0,0.0,0,0
LIPI,0.0,0.0,0,0
LIPJ,0.0,0.0,0,0
LIPK,0.0,0.0,0,0
LIPM,0.0,0.0,0,0
LIPN,-0.00014983592,0.0,0,1
LITAFD,0.0,0.0,0,0
LIVAR,0.0,0.0,0,0
LIX1-AS1,0.0,0.0,0,0
LLCFC1,0.0,0.0,0,0
LMAN1L,0.0,0.0,0,0
LMF1-AS1,0.0,0.0,0,0
LMLN-AS1,0.0,0.0,0,0
LMLN2,0.0,0.0,0,0
LMNB1-DT,0.0,0.0,0,0
LMNTD1,0.0,0.0,0,0
LMO1,0.0,0.0,0,0
LMO7DN,0.0,0.0,0,0
LMO7DN-IT1,0.0,0.0,0,0
LMOD1,0.0,0.0,0,0
LMOD2,0.0,0.0,0,0
LMOD3,0.0,0.0,0,0
LMX1A,0.0,0.0,0,0
LMX1B,0.0,0.0,0,0
LNCARSR,0.0,0.0,0,0
LNCNEF,0.0,0.0,0,0
LNCOG,0.0,0.0,0,0
LNCPRESS1,0.0,0.0,0,0
LNCPRESS2,0.0,0.0,0,0
LNCSRLR,0.0,0.0,0,0
LNCTAM34A,-0.0024027526,0.0,0,1
LNP1,-0.0006691174,0.0,0,1
LNX1-AS1,0.0,0.0,0,0
LNX1-AS2,0.0,0.0,0,0
LOH12CR2,-0.00023087137,0.0,0,1
LONRF2,-0.00033844015,0.0,0,1
LOR,0.0,0.0,0,0
LOX,0.0,0.0,0,0
LOXHD1,0.0,0.0,0,0
LOXL1-AS1,-7.761652e-05,0.0,0,1
LOXL4,0.0,0.0,0,0
LPA,0.0,0.0,0,0
LPAR3,-0.0034419342,0.0,0,2
LPAR4,0.0,0.0,0,0
LPGAT1-AS1,0.0,0.0,0,0
LPO,0.0,0.0,0,0
LPP-AS1,0.0,0.0,0,0
LRAT,0.0,0.0,0,0
LRATD2,-0.00023309584,0.0,0,1
LRCH2,0.0,0.0,0,0
LRCOL1,0.0,0.0,0,0
LRFN2,0.0,0.0,0,0
LRFN5,0.0,0.0,0,0
LRGUK,-0.00019967843,0.0,0,1
LRIG2-DT,-8.001428e-05,0.0,0,1
LRIG3,0.0,0.0,0,0
LRIT1,0.0,0.0,0,0
LRIT2,0.0,0.0,0,0
LRIT3,0.0,0.0,0,0
LRP1-AS,-0.00013447164,0.0,0,1
LRP12,-0.0022468714,0.0,0,1
LRP1B,0.0,0.0,0,0
LRP2,-0.007479366,0.0,0,1
LRP2BP,-0.00090933684,0.0,0,1
LRP4,0.0,0.0,0,0
LRP4-AS1,-8.102541e-05,0.0,0,1
LRP5L,-0.004586645,0.0,0,2
LRP6,-0.00015696081,0.0,0,1
LRRC10,0.0,0.0,0,0
LRRC10B,0.0,0.0,0,0
LRRC14B,0.0,0.0,0,0
LRRC15,0.0,0.0,0,0
LRRC18,0.0,0.0,0,0
LRRC19,0.0,0.0,0,0
LRRC2,0.0,0.0,0,0
LRRC2-AS1,0.0,0.0,0,0
LRRC3,-0.0059821303,0.0,0,2
LRRC3-DT,0.0,0.0,0,0
LRRC30,0.0,0.0,0,0
LRRC31,0.0,0.0,0,0
LRRC32,-0.0006060047,0.0,0,1
LRRC36,0.0,0.0,0,0
LRRC37A3,-0.00073929847,0.0,0,1
LRRC38,0.0,0.0,0,0
LRRC3B,-0.0001554316,0.0,0,1
LRRC3C,0.0,0.0,0,0
LRRC49,-6.1655105e-06,0.0,0,1
LRRC4B,0.0,0.0,0,0
LRRC4C,-0.0146853095,0.0,0,1
LRRC52,0.0,0.0,0,0
LRRC52-AS1,0.0,0.0,0,0
LRRC53,0.0,0.0,0,0
LRRC55,0.0,0.0,0,0
LRRC56,-0.00028786887,0.0,0,1
LRRC66,0.0,0.0,0,0
LRRC69,-0.00031875822,0.0,0,1
LRRC7,0.0,0.0,0,0
LRRC70,0.0,0.0,0,0
LRRC71,0.0,0.0,0,0
LRRC72,0.0,0.0,0,0
LRRC73,0.0,0.0,0,0
LRRC74A,0.0,0.0,0,0
LRRC74B,0.0,0.0,0,0
LRRC8E,-0.00014803022,0.0,0,1
LRRC9,0.0,0.0,0,0
LRRD1,0.0,0.0,0,0
LRRIQ1,-0.00014310637,0.0,0,1
LRRIQ4,0.0,0.0,0,0
LRRN1,0.0,0.0,0,0
LRRN3,0.0,0.0,0,0
LRRN4,0.0,0.0,0,0
LRRN4CL,0.0,0.0,0,0
LRRTM1,0.0,0.0,0,0
LRRTM3,0.0,0.0,0,0
LRRTM4,0.0,0.0,0,0
LRTM1,0.0,0.0,0,0
LRTM2,0.0,0.0,0,0
LSAMP,0.0,0.0,0,0
LSAMP-AS1,0.0,0.0,0,0
LSINCT5,0.0,0.0,0,0
LSMEM2,0.0,0.0,0,0
LTBP1,-0.00031891768,0.0,0,1
LTF,0.0,0.0,0,0
LTK,0.0,0.0,0,0
LUADT1,0.0,0.0,0,0
LUARIS,0.0,0.0,0,0
LUNAR1,0.0,0.0,0,0
LURAP1L-AS1,0.0,0.0,0,0
LUZP2,0.0,0.0,0,0
LUZP4,0.0,0.0,0,0
LUZP6,0.0,0.0,0,0
LVRN,0.0,0.0,0,0
LY6D,0.0,0.0,0,0
LY6G6D,0.0,0.0,0,0
LY6G6E,0.0,0.0,0,0
LY6G6F,0.0,0.0,0,0
LY6H,-0.00041517065,0.0,0,1
LY6K,-0.0030014224,0.0,0,2
LY6L,0.0,0.0,0,0
LY86-AS1,0.0,0.0,0,0
LYPD2,0.0,0.0,0,0
LYPD4,0.0,0.0,0,0
LYPD8,0.0,0.0,0,0
LYPLAL1-AS1,0.0,0.0,0,0
LYPLAL1-DT,-0.00039974376,0.0,0,1
LYST-AS1,0.0,0.0,0,0
LYZL1,0.0,0.0,0,0
LYZL2,0.0,0.0,0,0
LYZL4,0.0,0.0,0,0
LYZL6,0.0,0.0,0,0
LZTS1,0.0,0.0,0,0
LZTS1-AS1,0.0,0.0,0,0
LZTS3,-0.0071663396,0.0,0,2
MAB21L1,0.0,0.0,0,0
MAB21L2,0.0,0.0,0,0
MAB21L3,0.0,0.0,0,0
MAB21L4,0.0,0.0,0,0
MACC1-AS1,0.0,0.0,0,0
MACROD2,0.0,0.0,0,0
MACROD2-AS1,0.0,0.0,0,0
MACROD2-IT1,0.0,0.0,0,0
MADCAM1,-0.014075785,0.0,0,2
MAEL,0.0,0.0,0,0
MAFA,0.0,0.0,0,0
MAFA-AS1,0.0,0.0,0,0
MAFG-DT,-0.00012789546,0.0,0,1
MAFIP,-0.00071297726,0.0,0,2
MAFTRR,-0.0004563851,0.0,0,1
MAG,0.0,0.0,0,0
MAGEA1,0.0,0.0,0,0
MAGEA10,0.0,0.0,0,0
MAGEA11,0.0,0.0,0,0
MAGEA12,0.0,0.0,0,0
MAGEA2,0.0,0.0,0,0
MAGEA2B,0.0,0.0,0,0
MAGEA3,0.0,0.0,0,0
MAGEA4,0.0,0.0,0,0
MAGEA4-AS1,0.0,0.0,0,0
MAGEA6,0.0,0.0,0,0
MAGEA8,0.0,0.0,0,0
MAGEA8-AS1,0.0,0.0,0,0
MAGEA9,0.0,0.0,0,0
MAGEA9B,0.0,0.0,0,0
MAGEB1,0.0,0.0,0,0
MAGEB10,0.0,0.0,0,0
MAGEB16,0.0,0.0,0,0
MAGEB17,0.0,0.0,0,0
MAGEB18,0.0,0.0,0,0
MAGEB2,0.0,0.0,0,0
MAGEB3,0.0,0.0,0,0
MAGEB4,0.0,0.0,0,0
MAGEB5,0.0,0.0,0,0
MAGEB6,0.0,0.0,0,0
MAGEB6B,0.0,0.0,0,0
MAGEC1,0.0,0.0,0,0
MAGEC2,0.0,0.0,0,0
MAGEC3,0.0,0.0,0,0
MAGED4,0.0,0.0,0,0
MAGED4B,0.0,0.0,0,0
MAGEE1,-0.0005935116,0.0,0,1
MAGEE2,0.0,0.0,0,0
MAGEL2,0.0,0.0,0,0
MAGI1-AS1,0.0,0.0,0,0
MAGI1-IT1,0.0,0.0,0,0
MAGI2,0.0,0.0,0,0
MAGI2-AS1,0.0,0.0,0,0
MAGI2-AS2,0.0,0.0,0,0
MAJIN,-0.0001574472,0.0,0,1
MAK,-0.00054965814,0.0,0,1
MAL,-0.0012866935,0.0,0,1
MAL2-AS1,0.0,0.0,0,0
MALRD1,0.0,0.0,0,0
MANCR,0.0,0.0,0,0
MANEAL,-0.0026255024,0.0,0,2
MANSC1,-0.00029700113,0.0,0,1
MAP3K15,0.0,0.0,0,0
MAP3K19,0.0,0.0,0,0
MAP3K20-AS1,0.0,0.0,0,0
MAP3K21,-0.00025145957,0.0,0,1
MAP6D1,-0.0022858845,0.0,0,2
MAP7D2,0.0,0.0,0,0
MAP9,-0.0015626125,0.0,0,1
MAPK4,0.0,0.0,0,0
MAPK6-DT,-0.00012057732,0.0,0,1
MAPT-AS1,0.0,0.0,0,0
MAPT-IT1,0.0,0.0,0,0
MARC2,-0.0006760477,0.0,0,1
MARCH10,-0.0003652973,0.0,0,1
MARCH10-DT,0.0,0.0,0,0
MARCH11,0.0,0.0,0,0
MARCH4,0.0,0.0,0,0
MARCOL,0.0,0.0,0,0
MARK1,0.0,0.0,0,0
MARVELD3,-0.00012985135,0.0,0,1
MAS1,0.0,0.0,0,0
MAS1L,0.0,0.0,0,0
MASP1,0.0,0.0,0,0
MASP2,0.0,0.0,0,0
MAST1,-7.851785e-05,0.0,0,1
MAST4-AS1,0.0,0.0,0,0
MAST4-IT1,0.0,0.0,0,0
MAT1A,0.0,0.0,0,0
MATN1,-0.00014764407,0.0,0,1
MATN2,-0.002305045,0.0,0,2
MATN3,0.0,0.0,0,0
MB,0.0,0.0,0,0
MBD3L1,0.0,0.0,0,0
MBD3L2,0.0,0.0,0,0
MBD3L2B,0.0,0.0,0,0
MBD3L3,0.0,0.0,0,0
MBD3L4,0.0,0.0,0,0
MBD3L5,0.0,0.0,0,0
MBL2,0.0,0.0,0,0
MBOAT4,0.0,0.0,0,0
MC2R,0.0,0.0,0,0
MC3R,0.0,0.0,0,0
MC4R,0.0,0.0,0,0
MC5R,0.0,0.0,0,0
MCAM,-0.006347978,0.0,0,2
MCCC1-AS1,0.0,0.0,0,0
MCCD1,0.0,0.0,0,0
MCEMP1,-0.0001477065,0.0,0,1
MCF2,0.0,0.0,0,0
MCF2L-AS1,-0.000100685924,0.0,0,1
MCHR1,0.0,0.0,0,0
MCHR2,0.0,0.0,0,0
MCHR2-AS1,0.0,0.0,0,0
MCIDAS,0.0,0.0,0,0
MCM3AP-AS1,-0.046881694,0.0,0,2
MCM8-AS1,0.0,0.0,0,0
MCMDC2,-0.0007642028,0.0,0,1
MCTP1-AS1,0.0,0.0,0,0
MCTS2P,0.0,0.0,0,0
MDC1-AS1,-0.0024020798,0.0,0,2
MDFI,0.0,0.0,0,0
MDFIC2,0.0,0.0,0,0
MDGA1,0.0,0.0,0,0
MDGA2,0.0,0.0,0,0
MDH1B,-0.00034912795,0.0,0,1
ME3,-0.011491742,0.0,0,2
MEG3,-0.00012375861,0.0,0,1
MEG8,0.0,0.0,0,0
MEG9,0.0,0.0,0,0
MEGF10,-0.05125253,0.0,0,2
MEGF11,0.0,0.0,0,0
MEI4,0.0,0.0,0,0
MEIG1,-0.00041373333,0.0,0,1
MEIOB,0.0,0.0,0,0
MEIS1-AS2,0.0,0.0,0,0
MEIS1-AS3,0.0,0.0,0,0
MEIS2,-0.00018252409,0.0,0,1
MEIS3,-0.00027373646,0.0,0,1
MEOX2,0.0,0.0,0,0
MEP1A,-0.00013863073,0.0,0,1
MEP1B,0.0,0.0,0,0
MESP2,0.0,0.0,0,0
MEST,-0.0049874,0.0,0,2
MESTIT1,0.0,0.0,0,0
MET,0.0,0.0,0,0
METTL11B,0.0,0.0,0,0
METTL14-DT,0.0,0.0,0,0
METTL21C,0.0,0.0,0,0
METTL24,0.0,0.0,0,0
MFAP2,-0.0002723251,0.0,0,1
MFAP3L,0.0,0.0,0,0
MFAP4,-8.7230736e-05,0.0,0,1
MFGE8,-0.0030051908,0.0,0,2
MFRP,0.0,0.0,0,0
MFSD2B,0.0,0.0,0,0
MGAM,-0.0033685882,0.0,0,2
MGAM2,0.0,0.0,0,0
MGARP,-0.00018181006,0.0,0,1
MGAT3,0.0,0.0,0,0
MGAT3-AS1,0.0,0.0,0,0
MGAT4C,0.0,0.0,0,0
MGAT4D,0.0,0.0,0,0
MGAT5B,0.0,0.0,0,0
MIA,-0.00033497167,0.0,0,1
MICALL2,-0.0034431356,0.0,0,2
MID1,-0.0020386765,0.0,0,2
MID1IP1-AS1,-0.00016548892,0.0,0,1
MID2,-0.000112769,0.0,0,1
MIMT1,0.0,0.0,0,0
MINAR1,0.0,0.0,0,0
MINAR2,0.0,0.0,0,0
MINDY4,-0.00018974906,0.0,0,1
MINDY4B,0.0,0.0,0,0
MIOX,0.0,0.0,0,0
MIP,0.0,0.0,0,0
MIPOL1,0.0,0.0,0,0
MIR1-1HG,0.0,0.0,0,0
MIR1-1HG-AS1,0.0,0.0,0,0
MIR122HG,0.0,0.0,0,0
MIR124-2HG,0.0,0.0,0,0
MIR1302-2HG,0.0,0.0,0,0
MIR133A1HG,0.0,0.0,0,0
MIR137HG,0.0,0.0,0,0
MIR181A2HG,-0.0012153563,0.0,0,1
MIR1915HG,0.0,0.0,0,0
MIR194-2HG,-0.00013219075,0.0,0,1
MIR202HG,0.0,0.0,0,0
MIR2052HG,0.0,0.0,0,0
MIR2117HG,0.0,0.0,0,0
MIR217HG,0.0,0.0,0,0
MIR3150BHG,0.0,0.0,0,0
MIR31HG,0.0,0.0,0,0
MIR3659HG,-0.00020342524,0.0,0,1
MIR3663HG,0.0,0.0,0,0
MIR3681HG,-0.0022209117,0.0,0,1
MIR378D2HG,-0.00038140066,0.0,0,1
MIR381HG,0.0,0.0,0,0
MIR3976HG,0.0,0.0,0,0
MIR4290HG,0.0,0.0,0,0
MIR4300HG,0.0,0.0,0,0
MIR4307HG,0.0,0.0,0,0
MIR4422HG,0.0,0.0,0,0
MIR4500HG,0.0,0.0,0,0
MIR4527HG,0.0,0.0,0,0
MIR4713HG,0.0,0.0,0,0
MIR497HG,-0.008980513,0.0,0,2
MIR548A1HG,0.0,0.0,0,0
MIR548XHG,0.0,0.0,0,0
MIR5689HG,0.0,0.0,0,0
MIR583HG,-0.00015448793,0.0,0,1
MIR663AHG,-0.00022851698,0.0,0,1
MIR670HG,0.0,0.0,0,0
MIR7-3HG,0.0,0.0,0,0
MIR7515HG,0.0,0.0,0,0
MIR924HG,0.0,0.0,0,0
MIS18A-AS1,0.0,0.0,0,0
MIXL1,0.0,0.0,0,0
MKNK1-AS1,0.0,0.0,0,0
MKRN2OS,0.0,0.0,0,0
MKRN3,0.0,0.0,0,0
MKX,0.0,0.0,0,0
MKX-AS1,0.0,0.0,0,0
MLANA,0.0,0.0,0,0
MLC1,0.0,0.0,0,0
MLIP,0.0,0.0,0,0
MLIP-AS1,0.0,0.0,0,0
MLIP-IT1,0.0,0.0,0,0
MLN,0.0,0.0,0,0
MLNR,0.0,0.0,0,0
MMD2,0.0,0.0,0,0
MME,-0.008824834,0.0,0,1
MME-AS1,0.0,0.0,0,0
MMP1,0.0,0.0,0,0
MMP10,0.0,0.0,0,0
MMP13,0.0,0.0,0,0
MMP16,0.0,0.0,0,0
MMP20,0.0,0.0,0,0
MMP21,0.0,0.0,0,0
MMP23B,-0.00655505,0.0,0,2
MMP24,0.0,0.0,0,0
MMP26,0.0,0.0,0,0
MMP27,0.0,0.0,0,0
MMP28,-0.00011930505,0.0,0,1
MMP3,0.0,0.0,0,0
MMP8,0.0,0.0,0,0
MMRN1,-5.649189e-05,0.0,0,1
MMRN2,-0.00022514333,0.0,0,1
MNX1,0.0,0.0,0,0
MNX1-AS1,0.0,0.0,0,0
MNX1-AS2,0.0,0.0,0,0
MOBP,0.0,0.0,0,0
MOCS1,-0.000957184,0.0,0,1
MOG,0.0,0.0,0,0
MOGAT1,-0.00013543038,0.0,0,1
MOGAT2,0.0,0.0,0,0
MOGAT3,0.0,0.0,0,0
MORC1,-0.00011866767,0.0,0,1
MORC1-AS1,0.0,0.0,0,0
MORC2-AS1,-0.0005281402,0.0,0,1
MORF4L2-AS1,-0.013244446,0.0,0,1
MORN3,-0.0001455554,0.0,0,1
MORN5,0.0,0.0,0,0
MOS,0.0,0.0,0,0
MOV10L1,0.0,0.0,0,0
MOXD1,0.0,0.0,0,0
MPC1L,0.0,0.0,0,0
MPL,0.0,0.0,0,0
MPO,-9.730144e-05,0.0,0,1
MPP2,0.0,0.0,0,0
MPP4,0.0,0.0,0,0
MPP6,-0.003851069,0.0,0,2
MPP7-DT,0.0,0.0,0,0
MPPED1,0.0,0.0,0,0
MPPED2-AS1,0.0,0.0,0,0
MRAP,0.0,0.0,0,0
MRAP2,0.0,0.0,0,0
MRGPRD,0.0,0.0,0,0
MRGPRE,0.0,0.0,0,0
MRGPRF,0.0,0.0,0,0
MRGPRF-AS1,0.0,0.0,0,0
MRGPRG,0.0,0.0,0,0
MRGPRG-AS1,0.0,0.0,0,0
MRGPRX1,0.0,0.0,0,0
MRGPRX2,0.0,0.0,0,0
MRGPRX3,0.0,0.0,0,0
MRGPRX4,0.0,0.0,0,0
MRLN,0.0,0.0,0,0
MRM1,-0.0057662316,0.0,0,2
MROH2A,0.0,0.0,0,0
MROH2B,0.0,0.0,0,0
MROH9,0.0,0.0,0,0
MRPL23-AS1,0.0,0.0,0,0
MRPS30-DT,-0.002296692,0.0,0,2
MRTFA-AS1,0.0,0.0,0,0
MS4A1,-0.00058148557,0.0,0,1
MS4A10,0.0,0.0,0,0
MS4A12,0.0,0.0,0,0
MS4A13,0.0,0.0,0,0
MS4A15,0.0,0.0,0,0
MS4A18,0.0,0.0,0,0
MS4A2,0.0,0.0,0,0
MS4A3,0.0,0.0,0,0
MS4A5,0.0,0.0,0,0
MS4A8,0.0,0.0,0,0
MSC,-0.018692737,0.0,0,2
MSC-AS1,-0.018661043,0.0,0,2
MSGN1,0.0,0.0,0,0
MSH4,-0.0002371857,0.0,0,1
MSI1,-0.002226527,0.0,0,1
MSLNL,0.0,0.0,0,0
MSMB,0.0,0.0,0,0
MSMP,0.0,0.0,0,0
MSS51,-0.0001652836,0.0,0,1
MST1R,-0.00013005502,0.0,0,1
MSX2,-0.00011856018,0.0,0,1
MT1A,-0.0001593184,0.0,0,1
MT1B,0.0,0.0,0,0
MT1HL1,0.0,0.0,0,0
MT4,0.0,0.0,0,0
MTCP1,-0.0002743435,0.0,0,1
MTMR7,0.0,0.0,0,0
MTNR1A,0.0,0.0,0,0
MTNR1B,0.0,0.0,0,0
MTOR-AS1,0.0,0.0,0,0
MTRNR2L1,0.0,0.0,0,0
MTRNR2L10,0.0,0.0,0,0
MTRNR2L11,0.0,0.0,0,0
MTRNR2L13,0.0,0.0,0,0
MTRNR2L3,0.0,0.0,0,0
MTRNR2L4,0.0,0.0,0,0
MTRNR2L5,0.0,0.0,0,0
MTRNR2L6,0.0,0.0,0,0
MTRNR2L7,0.0,0.0,0,0
MTTP,0.0,0.0,0,0
MTUS2,0.0,0.0,0,0
MTUS2-AS1,0.0,0.0,0,0
MTUS2-AS2,0.0,0.0,0,0
MUC12,-0.00047030742,0.0,0,1
MUC13,0.0,0.0,0,0
MUC15,0.0,0.0,0,0
MUC17,0.0,0.0,0,0
MUC19,0.0,0.0,0,0
MUC2,0.0,0.0,0,0
MUC21,0.0,0.0,0,0
MUC22,0.0,0.0,0,0
MUC3A,0.0,0.0,0,0
MUC5AC,0.0,0.0,0,0
MUC5B-AS1,0.0,0.0,0,0
MUC7,0.0,0.0,0,0
MUCL1,0.0,0.0,0,0
MUCL3,0.0,0.0,0,0
MUSK,0.0,0.0,0,0
MYADML2,0.0,0.0,0,0
MYB-AS1,0.0,0.0,0,0
MYBPC1,0.0,0.0,0,0
MYBPC2,0.0,0.0,0,0
MYBPHL,0.0,0.0,0,0
MYCBP2-AS2,0.0,0.0,0,0
MYCBPAP,-0.000549337,0.0,0,1
MYCNOS,0.0,0.0,0,0
MYCNUT,0.0,0.0,0,0
MYCT1,0.0,0.0,0,0
MYF5,0.0,0.0,0,0
MYF6,0.0,0.0,0,0
MYH1,0.0,0.0,0,0
MYH10,-0.0005356065,0.0,0,1
MYH11,-0.00032665863,0.0,0,1
MYH13,0.0,0.0,0,0
MYH15,0.0,0.0,0,0
MYH2,0.0,0.0,0,0
MYH4,0.0,0.0,0,0
MYH6,0.0,0.0,0,0
MYH7,0.0,0.0,0,0
MYH7B,-0.009472641,0.0,0,2
MYH8,0.0,0.0,0,0
MYL1,0.0,0.0,0,0
MYL10,0.0,0.0,0,0
MYL2,0.0,0.0,0,0
MYL3,0.0,0.0,0,0
MYL7,0.0,0.0,0,0
MYLK-AS2,0.0,0.0,0,0
MYLPF,-0.047116157,0.0,0,2
MYMK,0.0,0.0,0,0
MYMX,-0.0001346303,0.0,0,1
MYO16,-0.00019830141,0.0,0,1
MYO16-AS1,0.0,0.0,0,0
MYO16-AS2,0.0,0.0,0,0
MYO18B,0.0,0.0,0,0
MYO1H,0.0,0.0,0,0
MYO3A,0.0,0.0,0,0
MYO3B,0.0,0.0,0,0
MYO3B-AS1,0.0,0.0,0,0
MYO7B,0.0,0.0,0,0
MYOC,0.0,0.0,0,0
MYOCD,0.0,0.0,0,0
MYOD1,0.0,0.0,0,0
MYOG,0.0,0.0,0,0
MYOM3,0.0,0.0,0,0
MYORG,0.0,0.0,0,0
MYOSLID,0.0,0.0,0,0
MYOZ1,-0.0029396536,0.0,0,2
MYOZ3,0.0,0.0,0,0
MYPN,0.0,0.0,0,0
MYRF-AS1,0.0,0.0,0,0
MYRFL,0.0,0.0,0,0
MYT1,0.0,0.0,0,0
MYT1L,0.0,0.0,0,0
MYT1L-AS1,0.0,0.0,0,0
NAA11,0.0,0.0,0,0
NAALAD2,0.0,0.0,0,0
NAALADL2-AS1,0.0,0.0,0,0
NAALADL2-AS2,0.0,0.0,0,0
NAALADL2-AS3,0.0,0.0,0,0
NACAD,0.0,0.0,0,0
NADK2-AS1,0.0,0.0,0,0
NAGPA-AS1,0.0,0.0,0,0
NALCN,-0.00023337001,0.0,0,1
NALCN-AS1,0.0,0.0,0,0
NAMA,0.0,0.0,0,0
NANOG,0.0,0.0,0,0
NANOGNB,0.0,0.0,0,0
NANOGP11,0.0,0.0,0,0
NANOGP8,0.0,0.0,0,0
NANOS2,0.0,0.0,0,0
NAP1L2,-0.00022483342,0.0,0,1
NARF-AS1,0.0,0.0,0,0
NARF-IT1,0.0,0.0,0,0
NAT16,0.0,0.0,0,0
NAT2,0.0,0.0,0,0
NAT8,0.0,0.0,0,0
NAT8L,-0.03645261,0.0,0,2
NAV2-AS1,0.0,0.0,0,0
NAV2-AS2,0.0,0.0,0,0
NAV2-AS3,0.0,0.0,0,0
NAV2-AS4,0.0,0.0,0,0
NAV2-AS5,0.0,0.0,0,0
NAV2-IT1,0.0,0.0,0,0
NAV3,-0.00022350269,0.0,0,1
NBAT1,0.0,0.0,0,0
NBPF10,-0.01166544,0.0,0,2
NBPF20,-0.0018073656,0.0,0,2
NBPF4,0.0,0.0,0,0
NBPF6,0.0,0.0,0,0
NCALD,-0.010068581,0.0,0,2
NCAM1-AS1,0.0,0.0,0,0
NCAM2,0.0,0.0,0,0
NCAN,0.0,0.0,0,0
NCBP2L,0.0,0.0,0,0
NCCRP1,0.0,0.0,0,0
NCF4-AS1,0.0,0.0,0,0
NCKAP5-AS1,0.0,0.0,0,0
NCKAP5-AS2,-0.0005703421,0.0,0,1
NCKAP5-IT1,0.0,0.0,0,0
NCMAP,0.0,0.0,0,0
NCMAP-DT,-0.00046468293,0.0,0,1
NCOA7-AS1,0.0,0.0,0,0
NCR1,-0.0002328054,0.0,0,1
NCR2,0.0,0.0,0,0
NCR3,-0.0010251192,0.0,0,1
NDFIP2-AS1,0.0,0.0,0,0
NDN,-0.038398843,0.0,0,2
NDNF,0.0,0.0,0,0
NDP,0.0,0.0,0,0
NDP-AS1,0.0,0.0,0,0
NDRG4,0.0,0.0,0,0
NDST1-AS1,0.0,0.0,0,0
NDST3,0.0,0.0,0,0
NDST4,0.0,0.0,0,0
NDUFA4L2,-0.05291809,0.0,0,2
NDUFA6-DT,-0.0033591427,0.0,0,2
NDUFB2-AS1,-0.0006528681,0.0,0,1
NEBL,0.0,0.0,0,0
NEBL-AS1,0.0,0.0,0,0
NECAB1,0.0,0.0,0,0
NECAB2,-0.00065278664,0.0,0,1
NECTIN1-AS1,0.0,0.0,0,0
NECTIN3,-0.00042187,0.0,0,1
NECTIN3-AS1,0.0,0.0,0,0
NEFL,0.0,0.0,0,0
NEFM,0.0,0.0,0,0
NEGR1-IT1,0.0,0.0,0,0
NEK11,-0.00016981382,0.0,0,1
NEK2,0.0,0.0,0,0
NELL1,0.0,0.0,0,0
NEO1,0.0,0.0,0,0
NETO1,0.0,0.0,0,0
NEU2,0.0,0.0,0,0
NEURL1,-0.00041612238,0.0,0,1
NEURL1-AS1,0.0,0.0,0,0
NEURL1B,-0.00021697309,0.0,0,1
NEUROD1,0.0,0.0,0,0
NEUROD2,0.0,0.0,0,0
NEUROD4,0.0,0.0,0,0
NEUROD6,0.0,0.0,0,0
NEUROG1,0.0,0.0,0,0
NEUROG2,0.0,0.0,0,0
NEUROG3,-0.00023957701,0.0,0,1
NEXMIF,0.0,0.0,0,0
NEXN-AS1,0.0,0.0,0,0
NFASC,0.0,0.0,0,0
NFATC4,-0.00025027455,0.0,0,1
NFE2,0.0,0.0,0,0
NFE4,-0.00014326828,0.0,0,1
NFIA-AS1,0.0,0.0,0,0
NFIA-AS2,0.0,0.0,0,0
NGB,0.0,0.0,0,0
NGEF,0.0,0.0,0,0
NGF,0.0,0.0,0,0
NGF-AS1,0.0,0.0,0,0
NGFR,0.0,0.0,0,0
NHLH1,-0.0003131032,0.0,0,1
NHLH2,0.0,0.0,0,0
NHS-AS1,0.0,0.0,0,0
NHSL2,-0.0089217415,0.0,0,2
NIBAN3,0.0,0.0,0,0
NID1,0.0,0.0,0,0
NID2,0.0,0.0,0,0
NIPAL1,0.0,0.0,0,0
NIPAL4,-0.00032036137,0.0,0,1
NKAIN1,0.0,0.0,0,0
NKAIN2,0.0,0.0,0,0
NKAIN3,0.0,0.0,0,0
NKAIN3-IT1,0.0,0.0,0,0
NKAIN4,0.0,0.0,0,0
NKD2,-0.0005860438,0.0,0,1
NKX1-1,0.0,0.0,0,0
NKX1-2,0.0,0.0,0,0
NKX2-1,0.0,0.0,0,0
NKX2-1-AS1,0.0,0.0,0,0
NKX2-2,0.0,0.0,0,0
NKX2-2-AS1,0.0,0.0,0,0
NKX2-3,0.0,0.0,0,0
NKX2-4,0.0,0.0,0,0
NKX2-5,0.0,0.0,0,0
NKX2-6,0.0,0.0,0,0
NKX2-8,0.0,0.0,0,0
NKX3-2,0.0,0.0,0,0
NKX6-1,-0.00021374576,0.0,0,1
NKX6-2,0.0,0.0,0,0
NKX6-3,0.0,0.0,0,0
NLGN1,0.0,0.0,0,0
NLGN1-AS1,0.0,0.0,0,0
NLGN2,-0.00025350074,0.0,0,1
NLGN4Y,0.0,0.0,0,0
NLGN4Y-AS1,0.0,0.0,0,0
NLRP10,0.0,0.0,0,0
NLRP11,0.0,0.0,0,0
NLRP13,0.0,0.0,0,0
NLRP14,0.0,0.0,0,0
NLRP2B,0.0,0.0,0,0
NLRP5,0.0,0.0,0,0
NLRP6,0.0,0.0,0,0
NLRP7,0.0,0.0,0,0
NLRP8,0.0,0.0,0,0
NLRP9,0.0,0.0,0,0
NMBR,0.0,0.0,0,0
NMBR-AS1,0.0,0.0,0,0
NME5,-0.00043948207,0.0,0,1
NME8,-0.008474153,0.0,0,2
NME9,0.0,0.0,0,0
NMNAT2,-8.001428e-05,0.0,0,1
NMRK2,0.0,0.0,0,0
NMS,0.0,0.0,0,0
NMU,-0.0016198325,0.0,0,2
NMUR1,0.0,0.0,0,0
NMUR2,0.0,0.0,0,0
NOBOX,0.0,0.0,0,0
NOCT,-0.009864076,0.0,0,2
NODAL,0.0,0.0,0,0
NOG,0.0,0.0,0,0
NOL4,0.0,0.0,0,0
NOL4L-DT,0.0,0.0,0,0
NOP53-AS1,0.0,0.0,0,0
NOS1,0.0,0.0,0,0
NOS2,0.0,0.0,0,0
NOS3,-8.298238e-05,0.0,0,1
NOSTRIN,-0.00018652233,0.0,0,1
NOTCH2NLB,-0.024824962,0.0,0,2
NOTCH3,0.0,0.0,0,0
NOTO,0.0,0.0,0,0
NOTUM,0.0,0.0,0,0
NOVA1,-0.04665344,0.0,0,1
NOVA2,0.0,0.0,0,0
NOX1,0.0,0.0,0,0
NOX3,0.0,0.0,0,0
NOX4,0.0,0.0,0,0
NOX5,0.0,0.0,0,0
NPAP1,0.0,0.0,0,0
NPAS1,0.0,0.0,0,0
NPAS4,0.0,0.0,0,0
NPB,-0.00042694996,0.0,0,1
NPBWR1,0.0,0.0,0,0
NPBWR2,0.0,0.0,0,0
NPC1L1,0.0,0.0,0,0
NPFFR1,-0.009677652,0.0,0,1
NPFFR2,0.0,0.0,0,0
NPHP1,-0.0022674243,0.0,0,2
NPHP3-AS1,0.0,0.0,0,0
NPHS1,0.0,0.0,0,0
NPHS2,0.0,0.0,0,0
NPIPA2,-0.000206715,0.0,0,1
NPIPA5,-0.0006728582,0.0,0,1
NPIPA7,0.0,0.0,0,0
NPIPA8,0.0,0.0,0,0
NPIPB12,-0.0001237789,0.0,0,1
NPIPB13,-1.4266155e-05,0.0,0,1
NPIPB6,0.0,0.0,0,0
NPIPB9,-0.00018787904,0.0,0,1
NPPA,0.0,0.0,0,0
NPPB,0.0,0.0,0,0
NPPC,0.0,0.0,0,0
NPR3,-0.015627325,0.0,0,1
NPS,0.0,0.0,0,0
NPSR1,0.0,0.0,0,0
NPSR1-AS1,0.0,0.0,0,0
NPTX1,0.0,0.0,0,0
NPTX2,0.0,0.0,0,0
NPTXR,-0.0003165192,0.0,0,1
NPVF,0.0,0.0,0,0
NPY,0.0,0.0,0,0
NPY1R,0.0,0.0,0,0
NPY2R,0.0,0.0,0,0
NPY4R,0.0,0.0,0,0
NPY4R2,0.0,0.0,0,0
NPY5R,0.0,0.0,0,0
NR0B1,0.0,0.0,0,0
NR0B2,0.0,0.0,0,0
NR1H4,-0.018480105,0.0,0,1
NR1I2,-0.0070704217,0.0,0,2
NR2E1,0.0,0.0,0,0
NR2E3,0.0,0.0,0,0
NR2F1,-0.0002557398,0.0,0,1
NR2F1-AS1,0.0,0.0,0,0
NR2F2-AS1,0.0,0.0,0,0
NR5A1,0.0,0.0,0,0
NR5A2,0.0,0.0,0,0
NRAP,0.0,0.0,0,0
NRCAM,-5.09097e-05,0.0,0,1
NREP-AS1,0.0,0.0,0,0
NRG1,0.0,0.0,0,0
NRG1-IT1,-0.00014884853,0.0,0,1
NRG1-IT3,0.0,0.0,0,0
NRG2,-0.00014152686,0.0,0,1
NRG3,0.0,0.0,0,0
NRG3-AS1,0.0,0.0,0,0
NRIP2,0.0,0.0,0,0
NRK,0.0,0.0,0,0
NRSN1,0.0,0.0,0,0
NRTN,-1.8744807e-06,0.0,0,1
NRXN1,0.0,0.0,0,0
NRXN2,-0.00032286588,0.0,0,1
NRXN3,0.0,0.0,0,0
NSG1,-0.0003401104,0.0,0,1
NT5C1A,0.0,0.0,0,0
NT5C1B,0.0,0.0,0,0
NTF3,-0.06635705,0.0,0,1
NTF4,0.0,0.0,0,0
NTM,0.0,0.0,0,0
NTM-AS1,0.0,0.0,0,0
NTM-IT,0.0,0.0,0,0
NTN3,0.0,0.0,0,0
NTN5,-0.00010569089,0.0,0,1
NTNG1,-0.00014803022,0.0,0,1
NTNG2,-0.0031841865,0.0,0,2
NTRK1,0.0,0.0,0,0
NTRK2,-0.0004482145,0.0,0,1
NTRK3-AS1,0.0,0.0,0,0
NTS,0.0,0.0,0,0
NTSR1,-0.00029605944,0.0,0,1
NTSR2,0.0,0.0,0,0
NUCB1-AS1,0.0,0.0,0,0
NUDT10,-0.00014334037,0.0,0,1
NUDT11,-0.00014343057,0.0,0,1
NUDT4B,-0.00010935488,0.0,0,1
NUDT7,-0.0040989085,0.0,0,2
NUF2,-0.00015918411,0.0,0,1
NUGGC,0.0,0.0,0,0
NUP62CL,-0.00031014715,0.0,0,1
NUPR2,-0.00012173527,0.0,0,1
NUTM1,0.0,0.0,0,0
NUTM2F,0.0,0.0,0,0
NUTM2G,0.0,0.0,0,0
NWD1,0.0,0.0,0,0
NWD2,0.0,0.0,0,0
NXF2,0.0,0.0,0,0
NXF2B,0.0,0.0,0,0
NXF5,0.0,0.0,0,0
NXNL1,0.0,0.0,0,0
NXNL2,-9.321048e-05,0.0,0,1
NXPE1,0.0,0.0,0,0
NXPE2,0.0,0.0,0,0
NXPE4,0.0,0.0,0,0
NXPH1,0.0,0.0,0,0
NXPH2,0.0,0.0,0,0
NXPH3,0.0,0.0,0,0
NXPH4,0.0,0.0,0,0
NYAP1,0.0,0.0,0,0
NYAP2,0.0,0.0,0,0
NYX,0.0,0.0,0,0
OBI1-AS1,0.0,0.0,0,0
OBP2A,0.0,0.0,0,0
OBP2B,0.0,0.0,0,0
OBSCN-AS1,-0.0002916255,0.0,0,1
OC90,0.0,0.0,0,0
OCA2,0.0,0.0,0,0
OCIAD1-AS1,0.0,0.0,0,0
OCLM,0.0,0.0,0,0
OCLN,-0.00039089136,0.0,0,1
OCM,-0.00019262194,0.0,0,1
OCSTAMP,0.0,0.0,0,0
ODAM,0.0,0.0,0,0
ODAPH,0.0,0.0,0,0
ODF1,0.0,0.0,0,0
ODF2-AS1,0.0,0.0,0,0
ODF3,0.0,0.0,0,0
ODF3L2,0.0,0.0,0,0
ODF4,0.0,0.0,0,0
OGFR-AS1,0.0,0.0,0,0
OGFRP1,-0.00021475332,0.0,0,1
OGN,-0.013098621,0.0,0,2
OIT3,0.0,0.0,0,0
OLAH,-0.00404051,0.0,0,1
OLFM1,-0.0002840066,0.0,0,1
OLFM3,0.0,0.0,0,0
OLFM4,0.0,0.0,0,0
OLIG1,-0.0002471197,0.0,0,1
OLIG2,0.0,0.0,0,0
OLIG3,0.0,0.0,0,0
OMD,0.0,0.0,0,0
OMG,-0.0034411848,0.0,0,1
OMP,0.0,0.0,0,0
ONECUT1,0.0,0.0,0,0
ONECUT2,0.0,0.0,0,0
ONECUT3,0.0,0.0,0,0
OOEP,-0.00042824153,0.0,0,1
OOEP-AS1,0.0,0.0,0,0
OOSP1,0.0,0.0,0,0
OOSP2,0.0,0.0,0,0
OOSP3,0.0,0.0,0,0
OOSP4A,0.0,0.0,0,0
OOSP4B,0.0,0.0,0,0
OPA1-AS1,0.0,0.0,0,0
OPALIN,0.0,0.0,0,0
OPCML,0.0,0.0,0,0
OPCML-IT1,0.0,0.0,0,0
OPCML-IT2,0.0,0.0,0,0
OPN1LW,0.0,0.0,0,0
OPN1MW,0.0,0.0,0,0
OPN1MW2,0.0,0.0,0,0
OPN1MW3,0.0,0.0,0,0
OPN1SW,0.0,0.0,0,0
OPN4,0.0,0.0,0,0
OPN5,0.0,0.0,0,0
OPRD1,0.0,0.0,0,0
OPRK1,0.0,0.0,0,0
OPRM1,-0.00015788198,0.0,0,1
OPRPN,0.0,0.0,0,0
OPTC,0.0,0.0,0,0
OR10A2,0.0,0.0,0,0
OR10A3,0.0,0.0,0,0
OR10A4,0.0,0.0,0,0
OR10A5,0.0,0.0,0,0
OR10A6,0.0,0.0,0,0
OR10A7,0.0,0.0,0,0
OR10AD1,0.0,0.0,0,0
OR10AG1,0.0,0.0,0,0
OR10C1,0.0,0.0,0,0
OR10D3,0.0,0.0,0,0
OR10G2,0.0,0.0,0,0
OR10G3,0.0,0.0,0,0
OR10G4,0.0,0.0,0,0
OR10G6,0.0,0.0,0,0
OR10G7,0.0,0.0,0,0
OR10G8,0.0,0.0,0,0
OR10G9,0.0,0.0,0,0
OR10H1,0.0,0.0,0,0
OR10H2,0.0,0.0,0,0
OR10H3,0.0,0.0,0,0
OR10H4,0.0,0.0,0,0
OR10H5,0.0,0.0,0,0
OR10J1,0.0,0.0,0,0
OR10J5,0.0,0.0,0,0
OR10K1,0.0,0.0,0,0
OR10K2,0.0,0.0,0,0
OR10P1,0.0,0.0,0,0
OR10Q1,0.0,0.0,0,0
OR10R2,0.0,0.0,0,0
OR10S1,0.0,0.0,0,0
OR10T2,0.0,0.0,0,0
OR10V1,0.0,0.0,0,0
OR10W1,0.0,0.0,0,0
OR10X1,0.0,0.0,0,0
OR10Z1,0.0,0.0,0,0
OR11A1,0.0,0.0,0,0
OR11G2,-0.00017635208,0.0,0,1
OR11H1,0.0,0.0,0,0
OR11H12,0.0,0.0,0,0
OR11H2,0.0,0.0,0,0
OR11H4,0.0,0.0,0,0
OR11H6,0.0,0.0,0,0
OR11L1,0.0,0.0,0,0
OR12D2,0.0,0.0,0,0
OR12D3,0.0,0.0,0,0
OR13A1,-0.00018829708,0.0,0,1
OR13C2,0.0,0.0,0,0
OR13C3,0.0,0.0,0,0
OR13C4,0.0,0.0,0,0
OR13C5,0.0,0.0,0,0
OR13C8,0.0,0.0,0,0
OR13C9,0.0,0.0,0,0
OR13D1,0.0,0.0,0,0
OR13F1,0.0,0.0,0,0
OR13G1,0.0,0.0,0,0
OR13H1,0.0,0.0,0,0
OR13J1,0.0,0.0,0,0
OR14A16,0.0,0.0,0,0
OR14A2,0.0,0.0,0,0
OR14C36,0.0,0.0,0,0
OR14I1,0.0,0.0,0,0
OR14J1,0.0,0.0,0,0
OR14K1,0.0,0.0,0,0
OR1A1,0.0,0.0,0,0
OR1A2,0.0,0.0,0,0
OR1B1,0.0,0.0,0,0
OR1C1,0.0,0.0,0,0
OR1D2,0.0,0.0,0,0
OR1D5,0.0,0.0,0,0
OR1E1,0.0,0.0,0,0
OR1E2,0.0,0.0,0,0
OR1F1,0.0,0.0,0,0
OR1G1,0.0,0.0,0,0
OR1I1,0.0,0.0,0,0
OR1J1,0.0,0.0,0,0
OR1J2,0.0,0.0,0,0
OR1J4,0.0,0.0,0,0
OR1K1,0.0,0.0,0,0
OR1L1,0.0,0.0,0,0
OR1L3,0.0,0.0,0,0
OR1L4,0.0,0.0,0,0
OR1L6,0.0,0.0,0,0
OR1L8,0.0,0.0,0,0
OR1M1,0.0,0.0,0,0
OR1N1,0.0,0.0,0,0
OR1N2,0.0,0.0,0,0
OR1Q1,0.0,0.0,0,0
OR1S1,0.0,0.0,0,0
OR1S2,0.0,0.0,0,0
OR2A1,0.0,0.0,0,0
OR2A12,0.0,0.0,0,0
OR2A14,0.0,0.0,0,0
OR2A2,0.0,0.0,0,0
OR2A25,0.0,0.0,0,0
OR2A4,0.0,0.0,0,0
OR2A42,0.0,0.0,0,0
OR2A5,0.0,0.0,0,0
OR2A7,0.0,0.0,0,0
OR2AE1,0.0,0.0,0,0
OR2AG1,0.0,0.0,0,0
OR2AG2,0.0,0.0,0,0
OR2AJ1,0.0,0.0,0,0
OR2AK2,0.0,0.0,0,0
OR2AP1,0.0,0.0,0,0
OR2AT4,0.0,0.0,0,0
OR2B11,-0.00026083898,0.0,0,1
OR2B2,0.0,0.0,0,0
OR2B3,0.0,0.0,0,0
OR2B6,0.0,0.0,0,0
OR2C1,-0.00014989563,0.0,0,1
OR2C3,-0.00051532575,0.0,0,1
OR2D2,0.0,0.0,0,0
OR2D3,0.0,0.0,0,0
OR2F1,0.0,0.0,0,0
OR2F2,0.0,0.0,0,0
OR2G2,0.0,0.0,0,0
OR2G3,0.0,0.0,0,0
OR2G6,0.0,0.0,0,0
OR2H1,0.0,0.0,0,0
OR2H2,0.0,0.0,0,0
OR2I1P,0.0,0.0,0,0
OR2J1,0.0,0.0,0,0
OR2J2,0.0,0.0,0,0
OR2J3,0.0,0.0,0,0
OR2K2,0.0,0.0,0,0
OR2L13,0.0,0.0,0,0
OR2L2,-0.00020222383,0.0,0,1
OR2L3,0.0,0.0,0,0
OR2L5,0.0,0.0,0,0
OR2L8,0.0,0.0,0,0
OR2M2,0.0,0.0,0,0
OR2M3,0.0,0.0,0,0
OR2M4,0.0,0.0,0,0
OR2M5,0.0,0.0,0,0
OR2M7,0.0,0.0,0,0
OR2S2,0.0,0.0,0,0
OR2T1,0.0,0.0,0,0
OR2T10,0.0,0.0,0,0
OR2T11,0.0,0.0,0,0
OR2T12,0.0,0.0,0,0
OR2T2,0.0,0.0,0,0
OR2T27,0.0,0.0,0,0
OR2T29,0.0,0.0,0,0
OR2T3,0.0,0.0,0,0
OR2T33,0.0,0.0,0,0
OR2T34,0.0,0.0,0,0
OR2T35,0.0,0.0,0,0
OR2T4,0.0,0.0,0,0
OR2T5,0.0,0.0,0,0
OR2T6,0.0,0.0,0,0
OR2V1,0.0,0.0,0,0
OR2V2,0.0,0.0,0,0
OR2W1,0.0,0.0,0,0
OR2Y1,0.0,0.0,0,0
OR2Z1,0.0,0.0,0,0
OR3A1,-0.000119208366,0.0,0,1
OR3A3,0.0,0.0,0,0
OR4A15,0.0,0.0,0,0
OR4A16,0.0,0.0,0,0
OR4A47,0.0,0.0,0,0
OR4A5,0.0,0.0,0,0
OR4B1,0.0,0.0,0,0
OR4C11,0.0,0.0,0,0
OR4C12,0.0,0.0,0,0
OR4C13,0.0,0.0,0,0
OR4C15,0.0,0.0,0,0
OR4C16,0.0,0.0,0,0
OR4C3,0.0,0.0,0,0
OR4C46,0.0,0.0,0,0
OR4C5,0.0,0.0,0,0
OR4C6,0.0,0.0,0,0
OR4D10,0.0,0.0,0,0
OR4D11,0.0,0.0,0,0
OR4D2,0.0,0.0,0,0
OR4D5,0.0,0.0,0,0
OR4D6,0.0,0.0,0,0
OR4D9,0.0,0.0,0,0
OR4E1,0.0,0.0,0,0
OR4E2,0.0,0.0,0,0
OR4F15,0.0,0.0,0,0
OR4F16,0.0,0.0,0,0
OR4F17,0.0,0.0,0,0
OR4F21,0.0,0.0,0,0
OR4F29,0.0,0.0,0,0
OR4F3,0.0,0.0,0,0
OR4F4,0.0,0.0,0,0
OR4F5,0.0,0.0,0,0
OR4F6,0.0,0.0,0,0
OR4K1,0.0,0.0,0,0
OR4K13,0.0,0.0,0,0
OR4K14,0.0,0.0,0,0
OR4K15,0.0,0.0,0,0
OR4K17,0.0,0.0,0,0
OR4K2,0.0,0.0,0,0
OR4K5,0.0,0.0,0,0
OR4L1,0.0,0.0,0,0
OR4M1,0.0,0.0,0,0
OR4M2,0.0,0.0,0,0
OR4N2,0.0,0.0,0,0
OR4N4,0.0,0.0,0,0
OR4N5,0.0,0.0,0,0
OR4P4,0.0,0.0,0,0
OR4Q3,0.0,0.0,0,0
OR4S1,0.0,0.0,0,0
OR4S2,0.0,0.0,0,0
OR4X1,0.0,0.0,0,0
OR4X2,0.0,0.0,0,0
OR51A2,0.0,0.0,0,0
OR51A4,0.0,0.0,0,0
OR51A7,0.0,0.0,0,0
OR51B2,0.0,0.0,0,0
OR51B4,0.0,0.0,0,0
OR51B5,-0.00020258245,0.0,0,1
OR51B6,0.0,0.0,0,0
OR51C1P,0.0,0.0,0,0
OR51D1,0.0,0.0,0,0
OR51E1,0.0,0.0,0,0
OR51E2,0.0,0.0,0,0
OR51F1,0.0,0.0,0,0
OR51F2,0.0,0.0,0,0
OR51G1,0.0,0.0,0,0
OR51G2,0.0,0.0,0,0
OR51I1,0.0,0.0,0,0
OR51I2,0.0,0.0,0,0
OR51L1,0.0,0.0,0,0
OR51M1,0.0,0.0,0,0
OR51Q1,0.0,0.0,0,0
OR51S1,0.0,0.0,0,0
OR51T1,0.0,0.0,0,0
OR51V1,0.0,0.0,0,0
OR52A1,0.0,0.0,0,0
OR52A5,0.0,0.0,0,0
OR52B2,0.0,0.0,0,0
OR52B4,0.0,0.0,0,0
OR52B6,0.0,0.0,0,0
OR52D1,0.0,0.0,0,0
OR52E2,0.0,0.0,0,0
OR52E4,0.0,0.0,0,0
OR52E5,0.0,0.0,0,0
OR52E6,0.0,0.0,0,0
OR52E8,0.0,0.0,0,0
OR52I1,0.0,0.0,0,0
OR52I2,0.0,0.0,0,0
OR52J3,0.0,0.0,0,0
OR52K1,-0.00020676792,0.0,0,1
OR52K2,-0.00029498336,0.0,0,1
OR52L1,0.0,0.0,0,0
OR52M1,0.0,0.0,0,0
OR52N1,0.0,0.0,0,0
OR52N2,0.0,0.0,0,0
OR52N5,0.0,0.0,0,0
OR52R1,0.0,0.0,0,0
OR52W1,0.0,0.0,0,0
OR56A1,0.0,0.0,0,0
OR56A3,0.0,0.0,0,0
OR56A4,0.0,0.0,0,0
OR56A5,0.0,0.0,0,0
OR56B1,0.0,0.0,0,0
OR56B4,0.0,0.0,0,0
OR5A1,0.0,0.0,0,0
OR5A2,0.0,0.0,0,0
OR5AC2,0.0,0.0,0,0
OR5AK2,0.0,0.0,0,0
OR5AN1,0.0,0.0,0,0
OR5AP2,0.0,0.0,0,0
OR5AR1,0.0,0.0,0,0
OR5AS1,0.0,0.0,0,0
OR5AU1,0.0,0.0,0,0
OR5B12,0.0,0.0,0,0
OR5B17,0.0,0.0,0,0
OR5B2,0.0,0.0,0,0
OR5B21,0.0,0.0,0,0
OR5B3,0.0,0.0,0,0
OR5BS1P,0.0,0.0,0,0
OR5C1,0.0,0.0,0,0
OR5D13,0.0,0.0,0,0
OR5D14,0.0,0.0,0,0
OR5D16,0.0,0.0,0,0
OR5D18,0.0,0.0,0,0
OR5D3P,0.0,0.0,0,0
OR5F1,0.0,0.0,0,0
OR5H1,0.0,0.0,0,0
OR5H14,0.0,0.0,0,0
OR5H15,0.0,0.0,0,0
OR5H2,0.0,0.0,0,0
OR5H6,0.0,0.0,0,0
OR5I1,0.0,0.0,0,0
OR5J2,0.0,0.0,0,0
OR5K1,0.0,0.0,0,0
OR5K2,0.0,0.0,0,0
OR5K3,0.0,0.0,0,0
OR5K4,0.0,0.0,0,0
OR5L1,0.0,0.0,0,0
OR5L2,0.0,0.0,0,0
OR5M1,0.0,0.0,0,0
OR5M10,0.0,0.0,0,0
OR5M11,0.0,0.0,0,0
OR5M3,0.0,0.0,0,0
OR5M8,0.0,0.0,0,0
OR5M9,0.0,0.0,0,0
OR5P2,0.0,0.0,0,0
OR5P3,0.0,0.0,0,0
OR5R1,0.0,0.0,0,0
OR5T1,0.0,0.0,0,0
OR5T2,0.0,0.0,0,0
OR5T3,0.0,0.0,0,0
OR5V1,0.0,0.0,0,0
OR5W2,0.0,0.0,0,0
OR6A2,0.0,0.0,0,0
OR6B1,0.0,0.0,0,0
OR6B2,0.0,0.0,0,0
OR6B3,0.0,0.0,0,0
OR6C1,0.0,0.0,0,0
OR6C2,0.0,0.0,0,0
OR6C3,0.0,0.0,0,0
OR6C4,0.0,0.0,0,0
OR6C6,0.0,0.0,0,0
OR6C65,0.0,0.0,0,0
OR6C68,0.0,0.0,0,0
OR6C70,0.0,0.0,0,0
OR6C74,0.0,0.0,0,0
OR6C75,0.0,0.0,0,0
OR6C76,0.0,0.0,0,0
OR6F1,0.0,0.0,0,0
OR6J1,0.0,0.0,0,0
OR6K2,0.0,0.0,0,0
OR6K3,0.0,0.0,0,0
OR6K6,0.0,0.0,0,0
OR6M1,0.0,0.0,0,0
OR6N1,0.0,0.0,0,0
OR6N2,0.0,0.0,0,0
OR6P1,0.0,0.0,0,0
OR6Q1,0.0,0.0,0,0
OR6S1,0.0,0.0,0,0
OR6T1,0.0,0.0,0,0
OR6V1,0.0,0.0,0,0
OR6X1,0.0,0.0,0,0
OR6Y1,0.0,0.0,0,0
OR7A10,0.0,0.0,0,0
OR7A17,0.0,0.0,0,0
OR7A5,0.0,0.0,0,0
OR7C1,0.0,0.0,0,0
OR7C2,0.0,0.0,0,0
OR7D2,0.0,0.0,0,0
OR7D4,0.0,0.0,0,0
OR7E24,0.0,0.0,0,0
OR7G1,0.0,0.0,0,0
OR7G2,0.0,0.0,0,0
OR7G3,0.0,0.0,0,0
OR8A1,0.0,0.0,0,0
OR8B12,0.0,0.0,0,0
OR8B2,0.0,0.0,0,0
OR8B3,0.0,0.0,0,0
OR8B4,0.0,0.0,0,0
OR8B8,0.0,0.0,0,0
OR8D1,0.0,0.0,0,0
OR8D2,0.0,0.0,0,0
OR8D4,0.0,0.0,0,0
OR8G1,0.0,0.0,0,0
OR8G5,0.0,0.0,0,0
OR8H1,0.0,0.0,0,0
OR8H2,0.0,0.0,0,0
OR8H3,0.0,0.0,0,0
OR8I2,0.0,0.0,0,0
OR8J1,0.0,0.0,0,0
OR8J3,0.0,0.0,0,0
OR8K1,0.0,0.0,0,0
OR8K3,0.0,0.0,0,0
OR8K5,0.0,0.0,0,0
OR8S1,0.0,0.0,0,0
OR8U1,0.0,0.0,0,0
OR9A2,0.0,0.0,0,0
OR9A4,0.0,0.0,0,0
OR9G1,0.0,0.0,0,0
OR9G4,0.0,0.0,0,0
OR9I1,0.0,0.0,0,0
OR9K2,0.0,0.0,0,0
OR9Q1,0.0,0.0,0,0
OR9Q2,0.0,0.0,0,0
ORM1,0.0,0.0,0,0
ORM2,0.0,0.0,0,0
OSBP2,0.0,0.0,0,0
OSBPL10,-0.00017441927,0.0,0,1
OSBPL10-AS1,0.0,0.0,0,0
OSMR-AS1,-0.00011866767,0.0,0,1
OSTM1-AS1,0.0,0.0,0,0
OSTN,0.0,0.0,0,0
OSTN-AS1,0.0,0.0,0,0
OTC,0.0,0.0,0,0
OTOF,-0.0010650288,0.0,0,1
OTOG,0.0,0.0,0,0
OTOGL,0.0,0.0,0,0
OTOL1,0.0,0.0,0,0
OTOP1,0.0,0.0,0,0
OTOP2,0.0,0.0,0,0
OTOP3,0.0,0.0,0,0
OTOR,0.0,0.0,0,0
OTOS,0.0,0.0,0,0
OTP,0.0,0.0,0,0
OTUD3,-0.0068614855,0.0,0,2
OTUD6A,0.0,0.0,0,0
OTX2,0.0,0.0,0,0
OTX2-AS1,0.0,0.0,0,0
OVAAL,0.0,0.0,0,0
OVCH1,0.0,0.0,0,0
OVCH1-AS1,0.0,0.0,0,0
OVCH2,0.0,0.0,0,0
OVOL1,-0.0001449098,0.0,0,1
OVOL1-AS1,0.0,0.0,0,0
OVOL3,0.0,0.0,0,0
OXCT1-AS1,0.0,0.0,0,0
OXGR1,0.0,0.0,0,0
OXT,0.0,0.0,0,0
OXTR,0.0,0.0,0,0
P2RX1,-0.008878192,0.0,0,2
P2RX2,0.0,0.0,0,0
P2RX3,0.0,0.0,0,0
P2RX6,-7.72033e-05,0.0,0,1
P2RY10,-0.003064458,0.0,0,2
P2RY4,0.0,0.0,0,0
P3H3,-0.011044655,0.0,0,1
P3R3URF,0.0,0.0,0,0
P4HA2-AS1,0.0,0.0,0,0
P4HA3-AS1,0.0,0.0,0,0
PABPC1L2A,0.0,0.0,0,0
PABPC1L2B,0.0,0.0,0,0
PABPC1L2B-AS1,0.0,0.0,0,0
PABPC3,0.0,0.0,0,0
PABPC4-AS1,-0.00037532285,0.0,0,1
PABPC4L,-3.823605e-05,0.0,0,1
PABPC5,0.0,0.0,0,0
PABPC5-AS1,0.0,0.0,0,0
PABPN1L,0.0,0.0,0,0
PACRG,0.0,0.0,0,0
PACRG-AS1,0.0,0.0,0,0
PACRG-AS2,0.0,0.0,0,0
PACRG-AS3,0.0,0.0,0,0
PACSIN1,0.0,0.0,0,0
PACSIN3,-0.0030495191,0.0,0,2
PADI1,0.0,0.0,0,0
PADI3,0.0,0.0,0,0
PADI4,-0.005337618,0.0,0,2
PADI6,0.0,0.0,0,0
PAEP,0.0,0.0,0,0
PAGE1,0.0,0.0,0,0
PAGE2,0.0,0.0,0,0
PAGE2B,0.0,0.0,0,0
PAGE3,0.0,0.0,0,0
PAGE4,0.0,0.0,0,0
PAGE5,0.0,0.0,0,0
PAH,0.0,0.0,0,0
PAK3,0.0,0.0,0,0
PAK5,0.0,0.0,0,0
PALM,0.0,0.0,0,0
PALM3,0.0,0.0,0,0
PAMR1,-0.00020096103,0.0,0,1
PANCR,0.0,0.0,0,0
PANDAR,0.0,0.0,0,0
PANK1,-0.0005710528,0.0,0,1
PANO1,-0.00014307047,0.0,0,1
PANTR1,0.0,0.0,0,0
PANX3,-0.0001266432,0.0,0,1
PAPOLB,0.0,0.0,0,0
PAPPA,0.0,0.0,0,0
PAPPA-AS1,0.0,0.0,0,0
PAPPA-AS2,0.0,0.0,0,0
PAQR5,-0.0013682017,0.0,0,1
PAQR9,0.0,0.0,0,0
PAQR9-AS1,0.0,0.0,0,0
PARAL1,-0.0015485348,0.0,0,1
PARD3,-0.0004862681,0.0,0,1
PARD3-AS1,0.0,0.0,0,0
PARD3B,0.0,0.0,0,0
PARD6G,0.0,0.0,0,0
PARS2,-0.015094065,0.0,0,2
PARTICL,-0.0012042499,0.0,0,2
PASD1,0.0,0.0,0,0
PATE1,0.0,0.0,0,0
PATE2,0.0,0.0,0,0
PATE3,0.0,0.0,0,0
PATE4,0.0,0.0,0,0
PATJ,-0.0026986338,0.0,0,2
PAUPAR,0.0,0.0,0,0
PAWR,-0.00085013075,0.0,0,1
PAX1,0.0,0.0,0,0
PAX2,0.0,0.0,0,0
PAX3,0.0,0.0,0,0
PAX4,0.0,0.0,0,0
PAX6,0.0,0.0,0,0
PAX7,0.0,0.0,0,0
PAX9,0.0,0.0,0,0
PBK,0.0,0.0,0,0
PBOV1,0.0,0.0,0,0
PBX4,-0.005842602,0.0,0,2
PCA3,0.0,0.0,0,0
PCARE,0.0,0.0,0,0
PCAT14,0.0,0.0,0,0
PCAT18,0.0,0.0,0,0
PCAT19,0.0,0.0,0,0
PCAT4,0.0,0.0,0,0
PCAT5,0.0,0.0,0,0
PCAT7,-0.0016988977,0.0,0,1
PCBP2-OT1,-0.0003303295,0.0,0,1
PCCA-AS1,0.0,0.0,0,0
PCDH1,-0.00022319838,0.0,0,1
PCDH11X,0.0,0.0,0,0
PCDH11Y,0.0,0.0,0,0
PCDH15,0.0,0.0,0,0
PCDH17,-0.00012662257,0.0,0,1
PCDH18,0.0,0.0,0,0
PCDH19,0.0,0.0,0,0
PCDH20,0.0,0.0,0,0
PCDH8,0.0,0.0,0,0
PCDH9,0.0,0.0,0,0
PCDH9-AS1,0.0,0.0,0,0
PCDH9-AS2,0.0,0.0,0,0
PCDH9-AS3,0.0,0.0,0,0
PCDH9-AS4,0.0,0.0,0,0
PCDHA1,0.0,0.0,0,0
PCDHA10,0.0,0.0,0,0
PCDHA11,0.0,0.0,0,0
PCDHA12,-0.0019200089,0.0,0,1
PCDHA13,0.0,0.0,0,0
PCDHA2,0.0,0.0,0,0
PCDHA3,0.0,0.0,0,0
PCDHA4,0.0,0.0,0,0
PCDHA5,0.0,0.0,0,0
PCDHA6,0.0,0.0,0,0
PCDHA7,0.0,0.0,0,0
PCDHA8,0.0,0.0,0,0
PCDHA9,0.0,0.0,0,0
PCDHAC1,0.0,0.0,0,0
PCDHB1,0.0,0.0,0,0
PCDHB10,0.0,0.0,0,0
PCDHB11,0.0,0.0,0,0
PCDHB12,0.0,0.0,0,0
PCDHB13,-0.00014230292,0.0,0,1
PCDHB15,0.0,0.0,0,0
PCDHB2,0.0,0.0,0,0
PCDHB3,0.0,0.0,0,0
PCDHB4,0.0,0.0,0,0
PCDHB5,0.0,0.0,0,0
PCDHB6,0.0,0.0,0,0
PCDHB7,0.0,0.0,0,0
PCDHB8,0.0,0.0,0,0
PCDHB9,0.0,0.0,0,0
PCDHGA1,0.0,0.0,0,0
PCDHGA12,-0.0022100434,0.0,0,2
PCDHGA2,0.0,0.0,0,0
PCDHGA3,0.0,0.0,0,0
PCDHGA4,0.0,0.0,0,0
PCDHGA5,0.0,0.0,0,0
PCDHGA6,-5.9365684e-05,0.0,0,1
PCDHGA8,0.0,0.0,0,0
PCDHGA9,0.0,0.0,0,0
PCDHGB1,0.0,0.0,0,0
PCDHGB4,-5.9073325e-05,0.0,0,1
PCDHGB7,-0.0005431956,0.0,0,1
PCDHGC5,-0.01331906,0.0,0,1
PCGEM1,0.0,0.0,0,0
PCK1,-0.0038593884,0.0,0,1
PCLO,0.0,0.0,0,0
PCOLCE-AS1,0.0,0.0,0,0
PCOLCE2,-0.0002848877,0.0,0,1
PCP2,-0.02923865,0.0,0,2
PCP4,-0.00051250035,0.0,0,1
PCP4L1,0.0,0.0,0,0
PCSK1,0.0,0.0,0,0
PCSK2,0.0,0.0,0,0
PCSK6,-0.00030779952,0.0,0,1
PCSK6-AS1,0.0,0.0,0,0
PCSK9,0.0,0.0,0,0
PCYT1B,0.0,0.0,0,0
PCYT1B-AS1,0.0,0.0,0,0
PDE10A,0.0,0.0,0,0
PDE11A,0.0,0.0,0,0
PDE1A,0.0,0.0,0,0
PDE1C,0.0,0.0,0,0
PDE3A,-0.0008072566,0.0,0,1
PDE5A,-0.00014799151,0.0,0,1
PDE6A,0.0,0.0,0,0
PDE6C,0.0,0.0,0,0
PDE6H,0.0,0.0,0,0
PDE8B,0.0,0.0,0,0
PDGFD,-7.5710275e-05,0.0,0,1
PDGFRA,-3.99089e-05,0.0,0,1
PDHA2,0.0,0.0,0,0
PDIA2,0.0,0.0,0,0
PDILT,0.0,0.0,0,0
PDX1,0.0,0.0,0,0
PDYN,-0.00014764407,0.0,0,1
PDYN-AS1,-0.00033422853,0.0,0,1
PDZD2,0.0,0.0,0,0
PDZD3,0.0,0.0,0,0
PDZD9,0.0,0.0,0,0
PDZK1,0.0,0.0,0,0
PDZRN3-AS1,0.0,0.0,0,0
PDZRN4,0.0,0.0,0,0
PEAR1,-0.00021846562,0.0,0,1
PEBP4,-8.6727836e-05,0.0,0,1
PEG13,-0.00021013687,0.0,0,1
PELI3,-0.016595934,0.0,0,2
PENK,0.0,0.0,0,0
PERM1,0.0,0.0,0,0
PEX5L,0.0,0.0,0,0
PEX5L-AS1,0.0,0.0,0,0
PEX5L-AS2,0.0,0.0,0,0
PFN2,-0.0033142334,0.0,0,2
PFN3,0.0,0.0,0,0
PFN4,-3.1719508e-05,0.0,0,1
PGA4,-0.007988059,0.0,0,1
PGA5,-8.953118e-05,0.0,0,1
PGAM2,-0.00015216337,0.0,0,1
PGAM4,-0.00045102494,0.0,0,1
PGC,0.0,0.0,0,0
PGK2,0.0,0.0,0,0
PGLYRP1,0.0,0.0,0,0
PGLYRP3,0.0,0.0,0,0
PGLYRP4,0.0,0.0,0,0
PGM5-AS1,-0.0016988977,0.0,0,1
PGM5P3-AS1,0.0,0.0,0,0
PGM5P4-AS1,-0.0002255582,0.0,0,1
PGPEP1L,0.0,0.0,0,0
PGR,0.0,0.0,0,0
PGR-AS1,0.0,0.0,0,0
PHACTR2-AS1,0.0,0.0,0,0
PHACTR3,0.0,0.0,0,0
PHEX,-0.003415012,0.0,0,1
PHEX-AS1,0.0,0.0,0,0
PHF21B,0.0,0.0,0,0
PHF24,0.0,0.0,0,0
PHGR1,0.0,0.0,0,0
PHKA1,-0.0005811591,0.0,0,1
PHKA1-AS1,0.0,0.0,0,0
PHKG1,-0.0034104388,0.0,0,2
PHLDB2,0.0,0.0,0,0
PHOSPHO1,-0.00011788411,0.0,0,1
PHOX2A,0.0,0.0,0,0
PHOX2B,0.0,0.0,0,0
PHYHIP,0.0,0.0,0,0
PHYHIPL,-0.00012985135,0.0,0,1
PI15,0.0,0.0,0,0
PI16,-0.0002066234,0.0,0,1
PIANP,0.0,0.0,0,0
PICART1,0.0,0.0,0,0
PICSAR,0.0,0.0,0,0
PIEZO2,0.0,0.0,0,0
PIGR,0.0,0.0,0,0
PIGY,0.0,0.0,0,0
PIGY-DT,0.0,0.0,0,0
PIH1D3,0.0,0.0,0,0
PIK3C2G,0.0,0.0,0,0
PIK3CD-AS2,-0.013392438,0.0,0,2
PINCR,-0.0013225869,0.0,0,1
PINK1-AS,-0.014254714,0.0,0,1
PIP,0.0,0.0,0,0
PIRT,0.0,0.0,0,0
PISRT1,0.0,0.0,0,0
PITPNM2-AS1,0.0,0.0,0,0
PITRM1-AS1,-0.00019361917,0.0,0,1
PITX1,0.0,0.0,0,0
PITX2,0.0,0.0,0,0
PITX3,0.0,0.0,0,0
PIWIL1,0.0,0.0,0,0
PIWIL2,-0.00024707423,0.0,0,1
PIWIL3,0.0,0.0,0,0
PKD1L1,0.0,0.0,0,0
PKDREJ,0.0,0.0,0,0
PKHD1,0.0,0.0,0,0
PKHD1L1,0.0,0.0,0,0
PKIA-AS1,0.0,0.0,0,0
PKLR,0.0,0.0,0,0
PKN2-AS1,0.0,0.0,0,0
PKN3,-0.00010221428,0.0,0,1
PKNOX2,0.0,0.0,0,0
PKNOX2-AS1,0.0,0.0,0,0
PKP1,0.0,0.0,0,0
PKP4-AS1,0.0,0.0,0,0
PLA2G10,0.0,0.0,0,0
PLA2G12B,0.0,0.0,0,0
PLA2G1B,-0.00017058519,0.0,0,1
PLA2G2A,0.0,0.0,0,0
PLA2G2C,0.0,0.0,0,0
PLA2G2E,0.0,0.0,0,0
PLA2G2F,0.0,0.0,0,0
PLA2G3,0.0,0.0,0,0
PLA2G4C-AS1,0.0,0.0,0,0
PLA2G4D,0.0,0.0,0,0
PLA2G4E,0.0,0.0,0,0
PLA2G4F,0.0,0.0,0,0
PLA2G5,0.0,0.0,0,0
PLA2R1,-0.000423391,0.0,0,1
PLAAT2,0.0,0.0,0,0
PLAC1,0.0,0.0,0,0
PLAC4,0.0,0.0,0,0
PLCB1-IT1,0.0,0.0,0,0
PLCB2-AS1,0.0,0.0,0,0
PLCD4,0.0,0.0,0,0
PLCE1,0.0,0.0,0,0
PLCE1-AS1,0.0,0.0,0,0
PLCE1-AS2,0.0,0.0,0,0
PLCG1-AS1,-4.4620633e-06,0.0,0,1
PLCH1,0.0,0.0,0,0
PLCH1-AS1,0.0,0.0,0,0
PLCH1-AS2,0.0,0.0,0,0
PLCH2,-0.00019830141,0.0,0,1
PLCL2-AS1,0.0,0.0,0,0
PLCXD2,-0.00018581456,0.0,0,1
PLCXD2-AS1,0.0,0.0,0,0
PLCZ1,0.0,0.0,0,0
PLD5,0.0,0.0,0,0
PLD6,-0.00025372053,0.0,0,1
PLEKHA6,-0.00020068733,0.0,0,1
PLEKHD1,0.0,0.0,0,0
PLEKHG4B,0.0,0.0,0,0
PLEKHG6,-0.00032979026,0.0,0,1
PLEKHN1,-0.0005450188,0.0,0,1
PLET1,0.0,0.0,0,0
PLG,0.0,0.0,0,0
PLGLB1,-0.00026004144,0.0,0,1
PLGLB2,-0.00043426492,0.0,0,1
PLIN1,0.0,0.0,0,0
PLIN4,0.0,0.0,0,0
PLIN5,0.0,0.0,0,0
PLK1,-0.0041525583,0.0,0,2
PLK5,0.0,0.0,0,0
PLN,0.0,0.0,0,0
PLP1,-0.00013883208,0.0,0,1
PLPP2,-0.002405457,0.0,0,2
PLPPR1,0.0,0.0,0,0
PLPPR3,0.0,0.0,0,0
PLPPR4,-0.00020521879,0.0,0,1
PLPPR5,0.0,0.0,0,0
PLS1-AS1,-0.00010910439,0.0,0,1
PLS3-AS1,0.0,0.0,0,0
PLSCR2,-0.0026472465,0.0,0,2
PLSCR5,0.0,0.0,0,0
PLSCR5-AS1,0.0,0.0,0,0
PLUT,0.0,0.0,0,0
PLXNA4,0.0,0.0,0,0
PLXNB3,-0.0003138258,0.0,0,1
PM20D1,-0.0037921516,0.0,0,2
PMCH,0.0,0.0,0,0
PMIS2,0.0,0.0,0,0
PMP2,0.0,0.0,0,0
PNLDC1,0.0,0.0,0,0
PNLIP,0.0,0.0,0,0
PNLIPRP1,0.0,0.0,0,0
PNLIPRP3,0.0,0.0,0,0
PNMA2,0.0,0.0,0,0
PNMA5,-0.0072443797,0.0,0,2
PNMA6A,-0.00028358927,0.0,0,1
PNMA6E,0.0,0.0,0,0
PNMA6F,0.0,0.0,0,0
PNMA8C,0.0,0.0,0,0
PNMT,-3.0366113e-05,0.0,0,1
PNOC,0.0,0.0,0,0
PNPLA3,-0.00055789965,0.0,0,1
PNPLA5,0.0,0.0,0,0
POC1A,-0.014578647,0.0,0,2
PODN,-0.0048300424,0.0,0,2
POF1B,0.0,0.0,0,0
POLE2,-0.008592564,0.0,0,2
POLH-AS1,0.0,0.0,0,0
POM121L12,0.0,0.0,0,0
POM121L2,0.0,0.0,0,0
PON1,0.0,0.0,0,0
PON3,0.0,0.0,0,0
POPDC3,0.0,0.0,0,0
POSTN,0.0,0.0,0,0
POTEB,0.0,0.0,0,0
POTEB2,0.0,0.0,0,0
POTEB3,0.0,0.0,0,0
POTED,0.0,0.0,0,0
POTEE,0.0,0.0,0,0
POTEF,0.0,0.0,0,0
POTEG,0.0,0.0,0,0
POTEH,0.0,0.0,0,0
POTEH-AS1,0.0,0.0,0,0
POTEI,0.0,0.0,0,0
POTEJ,0.0,0.0,0,0
POTEM,0.0,0.0,0,0
POU1F1,0.0,0.0,0,0
POU2AF1,0.0,0.0,0,0
POU3F1,0.0,0.0,0,0
POU3F2,0.0,0.0,0,0
POU3F3,0.0,0.0,0,0
POU3F4,0.0,0.0,0,0
POU4F1,0.0,0.0,0,0
POU4F2,0.0,0.0,0,0
POU4F3,0.0,0.0,0,0
POU5F1,-0.0019200089,0.0,0,1
POU5F1B,0.0,0.0,0,0
POU6F2,0.0,0.0,0,0
POU6F2-AS1,0.0,0.0,0,0
POU6F2-AS2,0.0,0.0,0,0
PP2D1,0.0,0.0,0,0
PPARGC1A,0.0,0.0,0,0
PPDPFL,0.0,0.0,0,0
PPEF1-AS1,0.0,0.0,0,0
PPEF2,0.0,0.0,0,0
PPFIA2,-0.04665344,0.0,0,1
PPFIA2-AS1,0.0,0.0,0,0
PPIAL4A,0.0,0.0,0,0
PPIAL4D,0.0,0.0,0,0
PPIAL4E,0.0,0.0,0,0
PPIAL4F,0.0,0.0,0,0
PPIAL4G,0.0,0.0,0,0
PPIAL4H,0.0,0.0,0,0
PPIL1,-0.010519455,0.0,0,2
PPIL6,-0.009904574,0.0,0,1
PPL,-0.0026848188,0.0,0,2
PPM1E,0.0,0.0,0,0
PPM1K-DT,0.0,0.0,0,0
PPP1R12A-AS1,-0.00026565706,0.0,0,1
PPP1R14C,-0.010200493,0.0,0,2
PPP1R14D,0.0,0.0,0,0
PPP1R17,0.0,0.0,0,0
PPP1R1C,0.0,0.0,0,0
PPP1R27,0.0,0.0,0,0
PPP1R2B,0.0,0.0,0,0
PPP1R36,0.0,0.0,0,0
PPP1R3A,0.0,0.0,0,0
PPP1R42,0.0,0.0,0,0
PPP1R9A,-0.00014334037,0.0,0,1
PPP2R2B-IT1,0.0,0.0,0,0
PPP2R2C,0.0,0.0,0,0
PPP3R2,0.0,0.0,0,0
PPP4R1-AS1,0.0,0.0,0,0
PPP4R3C,0.0,0.0,0,0
PPP4R4,0.0,0.0,0,0
PPY,-0.00029338448,0.0,0,1
PRAC1,0.0,0.0,0,0
PRAC2,0.0,0.0,0,0
PRAME,-0.0028478086,0.0,0,2
PRAMEF1,0.0,0.0,0,0
PRAMEF10,0.0,0.0,0,0
PRAMEF11,0.0,0.0,0,0
PRAMEF12,0.0,0.0,0,0
PRAMEF13,0.0,0.0,0,0
PRAMEF14,0.0,0.0,0,0
PRAMEF15,0.0,0.0,0,0
PRAMEF17,0.0,0.0,0,0
PRAMEF18,0.0,0.0,0,0
PRAMEF19,0.0,0.0,0,0
PRAMEF2,0.0,0.0,0,0
PRAMEF20,0.0,0.0,0,0
PRAMEF25,0.0,0.0,0,0
PRAMEF26,0.0,0.0,0,0
PRAMEF27,0.0,0.0,0,0
PRAMEF33,0.0,0.0,0,0
PRAMEF4,0.0,0.0,0,0
PRAMEF5,0.0,0.0,0,0
PRAMEF6,0.0,0.0,0,0
PRAMEF7,0.0,0.0,0,0
PRAMEF8,0.0,0.0,0,0
PRAMEF9,0.0,0.0,0,0
PRAP1,0.0,0.0,0,0
PRB1,0.0,0.0,0,0
PRB2,0.0,0.0,0,0
PRB3,0.0,0.0,0,0
PRB4,0.0,0.0,0,0
PRC1-AS1,0.0,0.0,0,0
PRCD,-0.00027207073,0.0,0,1
PRDM12,-0.00022639373,0.0,0,1
PRDM13,0.0,0.0,0,0
PRDM14,0.0,0.0,0,0
PRDM16,0.0,0.0,0,0
PRDM16-DT,0.0,0.0,0,0
PRDM5,-0.00028013825,0.0,0,1
PRDM7,0.0,0.0,0,0
PRDM9,0.0,0.0,0,0
PRELP,-0.00027526147,0.0,0,1
PREX2,-0.0021189502,0.0,0,2
PRF1,-0.0017826912,0.0,0,2
PRG3,0.0,0.0,0,0
PRG4,0.0,0.0,0,0
PRH2,0.0,0.0,0,0
PRICKLE2,0.0,0.0,0,0
PRICKLE2-AS1,0.0,0.0,0,0
PRICKLE2-AS2,0.0,0.0,0,0
PRICKLE2-AS3,0.0,0.0,0,0
PRICKLE2-DT,0.0,0.0,0,0
PRIMA1,-0.00023730383,0.0,0,1
PRKAA2,-0.000110956295,0.0,0,1
PRKACG,0.0,0.0,0,0
PRKAG3,0.0,0.0,0,0
PRKAR2A-AS1,-0.00054048985,0.0,0,1
PRKCA-AS1,0.0,0.0,0,0
PRKG1,-0.010088545,0.0,0,2
PRKG1-AS1,0.0,0.0,0,0
PRKG2,0.0,0.0,0,0
PRKX-AS1,0.0,0.0,0,0
PRKY,0.0,0.0,0,0
PRL,0.0,0.0,0,0
PRLH,0.0,0.0,0,0
PRLHR,0.0,0.0,0,0
PRM1,0.0,0.0,0,0
PRM2,0.0,0.0,0,0
PRM3,0.0,0.0,0,0
PRMT8,0.0,0.0,0,0
PRNCR1,-7.570587e-05,0.0,0,1
PRND,0.0,0.0,0,0
PRNT,0.0,0.0,0,0
PROB1,0.0,0.0,0,0
PRODH,0.0,0.0,0,0
PRODH2,0.0,0.0,0,0
PROK1,0.0,0.0,0,0
PROKR1,0.0,0.0,0,0
PROKR2,0.0,0.0,0,0
PROP1,0.0,0.0,0,0
PRORY,0.0,0.0,0,0
PROSER2-AS1,0.0,0.0,0,0
PROX1-AS1,0.0,0.0,0,0
PROX2,0.0,0.0,0,0
PROZ,0.0,0.0,0,0
PRPF40B,-0.0014928104,0.0,0,1
PRPS1L1,0.0,0.0,0,0
PRR15L,-0.003050092,0.0,0,2
PRR16,0.0,0.0,0,0
PRR18,0.0,0.0,0,0
PRR20A,0.0,0.0,0,0
PRR20B,0.0,0.0,0,0
PRR20C,0.0,0.0,0,0
PRR20D,0.0,0.0,0,0
PRR20E,0.0,0.0,0,0
PRR20G,0.0,0.0,0,0
PRR23A,0.0,0.0,0,0
PRR23B,0.0,0.0,0,0
PRR23C,0.0,0.0,0,0
PRR23D1,0.0,0.0,0,0
PRR23D2,0.0,0.0,0,0
PRR26,0.0,0.0,0,0
PRR27,0.0,0.0,0,0
PRR29-AS1,0.0,0.0,0,0
PRR30,0.0,0.0,0,0
PRR32,0.0,0.0,0,0
PRR33,0.0,0.0,0,0
PRR34,-0.0011453457,0.0,0,1
PRR35,0.0,0.0,0,0
PRR36,-0.000470235,0.0,0,1
PRR4,-0.004257728,0.0,0,2
PRR7,-0.050261706,0.0,0,2
PRR7-AS1,0.0,0.0,0,0
PRR9,0.0,0.0,0,0
PRRG3,0.0,0.0,0,0
PRRT1,0.0,0.0,0,0
PRRT1B,0.0,0.0,0,0
PRRT2,-0.00013618299,0.0,0,1
PRRT3-AS1,-0.00019716902,0.0,0,1
PRRT4,0.0,0.0,0,0
PRRX1,0.0,0.0,0,0
PRRX2,-0.00018375127,0.0,0,1
PRRX2-AS1,0.0,0.0,0,0
PRSS12,0.0,0.0,0,0
PRSS16,-0.0003989682,0.0,0,1
PRSS2,0.0,0.0,0,0
PRSS22,0.0,0.0,0,0
PRSS3,0.0,0.0,0,0
PRSS33,0.0,0.0,0,0
PRSS35,0.0,0.0,0,0
PRSS37,0.0,0.0,0,0
PRSS38,0.0,0.0,0,0
PRSS41,0.0,0.0,0,0
PRSS45P,0.0,0.0,0,0
PRSS48,0.0,0.0,0,0
PRSS51,0.0,0.0,0,0
PRSS53,-0.0028687904,0.0,0,2
PRSS54,0.0,0.0,0,0
PRSS55,0.0,0.0,0,0
PRSS56,0.0,0.0,0,0
PRSS57,0.0,0.0,0,0
PRSS58,0.0,0.0,0,0
PRTG,0.0,0.0,0,0
PRTN3,0.0,0.0,0,0
PRX,-0.00024872765,0.0,0,1
PRY,0.0,0.0,0,0
PRY2,0.0,0.0,0,0
PRYP3,0.0,0.0,0,0
PSAPL1,0.0,0.0,0,0
PSCA,-0.00018551172,0.0,0,1
PSD,-0.00038403258,0.0,0,1
PSD2,0.0,0.0,0,0
PSD2-AS1,0.0,0.0,0,0
PSG1,0.0,0.0,0,0
PSG11,0.0,0.0,0,0
PSG2,0.0,0.0,0,0
PSG3,0.0,0.0,0,0
PSG4,0.0,0.0,0,0
PSG5,0.0,0.0,0,0
PSG6,0.0,0.0,0,0
PSG7,0.0,0.0,0,0
PSG8,0.0,0.0,0,0
PSG8-AS1,0.0,0.0,0,0
PSG9,0.0,0.0,0,0
PSKH2,0.0,0.0,0,0
PSMA8,-0.00035117715,0.0,0,1
PSMB11,0.0,0.0,0,0
PSMC3IP,-0.0010708245,0.0,0,1
PSMD6-AS1,-0.00021808238,0.0,0,1
PSORS1C1,0.0,0.0,0,0
PSORS1C2,0.0,0.0,0,0
PSORS1C3,-0.0031034949,0.0,0,1
PSPC1-AS2,0.0,0.0,0,0
PTCH1,-0.00020977062,0.0,0,1
PTCHD1,0.0,0.0,0,0
PTCHD1-AS,0.0,0.0,0,0
PTCHD4,-0.0009299889,0.0,0,1
PTCSC2,0.0,0.0,0,0
PTCSC3,0.0,0.0,0,0
PTENP1-AS,0.0,0.0,0,0
PTF1A,0.0,0.0,0,0
PTGDR,-0.005156928,0.0,0,2
PTGDR2,-0.0023351936,0.0,0,2
PTGES,-0.026314722,0.0,0,2
PTGFR,0.0,0.0,0,0
PTGIR,-0.0044869077,0.0,0,1
PTGIS,0.0,0.0,0,0
PTH,0.0,0.0,0,0
PTH1R,0.0,0.0,0,0
PTH2,0.0,0.0,0,0
PTOV1-AS1,-0.0001250289,0.0,0,1
PTP4A1,-0.00057170825,0.0,0,1
PTPN3,-0.002305679,0.0,0,2
PTPN5,0.0,0.0,0,0
PTPRB,-0.00014334037,0.0,0,1
PTPRD-AS1,0.0,0.0,0,0
PTPRD-AS2,0.0,0.0,0,0
PTPRH,-0.00024000184,0.0,0,1
PTPRJ-AS1,0.0,0.0,0,0
PTPRN,-9.010081e-05,0.0,0,1
PTPRQ,0.0,0.0,0,0
PTPRR,0.0,0.0,0,0
PTPRT,0.0,0.0,0,0
PTPRZ1,0.0,0.0,0,0
PTX4,0.0,0.0,0,0
PURG,0.0,0.0,0,0
PVALB,0.0,0.0,0,0
PVALEF,0.0,0.0,0,0
PWRN2,0.0,0.0,0,0
PWRN4,0.0,0.0,0,0
PWWP3B,0.0,0.0,0,0
PXDN,-0.0149435885,0.0,0,2
PXDNL,0.0,0.0,0,0
PXYLP1,-0.0003154945,0.0,0,1
PYCR1,-0.00037418297,0.0,0,1
PYDC1,-0.00016538946,0.0,0,1
PYDC2,0.0,0.0,0,0
PYGM,-2.8366146e-06,0.0,0,1
PYGO1,0.0,0.0,0,0
PYY,0.0,0.0,0,0
PZP,0.0,0.0,0,0
QRFP,-0.0003905367,0.0,0,1
QRFPR,0.0,0.0,0,0
R3HDML,0.0,0.0,0,0
RAB15,0.0,0.0,0,0
RAB19,0.0,0.0,0,0
RAB26,0.0,0.0,0,0
RAB30,-0.002273857,0.0,0,2
RAB36,0.0,0.0,0,0
RAB37,-5.426316e-05,0.0,0,1
RAB3B,0.0,0.0,0,0
RAB3C,0.0,0.0,0,0
RAB3IP,-0.0053360555,0.0,0,2
RAB40A,0.0,0.0,0,0
RAB41,0.0,0.0,0,0
RAB44,0.0,0.0,0,0
RAB6C,-0.009765481,0.0,0,2
RAB6D,0.0,0.0,0,0
RABGAP1L-DT,-0.0005032799,0.0,0,1
RAD21-AS1,-0.0003146473,0.0,0,1
RAD21L1,0.0,0.0,0,0
RAD51AP2,0.0,0.0,0,0
RADIL,0.0,0.0,0,0
RADX,-0.00010644616,0.0,0,1
RAET1E,0.0,0.0,0,0
RAET1E-AS1,0.0,0.0,0,0
RAET1G,0.0,0.0,0,0
RAET1L,0.0,0.0,0,0
RAG2,0.0,0.0,0,0
RAI1-AS1,0.0,0.0,0,0
RALY-AS1,-0.0055338736,0.0,0,2
RALYL,0.0,0.0,0,0
RAMP2,-0.00022878591,0.0,0,1
RAMP2-AS1,0.0,0.0,0,0
RAMP3,0.0,0.0,0,0
RANBP3L,0.0,0.0,0,0
RAPGEF4-AS1,0.0,0.0,0,0
RAPGEF5,0.0,0.0,0,0
RARB,0.0,0.0,0,0
RASA2-IT1,0.0,0.0,0,0
RASAL2-AS1,-0.013738565,0.0,0,2
RASGEF1C,-0.0031579563,0.0,0,1
RASGRF1,-0.0035386626,0.0,0,2
RASGRF2,-0.00026838275,0.0,0,1
RASGRF2-AS1,0.0,0.0,0,0
RASIP1,-0.00020705337,0.0,0,1
RASL10B,-0.00011917216,0.0,0,1
RASL11B,0.0,0.0,0,0
RASL12,-0.00013683077,0.0,0,1
RASSF10,-0.00027929214,0.0,0,1
RASSF10-DT,-0.009904574,0.0,0,1
RASSF6,-0.0001852853,0.0,0,1
RASSF8-AS1,-0.006835854,0.0,0,2
RASSF9,-0.00032451996,0.0,0,1
RAVER2,-0.00025605722,0.0,0,1
RAX,0.0,0.0,0,0
RAX2,0.0,0.0,0,0
RBAKDN,-0.0027712882,0.0,0,2
RBFOX1,-0.00033671246,0.0,0,1
RBFOX3,0.0,0.0,0,0
RBM11,-0.0071117394,0.0,0,2
RBM20,0.0,0.0,0,0
RBM24,0.0,0.0,0,0
RBM26-AS1,-0.00064764166,0.0,0,1
RBM44,-0.0041101,0.0,0,2
RBM46,0.0,0.0,0,0
RBM5-AS1,-0.00020926852,0.0,0,1
RBMS3,-0.00014282204,0.0,0,1
RBMS3-AS1,0.0,0.0,0,0
RBMS3-AS2,0.0,0.0,0,0
RBMS3-AS3,0.0,0.0,0,0
RBMXL3,0.0,0.0,0,0
RBMY1A1,0.0,0.0,0,0
RBMY1B,0.0,0.0,0,0
RBMY1D,0.0,0.0,0,0
RBMY1E,0.0,0.0,0,0
RBMY1F,0.0,0.0,0,0
RBMY1J,0.0,0.0,0,0
RBP2,0.0,0.0,0,0
RBP3,0.0,0.0,0,0
RBP5,-8.2239916e-05,0.0,0,1
RBPJL,0.0,0.0,0,0
RBPMS2,0.0,0.0,0,0
RC3H1-IT1,0.0,0.0,0,0
RCAN2,-8.298238e-05,0.0,0,1
RCAN3AS,-0.00012194249,0.0,0,1
RCC2-AS1,0.0,0.0,0,0
RCOR2,-0.00020370803,0.0,0,1
RCVRN,-0.00043799807,0.0,0,1
RD3,0.0,0.0,0,0
RD3L,0.0,0.0,0,0
RDH10-AS1,0.0,0.0,0,0
RDH8,0.0,0.0,0,0
RDM1,-0.0023542952,0.0,0,2
REC114,0.0,0.0,0,0
REEP2,-0.00013373855,0.0,0,1
REG1A,-0.00015724741,0.0,0,1
REG1B,0.0,0.0,0,0
REG3A,0.0,0.0,0,0
REG3G,0.0,0.0,0,0
REG4,0.0,0.0,0,0
RELN,0.0,0.0,0,0
REM2,-2.1534972e-05,0.0,0,1
REN,0.0,0.0,0,0
REP15,-0.00020832337,0.0,0,1
RERG-AS1,0.0,0.0,0,0
RERG-IT1,0.0,0.0,0,0
RERGL,0.0,0.0,0,0
RESP18,0.0,0.0,0,0
RETN,-0.0034493485,0.0,0,2
RETNLB,0.0,0.0,0,0
RFESD,-0.0011603368,0.0,0,2
RFLNA,0.0,0.0,0,0
RFPL2,-0.018676987,0.0,0,1
RFPL3,0.0,0.0,0,0
RFPL4A,0.0,0.0,0,0
RFPL4AL1,0.0,0.0,0,0
RFPL4B,0.0,0.0,0,0
RFTN2,0.0,0.0,0,0
RFX4,0.0,0.0,0,0
RFX6,0.0,0.0,0,0
RFX8,-0.0002440753,0.0,0,1
RGL4,-0.0024429841,0.0,0,2
RGMA,-0.0006503124,0.0,0,1
RGMB-AS1,-1.1484604e-05,0.0,0,1
RGPD3,-8.919876e-05,0.0,0,1
RGPD4-AS1,0.0,0.0,0,0
RGR,0.0,0.0,0,0
RGS20,0.0,0.0,0,0
RGS21,0.0,0.0,0,0
RGS22,0.0,0.0,0,0
RGS6,0.0,0.0,0,0
RGS7,0.0,0.0,0,0
RGS7BP,0.0,0.0,0,0
RGS8,0.0,0.0,0,0
RGSL1,0.0,0.0,0,0
RHAG,0.0,0.0,0,0
RHBDF1,-0.00018076644,0.0,0,1
RHBDL1,0.0,0.0,0,0
RHBDL2,0.0,0.0,0,0
RHBDL3,0.0,0.0,0,0
RHBG,0.0,0.0,0,0
RHCG,0.0,0.0,0,0
RHD,0.0,0.0,0,0
RHOA-IT1,0.0,0.0,0,0
RHOJ,0.0,0.0,0,0
RHOV,-0.0030863357,0.0,0,1
RHOXF1,-0.00020654745,0.0,0,1
RHOXF1-AS1,0.0,0.0,0,0
RHOXF2,0.0,0.0,0,0
RHOXF2B,0.0,0.0,0,0
RHPN1-AS1,-2.2353857e-05,0.0,0,1
RHPN2,-0.0032521535,0.0,0,2
RIBC1,-0.00060736045,0.0,0,1
RIC3-DT,0.0,0.0,0,0
RIMBP2,-0.00014307047,0.0,0,1
RIMBP3B,-0.01084258,0.0,0,2
RIMKLA,-0.0005243202,0.0,0,1
RIMS1,0.0,0.0,0,0
RIMS2,0.0,0.0,0,0
RIMS4,-0.00022549678,0.0,0,1
RIPK4,0.0,0.0,0,0
RIPOR3,-0.013755721,0.0,0,2
RIPPLY1,0.0,0.0,0,0
RIPPLY2,-0.00017297363,0.0,0,1
RIPPLY3,0.0,0.0,0,0
RIT2,0.0,0.0,0,0
RLBP1,0.0,0.0,0,0
RLN1,-7.515042e-05,0.0,0,1
RLN2,0.0,0.0,0,0
RLN3,0.0,0.0,0,0
RMDN2-AS1,0.0,0.0,0,0
RMST,-0.009904574,0.0,0,1
RN7SL832P,-0.00033039378,0.0,0,1
RNASE11,0.0,0.0,0,0
RNASE12,0.0,0.0,0,0
RNASE13,0.0,0.0,0,0
RNASE7,0.0,0.0,0,0
RNASE8,0.0,0.0,0,0
RNASE9,0.0,0.0,0,0
RND2,-0.029212572,0.0,0,2
RNF112,0.0,0.0,0,0
RNF113B,0.0,0.0,0,0
RNF128,0.0,0.0,0,0
RNF133,0.0,0.0,0,0
RNF144A,-0.00032210405,0.0,0,1
RNF148,0.0,0.0,0,0
RNF151,0.0,0.0,0,0
RNF165,-0.00012743253,0.0,0,1
RNF17,0.0,0.0,0,0
RNF175,-0.0016988977,0.0,0,1
RNF182,-0.00032191203,0.0,0,1
RNF183,0.0,0.0,0,0
RNF185-AS1,0.0,0.0,0,0
RNF186,0.0,0.0,0,0
RNF212B,0.0,0.0,0,0
RNF213-AS1,-0.00044389008,0.0,0,1
RNF216-IT1,0.0,0.0,0,0
RNF222,0.0,0.0,0,0
RNF223,0.0,0.0,0,0
RNF224,0.0,0.0,0,0
RNF225,0.0,0.0,0,0
RNF39,0.0,0.0,0,0
RNU6ATAC35P,0.0,0.0,0,0
ROBO2,0.0,0.0,0,0
ROBO4,0.0,0.0,0,0
ROCR,0.0,0.0,0,0
ROPN1,0.0,0.0,0,0
ROPN1B,0.0,0.0,0,0
ROPN1L-AS1,0.0,0.0,0,0
ROR1,-0.00044455155,0.0,0,1
ROR1-AS1,0.0,0.0,0,0
RORA,-0.0018707031,0.0,0,2
RORA-AS1,-0.0003500782,0.0,0,1
RORA-AS2,0.0,0.0,0,0
RORB,0.0,0.0,0,0
RORB-AS1,0.0,0.0,0,0
RORC,-0.00041699936,0.0,0,1
ROS1,0.0,0.0,0,0
RP1,0.0,0.0,0,0
RP1L1,0.0,0.0,0,0
RPE65,0.0,0.0,0,0
RPEL1,0.0,0.0,0,0
RPH3A,-0.00031761607,0.0,0,1
RPL10L,0.0,0.0,0,0
RPL34-AS1,0.0,0.0,0,0
RPL3L,0.0,0.0,0,0
RPP38-DT,0.0,0.0,0,0
RPRM,0.0,0.0,0,0
RPRML,0.0,0.0,0,0
RPS4Y1,0.0,0.0,0,0
RPS4Y2,0.0,0.0,0,0
RPS6KA2-AS1,0.0,0.0,0,0
RPS6KA2-IT1,0.0,0.0,0,0
RPS6KA6,-0.000122018595,0.0,0,1
RPS6KB2-AS1,0.0,0.0,0,0
RPTN,0.0,0.0,0,0
RPUSD2,-0.012970549,0.0,0,2
RRAD,-0.002712518,0.0,0,1
RRAS2,-0.00014398432,0.0,0,1
RRM1-AS1,0.0,0.0,0,0
RRS1-AS1,0.0,0.0,0,0
RS1,-0.0002506822,0.0,0,1
RSC1A1,0.0,0.0,0,0
RSF1-IT1,0.0,0.0,0,0
RSF1-IT2,0.0,0.0,0,0
RSPH1,-7.851785e-05,0.0,0,1
RSPH10B,0.0,0.0,0,0
RSPH10B2,0.0,0.0,0,0
RSPH6A,0.0,0.0,0,0
RSPO1,-0.011191933,0.0,0,2
RSPO2,0.0,0.0,0,0
RTBDN,0.0,0.0,0,0
RTKN2,-0.00079980976,0.0,0,1
RTL1,0.0,0.0,0,0
RTL3,0.0,0.0,0,0
RTL4,0.0,0.0,0,0
RTL9,0.0,0.0,0,0
RTN4RL2,-0.00023867305,0.0,0,1
RTP1,0.0,0.0,0,0
RTP2,0.0,0.0,0,0
RTP3,0.0,0.0,0,0
RTP5,0.0,0.0,0,0
RUNDC3B,0.0,0.0,0,0
RUNX2-AS1,0.0,0.0,0,0
RXFP1,0.0,0.0,0,0
RXFP2,0.0,0.0,0,0
RXFP3,0.0,0.0,0,0
RXFP4,0.0,0.0,0,0
RXRG,0.0,0.0,0,0
RXYLT1-AS1,0.0,0.0,0,0
RYR2,0.0,0.0,0,0
RYR3,0.0,0.0,0,0
S100A12,-0.00067881454,0.0,0,2
S100A5,0.0,0.0,0,0
S100A7A,0.0,0.0,0,0
S100A7L2,0.0,0.0,0,0
S100G,0.0,0.0,0,0
S100P,-0.0002534452,0.0,0,1
S1PR3,-0.00015303367,0.0,0,1
S1PR5,0.0,0.0,0,0
SAA2,0.0,0.0,0,0
SACS-AS1,0.0,0.0,0,0
SAG,-0.00019174178,0.0,0,1
SAGE1,0.0,0.0,0,0
SALL1,-0.00017436303,0.0,0,1
SALL2,0.0,0.0,0,0
SALL3,0.0,0.0,0,0
SALL4,-0.006264653,0.0,0,1
SALRNA1,0.0,0.0,0,0
SALRNA2,0.0,0.0,0,0
SALRNA3,0.0,0.0,0,0
SAMD11,-0.073483184,0.0,0,1
SAMD12-AS1,0.0,0.0,0,0
SAMD14,-6.9051595e-05,0.0,0,1
SAMD5,0.0,0.0,0,0
SAMD7,0.0,0.0,0,0
SAMMSON,0.0,0.0,0,0
SAMSN1-AS1,0.0,0.0,0,0
SAPCD1-AS1,-0.00041298638,0.0,0,1
SATB2-AS1,-0.0004006703,0.0,0,1
SATL1,0.0,0.0,0,0
SAXO1,0.0,0.0,0,0
SBK1,-0.00010001583,0.0,0,1
SBK2,0.0,0.0,0,0
SBK3,0.0,0.0,0,0
SBSN,0.0,0.0,0,0
SCAANT1,-0.00018333916,0.0,0,1
SCARA5,0.0,0.0,0,0
SCARF2,-0.00016544542,0.0,0,1
SCAT2,0.0,0.0,0,0
SCAT8,-0.0003897526,0.0,0,1
SCEL,0.0,0.0,0,0
SCEL-AS1,0.0,0.0,0,0
SCG2,0.0,0.0,0,0
SCG3,0.0,0.0,0,0
SCGB1A1,0.0,0.0,0,0
SCGB1C1,0.0,0.0,0,0
SCGB1C2,0.0,0.0,0,0
SCGB1D1,-0.00014631935,0.0,0,1
SCGB1D4,0.0,0.0,0,0
SCGB2A2,-0.0001243638,0.0,0,1
SCGB2B2,0.0,0.0,0,0
SCGB3A2,0.0,0.0,0,0
SCGN,0.0,0.0,0,0
SCHIP1,-0.0055486434,0.0,0,2
SCHLAP1,0.0,0.0,0,0
SCML2,-0.006065479,0.0,0,2
SCML4,-0.0043484825,0.0,0,2
SCN10A,0.0,0.0,0,0
SCN11A,0.0,0.0,0,0
SCN1A,0.0,0.0,0,0
SCN1A-AS1,0.0,0.0,0,0
SCN2A,0.0,0.0,0,0
SCN2B,0.0,0.0,0,0
SCN3A,0.0,0.0,0,0
SCN3B,0.0,0.0,0,0
SCN4A,0.0,0.0,0,0
SCN4B,0.0,0.0,0,0
SCN5A,0.0,0.0,0,0
SCN7A,0.0,0.0,0,0
SCN8A,0.0,0.0,0,0
SCNN1A,-0.0026302058,0.0,0,2
SCNN1B,0.0,0.0,0,0
SCNN1G,0.0,0.0,0,0
SCP2D1,0.0,0.0,0,0
SCRG1,-0.008398547,0.0,0,2
SCRT1,0.0,0.0,0,0
SCRT2,0.0,0.0,0,0
SCT,0.0,0.0,0,0
SCTR,0.0,0.0,0,0
SCUBE1,0.0,0.0,0,0
SCUBE2,-9.1507136e-05,0.0,0,1
SCUBE3,-0.0054051825,0.0,0,1
SCYGR1,0.0,0.0,0,0
SCYGR2,0.0,0.0,0,0
SCYGR3,0.0,0.0,0,0
SCYGR4,-0.00028681467,0.0,0,1
SCYGR5,0.0,0.0,0,0
SCYGR6,0.0,0.0,0,0
SCYGR7,0.0,0.0,0,0
SCYGR8,0.0,0.0,0,0
SDK2,0.0,0.0,0,0
SDR16C5,0.0,0.0,0,0
SDR42E1,0.0,0.0,0,0
SDR9C7,0.0,0.0,0,0
SEBOX,0.0,0.0,0,0
SEC14L3,0.0,0.0,0,0
SEC14L4,0.0,0.0,0,0
SEC14L5,0.0,0.0,0,0
SEC14L6,0.0,0.0,0,0
SEC23A-AS1,-0.0001852853,0.0,0,1
SEC62-AS1,0.0,0.0,0,0
SEL1L2,0.0,0.0,0,0
SELE,0.0,0.0,0,0
SELENOV,0.0,0.0,0,0
SELP,0.0,0.0,0,0
SEMA3A,-0.00022823032,0.0,0,1
SEMA3B-AS1,-0.009904574,0.0,0,1
SEMA3D,0.0,0.0,0,0
SEMA3E,0.0,0.0,0,0
SEMA3F-AS1,0.0,0.0,0,0
SEMA4F,-0.0039819353,0.0,0,2
SEMA5A,0.0,0.0,0,0
SEMA5A-AS1,0.0,0.0,0,0
SEMA5B,0.0,0.0,0,0
SEMA6A,0.0,0.0,0,0
SEMA6A-AS2,0.0,0.0,0,0
SEMG1,0.0,0.0,0,0
SEMG2,0.0,0.0,0,0
SEPTIN12,0.0,0.0,0,0
SEPTIN14,0.0,0.0,0,0
SEPTIN4-AS1,0.0,0.0,0,0
SEPTIN5,-0.0001411249,0.0,0,1
SEPTIN7-AS1,-0.00049548317,0.0,0,1
SEPTIN9-DT,0.0,0.0,0,0
SERF1A,-0.00017258915,0.0,0,1
SERINC4,-0.0002589861,0.0,0,1
SERP2,0.0,0.0,0,0
SERPINA10,0.0,0.0,0,0
SERPINA11,0.0,0.0,0,0
SERPINA12,0.0,0.0,0,0
SERPINA3,0.0,0.0,0,0
SERPINA4,0.0,0.0,0,0
SERPINA6,0.0,0.0,0,0
SERPINA7,0.0,0.0,0,0
SERPINA9,0.0,0.0,0,0
SERPINB10,0.0,0.0,0,0
SERPINB11,0.0,0.0,0,0
SERPINB12,0.0,0.0,0,0
SERPINB13,0.0,0.0,0,0
SERPINB2,0.0,0.0,0,0
SERPINB4,-8.4334584e-05,0.0,0,1
SERPINB5,0.0,0.0,0,0
SERPINB7,0.0,0.0,0,0
SERPINC1,0.0,0.0,0,0
SERPIND1,0.0,0.0,0,0
SERPINE3,-0.0001556262,0.0,0,1
SERPINI2,0.0,0.0,0,0
SERTAD4,0.0,0.0,0,0
SERTAD4-AS1,-4.0780676e-05,0.0,0,1
SERTM1,-0.00012039777,0.0,0,1
SERTM2,0.0,0.0,0,0
SETSIP,0.0,0.0,0,0
SEZ6,0.0,0.0,0,0
SEZ6L,-0.00025665114,0.0,0,1
SFRP1,-0.00013881356,0.0,0,1
SFRP4,-0.0042861253,0.0,0,2
SFRP5,0.0,0.0,0,0
SFTA1P,0.0,0.0,0,0
SFTA2,-0.00018714818,0.0,0,1
SFTA3,0.0,0.0,0,0
SFTPA1,0.0,0.0,0,0
SFTPA2,0.0,0.0,0,0
SFTPB,0.0,0.0,0,0
SFTPC,0.0,0.0,0,0
SFTPD,0.0,0.0,0,0
SFTPD-AS1,0.0,0.0,0,0
SGCA,0.0,0.0,0,0
SGCD,0.0,0.0,0,0
SGCZ,0.0,0.0,0,0
SGO1,-0.0026716434,0.0,0,2
SGPP2,-3.0950254e-05,0.0,0,1
SGSM1,-0.00019583484,0.0,0,1
SH2D1B,0.0,0.0,0,0
SH2D4B,0.0,0.0,0,0
SH2D5,0.0,0.0,0,0
SH2D6,-0.00035528812,0.0,0,1
SH3BGR,-0.06830918,0.0,0,2
SH3BGRL2,0.0,0.0,0,0
SH3GL2,0.0,0.0,0,0
SH3GL3,0.0,0.0,0,0
SH3PXD2A-AS1,0.0,0.0,0,0
SH3RF2,0.0,0.0,0,0
SH3TC2,0.0,0.0,0,0
SH3TC2-DT,0.0,0.0,0,0
SHANK1,0.0,0.0,0,0
SHANK2,0.0,0.0,0,0
SHANK2-AS1,0.0,0.0,0,0
SHANK2-AS2,0.0,0.0,0,0
SHANK2-AS3,0.0,0.0,0,0
SHC2,0.0,0.0,0,0
SHCBP1,-0.0056433924,0.0,0,2
SHCBP1L,0.0,0.0,0,0
SHD,0.0,0.0,0,0
SHE,-0.00011866767,0.0,0,1
SHH,0.0,0.0,0,0
SHISA2,0.0,0.0,0,0
SHISA3,0.0,0.0,0,0
SHISA6,0.0,0.0,0,0
SHISA7,0.0,0.0,0,0
SHISA8,0.0,0.0,0,0
SHISA9,0.0,0.0,0,0
SHISAL1,0.0,0.0,0,0
SHISAL2B,0.0,0.0,0,0
SHOC1,-0.00021968818,0.0,0,1
SHOX,0.0,0.0,0,0
SHOX2,-0.00023612934,0.0,0,1
SHROOM1,-0.0025931082,0.0,0,2
SHROOM2,-0.00012424488,0.0,0,1
SHROOM3,0.0,0.0,0,0
SI,0.0,0.0,0,0
SIAH2-AS1,0.0,0.0,0,0
SIAH3,0.0,0.0,0,0
SIDT1-AS1,0.0,0.0,0,0
SIGLEC12,-0.00036015923,0.0,0,1
SIGLEC15,-0.006830031,0.0,0,2
SIGLEC6,0.0,0.0,0,0
SIGLECL1,0.0,0.0,0,0
SIM1,0.0,0.0,0,0
SIM2,0.0,0.0,0,0
SIRLNT,0.0,0.0,0,0
SIRPG,-0.05409768,0.0,0,2
SIRPG-AS1,0.0,0.0,0,0
SIRT4,-9.017919e-06,0.0,0,1
SIX1,0.0,0.0,0,0
SIX2,0.0,0.0,0,0
SIX3,0.0,0.0,0,0
SIX3-AS1,0.0,0.0,0,0
SIX4,-0.0028472336,0.0,0,1
SIX6,0.0,0.0,0,0
SKAP1-AS1,0.0,0.0,0,0
SKOR2,0.0,0.0,0,0
SLA2,-0.004007695,0.0,0,2
SLAIN1,-0.0036621683,0.0,0,2
SLAMF1,-0.0022410408,0.0,0,2
SLC10A2,0.0,0.0,0,0
SLC10A4,0.0,0.0,0,0
SLC10A5,0.0,0.0,0,0
SLC10A6,0.0,0.0,0,0
SLC10A7,-0.0008256619,0.0,0,2
SLC12A1,0.0,0.0,0,0
SLC12A9-AS1,0.0,0.0,0,0
SLC13A1,0.0,0.0,0,0
SLC13A2,0.0,0.0,0,0
SLC13A3,0.0,0.0,0,0
SLC13A4,0.0,0.0,0,0
SLC13A5,0.0,0.0,0,0
SLC14A1,0.0,0.0,0,0
SLC14A2,0.0,0.0,0,0
SLC14A2-AS1,0.0,0.0,0,0
SLC15A1,0.0,0.0,0,0
SLC15A5,0.0,0.0,0,0
SLC16A11,0.0,0.0,0,0
SLC16A12,0.0,0.0,0,0
SLC16A12-AS1,0.0,0.0,0,0
SLC16A13,-0.00032487544,0.0,0,1
SLC16A14,0.0,0.0,0,0
SLC16A2,-0.00018486648,0.0,0,1
SLC16A4,0.0,0.0,0,0
SLC16A8,-0.00015380967,0.0,0,1
SLC17A1,0.0,0.0,0,0
SLC17A2,0.0,0.0,0,0
SLC17A3,0.0,0.0,0,0
SLC17A4,0.0,0.0,0,0
SLC17A6,0.0,0.0,0,0
SLC17A7,0.0,0.0,0,0
SLC17A8,0.0,0.0,0,0
SLC18A2,0.0,0.0,0,0
SLC18A3,0.0,0.0,0,0
SLC19A3,0.0,0.0,0,0
SLC1A1,0.0,0.0,0,0
SLC1A6,0.0,0.0,0,0
SLC1A7,-0.00014884853,0.0,0,1
SLC22A10,0.0,0.0,0,0
SLC22A11,0.0,0.0,0,0
SLC22A12,0.0,0.0,0,0
SLC22A13,0.0,0.0,0,0
SLC22A14,0.0,0.0,0,0
SLC22A16,-4.7284644e-05,0.0,0,1
SLC22A2,0.0,0.0,0,0
SLC22A24,0.0,0.0,0,0
SLC22A25,0.0,0.0,0,0
SLC22A3,0.0,0.0,0,0
SLC22A31,0.0,0.0,0,0
SLC22A6,0.0,0.0,0,0
SLC22A7,0.0,0.0,0,0
SLC22A8,0.0,0.0,0,0
SLC22A9,0.0,0.0,0,0
SLC24A2,0.0,0.0,0,0
SLC24A3,0.0,0.0,0,0
SLC24A5,0.0,0.0,0,0
SLC25A18,-0.00024746844,0.0,0,1
SLC25A2,0.0,0.0,0,0
SLC25A21,0.0,0.0,0,0
SLC25A21-AS1,0.0,0.0,0,0
SLC25A27,-0.0004374215,0.0,0,1
SLC25A31,0.0,0.0,0,0
SLC25A34-AS1,0.0,0.0,0,0
SLC25A41,0.0,0.0,0,0
SLC25A47,0.0,0.0,0,0
SLC25A48,-0.009567986,0.0,0,1
SLC25A48-AS1,0.0,0.0,0,0
SLC25A5-AS1,-0.0003635156,0.0,0,1
SLC26A10,0.0,0.0,0,0
SLC26A3,0.0,0.0,0,0
SLC26A4-AS1,0.0,0.0,0,0
SLC26A8,-0.00014465173,0.0,0,1
SLC26A9,0.0,0.0,0,0
SLC27A2,-0.0007146073,0.0,0,1
SLC27A6,0.0,0.0,0,0
SLC28A1,0.0,0.0,0,0
SLC28A2,0.0,0.0,0,0
SLC29A4,-0.00026208165,0.0,0,1
SLC2A1-AS1,-0.000531038,0.0,0,1
SLC2A10,0.0,0.0,0,0
SLC2A12,0.0,0.0,0,0
SLC2A14,-5.649189e-05,0.0,0,1
SLC2A2,0.0,0.0,0,0
SLC2A4,0.0,0.0,0,0
SLC2A7,0.0,0.0,0,0
SLC30A10,0.0,0.0,0,0
SLC30A2,0.0,0.0,0,0
SLC30A3,-0.00018525298,0.0,0,1
SLC30A8,0.0,0.0,0,0
SLC32A1,0.0,0.0,0,0
SLC34A1,0.0,0.0,0,0
SLC34A2,-0.0011004842,0.0,0,2
SLC34A3,0.0,0.0,0,0
SLC35D3,0.0,0.0,0,0
SLC35F3,-0.0033229578,0.0,0,2
SLC35F4,0.0,0.0,0,0
SLC35G2,-8.735501e-05,0.0,0,1
SLC35G3,0.0,0.0,0,0
SLC35G4,0.0,0.0,0,0
SLC35G5,-0.00018798676,0.0,0,1
SLC35G6,0.0,0.0,0,0
SLC36A2,0.0,0.0,0,0
SLC36A3,0.0,0.0,0,0
SLC38A11,0.0,0.0,0,0
SLC38A3,0.0,0.0,0,0
SLC38A4,0.0,0.0,0,0
SLC38A8,0.0,0.0,0,0
SLC39A12,0.0,0.0,0,0
SLC39A12-AS1,0.0,0.0,0,0
SLC39A2,0.0,0.0,0,0
SLC44A3,0.0,0.0,0,0
SLC44A4,-0.0031579563,0.0,0,1
SLC44A5,0.0,0.0,0,0
SLC47A2,0.0,0.0,0,0
SLC4A1,0.0,0.0,0,0
SLC4A10,0.0,0.0,0,0
SLC4A4,0.0,0.0,0,0
SLC4A9,0.0,0.0,0,0
SLC51A,0.0,0.0,0,0
SLC51B,0.0,0.0,0,0
SLC52A1,-0.0024075771,0.0,0,2
SLC52A3,0.0,0.0,0,0
SLC5A1,0.0,0.0,0,0
SLC5A10,-0.00012751624,0.0,0,1
SLC5A11,0.0,0.0,0,0
SLC5A12,0.0,0.0,0,0
SLC5A2,0.0,0.0,0,0
SLC5A4,0.0,0.0,0,0
SLC5A4-AS1,-6.238695e-05,0.0,0,1
SLC5A5,0.0,0.0,0,0
SLC5A7,0.0,0.0,0,0
SLC5A8,0.0,0.0,0,0
SLC5A9,-0.0024243162,0.0,0,2
SLC66A1L,-0.00013603951,0.0,0,1
SLC6A1,0.0,0.0,0,0
SLC6A1-AS1,0.0,0.0,0,0
SLC6A13,-0.00031395254,0.0,0,1
SLC6A14,0.0,0.0,0,0
SLC6A15,0.0,0.0,0,0
SLC6A16,-0.00021275063,0.0,0,1
SLC6A17,0.0,0.0,0,0
SLC6A18,0.0,0.0,0,0
SLC6A19,0.0,0.0,0,0
SLC6A2,0.0,0.0,0,0
SLC6A20,-0.00029153578,0.0,0,1
SLC6A3,0.0,0.0,0,0
SLC6A4,0.0,0.0,0,0
SLC6A5,0.0,0.0,0,0
SLC6A9,0.0,0.0,0,0
SLC7A10,0.0,0.0,0,0
SLC7A11,-0.0032059161,0.0,0,2
SLC7A11-AS1,0.0,0.0,0,0
SLC7A13,0.0,0.0,0,0
SLC7A14,0.0,0.0,0,0
SLC7A14-AS1,0.0,0.0,0,0
SLC7A2,0.0,0.0,0,0
SLC7A3,0.0,0.0,0,0
SLC7A4,0.0,0.0,0,0
SLC7A9,-0.0002746569,0.0,0,1
SLC8A2,0.0,0.0,0,0
SLC8A3,0.0,0.0,0,0
SLC9A2,0.0,0.0,0,0
SLC9A3,0.0,0.0,0,0
SLC9A4,0.0,0.0,0,0
SLC9A9-AS1,0.0,0.0,0,0
SLC9A9-AS2,0.0,0.0,0,0
SLC9C1,0.0,0.0,0,0
SLC9C2,0.0,0.0,0,0
SLCO1A2,0.0,0.0,0,0
SLCO1B1,0.0,0.0,0,0
SLCO1B3,0.0,0.0,0,0
SLCO1B7,0.0,0.0,0,0
SLCO1C1,0.0,0.0,0,0
SLCO2A1,0.0,0.0,0,0
SLCO4A1-AS1,0.0,0.0,0,0
SLCO4C1,0.0,0.0,0,0
SLCO5A1,0.0,0.0,0,0
SLCO6A1,0.0,0.0,0,0
SLFN12L,-0.00067233277,0.0,0,1
SLFN14,0.0,0.0,0,0
SLFNL1-AS1,0.0,0.0,0,0
SLIT1-AS1,0.0,0.0,0,0
SLIT2,-0.00010173657,0.0,0,1
SLIT2-IT1,0.0,0.0,0,0
SLIT3,-0.00054056424,0.0,0,1
SLITRK1,0.0,0.0,0,0
SLITRK2,0.0,0.0,0,0
SLITRK3,0.0,0.0,0,0
SLITRK5,-0.00015408441,0.0,0,1
SLITRK6,0.0,0.0,0,0
SLN,-0.00021828501,0.0,0,1
SLURP1,0.0,0.0,0,0
SLURP2,0.0,0.0,0,0
SLX1A,-0.00014715765,0.0,0,1
SMAD1-AS1,0.0,0.0,0,0
SMAD1-AS2,0.0,0.0,0,0
SMAD5-AS1,0.0,0.0,0,0
SMAD9,0.0,0.0,0,0
SMAD9-IT1,0.0,0.0,0,0
SMC2-AS1,0.0,0.0,0,0
SMCO1,0.0,0.0,0,0
SMCO2,0.0,0.0,0,0
SMCO3,0.0,0.0,0,0
SMCP,0.0,0.0,0,0
SMCR2,0.0,0.0,0,0
SMCR5,0.0,0.0,0,0
SMILR,0.0,0.0,0,0
SMIM10,-0.0003000569,0.0,0,2
SMIM10L2B,0.0,0.0,0,0
SMIM10L2B-AS1,0.0,0.0,0,0
SMIM11B,-0.00015616971,0.0,0,1
SMIM17,0.0,0.0,0,0
SMIM18,-0.00017839443,0.0,0,1
SMIM2,0.0,0.0,0,0
SMIM2-AS1,-0.00025584176,0.0,0,1
SMIM2-IT1,0.0,0.0,0,0
SMIM21,0.0,0.0,0,0
SMIM23,0.0,0.0,0,0
SMIM28,0.0,0.0,0,0
SMIM31,0.0,0.0,0,0
SMIM32,0.0,0.0,0,0
SMIM33,0.0,0.0,0,0
SMIM34A,0.0,0.0,0,0
SMIM34B,0.0,0.0,0,0
SMIM36,0.0,0.0,0,0
SMIM38,-2.8939394e-06,0.0,0,1
SMIM39,0.0,0.0,0,0
SMIM40,0.0,0.0,0,0
SMIM41,0.0,0.0,0,0
SMIM5,-0.003404133,0.0,0,2
SMIM9,0.0,0.0,0,0
SMLR1,0.0,0.0,0,0
SMOC1,-0.00024034463,0.0,0,1
SMOC2,0.0,0.0,0,0
SMPDL3B,0.0,0.0,0,0
SMPX,-0.00016879739,0.0,0,1
SMR3A,0.0,0.0,0,0
SMR3B,0.0,0.0,0,0
SMTNL1,0.0,0.0,0,0
SMTNL2,0.0,0.0,0,0
SMYD1,0.0,0.0,0,0
SMYD3-IT1,-0.00016056042,0.0,0,1
SNAP25,0.0,0.0,0,0
SNAP25-AS1,0.0,0.0,0,0
SNAP47-AS1,0.0,0.0,0,0
SNAP91,0.0,0.0,0,0
SNCA-AS1,0.0,0.0,0,0
SNCB,0.0,0.0,0,0
SNED1,-0.004997151,0.0,0,2
SNHG27,0.0,0.0,0,0
SNHG28,0.0,0.0,0,0
SNORC,-0.04672989,0.0,0,2
SNRK-AS1,-0.00010542921,0.0,0,1
SNTG1,0.0,0.0,0,0
SNTG2,0.0,0.0,0,0
SNTG2-AS1,0.0,0.0,0,0
SNTN,0.0,0.0,0,0
SNX22,-0.0059927865,0.0,0,2
SNX31,0.0,0.0,0,0
SNX32,-0.0001328129,0.0,0,1
SOAT2,-0.00022615796,0.0,0,1
SOCS2-AS1,0.0,0.0,0,0
SOD2-OT1,-0.00014830189,0.0,0,1
SOD3,0.0,0.0,0,0
SOHLH1,0.0,0.0,0,0
SOHLH2,0.0,0.0,0,0
SORBS2,0.0,0.0,0,0
SORCS2,-4.0573155e-05,0.0,0,1
SORCS3,0.0,0.0,0,0
SORCS3-AS1,0.0,0.0,0,0
SOST,0.0,0.0,0,0
SOSTDC1,-0.00022976071,0.0,0,1
SOWAHA,0.0,0.0,0,0
SOWAHB,0.0,0.0,0,0
SOX1,0.0,0.0,0,0
SOX1-OT,0.0,0.0,0,0
SOX10,0.0,0.0,0,0
SOX14,0.0,0.0,0,0
SOX2,0.0,0.0,0,0
SOX2-OT,-0.00018018926,0.0,0,1
SOX21,0.0,0.0,0,0
SOX21-AS1,0.0,0.0,0,0
SOX3,0.0,0.0,0,0
SOX30,-0.00310061,0.0,0,1
SOX5,0.0,0.0,0,0
SOX6,-0.0033107009,0.0,0,2
SOX7,-0.00029981093,0.0,0,1
SOX8,0.0,0.0,0,0
SOX9-AS1,0.0,0.0,0,0
SP5,0.0,0.0,0,0
SP7,0.0,0.0,0,0
SP8,0.0,0.0,0,0
SP9,0.0,0.0,0,0
SPAAR,0.0,0.0,0,0
SPACA1,0.0,0.0,0,0
SPACA3,0.0,0.0,0,0
SPACA4,0.0,0.0,0,0
SPACA5,0.0,0.0,0,0
SPACA5B,0.0,0.0,0,0
SPACA6P-AS,0.0,0.0,0,0
SPACA7,0.0,0.0,0,0
SPAG11A,0.0,0.0,0,0
SPAG11B,0.0,0.0,0,0
SPAG16-DT,0.0,0.0,0,0
SPAG17,0.0,0.0,0,0
SPAG8,-0.0016079638,0.0,0,1
SPAM1,0.0,0.0,0,0
SPANXA1,0.0,0.0,0,0
SPANXA2,0.0,0.0,0,0
SPANXA2-OT1,0.0,0.0,0,0
SPANXB1,0.0,0.0,0,0
SPANXC,0.0,0.0,0,0
SPANXD,0.0,0.0,0,0
SPANXN1,0.0,0.0,0,0
SPANXN2,0.0,0.0,0,0
SPANXN3,0.0,0.0,0,0
SPANXN4,0.0,0.0,0,0
SPANXN5,0.0,0.0,0,0
SPATA16,0.0,0.0,0,0
SPATA17,0.0,0.0,0,0
SPATA17-AS1,0.0,0.0,0,0
SPATA19,0.0,0.0,0,0
SPATA21,0.0,0.0,0,0
SPATA22,0.0,0.0,0,0
SPATA25,0.0,0.0,0,0
SPATA3,0.0,0.0,0,0
SPATA3-AS1,0.0,0.0,0,0
SPATA31A1,0.0,0.0,0,0
SPATA31A3,0.0,0.0,0,0
SPATA31A5,0.0,0.0,0,0
SPATA31A6,0.0,0.0,0,0
SPATA31A7,0.0,0.0,0,0
SPATA31D1,0.0,0.0,0,0
SPATA31D3,0.0,0.0,0,0
SPATA31D4,0.0,0.0,0,0
SPATA31E1,0.0,0.0,0,0
SPATA32,-0.00023951645,0.0,0,1
SPATA4,0.0,0.0,0,0
SPATA42,0.0,0.0,0,0
SPATA45,0.0,0.0,0,0
SPATA46,0.0,0.0,0,0
SPATA48,0.0,0.0,0,0
SPATA8,0.0,0.0,0,0
SPATA8-AS1,0.0,0.0,0,0
SPATS1,-0.00016750715,0.0,0,1
SPDEF,-9.321048e-05,0.0,0,1
SPDYC,0.0,0.0,0,0
SPDYE1,-0.00029950877,0.0,0,1
SPDYE16,-0.00015895255,0.0,0,1
SPDYE17,0.0,0.0,0,0
SPDYE2,0.0,0.0,0,0
SPDYE21P,0.0,0.0,0,0
SPDYE2B,0.0,0.0,0,0
SPDYE4,0.0,0.0,0,0
SPDYE5,0.0,0.0,0,0
SPDYE6,0.0,0.0,0,0
SPDYE8P,0.0,0.0,0,0
SPDYE9P,0.0,0.0,0,0
SPEF1,-0.010068878,0.0,0,2
SPEG,0.0,0.0,0,0
SPEM1,0.0,0.0,0,0
SPEM2,0.0,0.0,0,0
SPEM3,0.0,0.0,0,0
SPERT,0.0,0.0,0,0
SPESP1,-0.00057503063,0.0,0,1
SPHAR,0.0,0.0,0,0
SPHKAP,0.0,0.0,0,0
SPIN2A,0.0,0.0,0,0
SPIN4-AS1,0.0,0.0,0,0
SPINK1,0.0,0.0,0,0
SPINK13,0.0,0.0,0,0
SPINK14,0.0,0.0,0,0
SPINK2,0.0,0.0,0,0
SPINK4,0.0,0.0,0,0
SPINK5,-0.00027080844,0.0,0,1
SPINK6,-9.539225e-05,0.0,0,1
SPINK7,0.0,0.0,0,0
SPINK8,0.0,0.0,0,0
SPINK9,0.0,0.0,0,0
SPINT3,0.0,0.0,0,0
SPINT4,0.0,0.0,0,0
SPO11,0.0,0.0,0,0
SPOCK1,0.0,0.0,0,0
SPOCK3,0.0,0.0,0,0
SPON1-AS1,0.0,0.0,0,0
SPON2,-0.0038125431,0.0,0,2
SPP2,0.0,0.0,0,0
SPPL2C,0.0,0.0,0,0
SPRED3,0.0,0.0,0,0
SPRR1A,0.0,0.0,0,0
SPRR1B,0.0,0.0,0,0
SPRR2A,0.0,0.0,0,0
SPRR2B,0.0,0.0,0,0
SPRR2D,0.0,0.0,0,0
SPRR2E,0.0,0.0,0,0
SPRR2F,0.0,0.0,0,0
SPRR2G,-0.0001850273,0.0,0,1
SPRR3,0.0,0.0,0,0
SPRR4,0.0,0.0,0,0
SPRR5,0.0,0.0,0,0
SPRY3,-0.00014761876,0.0,0,1
SPRY4,0.0,0.0,0,0
SPRY4-AS1,0.0,0.0,0,0
SPSB4,0.0,0.0,0,0
SPTB,0.0,0.0,0,0
SPTSSB,0.0,0.0,0,0
SPX,0.0,0.0,0,0
SPZ1,0.0,0.0,0,0
SRARP,0.0,0.0,0,0
SRD5A2,0.0,0.0,0,0
SRD5A3-AS1,-9.360624e-05,0.0,0,1
SREBF2-AS1,-0.0001720254,0.0,0,1
SRGAP3-AS1,0.0,0.0,0,0
SRGAP3-AS2,0.0,0.0,0,0
SRGAP3-AS3,0.0,0.0,0,0
SRGAP3-AS4,0.0,0.0,0,0
SRL,0.0,0.0,0,0
SRMS,0.0,0.0,0,0
SRPK3,-0.00030769117,0.0,0,1
SRPX,-0.00016551382,0.0,0,1
SRPX2,-0.00028024,0.0,0,1
SRRM3,0.0,0.0,0,0
SRRM4,0.0,0.0,0,0
SRSF12,-1.7517576e-05,0.0,0,1
SRY,0.0,0.0,0,0
SSC5D,-0.008591093,0.0,0,2
SSMEM1,0.0,0.0,0,0
SST,-0.014993024,0.0,0,1
SSTR1,0.0,0.0,0,0
SSTR3,-0.00010441983,0.0,0,1
SSTR4,0.0,0.0,0,0
SSTR5,0.0,0.0,0,0
SSTR5-AS1,0.0,0.0,0,0
SSU72P2,0.0,0.0,0,0
SSU72P3,0.0,0.0,0,0
SSU72P4,0.0,0.0,0,0
SSU72P5,0.0,0.0,0,0
SSU72P7,0.0,0.0,0,0
SSU72P8,0.0,0.0,0,0
SSUH2,0.0,0.0,0,0
SSX1,0.0,0.0,0,0
SSX2,0.0,0.0,0,0
SSX2B,0.0,0.0,0,0
SSX3,0.0,0.0,0,0
SSX4,0.0,0.0,0,0
SSX4B,0.0,0.0,0,0
SSX5,0.0,0.0,0,0
SSX7,0.0,0.0,0,0
ST20-AS1,-0.003203402,0.0,0,2
ST6GAL2,0.0,0.0,0,0
ST6GAL2-IT1,0.0,0.0,0,0
ST6GALNAC1,0.0,0.0,0,0
ST6GALNAC2,-0.0027315265,0.0,0,2
ST6GALNAC5,0.0,0.0,0,0
ST7-AS2,0.0,0.0,0,0
ST7-OT4,-0.006989019,0.0,0,1
ST8SIA2,0.0,0.0,0,0
ST8SIA3,0.0,0.0,0,0
ST8SIA5,0.0,0.0,0,0
ST8SIA6,0.0,0.0,0,0
ST8SIA6-AS1,0.0,0.0,0,0
STAB2,0.0,0.0,0,0
STAC,0.0,0.0,0,0
STARD13-AS,-0.0001861296,0.0,0,1
STARD13-IT1,0.0,0.0,0,0
STARD4-AS1,0.0,0.0,0,0
STARD6,0.0,0.0,0,0
STATH,0.0,0.0,0,0
STAU2-AS1,0.0,0.0,0,0
STC1,0.0,0.0,0,0
STEAP1B,0.0,0.0,0,0
STEAP2-AS1,0.0,0.0,0,0
STEAP3-AS1,0.0,0.0,0,0
STEAP4,0.0,0.0,0,0
STH,0.0,0.0,0,0
STIL,-0.00040896484,0.0,0,1
STIM2-AS1,0.0,0.0,0,0
STK32A,0.0,0.0,0,0
STK32A-AS1,0.0,0.0,0,0
STK33,0.0,0.0,0,0
STK4-AS1,-0.00021607599,0.0,0,1
STKLD1,-0.0006743364,0.0,0,1
STMN2,0.0,0.0,0,0
STMN3,-0.0006855318,0.0,0,1
STMN4,0.0,0.0,0,0
STMND1,0.0,0.0,0,0
STOML3,0.0,0.0,0,0
STON1-GTF2A1L,0.0,0.0,0,0
STOX1,0.0,0.0,0,0
STOX2,-0.00027207073,0.0,0,1
STPG2,-0.00017668447,0.0,0,1
STPG2-AS1,0.0,0.0,0,0
STPG3,0.0,0.0,0,0
STPG3-AS1,0.0,0.0,0,0
STPG4,0.0,0.0,0,0
STRA6,0.0,0.0,0,0
STRA8,0.0,0.0,0,0
STRIT1,0.0,0.0,0,0
STX17-AS1,-0.00076354994,0.0,0,1
STX18-IT1,0.0,0.0,0,0
STX1B,-0.0005216564,0.0,0,1
STXBP5-AS1,-0.00043001087,0.0,0,1
STXBP5L,0.0,0.0,0,0
STXBP6,-0.010307967,0.0,0,2
STYK1,0.0,0.0,0,0
SUCLA2-AS1,0.0,0.0,0,0
SUCLG2-AS1,-0.0055832285,0.0,0,2
SUGCT,-0.00042476945,0.0,0,1
SULF1,-0.0019200089,0.0,0,1
SULT1A4,-0.00040292667,0.0,0,1
SULT1B1,0.0,0.0,0,0
SULT1C2,-0.020864546,0.0,0,2
SULT1C3,0.0,0.0,0,0
SULT1C4,-0.00213737,0.0,0,2
SULT1E1,0.0,0.0,0,0
SULT2A1,0.0,0.0,0,0
SULT2B1,-0.002061997,0.0,0,2
SULT4A1,0.0,0.0,0,0
SULT6B1,0.0,0.0,0,0
SUN3,0.0,0.0,0,0
SUN5,0.0,0.0,0,0
SUSD5,0.0,0.0,0,0
SUV39H1,-0.0008071103,0.0,0,2
SV2A,-7.304554e-05,0.0,0,1
SV2B,0.0,0.0,0,0
SV2C,0.0,0.0,0,0
SVEP1,0.0,0.0,0,0
SVOP,-0.0001088253,0.0,0,1
SYCE3,-0.066587575,0.0,0,2
SYCN,0.0,0.0,0,0
SYCP1,0.0,0.0,0,0
SYCP2L,0.0,0.0,0,0
SYDE2,0.0,0.0,0,0
SYN1,0.0,0.0,0,0
SYN3,0.0,0.0,0,0
SYNDIG1,-0.020587953,0.0,0,2
SYNE1-AS1,0.0,0.0,0,0
SYNGAP1-AS1,-0.00011813043,0.0,0,1
SYNGR3,-0.000277873,0.0,0,1
SYNGR4,0.0,0.0,0,0
SYNJ2-IT1,-0.00030062118,0.0,0,1
SYNPO2,-0.0005133816,0.0,0,1
SYNPO2L,0.0,0.0,0,0
SYNPR,0.0,0.0,0,0
SYNPR-AS1,0.0,0.0,0,0
SYP-AS1,0.0,0.0,0,0
SYPL2,0.0,0.0,0,0
SYT10,0.0,0.0,0,0
SYT12,0.0,0.0,0,0
SYT13,0.0,0.0,0,0
SYT14,0.0,0.0,0,0
SYT15,0.0,0.0,0,0
SYT16,-0.00018258649,0.0,0,1
SYT2,0.0,0.0,0,0
SYT3,0.0,0.0,0,0
SYT4,0.0,0.0,0,0
SYT8,0.0,0.0,0,0
SYT9,0.0,0.0,0,0
SYTL4,0.0,0.0,0,0
SYTL5,-0.00020866586,0.0,0,1
SZT2-AS1,0.0,0.0,0,0
TAAR1,0.0,0.0,0,0
TAAR2,0.0,0.0,0,0
TAAR5,0.0,0.0,0,0
TAAR6,0.0,0.0,0,0
TAAR8,0.0,0.0,0,0
TAAR9,0.0,0.0,0,0
TAB2-AS1,-0.0007244929,0.0,0,1
TAB3-AS1,0.0,0.0,0,0
TAB3-AS2,-9.911776e-05,0.0,0,1
TAC1,0.0,0.0,0,0
TAC4,0.0,0.0,0,0
TACC2,0.0,0.0,0,0
TACR1,-0.010107636,0.0,0,2
TACR3,0.0,0.0,0,0
TAF11L10,0.0,0.0,0,0
TAF11L11,0.0,0.0,0,0
TAF11L12,0.0,0.0,0,0
TAF11L13,0.0,0.0,0,0
TAF11L14,0.0,0.0,0,0
TAF11L2,0.0,0.0,0,0
TAF11L3,0.0,0.0,0,0
TAF11L4,0.0,0.0,0,0
TAF11L5,0.0,0.0,0,0
TAF11L6,0.0,0.0,0,0
TAF11L7,0.0,0.0,0,0
TAF11L8,0.0,0.0,0,0
TAF11L9,0.0,0.0,0,0
TAF1A-AS1,-0.00011888907,0.0,0,1
TAF1L,0.0,0.0,0,0
TAF5,-0.00045915847,0.0,0,1
TAF7L,0.0,0.0,0,0
TAFA1,-0.06635705,0.0,0,1
TAFA3,0.0,0.0,0,0
TAFA4,0.0,0.0,0,0
TAFA5,-0.002226527,0.0,0,1
TAGLN3,0.0,0.0,0,0
TAL2,0.0,0.0,0,0
TARID,0.0,0.0,0,0
TARM1,0.0,0.0,0,0
TARSL2,-0.0075602517,0.0,0,2
TAS1R1,0.0,0.0,0,0
TAS1R2,0.0,0.0,0,0
TAS1R3,0.0,0.0,0,0
TAS2R1,0.0,0.0,0,0
TAS2R10,-0.00018451385,0.0,0,1
TAS2R13,0.0,0.0,0,0
TAS2R16,0.0,0.0,0,0
TAS2R19,-0.00022314594,0.0,0,1
TAS2R3,0.0,0.0,0,0
TAS2R31,0.0,0.0,0,0
TAS2R38,0.0,0.0,0,0
TAS2R39,0.0,0.0,0,0
TAS2R40,0.0,0.0,0,0
TAS2R41,0.0,0.0,0,0
TAS2R42,0.0,0.0,0,0
TAS2R43,0.0,0.0,0,0
TAS2R46,0.0,0.0,0,0
TAS2R5,0.0,0.0,0,0
TAS2R50,0.0,0.0,0,0
TAS2R60,0.0,0.0,0,0
TAS2R7,0.0,0.0,0,0
TAS2R8,0.0,0.0,0,0
TAS2R9,0.0,0.0,0,0
TASP1,-0.014213402,0.0,0,2
TAT,0.0,0.0,0,0
TAT-AS1,0.0,0.0,0,0
TBATA,0.0,0.0,0,0
TBC1D21,0.0,0.0,0,0
TBC1D22A-AS1,-0.006264653,0.0,0,1
TBC1D26,0.0,0.0,0,0
TBC1D28,0.0,0.0,0,0
TBC1D3,0.0,0.0,0,0
TBC1D3C,0.0,0.0,0,0
TBC1D3D,-0.0002510233,0.0,0,1
TBC1D3E,0.0,0.0,0,0
TBC1D3F,0.0,0.0,0,0
TBC1D3H,0.0,0.0,0,0
TBC1D3I,0.0,0.0,0,0
TBC1D3K,0.0,0.0,0,0
TBILA,0.0,0.0,0,0
TBL1XR1-AS1,0.0,0.0,0,0
TBL1Y,0.0,0.0,0,0
TBPL2,0.0,0.0,0,0
TBR1,0.0,0.0,0,0
TBX10,0.0,0.0,0,0
TBX15,0.0,0.0,0,0
TBX18,-0.00053615624,0.0,0,1
TBX18-AS1,0.0,0.0,0,0
TBX2,0.0,0.0,0,0
TBX2-AS1,0.0,0.0,0,0
TBX21,-0.00011945568,0.0,0,1
TBX22,0.0,0.0,0,0
TBX3,0.0,0.0,0,0
TBX4,0.0,0.0,0,0
TBX5,0.0,0.0,0,0
TBX5-AS1,0.0,0.0,0,0
TBXA2R,0.0,0.0,0,0
TBXT,0.0,0.0,0,0
TCAP,-0.00056684396,0.0,0,1
TCEAL3-AS1,0.0,0.0,0,0
TCEAL5,0.0,0.0,0,0
TCEAL6,0.0,0.0,0,0
TCEAL7,0.0,0.0,0,0
TCERG1L,-0.000110956295,0.0,0,1
TCERG1L-AS1,0.0,0.0,0,0
TCF15,0.0,0.0,0,0
TCF21,0.0,0.0,0,0
TCF23,0.0,0.0,0,0
TCF24,0.0,0.0,0,0
TCF4-AS1,0.0,0.0,0,0
TCF4-AS2,0.0,0.0,0,0
TCF7L1-IT1,0.0,0.0,0,0
TCFL5,-4.4186443e-05,0.0,0,1
TCHHL1,0.0,0.0,0,0
TCIM,0.0,0.0,0,0
TCL1B,0.0,0.0,0,0
TCL6,-0.00023303082,0.0,0,1
TCN1,0.0,0.0,0,0
TCP10,0.0,0.0,0,0
TCP10L2,0.0,0.0,0,0
TCP11X1,0.0,0.0,0,0
TCP11X2,0.0,0.0,0,0
TDGF1,-0.00020166901,0.0,0,1
TDRD1,0.0,0.0,0,0
TDRD10,-0.0060573905,0.0,0,2
TDRD12,-0.00016474629,0.0,0,1
TDRD15,-0.00010502466,0.0,0,1
TDRD5,0.0,0.0,0,0
TDRD6,-0.0058472534,0.0,0,1
TDRD9,-0.00027586776,0.0,0,1
TDRG1,0.0,0.0,0,0
TDRP,-8.779726e-05,0.0,0,1
TEAD3,-0.0042124675,0.0,0,2
TEAD4,-7.758528e-06,0.0,0,1
TECRL,0.0,0.0,0,0
TECTB,0.0,0.0,0,0
TEDC2,-0.0006628378,0.0,0,1
TEDDM1,0.0,0.0,0,0
TEKT3,0.0,0.0,0,0
TEKT4,0.0,0.0,0,0
TEKT5,0.0,0.0,0,0
TEMN3-AS1,0.0,0.0,0,0
TENM2,0.0,0.0,0,0
TENM3,-0.00017085623,0.0,0,1
TENM3-AS1,0.0,0.0,0,0
TENM4,-5.8736867e-05,0.0,0,1
TENT5D,0.0,0.0,0,0
TERB1,0.0,0.0,0,0
TERB2,0.0,0.0,0,0
TERC,-0.013038327,0.0,0,2
TERT,0.0,0.0,0,0
TESC,-0.00039653914,0.0,0,1
TESC-AS1,0.0,0.0,0,0
TESMIN,-0.0033857918,0.0,0,2
TET1,-0.00014903488,0.0,0,1
TET2-AS1,0.0,0.0,0,0
TEX101,0.0,0.0,0,0
TEX11,0.0,0.0,0,0
TEX12,0.0,0.0,0,0
TEX13A,0.0,0.0,0,0
TEX13B,0.0,0.0,0,0
TEX13C,0.0,0.0,0,0
TEX13D,0.0,0.0,0,0
TEX15,0.0,0.0,0,0
TEX19,0.0,0.0,0,0
TEX22,-2.3158073e-05,0.0,0,1
TEX26,0.0,0.0,0,0
TEX26-AS1,-0.0001630666,0.0,0,1
TEX28,0.0,0.0,0,0
TEX29,0.0,0.0,0,0
TEX33,0.0,0.0,0,0
TEX35,0.0,0.0,0,0
TEX36,0.0,0.0,0,0
TEX36-AS1,0.0,0.0,0,0
TEX37,0.0,0.0,0,0
TEX38,0.0,0.0,0,0
TEX43,0.0,0.0,0,0
TEX44,0.0,0.0,0,0
TEX45,0.0,0.0,0,0
TEX46,0.0,0.0,0,0
TEX47,0.0,0.0,0,0
TEX48,0.0,0.0,0,0
TEX49,0.0,0.0,0,0
TEX50,0.0,0.0,0,0
TEX51,-0.00020286243,0.0,0,1
TEX52,0.0,0.0,0,0
TEX53,0.0,0.0,0,0
TEX54,0.0,0.0,0,0
TEX55,0.0,0.0,0,0
TEX9,-0.007672252,0.0,0,2
TF,-0.00017388775,0.0,0,1
TFAP2B,0.0,0.0,0,0
TFAP2C,0.0,0.0,0,0
TFAP2D,0.0,0.0,0,0
TFDP3,0.0,0.0,0,0
TFF1,0.0,0.0,0,0
TFF2,0.0,0.0,0,0
TFF3,0.0,0.0,0,0
TFPI,-0.0007159277,0.0,0,1
TFPI2,0.0,0.0,0,0
TG,0.0,0.0,0,0
TGFA-IT1,0.0,0.0,0,0
TGFB2-AS1,-0.00012743253,0.0,0,1
TGFB2-OT1,0.0,0.0,0,0
TGFB3,-5.522766e-05,0.0,0,1
TGFB3-AS1,0.0,0.0,0,0
TGIF2LX,0.0,0.0,0,0
TGIF2LY,0.0,0.0,0,0
TGM1,-0.0034551371,0.0,0,2
TGM3,0.0,0.0,0,0
TGM4,-0.00020521879,0.0,0,1
TGM5,-0.0027241025,0.0,0,2
TGM6,0.0,0.0,0,0
TGM7,0.0,0.0,0,0
TH,0.0,0.0,0,0
TH2LCRR,-0.00016180251,0.0,0,1
THAP9,-0.00042997627,0.0,0,1
THBS1,-0.0062585175,0.0,0,2
THBS4,-0.00037035145,0.0,0,1
THEG,0.0,0.0,0,0
THEGL,0.0,0.0,0,0
THEM5,-0.0021078328,0.0,0,2
THEMIS,-0.001746301,0.0,0,2
THOC7-AS1,0.0,0.0,0,0
THPO,0.0,0.0,0,0
THRA1/BTR,0.0,0.0,0,0
THRB-IT1,0.0,0.0,0,0
THRIL,0.0,0.0,0,0
THRSP,-0.002226527,0.0,0,1
THSD4-AS1,0.0,0.0,0,0
THSD7A,0.0,0.0,0,0
THSD7B,0.0,0.0,0,0
THY1,-0.00022149326,0.0,0,1
TIGD3,-0.00040353858,0.0,0,1
TIGD7,-0.009941134,0.0,0,2
TIMM23B-AGAP6,0.0,0.0,0,0
TINAG,0.0,0.0,0,0
TINAGL1,-0.0041465363,0.0,0,2
TINCR,-0.00016180251,0.0,0,1
TKTL1,-0.00022851698,0.0,0,1
TLCD1,-5.9148762e-05,0.0,0,1
TLCD2,-0.0038698616,0.0,0,2
TLCD3A,-0.00026911544,0.0,0,1
TLCD3B,0.0,0.0,0,0
TLCD4,0.0,0.0,0,0
TLCD5,-0.0005539545,0.0,0,1
TLDC2,-0.00032002036,0.0,0,1
TLE2,0.0,0.0,0,0
TLE7,0.0,0.0,0,0
TLL1,0.0,0.0,0,0
TLL2,0.0,0.0,0,0
TLR8-AS1,0.0,0.0,0,0
TLX1,0.0,0.0,0,0
TLX1NB,0.0,0.0,0,0
TLX2,-0.006989019,0.0,0,1
TLX3,0.0,0.0,0,0
TM4SF1-AS1,0.0,0.0,0,0
TM4SF18,0.0,0.0,0,0
TM4SF19,-0.017899303,0.0,0,2
TM4SF19-AS1,-0.011163066,0.0,0,2
TM4SF20,0.0,0.0,0,0
TM4SF4,-0.00015784845,0.0,0,1
TM6SF2,0.0,0.0,0,0
TMC1,0.0,0.0,0,0
TMC2,0.0,0.0,0,0
TMC3,0.0,0.0,0,0
TMC3-AS1,-0.0006107686,0.0,0,1
TMCO2,0.0,0.0,0,0
TMCO5A,0.0,0.0,0,0
TMCO6,-0.007663463,0.0,0,2
TMEFF1,-0.000108666485,0.0,0,1
TMEFF2,0.0,0.0,0,0
TMEM108,0.0,0.0,0,0
TMEM108-AS1,0.0,0.0,0,0
TMEM114,0.0,0.0,0,0
TMEM125,-0.000115027535,0.0,0,1
TMEM132A,-0.0003305045,0.0,0,1
TMEM132B,0.0,0.0,0,0
TMEM132C,0.0,0.0,0,0
TMEM132D,0.0,0.0,0,0
TMEM132D-AS1,0.0,0.0,0,0
TMEM132D-AS2,0.0,0.0,0,0
TMEM132E,0.0,0.0,0,0
TMEM139,-0.00028219796,0.0,0,1
TMEM143,-0.00246316,0.0,0,2
TMEM151A,0.0,0.0,0,0
TMEM155,-0.009904574,0.0,0,1
TMEM158,-9.486452e-05,0.0,0,1
TMEM174,0.0,0.0,0,0
TMEM178A,-0.00021871926,0.0,0,1
TMEM178B,0.0,0.0,0,0
TMEM179,0.0,0.0,0,0
TMEM184A,0.0,0.0,0,0
TMEM186,-0.009278309,0.0,0,2
TMEM190,0.0,0.0,0,0
TMEM196,0.0,0.0,0,0
TMEM198,-5.066325e-05,0.0,0,1
TMEM200A,0.0,0.0,0,0
TMEM200B,-0.0003129152,0.0,0,1
TMEM200C,0.0,0.0,0,0
TMEM202,0.0,0.0,0,0
TMEM207,0.0,0.0,0,0
TMEM210,0.0,0.0,0,0
TMEM211,0.0,0.0,0,0
TMEM212,0.0,0.0,0,0
TMEM212-AS1,0.0,0.0,0,0
TMEM212-IT1,0.0,0.0,0,0
TMEM213,0.0,0.0,0,0
TMEM215,0.0,0.0,0,0
TMEM217,0.0,0.0,0,0
TMEM220-AS1,0.0,0.0,0,0
TMEM221,-0.00019583484,0.0,0,1
TMEM225,0.0,0.0,0,0
TMEM225B,0.0,0.0,0,0
TMEM229A,0.0,0.0,0,0
TMEM232,-0.00037547792,0.0,0,1
TMEM233,0.0,0.0,0,0
TMEM235,0.0,0.0,0,0
TMEM238L,0.0,0.0,0,0
TMEM239,0.0,0.0,0,0
TMEM241,-0.0037337241,0.0,0,2
TMEM244,0.0,0.0,0,0
TMEM246,-0.01001324,0.0,0,2
TMEM246-AS1,0.0,0.0,0,0
TMEM247,0.0,0.0,0,0
TMEM252,0.0,0.0,0,0
TMEM252-DT,0.0,0.0,0,0
TMEM26-AS1,-0.017166013,0.0,0,2
TMEM262,-1.4714509e-06,0.0,0,1
TMEM269,-0.00024786431,0.0,0,1
TMEM270,0.0,0.0,0,0
TMEM271,0.0,0.0,0,0
TMEM272,0.0,0.0,0,0
TMEM275,0.0,0.0,0,0
TMEM30B,0.0,0.0,0,0
TMEM31,0.0,0.0,0,0
TMEM35A,0.0,0.0,0,0
TMEM40,0.0,0.0,0,0
TMEM45B,0.0,0.0,0,0
TMEM47,-0.00012040437,0.0,0,1
TMEM52,-0.00016516617,0.0,0,1
TMEM59L,0.0,0.0,0,0
TMEM61,0.0,0.0,0,0
TMEM63C,0.0,0.0,0,0
TMEM72,0.0,0.0,0,0
TMEM74,0.0,0.0,0,0
TMEM74B,0.0,0.0,0,0
TMEM78,0.0,0.0,0,0
TMEM82,0.0,0.0,0,0
TMEM88B,0.0,0.0,0,0
TMEM89,0.0,0.0,0,0
TMEM92,0.0,0.0,0,0
TMEM92-AS1,-0.000121412544,0.0,0,1
TMEM95,0.0,0.0,0,0
TMIE,0.0,0.0,0,0
TMIGD1,0.0,0.0,0,0
TMIGD2,-0.00014493032,0.0,0,1
TMLHE,-0.0060280897,0.0,0,2
TMLHE-AS1,-0.0002476574,0.0,0,1
TMOD4,0.0,0.0,0,0
TMPPE,-0.013423859,0.0,0,2
TMPRSS11A,0.0,0.0,0,0
TMPRSS11B,0.0,0.0,0,0
TMPRSS11D,0.0,0.0,0,0
TMPRSS11E,0.0,0.0,0,0
TMPRSS11F,0.0,0.0,0,0
TMPRSS12,0.0,0.0,0,0
TMPRSS15,0.0,0.0,0,0
TMPRSS2,0.0,0.0,0,0
TMPRSS4,0.0,0.0,0,0
TMPRSS6,0.0,0.0,0,0
TMPRSS7,0.0,0.0,0,0
TMPRSS9,-0.000556852,0.0,0,1
TMSB15B-1,0.0,0.0,0,0
TMSB15B-AS1,-0.0054051825,0.0,0,1
TMSB4Y,0.0,0.0,0,0
TMTC1,-0.00035562002,0.0,0,1
TNFAIP6,-0.0071911556,0.0,0,2
TNFRSF10A-AS1,0.0,0.0,0,0
TNFRSF13B,0.0,0.0,0,0
TNFRSF13C,0.0,0.0,0,0
TNFRSF17,0.0,0.0,0,0
TNFRSF18,-0.0007395802,0.0,0,1
TNFRSF19,0.0,0.0,0,0
TNFRSF9,-0.0068587023,0.0,0,2
TNFSF11,0.0,0.0,0,0
TNFSF18,-0.00744031,0.0,0,2
TNFSF4,-0.0004840507,0.0,0,2
TNIP3,-0.0032425958,0.0,0,1
TNK1,-0.0024721052,0.0,0,2
TNKS2-AS1,-0.00016692118,0.0,0,1
TNMD,0.0,0.0,0,0
TNNC1,-3.6730857e-05,0.0,0,1
TNNC2,-0.00013353399,0.0,0,1
TNNI3K,-0.00012616374,0.0,0,1
TNNT2,0.0,0.0,0,0
TNP1,0.0,0.0,0,0
TNP2,0.0,0.0,0,0
TNR,-0.06327716,0.0,0,1
TNR-IT1,0.0,0.0,0,0
TNS4,0.0,0.0,0,0
TOGARAM2,-0.000408438,0.0,0,1
TOLLIP-AS1,-0.0006719772,0.0,0,1
TONSL-AS1,0.0,0.0,0,0
TOPAZ1,0.0,0.0,0,0
TOX3,0.0,0.0,0,0
TP53AIP1,0.0,0.0,0,0
TP53TG3,0.0,0.0,0,0
TP53TG3B,0.0,0.0,0,0
TP53TG3C,0.0,0.0,0,0
TP53TG3E,0.0,0.0,0,0
TP53TG3F,0.0,0.0,0,0
TP53TG5,0.0,0.0,0,0
TP63,-0.00041714302,0.0,0,1
TPD52L3,0.0,0.0,0,0
TPH1,-0.00035318607,0.0,0,1
TPH2,0.0,0.0,0,0
TPM1-AS,-8.5022046e-05,0.0,0,1
TPO,0.0,0.0,0,0
TPPP,0.0,0.0,0,0
TPRG1-AS2,0.0,0.0,0,0
TPRX1,0.0,0.0,0,0
TPSD1,-0.00027488466,0.0,0,1
TPSG1,0.0,0.0,0,0
TPTE,0.0,0.0,0,0
TPTE2,-9.418249e-05,0.0,0,1
TRABD2B,0.0,0.0,0,0
TRAJ1,0.0,0.0,0,0
TRAJ10,0.0,0.0,0,0
TRAJ11,0.0,0.0,0,0
TRAJ12,0.0,0.0,0,0
TRAJ13,0.0,0.0,0,0
TRAJ14,0.0,0.0,0,0
TRAJ16,0.0,0.0,0,0
TRAJ17,0.0,0.0,0,0
TRAJ18,0.0,0.0,0,0
TRAJ19,0.0,0.0,0,0
TRAJ2,0.0,0.0,0,0
TRAJ20,0.0,0.0,0,0
TRAJ21,0.0,0.0,0,0
TRAJ22,0.0,0.0,0,0
TRAJ23,0.0,0.0,0,0
TRAJ24,0.0,0.0,0,0
TRAJ25,0.0,0.0,0,0
TRAJ26,0.0,0.0,0,0
TRAJ27,0.0,0.0,0,0
TRAJ28,0.0,0.0,0,0
TRAJ29,0.0,0.0,0,0
TRAJ3,0.0,0.0,0,0
TRAJ30,0.0,0.0,0,0
TRAJ31,0.0,0.0,0,0
TRAJ32,0.0,0.0,0,0
TRAJ33,0.0,0.0,0,0
TRAJ34,0.0,0.0,0,0
TRAJ35,0.0,0.0,0,0
TRAJ36,0.0,0.0,0,0
TRAJ37,0.0,0.0,0,0
TRAJ38,0.0,0.0,0,0
TRAJ39,0.0,0.0,0,0
TRAJ4,0.0,0.0,0,0
TRAJ40,-0.00014152686,0.0,0,1
TRAJ41,0.0,0.0,0,0
TRAJ42,0.0,0.0,0,0
TRAJ43,0.0,0.0,0,0
TRAJ44,0.0,0.0,0,0
TRAJ45,0.0,0.0,0,0
TRAJ46,0.0,0.0,0,0
TRAJ47,0.0,0.0,0,0
TRAJ48,0.0,0.0,0,0
TRAJ49,0.0,0.0,0,0
TRAJ5,0.0,0.0,0,0
TRAJ50,0.0,0.0,0,0
TRAJ51,0.0,0.0,0,0
TRAJ52,0.0,0.0,0,0
TRAJ53,0.0,0.0,0,0
TRAJ54,0.0,0.0,0,0
TRAJ55,0.0,0.0,0,0
TRAJ56,0.0,0.0,0,0
TRAJ57,0.0,0.0,0,0
TRAJ58,0.0,0.0,0,0
TRAJ59,0.0,0.0,0,0
TRAJ6,0.0,0.0,0,0
TRAJ60,0.0,0.0,0,0
TRAJ61,0.0,0.0,0,0
TRAJ7,0.0,0.0,0,0
TRAJ8,0.0,0.0,0,0
TRAJ9,0.0,0.0,0,0
TRAM1L1,0.0,0.0,0,0
TRAM2-AS1,-0.002065537,0.0,0,2
TRAPPC12-AS1,0.0,0.0,0,0
TRARG1,0.0,0.0,0,0
TRAT1,-0.00020423299,0.0,0,1
TRAV1-1,-0.00017212493,0.0,0,1
TRAV1-2,-0.007420586,0.0,0,2
TRAV10,0.0,0.0,0,0
TRAV11,0.0,0.0,0,0
TRAV12-2,-0.00031036252,0.0,0,1
TRAV12-3,-0.00015510846,0.0,0,1
TRAV13-2,-0.00017491028,0.0,0,1
TRAV14DV4,-0.00038650437,0.0,0,1
TRAV15,0.0,0.0,0,0
TRAV16,0.0,0.0,0,0
TRAV17,-0.005291413,0.0,0,2
TRAV18,0.0,0.0,0,0
TRAV2,0.0,0.0,0,0
TRAV20,-0.0059207343,0.0,0,2
TRAV22,0.0,0.0,0,0
TRAV23DV6,-0.00029731877,0.0,0,1
TRAV24,-7.813281e-05,0.0,0,1
TRAV25,0.0,0.0,0,0
TRAV26-2,-0.0024739297,0.0,0,2
TRAV27,-0.00048104234,0.0,0,1
TRAV28,0.0,0.0,0,0
TRAV29DV5,-0.00042151415,0.0,0,1
TRAV3,0.0,0.0,0,0
TRAV31,0.0,0.0,0,0
TRAV32,0.0,0.0,0,0
TRAV33,0.0,0.0,0,0
TRAV34,0.0,0.0,0,0
TRAV35,0.0,0.0,0,0
TRAV36DV7,-0.00036823578,0.0,0,1
TRAV37,0.0,0.0,0,0
TRAV38-1,-0.00020306301,0.0,0,1
TRAV39,0.0,0.0,0,0
TRAV4,-0.0028472336,0.0,0,1
TRAV40,0.0,0.0,0,0
TRAV41,-0.0003206671,0.0,0,1
TRAV6,-0.00073325384,0.0,0,1
TRAV7,0.0,0.0,0,0
TRAV8-2,-0.015716985,0.0,0,2
TRAV8-4,-0.0005352997,0.0,0,1
TRAV8-5,0.0,0.0,0,0
TRAV8-7,0.0,0.0,0,0
TRAV9-1,0.0,0.0,0,0
TRAV9-2,-0.018911665,0.0,0,2
TRBD1,0.0,0.0,0,0
TRBJ1-1,0.0,0.0,0,0
TRBJ1-2,0.0,0.0,0,0
TRBJ1-3,0.0,0.0,0,0
TRBJ1-4,0.0,0.0,0,0
TRBJ1-5,0.0,0.0,0,0
TRBJ1-6,0.0,0.0,0,0
TRBJ2-1,0.0,0.0,0,0
TRBJ2-2,0.0,0.0,0,0
TRBJ2-2P,0.0,0.0,0,0
TRBJ2-4,0.0,0.0,0,0
TRBJ2-5,0.0,0.0,0,0
TRBJ2-6,0.0,0.0,0,0
TRBJ2-7,0.0,0.0,0,0
TRBV1,0.0,0.0,0,0
TRBV10-1,0.0,0.0,0,0
TRBV10-2,0.0,0.0,0,0
TRBV11-1,-0.008134077,0.0,0,1
TRBV11-2,-0.0037036082,0.0,0,2
TRBV11-3,0.0,0.0,0,0
TRBV12-1,0.0,0.0,0,0
TRBV12-2,0.0,0.0,0,0
TRBV12-5,-0.00024831714,0.0,0,1
TRBV13,0.0,0.0,0,0
TRBV14,-0.00018299326,0.0,0,1
TRBV17,0.0,0.0,0,0
TRBV19,-0.00038771416,0.0,0,1
TRBV20-1,-0.006241534,0.0,0,2
TRBV20OR9-2,0.0,0.0,0,0
TRBV21-1,-0.00015800512,0.0,0,1
TRBV21OR9-2,0.0,0.0,0,0
TRBV22-1,0.0,0.0,0,0
TRBV22OR9-2,0.0,0.0,0,0
TRBV23-1,0.0,0.0,0,0
TRBV23OR9-2,0.0,0.0,0,0
TRBV24-1,0.0,0.0,0,0
TRBV24OR9-2,0.0,0.0,0,0
TRBV25-1,-0.00027190152,0.0,0,1
TRBV25OR9-2,0.0,0.0,0,0
TRBV26,0.0,0.0,0,0
TRBV26OR9-2,0.0,0.0,0,0
TRBV28,-0.013440434,0.0,0,2
TRBV29-1,-0.00086933206,0.0,0,1
TRBV29OR9-2,0.0,0.0,0,0
TRBV4-2,-0.0032301946,0.0,0,2
TRBV5-1,-0.021864565,0.0,0,2
TRBV5-2,0.0,0.0,0,0
TRBV5-3,0.0,0.0,0,0
TRBV5-5,-0.00049665855,0.0,0,1
TRBV5-7,0.0,0.0,0,0
TRBV6-1,-3.8384303e-05,0.0,0,1
TRBV6-4,-9.605381e-05,0.0,0,1
TRBV6-5,-0.00046279878,0.0,0,1
TRBV6-6,-0.00022691989,0.0,0,1
TRBV6-7,0.0,0.0,0,0
TRBV6-8,0.0,0.0,0,0
TRBV7-1,0.0,0.0,0,0
TRBV7-3,-0.0010705754,0.0,0,1
TRBV7-4,0.0,0.0,0,0
TRBV7-5,0.0,0.0,0,0
TRBV7-7,-0.00022070199,0.0,0,1
TRBV8-1,0.0,0.0,0,0
TRBV8-2,0.0,0.0,0,0
TRBV9,-0.0025257498,0.0,0,2
TRBVA,0.0,0.0,0,0
TRBVB,0.0,0.0,0,0
TRDC,-0.0042469366,0.0,0,2
TRDD1,0.0,0.0,0,0
TRDD2,0.0,0.0,0,0
TRDD3,0.0,0.0,0,0
TRDJ1,0.0,0.0,0,0
TRDJ2,0.0,0.0,0,0
TRDJ3,0.0,0.0,0,0
TRDJ4,0.0,0.0,0,0
TRDN,0.0,0.0,0,0
TRDN-AS1,0.0,0.0,0,0
TRDV2,0.0,0.0,0,0
TRDV3,-0.002226527,0.0,0,1
TREH,0.0,0.0,0,0
TREML2,0.0,0.0,0,0
TRERNA1,0.0,0.0,0,0
TRGC1,0.0,0.0,0,0
TRGC2,-0.0022850835,0.0,0,2
TRGJ1,0.0,0.0,0,0
TRGJ2,0.0,0.0,0,0
TRGJP,0.0,0.0,0,0
TRGJP1,0.0,0.0,0,0
TRGJP2,0.0,0.0,0,0
TRGV1,-0.00029163514,0.0,0,1
TRGV10,-0.00866396,0.0,0,2
TRGV11,0.0,0.0,0,0
TRGV2,-0.003961355,0.0,0,1
TRGV4,-0.000654863,0.0,0,1
TRGV6,0.0,0.0,0,0
TRGV7,-0.0013720173,0.0,0,1
TRGVA,0.0,0.0,0,0
TRGVB,0.0,0.0,0,0
TRH,-0.004048309,0.0,0,2
TRHDE,0.0,0.0,0,0
TRHDE-AS1,0.0,0.0,0,0
TRHR,0.0,0.0,0,0
TRIL,0.0,0.0,0,0
TRIM10,0.0,0.0,0,0
TRIM15,0.0,0.0,0,0
TRIM16L,-0.00036004686,0.0,0,1
TRIM17,-0.002226527,0.0,0,1
TRIM29,-0.009904574,0.0,0,1
TRIM31-AS1,0.0,0.0,0,0
TRIM36-IT1,0.0,0.0,0,0
TRIM40,0.0,0.0,0,0
TRIM42,0.0,0.0,0,0
TRIM43,0.0,0.0,0,0
TRIM43B,0.0,0.0,0,0
TRIM48,0.0,0.0,0,0
TRIM49,0.0,0.0,0,0
TRIM49B,0.0,0.0,0,0
TRIM49C,0.0,0.0,0,0
TRIM49D1,0.0,0.0,0,0
TRIM49D2,0.0,0.0,0,0
TRIM51,0.0,0.0,0,0
TRIM51GP,0.0,0.0,0,0
TRIM55,0.0,0.0,0,0
TRIM60,0.0,0.0,0,0
TRIM64,0.0,0.0,0,0
TRIM64B,0.0,0.0,0,0
TRIM64C,0.0,0.0,0,0
TRIM67,0.0,0.0,0,0
TRIM71,0.0,0.0,0,0
TRIM72,-0.00012734893,0.0,0,1
TRIM75P,0.0,0.0,0,0
TRIM77,0.0,0.0,0,0
TRIM9,0.0,0.0,0,0
TRIML1,0.0,0.0,0,0
TRIML2,0.0,0.0,0,0
TRMT10A,-0.0010622554,0.0,0,2
TRMT2B-AS1,0.0,0.0,0,0
TRPA1,0.0,0.0,0,0
TRPC1,-0.00010723973,0.0,0,1
TRPC3,0.0,0.0,0,0
TRPC4,0.0,0.0,0,0
TRPC5,0.0,0.0,0,0
TRPC5OS,0.0,0.0,0,0
TRPC7,0.0,0.0,0,0
TRPC7-AS1,0.0,0.0,0,0
TRPC7-AS2,0.0,0.0,0,0
TRPM1,0.0,0.0,0,0
TRPM2-AS,-0.00019306554,0.0,0,1
TRPM5,0.0,0.0,0,0
TRPM6,0.0,0.0,0,0
TRPM8,0.0,0.0,0,0
TRPV3,-0.0054051825,0.0,0,1
TRPV6,0.0,0.0,0,0
TSBP1,0.0,0.0,0,0
TSBP1-AS1,-0.00014135179,0.0,0,1
TSGA10IP,-0.00035884834,0.0,0,1
TSGA13,0.0,0.0,0,0
TSHB,0.0,0.0,0,0
TSHR,0.0,0.0,0,0
TSKU,0.0,0.0,0,0
TSLP,0.0,0.0,0,0
TSNAXIP1,-0.00014687072,0.0,0,1
TSPAN10,-0.00285995,0.0,0,2
TSPAN11,0.0,0.0,0,0
TSPAN16,0.0,0.0,0,0
TSPAN18,-7.851785e-05,0.0,0,1
TSPAN18-AS1,0.0,0.0,0,0
TSPAN19,0.0,0.0,0,0
TSPAN2,0.0,0.0,0,0
TSPAN5,-0.026434852,0.0,0,2
TSPAN6,-0.010045665,0.0,0,2
TSPAN9,-0.0025087844,0.0,0,2
TSPAN9-IT1,0.0,0.0,0,0
TSPEAR,0.0,0.0,0,0
TSPEAR-AS1,-0.00085958256,0.0,0,1
TSPEAR-AS2,-8.586088e-05,0.0,0,1
TSPO2,0.0,0.0,0,0
TSPY1,0.0,0.0,0,0
TSPY10,0.0,0.0,0,0
TSPY2,0.0,0.0,0,0
TSPY3,0.0,0.0,0,0
TSPY4,0.0,0.0,0,0
TSPY8,0.0,0.0,0,0
TSPY9P,0.0,0.0,0,0
TSPYL6,0.0,0.0,0,0
TSSK1B,0.0,0.0,0,0
TSSK2,0.0,0.0,0,0
TSSK3,0.0,0.0,0,0
TSSK4,0.0,0.0,0,0
TSSK6,0.0,0.0,0,0
TTBK1,0.0,0.0,0,0
TTC21B-AS1,-0.0001398485,0.0,0,1
TTC23L,0.0,0.0,0,0
TTC24,0.0,0.0,0,0
TTC25,-0.00025573806,0.0,0,1
TTC29,0.0,0.0,0,0
TTC3-AS1,0.0,0.0,0,0
TTC30A,-0.000602315,0.0,0,1
TTC36,-0.00022976867,0.0,0,1
TTC39A,-0.00022070199,0.0,0,1
TTC39A-AS1,-0.00037024624,0.0,0,1
TTC39C-AS1,0.0,0.0,0,0
TTC6,0.0,0.0,0,0
TTC9,-8.779726e-05,0.0,0,1
TTC9B,0.0,0.0,0,0
TTLL10,0.0,0.0,0,0
TTLL10-AS1,0.0,0.0,0,0
TTLL11-IT1,0.0,0.0,0,0
TTLL13P,-0.00036332686,0.0,0,1
TTLL2,0.0,0.0,0,0
TTLL5,-0.0052546035,0.0,0,2
TTLL6,0.0,0.0,0,0
TTLL7,0.0,0.0,0,0
TTLL7-IT1,0.0,0.0,0,0
TTLL8,0.0,0.0,0,0
TTLL9,-0.00010001583,0.0,0,1
TTN,-0.0065073376,0.0,0,2
TTPA,-9.321048e-05,0.0,0,1
TTR,0.0,0.0,0,0
TTTY1,0.0,0.0,0,0
TTTY10,0.0,0.0,0,0
TTTY12,0.0,0.0,0,0
TTTY13,0.0,0.0,0,0
TTTY14,0.0,0.0,0,0
TTTY17A,0.0,0.0,0,0
TTTY17B,0.0,0.0,0,0
TTTY17C,0.0,0.0,0,0
TTTY18,0.0,0.0,0,0
TTTY19,0.0,0.0,0,0
TTTY1B,0.0,0.0,0,0
TTTY2,0.0,0.0,0,0
TTTY20,0.0,0.0,0,0
TTTY21,0.0,0.0,0,0
TTTY21B,0.0,0.0,0,0
TTTY22,0.0,0.0,0,0
TTTY23,0.0,0.0,0,0
TTTY2B,0.0,0.0,0,0
TTTY3,0.0,0.0,0,0
TTTY3B,0.0,0.0,0,0
TTTY4,0.0,0.0,0,0
TTTY4B,0.0,0.0,0,0
TTTY4C,0.0,0.0,0,0
TTTY5,0.0,0.0,0,0
TTTY6,0.0,0.0,0,0
TTTY6B,0.0,0.0,0,0
TTTY7,0.0,0.0,0,0
TTTY7B,0.0,0.0,0,0
TTTY8,0.0,0.0,0,0
TTTY8B,0.0,0.0,0,0
TTTY9B,0.0,0.0,0,0
TUB-AS1,0.0,0.0,0,0
TUBA3C,0.0,0.0,0,0
TUBA3D,0.0,0.0,0,0
TUBA3E,0.0,0.0,0,0
TUBA4B,0.0,0.0,0,0
TUBA8,-0.00012352609,0.0,0,1
TUBAL3,0.0,0.0,0,0
TUBB1,0.0,0.0,0,0
TUBB8,0.0,0.0,0,0
TUBB8P12,0.0,0.0,0,0
TULP1,0.0,0.0,0,0
TULP2,-6.6064e-05,0.0,0,1
TUNAR,0.0,0.0,0,0
TUSC3,-7.6128075e-05,0.0,0,1
TUSC7,0.0,0.0,0,0
TUSC8,-0.00024557803,0.0,0,1
TWIST1,0.0,0.0,0,0
TWIST2,-7.71313e-05,0.0,0,1
TXNDC12-AS1,0.0,0.0,0,0
TXNDC2,0.0,0.0,0,0
TXNDC8,0.0,0.0,0,0
TYR,0.0,0.0,0,0
TYRO3,0.0,0.0,0,0
TYRP1,0.0,0.0,0,0
U47924.1,0.0,0.0,0,0
U51244.1,0.0,0.0,0,0
U52111.1,0.0,0.0,0,0
U52112.1,0.0,0.0,0,0
U62317.2,0.0,0.0,0,0
U62317.3,-0.00024487072,0.0,0,1
U62631.1,0.0,0.0,0,0
U73166.1,-0.00067027425,0.0,0,1
U73169.1,0.0,0.0,0,0
U82671.1,0.0,0.0,0,0
U91319.1,0.0,0.0,0,0
U91324.1,0.0,0.0,0,0
U91328.2,0.0,0.0,0,0
U91328.3,0.0,0.0,0,0
U95743.1,0.0,0.0,0,0
UBASH3A,-0.0024655575,0.0,0,2
UBE2E1-AS1,0.0,0.0,0,0
UBE2Q1-AS1,0.0,0.0,0,0
UBE2QL1,0.0,0.0,0,0
UBE2R2-AS1,0.0,0.0,0,0
UBE2U,0.0,0.0,0,0
UBL4B,0.0,0.0,0,0
UBOX5-AS1,0.0,0.0,0,0
UBQLN3,0.0,0.0,0,0
UBTFL1,0.0,0.0,0,0
UBXN10,-0.00056562695,0.0,0,1
UBXN10-AS1,-0.0005651072,0.0,0,1
UBXN7-AS1,0.0,0.0,0,0
UCHL1-AS1,0.0,0.0,0,0
UCKL1-AS1,-0.00043244715,0.0,0,1
UCMA,0.0,0.0,0,0
UCN2,0.0,0.0,0,0
UCN3,0.0,0.0,0,0
UCP1,0.0,0.0,0,0
UCP3,-0.0009788092,0.0,0,2
UFL1-AS1,0.0,0.0,0,0
UFSP1,-0.0004125967,0.0,0,1
UGT1A1,0.0,0.0,0,0
UGT1A10,0.0,0.0,0,0
UGT1A3,0.0,0.0,0,0
UGT1A4,0.0,0.0,0,0
UGT1A5,0.0,0.0,0,0
UGT1A6,0.0,0.0,0,0
UGT1A7,0.0,0.0,0,0
UGT1A8,0.0,0.0,0,0
UGT1A9,0.0,0.0,0,0
UGT2A1,0.0,0.0,0,0
UGT2A2,0.0,0.0,0,0
UGT2A3,0.0,0.0,0,0
UGT2B10,0.0,0.0,0,0
UGT2B11,0.0,0.0,0,0
UGT2B15,0.0,0.0,0,0
UGT2B17,0.0,0.0,0,0
UGT2B28,0.0,0.0,0,0
UGT2B4,0.0,0.0,0,0
UGT3A1,0.0,0.0,0,0
UGT3A2,0.0,0.0,0,0
UGT8,0.0,0.0,0,0
ULBP1,-0.00022515432,0.0,0,1
UMLILO,0.0,0.0,0,0
UMOD,0.0,0.0,0,0
UMODL1,0.0,0.0,0,0
UMODL1-AS1,0.0,0.0,0,0
UNC13A,-9.126402e-05,0.0,0,1
UNC13C,0.0,0.0,0,0
UNC45B,0.0,0.0,0,0
UNC5A,0.0,0.0,0,0
UNC5C,0.0,0.0,0,0
UNC5CL,-0.004111864,0.0,0,2
UNC80,-0.00031162717,0.0,0,1
UNC93A,0.0,0.0,0,0
UNCX,0.0,0.0,0,0
UPK1A,0.0,0.0,0,0
UPK1A-AS1,0.0,0.0,0,0
UPK1B,0.0,0.0,0,0
UPK2,0.0,0.0,0,0
UPP2,0.0,0.0,0,0
UPP2-IT1,0.0,0.0,0,0
UQCRHL,-0.0021801337,0.0,0,2
URAD,0.0,0.0,0,0
UROC1,0.0,0.0,0,0
USH1C,0.0,0.0,0,0
USH1G,0.0,0.0,0,0
USH2A,0.0,0.0,0,0
USHBP1,0.0,0.0,0,0
USP12-AS1,0.0,0.0,0,0
USP12-AS2,-0.0003572039,0.0,0,1
USP17L1,0.0,0.0,0,0
USP17L10,0.0,0.0,0,0
USP17L11,0.0,0.0,0,0
USP17L12,0.0,0.0,0,0
USP17L13,0.0,0.0,0,0
USP17L15,0.0,0.0,0,0
USP17L17,0.0,0.0,0,0
USP17L18,0.0,0.0,0,0
USP17L19,0.0,0.0,0,0
USP17L2,0.0,0.0,0,0
USP17L20,0.0,0.0,0,0
USP17L21,0.0,0.0,0,0
USP17L22,0.0,0.0,0,0
USP17L23,0.0,0.0,0,0
USP17L24,0.0,0.0,0,0
USP17L25,0.0,0.0,0,0
USP17L26,0.0,0.0,0,0
USP17L27,0.0,0.0,0,0
USP17L28,0.0,0.0,0,0
USP17L29,0.0,0.0,0,0
USP17L3,0.0,0.0,0,0
USP17L30,0.0,0.0,0,0
USP17L4,0.0,0.0,0,0
USP17L5,0.0,0.0,0,0
USP17L7,0.0,0.0,0,0
USP17L8,0.0,0.0,0,0
USP26,0.0,0.0,0,0
USP29,0.0,0.0,0,0
USP3-AS1,-0.01776152,0.0,0,2
USP43,0.0,0.0,0,0
USP9Y,0.0,0.0,0,0
UST-AS1,0.0,0.0,0,0
UTF1,-0.0009831012,0.0,0,2
UTP14C,0.0,0.0,0,0
UTS2B,0.0,0.0,0,0
UTS2R,0.0,0.0,0,0
UTY,0.0,0.0,0,0
UVRAG-DT,-0.00016556362,0.0,0,1
UXT-AS1,-0.0004834278,0.0,0,1
VAC14-AS1,0.0,0.0,0,0
VANGL2,0.0,0.0,0,0
VASH2,0.0,0.0,0,0
VASN,-0.0026670408,0.0,0,2
VAV3-AS1,0.0,0.0,0,0
VAX1,0.0,0.0,0,0
VAX2,-0.009977619,0.0,0,2
VCAN-AS1,0.0,0.0,0,0
VCX,0.0,0.0,0,0
VCX2,0.0,0.0,0,0
VCX3A,0.0,0.0,0,0
VCX3B,0.0,0.0,0,0
VCY,0.0,0.0,0,0
VCY1B,0.0,0.0,0,0
VEGFC,0.0,0.0,0,0
VEGFD,-0.00040974352,0.0,0,1
VENTXP1,0.0,0.0,0,0
VEPH1,-0.008461815,0.0,0,2
VGLL1,0.0,0.0,0,0
VGLL2,0.0,0.0,0,0
VHLL,0.0,0.0,0,0
VIL1,-0.0004628153,0.0,0,1
VIP,0.0,0.0,0,0
VIPR1,-0.0146853095,0.0,0,1
VIPR1-AS1,0.0,0.0,0,0
VIPR2,-2.3398394e-05,0.0,0,1
VIT,0.0,0.0,0,0
VLDLR-AS1,-0.00018708209,0.0,0,1
VN1R1,0.0,0.0,0,0
VN1R2,0.0,0.0,0,0
VN1R4,0.0,0.0,0,0
VPREB1,0.0,0.0,0,0
VPREB3,-0.000118310134,0.0,0,1
VPS13A-AS1,0.0,0.0,0,0
VPS33B-DT,-0.0001162238,0.0,0,1
VRTN,0.0,0.0,0,0
VSIG1,0.0,0.0,0,0
VSIG10L,-0.0062448145,0.0,0,2
VSIG10L2,-0.002226527,0.0,0,1
VSIG2,0.0,0.0,0,0
VSIG8,-0.0008987366,0.0,0,1
VSNL1,0.0,0.0,0,0
VSTM2A,0.0,0.0,0,0
VSTM2A-OT1,0.0,0.0,0,0
VSTM2B,0.0,0.0,0,0
VSTM4,0.0,0.0,0,0
VSTM5,0.0,0.0,0,0
VSX1,0.0,0.0,0,0
VSX2,0.0,0.0,0,0
VWA2,0.0,0.0,0,0
VWA3B,0.0,0.0,0,0
VWA5B1,0.0,0.0,0,0
VWA5B2,0.0,0.0,0,0
VWA7,0.0,0.0,0,0
VWC2,0.0,0.0,0,0
VWC2L,0.0,0.0,0,0
VWC2L-IT1,0.0,0.0,0,0
VWDE,-0.00013883208,0.0,0,1
WARS2-IT1,0.0,0.0,0,0
WASF3,-0.00012676713,0.0,0,1
WASF3-AS1,0.0,0.0,0,0
WASHC5-AS1,0.0,0.0,0,0
WASIR1,0.0,0.0,0,0
WASIR2,0.0,0.0,0,0
WDFY3-AS1,0.0,0.0,0,0
WDR11-AS1,-0.005899662,0.0,0,2
WDR25,-0.008093793,0.0,0,2
WDR38,0.0,0.0,0,0
WDR49,0.0,0.0,0,0
WDR63,-0.00076853,0.0,0,1
WDR64,0.0,0.0,0,0
WDR7-OT1,0.0,0.0,0,0
WDR72,0.0,0.0,0,0
WDR86-AS1,-0.00038941615,0.0,0,1
WDR87,0.0,0.0,0,0
WDR88,-0.00020358671,0.0,0,1
WEE2,0.0,0.0,0,0
WFDC1,0.0,0.0,0,0
WFDC10A,0.0,0.0,0,0
WFDC10B,0.0,0.0,0,0
WFDC11,0.0,0.0,0,0
WFDC12,0.0,0.0,0,0
WFDC13,0.0,0.0,0,0
WFDC5,0.0,0.0,0,0
WFDC6,0.0,0.0,0,0
WFDC8,0.0,0.0,0,0
WFDC9,0.0,0.0,0,0
WFIKKN1,-0.0027165497,0.0,0,1
WFIKKN2,0.0,0.0,0,0
WIF1,0.0,0.0,0,0
WIPF3,-0.0039548133,0.0,0,2
WNK2,-0.056558013,0.0,0,2
WNK3,-0.015640559,0.0,0,1
WNK4,0.0,0.0,0,0
WNT1,0.0,0.0,0,0
WNT10B,0.0,0.0,0,0
WNT11,0.0,0.0,0,0
WNT16,0.0,0.0,0,0
WNT2,0.0,0.0,0,0
WNT2B,-0.008269715,0.0,0,2
WNT3,0.0,0.0,0,0
WNT3A,0.0,0.0,0,0
WNT4,0.0,0.0,0,0
WNT5A-AS1,-0.0001909404,0.0,0,1
WNT7B,0.0,0.0,0,0
WNT8A,0.0,0.0,0,0
WNT8B,-0.00010236833,0.0,0,1
WNT9A,0.0,0.0,0,0
WNT9B,0.0,0.0,0,0
WSCD1,0.0,0.0,0,0
WSCD2,0.0,0.0,0,0
WSPAR,0.0,0.0,0,0
WWC2-AS1,0.0,0.0,0,0
WWC3-AS1,0.0,0.0,0,0
WWOX-AS1,0.0,0.0,0,0
WWTR1-AS1,0.0,0.0,0,0
WWTR1-IT1,0.0,0.0,0,0
XAGE1A,0.0,0.0,0,0
XAGE1B,0.0,0.0,0,0
XAGE2,-0.0001852853,0.0,0,1
XAGE3,0.0,0.0,0,0
XAGE5,0.0,0.0,0,0
XCR1,0.0,0.0,0,0
XDH,0.0,0.0,0,0
XG,0.0,0.0,0,0
XIAP-AS1,0.0,0.0,0,0
XIRP2,0.0,0.0,0,0
XIRP2-AS1,0.0,0.0,0,0
XK,-0.00026138723,0.0,0,1
XKR3,0.0,0.0,0,0
XKR4,0.0,0.0,0,0
XKR5,0.0,0.0,0,0
XKR7,0.0,0.0,0,0
XKRX,0.0,0.0,0,0
XRCC4,-0.013452369,0.0,0,2
XXYLT1-AS1,0.0,0.0,0,0
XXYLT1-AS2,0.0,0.0,0,0
YEATS2-AS1,-9.6013966e-05,0.0,0,1
YIPF7,0.0,0.0,0,0
Z68323.1,0.0,0.0,0,0
Z69666.1,0.0,0.0,0,0
Z69706.1,-0.0032364617,0.0,0,2
Z69720.1,0.0,0.0,0,0
Z69733.1,0.0,0.0,0,0
Z70719.1,0.0,0.0,0,0
Z72006.1,0.0,0.0,0,0
Z73420.1,0.0,0.0,0,0
Z73429.1,0.0,0.0,0,0
Z73495.1,0.0,0.0,0,0
Z80897.2,0.0,0.0,0,0
Z82173.1,0.0,0.0,0,0
Z82180.1,0.0,0.0,0,0
Z82185.1,0.0,0.0,0,0
Z82186.1,0.0,0.0,0,0
Z82188.2,-0.0148794865,0.0,0,1
Z82196.1,0.0,0.0,0,0
Z82196.2,0.0,0.0,0,0
Z82198.1,0.0,0.0,0,0
Z82198.2,0.0,0.0,0,0
Z82202.1,0.0,0.0,0,0
Z82202.2,0.0,0.0,0,0
Z82206.1,0.0,0.0,0,0
Z82214.1,0.0,0.0,0,0
Z82214.2,0.0,0.0,0,0
Z82215.1,-0.00018293719,0.0,0,1
Z82217.1,0.0,0.0,0,0
Z82243.1,-8.815349e-05,0.0,0,1
Z82244.1,0.0,0.0,0,0
Z82244.2,0.0,0.0,0,0
Z82246.1,0.0,0.0,0,0
Z82249.1,0.0,0.0,0,0
Z83745.1,-0.00049028016,0.0,0,1
Z83818.2,0.0,0.0,0,0
Z83839.2,0.0,0.0,0,0
Z83844.2,0.0,0.0,0,0
Z83847.1,-0.00031800134,0.0,0,1
Z84468.1,0.0,0.0,0,0
Z84468.2,0.0,0.0,0,0
Z84484.1,0.0,0.0,0,0
Z84486.1,0.0,0.0,0,0
Z84488.1,0.0,0.0,0,0
Z85994.1,0.0,0.0,0,0
Z85996.2,0.0,0.0,0,0
Z85996.3,0.0,0.0,0,0
Z86062.2,0.0,0.0,0,0
Z92544.1,0.0,0.0,0,0
Z92544.2,-0.0002455788,0.0,0,1
Z93020.1,0.0,0.0,0,0
Z93403.1,0.0,0.0,0,0
Z93930.3,0.0,0.0,0,0
Z93943.1,-0.0092595415,0.0,0,1
Z94057.1,0.0,0.0,0,0
Z94160.1,0.0,0.0,0,0
Z94160.2,0.0,0.0,0,0
Z94277.1,0.0,0.0,0,0
Z95114.1,0.0,0.0,0,0
Z95114.2,0.0,0.0,0,0
Z95114.4,0.0,0.0,0,0
Z95115.1,-0.010163551,0.0,0,2
Z95115.2,0.0,0.0,0,0
Z95118.2,-0.0002447519,0.0,0,1
Z95624.1,0.0,0.0,0,0
Z96074.1,0.0,0.0,0,0
Z97055.2,0.0,0.0,0,0
Z97056.1,0.0,0.0,0,0
Z97056.2,0.0,0.0,0,0
Z97056.3,0.0,0.0,0,0
Z97192.1,0.0,0.0,0,0
Z97198.1,0.0,0.0,0,0
Z97200.1,0.0,0.0,0,0
Z97205.1,0.0,0.0,0,0
Z97205.2,0.0,0.0,0,0
Z97353.2,0.0,0.0,0,0
Z97652.1,0.0,0.0,0,0
Z97653.1,0.0,0.0,0,0
Z97832.2,-0.0002370088,0.0,0,1
Z97986.1,0.0,0.0,0,0
Z97987.1,0.0,0.0,0,0
Z97989.1,-7.7714365e-05,0.0,0,1
Z98257.1,-0.00010701878,0.0,0,1
Z98257.2,0.0,0.0,0,0
Z98259.1,0.0,0.0,0,0
Z98259.2,0.0,0.0,0,0
Z98259.3,0.0,0.0,0,0
Z98742.1,0.0,0.0,0,0
Z98742.4,-0.00012057732,0.0,0,1
Z98745.1,0.0,0.0,0,0
Z98745.2,0.0,0.0,0,0
Z98747.1,0.0,0.0,0,0
Z98749.1,0.0,0.0,0,0
Z98752.1,0.0,0.0,0,0
Z98880.1,0.0,0.0,0,0
Z98884.1,-0.008531287,0.0,0,2
Z98884.2,0.0,0.0,0,0
Z98885.2,0.0,0.0,0,0
Z98885.3,0.0,0.0,0,0
Z98886.1,0.0,0.0,0,0
Z98949.1,0.0,0.0,0,0
Z98949.3,0.0,0.0,0,0
Z99127.1,0.0,0.0,0,0
Z99289.1,0.0,0.0,0,0
Z99289.2,0.0,0.0,0,0
Z99289.3,0.0,0.0,0,0
Z99496.2,0.0,0.0,0,0
Z99716.1,0.0,0.0,0,0
Z99755.2,0.0,0.0,0,0
Z99756.1,0.0,0.0,0,0
Z99758.1,0.0,0.0,0,0
Z99774.1,0.0,0.0,0,0
Z99916.1,0.0,0.0,0,0
Z99916.3,0.0,0.0,0,0
Z99943.1,0.0,0.0,0,0
ZACN,-5.4235465e-05,0.0,0,1
ZAN,0.0,0.0,0,0
ZAR1,0.0,0.0,0,0
ZAR1L,0.0,0.0,0,0
ZBBX,0.0,0.0,0,0
ZBED2,0.0,0.0,0,0
ZBED3-AS1,-0.013638399,0.0,0,2
ZBED9,0.0,0.0,0,0
ZBTB20-AS1,0.0,0.0,0,0
ZBTB20-AS2,0.0,0.0,0,0
ZBTB20-AS3,0.0,0.0,0,0
ZBTB20-AS4,0.0,0.0,0,0
ZBTB20-AS5,0.0,0.0,0,0
ZBTB26,-0.001426007,0.0,0,1
ZBTB32,0.0,0.0,0,0
ZBTB40-IT1,0.0,0.0,0,0
ZBTB44-DT,0.0,0.0,0,0
ZBTB46-AS1,0.0,0.0,0,0
ZBTB7C,-0.0004289498,0.0,0,1
ZBTB8B,-0.00029281995,0.0,0,1
ZBTB9,-0.001340513,0.0,0,1
ZC2HC1B,0.0,0.0,0,0
ZC2HC1C,-4.870561e-05,0.0,0,1
ZC3H12B,0.0,0.0,0,0
ZCCHC13,0.0,0.0,0,0
ZCCHC23,0.0,0.0,0,0
ZDHHC11,-0.00013070177,0.0,0,1
ZDHHC11B,0.0,0.0,0,0
ZDHHC15,0.0,0.0,0,0
ZDHHC19,-5.9897506e-05,0.0,0,1
ZDHHC20-IT1,0.0,0.0,0,0
ZDHHC22,0.0,0.0,0,0
ZDHHC23,-0.00075374567,0.0,0,1
ZFAT-AS1,0.0,0.0,0,0
ZFHX4-AS1,0.0,0.0,0,0
ZFP42,0.0,0.0,0,0
ZFP57,-0.00055457256,0.0,0,1
ZFPM2,0.0,0.0,0,0
ZFR2,-0.00023630407,0.0,0,1
ZFX-AS1,0.0,0.0,0,0
ZFY,0.0,0.0,0,0
ZFY-AS1,0.0,0.0,0,0
ZFYVE1,-0.004036422,0.0,0,2
ZFYVE9,-0.00037983953,0.0,0,1
ZG16,0.0,0.0,0,0
ZIC2,-0.0038593884,0.0,0,1
ZIC3,0.0,0.0,0,0
ZIC4-AS1,0.0,0.0,0,0
ZIC5,0.0,0.0,0,0
ZIM2,0.0,0.0,0,0
ZIM3,0.0,0.0,0,0
ZKSCAN7-AS1,0.0,0.0,0,0
ZMAT4,0.0,0.0,0,0
ZMIZ1-AS1,-0.0043685916,0.0,0,2
ZMYND10,-0.0031337794,0.0,0,2
ZMYND10-AS1,0.0,0.0,0,0
ZNF114-AS1,0.0,0.0,0,0
ZNF135,-0.00021072086,0.0,0,1
ZNF157,0.0,0.0,0,0
ZNF177,-0.011253404,0.0,0,2
ZNF19,-0.008568157,0.0,0,2
ZNF197-AS1,0.0,0.0,0,0
ZNF214,-0.04681437,0.0,0,2
ZNF221,-0.00015175754,0.0,0,1
ZNF222,-0.026470335,0.0,0,2
ZNF230,-0.014735843,0.0,0,2
ZNF25-DT,0.0,0.0,0,0
ZNF280A,0.0,0.0,0,0
ZNF295-AS1,0.0,0.0,0,0
ZNF30,-0.00040582032,0.0,0,1
ZNF30-AS1,0.0,0.0,0,0
ZNF32-AS2,-0.00011856018,0.0,0,1
ZNF32-AS3,0.0,0.0,0,0
ZNF337,-0.0012108614,0.0,0,2
ZNF341-AS1,0.0,0.0,0,0
ZNF350-AS1,-0.00013219075,0.0,0,1
ZNF365,-0.00017748323,0.0,0,1
ZNF385B,0.0,0.0,0,0
ZNF385D,-0.00016285204,0.0,0,1
ZNF385D-AS2,0.0,0.0,0,0
ZNF423,0.0,0.0,0,0
ZNF425,-0.00043263022,0.0,0,1
ZNF426-DT,-0.00011518493,0.0,0,1
ZNF436-AS1,-0.0011537715,0.0,0,1
ZNF440,-0.0077457516,0.0,0,2
ZNF451-AS1,-0.0001909404,0.0,0,1
ZNF454,0.0,0.0,0,0
ZNF460-AS1,-0.00066262414,0.0,0,1
ZNF462,-0.005125212,0.0,0,2
ZNF474,0.0,0.0,0,0
ZNF479,0.0,0.0,0,0
ZNF485,-0.0054043853,0.0,0,2
ZNF488,0.0,0.0,0,0
ZNF491,-0.000102989994,0.0,0,1
ZNF492,-0.000294553,0.0,0,1
ZNF503-AS1,0.0,0.0,0,0
ZNF510,-0.036778398,0.0,0,2
ZNF521,0.0,0.0,0,0
ZNF534,0.0,0.0,0,0
ZNF536,0.0,0.0,0,0
ZNF540,-0.00045348835,0.0,0,1
ZNF544,-0.010423806,0.0,0,2
ZNF550,-0.00014092929,0.0,0,1
ZNF551,-0.009860739,0.0,0,2
ZNF556,0.0,0.0,0,0
ZNF560,-0.00036291344,0.0,0,1
ZNF568,-0.016081048,0.0,0,2
ZNF573,-0.001422095,0.0,0,1
ZNF575,-0.0062661003,0.0,0,2
ZNF578,-6.6037755e-06,0.0,0,1
ZNF582,-0.005420054,0.0,0,2
ZNF594,-0.00959213,0.0,0,2
ZNF610,-0.0031409266,0.0,0,2
ZNF615,-0.0018324155,0.0,0,2
ZNF620,-0.0041458323,0.0,0,2
ZNF630-AS1,0.0,0.0,0,0
ZNF648,0.0,0.0,0,0
ZNF649-AS1,0.0,0.0,0,0
ZNF662,-0.006989019,0.0,0,1
ZNF667-AS1,-0.013973151,0.0,0,2
ZNF669,-0.005839765,0.0,0,2
ZNF674-AS1,-0.00023574778,0.0,0,1
ZNF676,-0.0021510306,0.0,0,2
ZNF679,0.0,0.0,0,0
ZNF681,-0.019701349,0.0,0,2
ZNF705A,0.0,0.0,0,0
ZNF705B,0.0,0.0,0,0
ZNF705D,0.0,0.0,0,0
ZNF705E,0.0,0.0,0,0
ZNF705G,0.0,0.0,0,0
ZNF711,-0.00023951645,0.0,0,1
ZNF716,0.0,0.0,0,0
ZNF723,0.0,0.0,0,0
ZNF727,-1.942021e-05,0.0,0,1
ZNF729,0.0,0.0,0,0
ZNF730,-5.4782624e-05,0.0,0,1
ZNF732,-0.00011866767,0.0,0,1
ZNF735,0.0,0.0,0,0
ZNF750,0.0,0.0,0,0
ZNF774,-0.0005061009,0.0,0,1
ZNF793-AS1,-0.00033941897,0.0,0,1
ZNF80,-0.000112769,0.0,0,1
ZNF804B,0.0,0.0,0,0
ZNF831,-0.00043893515,0.0,0,1
ZNF835,-1.52409775e-05,0.0,0,1
ZNF84-DT,0.0,0.0,0,0
ZNF850,-2.378788e-05,0.0,0,1
ZNF852,-0.002873459,0.0,0,2
ZNF860,0.0,0.0,0,0
ZNRF3,-0.00028110496,0.0,0,1
ZNRF3-IT1,0.0,0.0,0,0
ZNRF4,0.0,0.0,0,0
ZP1,0.0,0.0,0,0
ZP2,0.0,0.0,0,0
ZP4,0.0,0.0,0,0
ZPBP,0.0,0.0,0,0
ZPBP2,0.0,0.0,0,0
ZPLD1,0.0,0.0,0,0
ZRANB2-AS1,0.0,0.0,0,0
ZRANB2-AS2,-0.0002324683,0.0,0,1
ZSCAN1,0.0,0.0,0,0
ZSCAN10,0.0,0.0,0,0
ZSCAN23,0.0,0.0,0,0
ZSCAN31,-0.015627325,0.0,0,1
ZSCAN32,-0.00674995,0.0,0,2
ZSCAN4,0.0,0.0,0,0
ZSCAN5B,0.0,0.0,0,0
ZSCAN5C,0.0,0.0,0,0
ZSWIM2,0.0,0.0,0,0
ZSWIM5,0.0,0.0,0,0
ZXDA,-0.011438291,0.0,0,2
ZYG11A,0.0,0.0,0,0
hsa-mir-1253,0.0,0.0,0,0
hsa-mir-423,0.0,0.0,0,0
LINC01550,-0.011826987,-7.21548e-06,0,3
AL590617.2,-0.07001639,-4.6329573e-05,0,3
HOXC4,-0.029136457,-6.7348825e-05,0,3
SNHG22,-0.017136661,-6.911502e-05,0,3
MYBL2,-0.053086888,-8.060399e-05,0,3
LINC01002,-0.030390633,-8.0730824e-05,0,3
TTC30B,-0.022845214,-9.4127376e-05,0,3
NLRC3,-0.02801811,-0.00010233163,0,3
ATP8B2,-0.019213138,-0.00010321685,0,3
AC015712.2,-0.068043575,-0.00019887462,0,3
LINC00649,-0.032147605,-0.00020786328,0,3
MELK,-0.026180165,-0.00021348568,0,3
AC240274.1,-0.009565635,-0.0002146922,0,3
RAB3A,-0.06860643,-0.00022190623,0,3
SARDH,-0.016278194,-0.00022836035,0,3
LINC00665,-0.017588522,-0.00023084134,0,3
B9D2,-0.045030188,-0.00023603998,0,3
TAS2R14,-0.0032665282,-0.00025118794,0,3
PHGDH,-0.0075198356,-0.000252874,0,3
NHLRC2,-0.017037733,-0.0002541095,0,3
AL035446.2,-0.015701322,-0.00027225353,0,3
TRAV8-6,-0.05918321,-0.00027436577,0,3
ABCB10,-0.01797059,-0.00027709454,0,3
DERL3,-0.021363085,-0.0002875803,0,3
TIPARP-AS1,-0.013157993,-0.00028845575,0,3
AC091057.6,-0.008442366,-0.00028900604,0,3
CD1E,-0.016455906,-0.00030104906,0,3
ADGRE3,-0.010041211,-0.00032171918,0,3
MTFR2,-0.021831328,-0.00032552308,0,3
SLC38A1,-0.0058890744,-0.00032903207,0,3
AC036214.2,-0.04116839,-0.0003328754,0,3
KLRD1,-0.020022096,-0.00033614383,0,3
USP45,-0.017760415,-0.00033887103,0,3
U47924.2,-0.004042397,-0.00035091673,0,3
TMCO1-AS1,-0.0042658565,-0.00035796128,0,3
PYHIN1,-0.028104223,-0.00036067027,0,3
AEBP1,-0.00499601,-0.00036841264,0,3
IRAK1BP1,-0.006798208,-0.0003691418,0,3
C2orf42,-0.048100825,-0.0003743982,0,3
C21orf62-AS1,-0.019635243,-0.000389216,0,3
LINC01006,-0.040924624,-0.00039811851,0,3
ZNF138,-0.006678766,-0.00040189363,0,3
MEIS1,-0.01196169,-0.0004113228,0,3
THSD4,-0.049896717,-0.00041934074,0,3
CAMK4,-0.017551702,-0.00045359705,0,3
TSKS,-0.010366452,-0.0004555966,0,3
EPHA1,-0.004299112,-0.00045772924,0,3
CFP,-0.0072819255,-0.0004675705,0,3
NOP14-AS1,-0.01979965,-0.0004823301,0,3
ELF3,-0.015435097,-0.00048385374,0,3
SMIM24,-0.011561853,-0.00049403927,0,3
EFNA4,-0.022324845,-0.000524167,0,3
ZNF248,-0.017984828,-0.0005337838,0,3
DERPC,-0.017297598,-0.0005390105,0,3
GORAB,-0.014696889,-0.0005703829,0,3
GARNL3,-0.013503256,-0.000591028,0,3
BATF3,-0.012592233,-0.00059213676,0,3
TRMT61B,-0.0021896635,-0.0006242804,0,3
STK26,-0.014670846,-0.00066974526,0,3
ZNF417,-0.031951748,-0.0007203892,0,3
GPR174,-0.06020988,-0.0007331197,0,3
CLIP3,-0.0065537714,-0.000788004,0,3
SPDYA,-0.055954814,-0.00079237577,0,3
ZNF408,-0.015155974,-0.0008011167,0,3
HCAR2,-0.017670324,-0.00082554296,0,3
AC090825.1,-0.020285197,-0.0008450076,0,3
PAOX,-0.04961316,-0.00086353347,0,3
SGCB,-0.02918864,-0.00086660613,0,3
CENPN,-0.025360925,-0.0008713822,0,3
DAPL1,-0.011082257,-0.00090069696,0,3
RNF217-AS1,-0.0060993857,-0.0009029708,0,3
ADAL,-0.02600067,-0.0009037517,0,3
METTL2A,-0.020576658,-0.0009122491,0,3
NAPEPLD,-0.015937643,-0.0009127492,0,3
ACADSB,-0.0065831007,-0.00092677306,0,3
AC119396.1,-0.039873358,-0.00092756236,0,3
ZNF16,-0.017352149,-0.00093603553,0,3
FIGNL1,-0.017321017,-0.0009363843,0,3
SH2D1A,-0.0071808584,-0.0009590563,0,3
AP002381.2,-0.017449692,-0.0009696712,0,3
ZNF561-AS1,-0.024270661,-0.0009875279,0,3
MYO15A,-0.052698877,-0.0009887817,0,3
C1orf194,-0.086271964,-0.0010250866,0,3
ARHGAP20,-0.010649846,-0.0010259128,0,3
AATBC,-0.043352183,-0.0010556239,0,3
HIST2H3D,-0.029617405,-0.0010609627,0,3
ZBTB6,-0.017972497,-0.0010723853,0,3
LILRA6,-0.00981066,-0.0010903366,0,3
ZNF671,-0.012465605,-0.0011043628,0,3
NME7,-0.027577253,-0.0011298843,0,3
COL4A2-AS2,-0.063885294,-0.0011353386,0,3
ALDH5A1,-0.010071442,-0.0011871839,0,3
LINC00881,-0.016721979,-0.001187549,0,3
SETBP1,-0.023940481,-0.0011880377,0,3
STPG1,-0.008402525,-0.0011924864,0,3
DUSP5,-0.044818833,-0.0012358958,0,3
MTFR1,-0.018899985,-0.0012443839,0,3
FKBPL,-0.019526076,-0.0012454279,0,3
WDR83,-0.01592347,-0.0012644883,0,3
FAM219A,-0.026613146,-0.0012645554,0,3
AC211476.2,-0.008389386,-0.0012775054,0,3
AL031666.3,-0.02451645,-0.0012964625,0,3
LSM11,-0.08559377,-0.001350034,0,3
LEKR1,-0.021837363,-0.0013621461,0,3
AC090152.1,-0.005784282,-0.0013627792,0,3
ZNF169,-0.0054818853,-0.0013727429,0,3
PLPP3,-0.06978464,-0.0013791332,0,3
OXSM,-0.06530135,-0.0013804762,0,4
IQCH-AS1,-0.018589403,-0.0013877777,0,3
ZNF696,-0.013533457,-0.0014127814,0,3
ADORA2B,-0.022064188,-0.0014189578,0,3
F12,-0.0049859076,-0.0014197952,0,3
GFOD1,-0.05142204,-0.0014409926,0,3
AC004241.1,-0.016371163,-0.0014531799,0,3
APOLD1,-0.009511054,-0.0014608926,0,3
ZNF296,-0.00877629,-0.0014615124,0,3
TMEM266,-0.013704541,-0.0014912192,0,3
EPDR1,-0.006806515,-0.0015405505,0,3
BACH2,-0.014141779,-0.0015430762,0,3
AL135791.1,-0.018530706,-0.0015610945,0,3
HIST2H2AC,-0.011067835,-0.0015773624,0,3
LINC00921,-0.0710136,-0.001586569,0,3
IL11RA,-0.009267795,-0.0016407673,0,3
ACSM3,-0.030264085,-0.0016440995,0,3
CARF,-0.05124293,-0.0016647056,0,3
TRMT12,-0.0062282146,-0.001693231,0,3
PNO1,-0.014801189,-0.001706887,0,3
ZNF579,-0.02071548,-0.0017260211,0,3
OLFM2,-0.02004218,-0.0017323997,0,3
LINC02482,-0.014110838,-0.0017620772,0,3
MDM1,-0.016241677,-0.0017805789,0,3
BICRA,-0.008460725,-0.0018357188,0,3
AL133338.1,-0.06290844,-0.0018433349,0,3
FASTKD3,-0.0036589855,-0.0018599601,0,3
CLSTN3,-0.019362105,-0.0018696899,0,3
UBE2T,-0.028130189,-0.0018701889,0,3
CEACAM21,-0.009363307,-0.0018977467,0,3
CD80,-0.030174254,-0.0019128937,0,3
SMIM27,-0.0222881,-0.001953721,0,4
RIPOR2,-0.0062108138,-0.0019575832,0,3
TBC1D31,-0.014400401,-0.001967283,0,3
HIST1H1B,-0.008715013,-0.001973709,0,3
LINC01871,-0.012501322,-0.0019805296,0,3
ZC3H11A,-0.014283788,-0.0019828826,0,3
AC023157.3,-0.015624124,-0.0019972632,0,3
AGRP,-0.017667586,-0.00199825,0,3
CACNA1A,-0.00822134,-0.0020020267,0,3
RNF122,-0.04660731,-0.0020733532,0,3
SMARCA5-AS1,-0.012147591,-0.0020858874,0,3
HSH2D,-0.04244861,-0.0021330267,0,3
FBXL14,-0.017043322,-0.002202172,0,3
BAALC,-0.016432768,-0.002204937,0,3
DDIT4-AS1,-0.06626256,-0.0022766062,0,3
AC011447.3,-0.03984249,-0.0023254692,0,3
IGKV1-12,-0.088736616,-0.0023969817,0,3
AC131944.1,-0.018334212,-0.0024014052,0,3
PARP16,-0.019529594,-0.002429977,0,3
MREG,-0.014791477,-0.0024327936,0,3
ST3GAL4,-0.008532535,-0.0024620704,0,3
ZG16B,-0.011991424,-0.0025034111,0,3
FCMR,-0.020356786,-0.0025310544,0,3
AL162431.1,-0.042633757,-0.0025366726,0,3
ARHGAP11A,-0.030941218,-0.0025592234,0,4
ZNF10,-0.049621608,-0.0026296321,0,3
PDE9A,-0.004185081,-0.00267964,0,3
RBM34,-0.058797017,-0.0026899613,0,4
TYW1B,-0.015194618,-0.0026975013,0,3
DYRK3,-0.076174065,-0.0027017898,0,3
EVI5L,-0.0074029514,-0.0027028108,0,3
SAMD3,-0.024243409,-0.002732419,0,3
AL591043.2,-0.01772531,-0.0027600573,0,3
AL138724.1,-0.031045934,-0.0027739904,0,3
ATP6V0D2,-0.08199096,-0.0027744956,0,3
AC243829.4,-0.064404964,-0.002781867,0,3
HOXB2,-0.008361946,-0.002839271,0,3
FAM8A1,-0.023418,-0.0028617121,0,3
Z99572.1,-0.0418423,-0.0028978928,0,3
WDR5B,-0.0701241,-0.0029053558,0,3
AC068338.2,-0.009948276,-0.002964352,0,3
GXYLT1,-0.01296065,-0.002982119,0,3
RBM4B,-0.013974679,-0.0030138846,0,3
CASTOR1,-0.0109963445,-0.003047912,0,3
C11orf49,-0.017646594,-0.0031118896,0,3
AC026304.1,-0.015652588,-0.0031373478,0,3
HIST1H2BD,-0.010820627,-0.0031469795,0,3
AVIL,-0.029420227,-0.0031492768,0,3
ABCA2,-0.018056722,-0.0032021804,0,3
ALG14,-0.030446975,-0.0032258974,0,4
MUC20,-0.055719823,-0.0032353806,0,4
SPATA33,-0.016951306,-0.003252767,0,3
PUS3,-0.011914906,-0.0033034394,0,3
AL136295.7,-0.011180669,-0.0033355295,0,3
SHF,-0.01596126,-0.003366476,0,3
AL162231.2,-0.0046571796,-0.0034050688,0,3
BRF2,-0.012496498,-0.0034275493,0,4
AC092944.1,-0.005275223,-0.003429968,0,3
GRPEL2,-0.02057263,-0.00346566,0,3
ECHDC3,-0.013659687,-0.003545004,0,3
CCDC88C,-0.019350192,-0.0035516939,0,3
ZFAND4,-0.015533339,-0.0035784803,0,3
UCHL1,-0.0053562378,-0.003629106,0,3
ZNF354C,-0.009099332,-0.0036541633,0,3
PRSS8,-0.013064925,-0.0037210272,0,3
LINC02610,-0.03176251,-0.0037872104,0,3
TRGV3,-0.01637485,-0.0038056213,0,3
KLRB1,-0.041841585,-0.0038395887,0,4
AC067930.8,-0.14140654,-0.003850134,0,3
USP25,-0.053185374,-0.0038604066,0,4
KLHDC1,-0.02279914,-0.003914158,0,3
AL359762.1,-0.023612546,-0.0040460285,0,3
YAE1,-0.026219273,-0.0040772744,0,4
MLLT11,-0.027006775,-0.00407893,0,3
MACO1,-0.02522854,-0.004119348,0,3
AC006333.2,-0.0135089345,-0.004133503,0,3
AC124283.1,-0.031267837,-0.004220189,0,3
FFAR2,-0.02916908,-0.0042882995,0,3
LAG3,-0.011132442,-0.0043003634,0,3
AC006449.6,-0.01761733,-0.0043258574,0,3
MED25,-0.067317076,-0.004461564,0,4
PGAM5,-0.06463887,-0.004529573,0,5
ZNF256,-0.048897967,-0.0046253055,0,4
MED7,-0.0125980005,-0.0046754945,0,3
AC010210.1,-0.009390422,-0.0047021033,0,3
C17orf107,-0.015227336,-0.0047043758,0,3
EXOC3-AS1,-0.02588398,-0.004796883,0,3
ATP2A3,-0.0057487343,-0.004806595,0,3
OCRL,-0.0114578875,-0.004817378,0,3
ZNF439,-0.019260991,-0.0048456406,0,3
AL133415.1,-0.056630228,-0.004926444,0,3
CABLES2,-0.009603523,-0.005236079,0,3
HS3ST2,-0.06718266,-0.0052380427,0,3
P2RY12,-0.01903894,-0.005304722,0,3
ZNF322,-0.024584776,-0.005315881,0,3
FXYD1,-0.018641504,-0.005316361,0,3
NQO1,-0.023749178,-0.0053525395,0,3
POMT2,-0.03300546,-0.0055091856,0,3
THAP6,-0.029774169,-0.0055190967,0,4
SLC7A5,-0.02099683,-0.0055660047,0,3
ZNF398,-0.0110018365,-0.0056275423,0,3
CDKN2D,-0.01106869,-0.0056403712,0,3
RAB23,-0.013572689,-0.0058140173,0,4
RASGEF1A,-0.022235455,-0.0058523584,0,3
LINC01588,-0.016960083,-0.0058588935,0,3
KIZ,-0.021824732,-0.0058633517,0,4
LMLN,-0.015623177,-0.0061482317,0,3
ZNF319,-0.026823873,-0.00614978,0,3
ZNF354A,-0.02480346,-0.006172698,0,4
ZGLP1,-0.03323345,-0.006178323,0,4
DOLPP1,-0.034962643,-0.006588486,0,4
AC242426.2,-0.011729675,-0.0066106208,0,3
HCAR3,-0.01810801,-0.006656863,0,3
METTL18,-0.05255152,-0.0066795815,0,3
XKR8,-0.02066691,-0.0066795815,0,3
AJM1,-0.022293227,-0.0066845324,0,4
USP12,-0.02192037,-0.0067833234,0,3
PDCD1,-0.015769897,-0.0068893414,0,4
MGST1,-0.026452616,-0.0068990495,0,4
CFAP58-DT,-0.030839399,-0.0070866668,0,4
FAM49A,-0.051460367,-0.0070888326,0,3
TREX1,-0.028495498,-0.0072012134,0,3
TRIT1,-0.0156212775,-0.007520767,0,4
SPAG5-AS1,-0.03324142,-0.007551257,0,4
IKZF3,-0.017673021,-0.0077001355,0,4
SPHK2,-0.035280634,-0.007826012,0,4
CITED4,-0.021788089,-0.007856835,0,4
CARD8-AS1,-0.031805668,-0.008101262,0,3
SLC26A11,-0.06094451,-0.008242125,0,3
AL137060.3,-0.026268745,-0.0082634725,0,4
GATC,-0.0420868,-0.00870325,0,4
BCAS3,-0.029952137,-0.008819301,0,3
C11orf71,-0.017761895,-0.00911838,0,4
CD3G,-0.09789175,-0.009279113,0,3
LILRA4,-0.044880506,-0.009517875,0,4
LINC01857,-0.05753098,-0.009632952,0,3
DYRK2,-0.05332013,-0.009670237,0,4
TRAC,-0.04080986,-0.009729827,0,4
ASF1A,-0.077459306,-0.0098493695,0,4
INPP5F,-0.08645483,-0.009957567,0,5
PAXIP1-AS2,-0.025805756,-0.0099833775,0,4
FCRLB,-0.022954285,-0.01024396,0,4
NUP37,-0.018269844,-0.010666821,0,3
CHIT1,-0.05784869,-0.010987071,0,3
CCNJ,-0.06062129,-0.011116274,0,4
MOCS2,-0.043592796,-0.011153035,0,4
ICK,-0.029651746,-0.011202134,0,4
AMZ1,-0.0746345,-0.011218696,0,4
CIAPIN1,-0.12589388,-0.01152936,0,4
HIST1H4B,-0.06540987,-0.011630832,0,4
NAPG,-0.095443584,-0.011907037,0,5
C5AR2,-0.09457622,-0.01236935,0,4
PEX14,-0.034120318,-0.012710251,0,4
CLDN3,-0.073089354,-0.012769892,0,4
TMEM144,-0.060535446,-0.012819018,0,4
POLR2D,-0.03596537,-0.012825249,0,4
STIM2,-0.103060596,-0.012976659,0,4
CCDC117,-0.057794973,-0.013399702,0,4
RDH14,-0.026564555,-0.013403241,0,4
GTPBP3,-0.022873275,-0.013764558,0,5
CD3D,-0.15415514,-0.013797497,0,4
SASS6,-0.05282861,-0.014012316,0,5
CTSK,-0.015719771,-0.014029007,0,3
VWCE,-0.019145595,-0.014261896,0,3
OARD1,-0.038075138,-0.014303505,0,4
HAMP,-0.035847243,-0.014721668,0,3
LINC01736,-0.023661718,-0.014812427,0,4
SOWAHD,-0.048365623,-0.014874019,0,3
MRPL36,-0.04426214,-0.01491826,0,5
LRRC23,-0.08007226,-0.015198391,0,5
SERPINE1,-0.057786655,-0.015337901,0,3
CDK7,-0.040533427,-0.015415887,0,4
RGP1,-0.028634554,-0.016070839,0,4
SCYL3,-0.031427775,-0.01628445,0,4
BORCS6,-0.064130776,-0.016582971,0,4
SLX1B,-0.026725875,-0.01672314,0,4
ZNF273,-0.039856326,-0.016781818,0,4
ZNF254,-0.03357329,-0.016993864,0,5
CGRRF1,-0.11176207,-0.017048245,0,4
WWOX,-0.043370184,-0.017194342,0,4
WARS,-0.06963455,-0.017257363,0,4
CYP51A1,-0.033930477,-0.017737702,0,4
SDCBP2-AS1,-0.045527328,-0.017769497,0,4
MRPL42,-0.04942156,-0.018227465,0,4
EPS8L2,-0.06568594,-0.018330416,0,5
NELFA,-0.06887599,-0.018549535,0,4
RAB28,-0.036115255,-0.01872297,0,4
CLDN4,-0.063620694,-0.018854972,0,5
LINC02728,-0.026188826,-0.018955626,0,4
TMEM265,-0.042812023,-0.019139897,0,4
UST,-0.03569724,-0.019538663,0,4
ZNF181,-0.030229604,-0.019631546,0,4
AC011603.2,-0.055735722,-0.019976439,0,4
MRPL10,-0.04690076,-0.020195771,0,4
HAUS3,-0.0325989,-0.02033672,0,4
COL6A1,-0.06516545,-0.020648398,0,4
AC067852.3,-0.033248495,-0.020708779,0,4
RECK,-0.046545044,-0.021007601,0,5
FGF11,-0.035753984,-0.021156188,0,4
SMNDC1,-0.073225655,-0.02126968,0,4
RBM14,-0.05403081,-0.021388523,0,5
ARRDC1-AS1,-0.059220966,-0.021546777,0,4
B4GALT3,-0.036228966,-0.021822184,0,5
NBR2,-0.035305027,-0.021883832,0,4
PLAC8,-0.065532096,-0.02193503,0,4
MAGOH,-0.07789251,-0.022055894,0,6
LRRC28,-0.044114824,-0.022138765,0,5
SPOPL,-0.0693295,-0.0222186,0,4
PDE6D,-0.08149285,-0.022225015,0,5
PEMT,-0.05450146,-0.023049619,0,4
BMT2,-0.07211161,-0.023289602,0,4
PDE3B,-0.021236869,-0.023460204,0,4
SPATA24,-0.05711947,-0.024059556,0,5
LYPD3,-0.0525451,-0.024060491,0,4
TMEM117,-0.028671933,-0.02409156,0,4
ERG28,-0.092283405,-0.024187356,0,5
DNAJB9,-0.04552962,-0.024198461,0,3
SMPD1,-0.030613253,-0.02432533,0,4
SCML1,-0.04477821,-0.024336284,0,4
SUFU,-0.030445926,-0.02472702,0,4
ABHD4,-0.05602585,-0.025058508,0,4
DIPK2A,-0.046454232,-0.025194826,0,4
PGRMC2,-0.035083037,-0.025231037,0,4
PRUNE1,-0.054834437,-0.025374766,0,5
DDX54,-0.03898407,-0.02544358,0,5
PJA1,-0.029771231,-0.025859205,0,4
TIRAP,-0.030824946,-0.02587152,0,4
ITGA1,-0.04235403,-0.026983302,0,4
CXorf56,-0.04730923,-0.027217265,0,5
ABHD10,-0.059376713,-0.0274632,0,5
MAPK8,-0.045913663,-0.027641568,0,5
OPTN,-0.03184465,-0.027786797,0,3
TMEM164,-0.047587186,-0.027888142,0,4
CLEC12A,-0.16279541,-0.027928624,0,5
MIA2,-0.0912034,-0.028063327,0,4
SMIM22,-0.107958704,-0.028125731,0,4
C1orf174,-0.039803997,-0.029953144,0,5
PPP2R2B,-0.10159428,-0.030012287,0,4
GZMK,-0.08297639,-0.03094824,0,4
PIAS4,-0.051374268,-0.031343788,0,4
UAP1,-0.0732201,-0.03189089,0,5
NSDHL,-0.055451926,-0.032378428,0,5
CCDC51,-0.04651284,-0.032514855,0,5
TRMT1L,-0.06292526,-0.03306334,0,4
APOO,-0.039465204,-0.03339676,0,4
ERCC4,-0.08701089,-0.033431776,0,5
CDIP1,-0.038014952,-0.03356529,0,4
S1PR4,-0.03853367,-0.033679634,0,5
ZFAND1,-0.03745811,-0.033805005,0,5
MARCH3,-0.06746466,-0.034385674,0,4
GTPBP10,-0.034132563,-0.034585766,0,5
TNFSF9,-0.07789407,-0.035327062,0,3
VNN2,-0.068605594,-0.03542033,0,5
LEMD2,-0.09012401,-0.03720325,0,5
TUBA4A,-0.04871345,-0.037325665,0,5
CCDC146,-0.084040225,-0.037703335,0,5
MALSU1,-0.060555696,-0.03802697,0,4
CLIP4,-0.08288304,-0.03846926,0,4
SMAD3,-0.039417595,-0.03854657,0,4
NMB,-0.036705088,-0.038843118,0,5
GZMA,-0.08507358,-0.038885355,0,4
ZNF581,-0.07970219,-0.040243015,0,5
ACRBP,-0.038298372,-0.040479895,0,5
MAPKAPK5-AS1,-0.06602088,-0.04084043,0,5
HTRA4,-0.12050471,-0.041268624,0,5
CDH23,-0.10626926,-0.042544723,0,5
C18orf21,-0.06261764,-0.04287161,0,4
UBA5,-0.07433221,-0.043529704,0,5
ASGR1,-0.11369848,-0.043543905,0,6
FKBP11,-0.15964913,-0.044058487,0,5
ATF1,-0.0565088,-0.044706218,0,5
TMUB1,-0.10877913,-0.04493816,0,5
PIGK,-0.11118707,-0.045375086,0,5
EBI3,-0.05031587,-0.04574329,0,4
AC108134.3,-0.08476577,-0.045794714,0,4
ICAM3,-0.100621045,-0.046339,0,4
DLAT,-0.05282693,-0.047666598,0,5
TRMT13,-0.07795901,-0.047731623,0,5
CKB,-0.07890813,-0.047841504,0,4
SLC35A1,-0.062679045,-0.048600063,0,4
WHAMM,-0.10464872,-0.048766807,0,5
LINC01010,-0.08535328,-0.048866816,0,4
DUSP11,-0.07693515,-0.049928106,0,5
TRIM21,-0.07926308,-0.05081638,0,6
CD55,-0.046734396,-0.050818447,0,5
PPP1R21,-0.08468666,-0.050925735,0,5
SPIRE1,-0.04208569,-0.051629756,0,5
GDF15,-0.05375005,-0.052791797,0,4
DCTN2,-0.053585324,-0.053058863,0,5
ILF3-DT,-0.05925058,-0.05347172,0,5
SMARCD3,-0.0666373,-0.05379761,0,4
DUS3L,-0.07236261,-0.054997973,0,5
DTD1,-0.10515211,-0.05504016,0,5
AREG,-0.08952548,-0.055263452,0,4
KCNE1,-0.10966895,-0.05589976,0,4
NBN,-0.049397737,-0.057127055,0,5
POLE4,-0.0727323,-0.05831392,0,5
RNF115,-0.08649936,-0.058908824,0,5
PRRC1,-0.057409804,-0.060854007,0,5
GET4,-0.064980164,-0.061304826,0,5
ORMDL2,-0.09718382,-0.061566815,0,5
SLC47A1,-0.10302249,-0.06222914,0,5
BIRC3,-0.10046963,-0.06241602,0,5
UPP1,-0.14803073,-0.06371535,0,6
UBE2V2,-0.08502755,-0.065063186,0,5
ZNF577,-0.09549179,-0.06508378,0,5
MTHFS,-0.11618564,-0.065467656,0,5
STRAP,-0.13513245,-0.066105515,0,5
SLC35B1,-0.091283835,-0.06619085,0,6
SLC35E3,-0.063445054,-0.06750548,0,4
IL7R,-0.06726634,-0.069135696,0,4
RABEPK,-0.08408841,-0.0694565,0,6
GLMP,-0.064003296,-0.069598034,0,5
MAGOHB,-0.11442951,-0.06997864,0,5
NKG7,-0.16003612,-0.0708886,0,5
POLR3C,-0.10909957,-0.07122714,0,5
CDC37L1,-0.06528529,-0.07157509,0,5
CEP164,-0.09522075,-0.071657926,0,5
PELP1,-0.18595065,-0.0720624,0,6
CDKN2AIPNL,-0.0704568,-0.07240379,0,6
CD300LF,-0.1102562,-0.07433779,0,5
ICE1,-0.08388159,-0.07435493,0,5
SIRPB1,-0.13072446,-0.074799694,0,5
MEMO1,-0.08062602,-0.07501411,0,5
ST3GAL1,-0.12004888,-0.0757439,0,5
DPY30,-0.11864143,-0.07662573,0,5
SLC10A3,-0.075083666,-0.076898985,0,5
TMEM80,-0.06242135,-0.07712278,0,6
U2AF1,-0.089910276,-0.077888235,0,5
PAM16,-0.1418063,-0.07792781,0,6
PSMD14,-0.13942681,-0.07918667,0,6
LINC02245,-0.10236156,-0.087165624,0,6
PSMD6,-0.12436371,-0.09036128,0,5
UNC119,-0.08870249,-0.09153836,0,6
ZDHHC3,-0.11144102,-0.095362894,0,6
COX19,-0.1324523,-0.0977723,0,6
VPS26A,-0.113876194,-0.097994216,0,6
ALDH2,-0.22061694,-0.099803865,0,6
APH1B,-0.1223797,-0.10097733,0,5
PRDX6,-0.18492842,-0.10139726,0,6
ARL4A,-0.14952566,-0.102400675,0,6
REEP3,-0.120625295,-0.105371326,0,6
CDC26,-0.14033395,-0.10633106,0,6
POLE3,-0.12178741,-0.10748222,0,6
MTHFD2,-0.10738969,-0.107991,0,6
OSM,-0.14273752,-0.10985299,0,6
MICU1,-0.11283056,-0.11014818,0,5
TMX2,-0.16677077,-0.11033762,0,6
INTS12,-0.1594087,-0.11876501,0,6
CXCL8,-0.19930314,-0.12556039,0,6
ATP5MC2,-0.46682844,-0.13101798,0,6
PADI2,-0.26011243,-0.13219538,0,5
C12orf57,-0.12334105,-0.13440375,0,6
LUCAT1,-0.14922784,-0.13650581,0,6
ZNRD2,-0.14750071,-0.13769934,0,6
FCN1,-0.16515803,-0.13805267,0,6
GLIPR2,-0.12130964,-0.14320756,0,5
CLEC4E,-0.16802956,-0.15288042,0,5
DNASE2,-0.14916833,-0.15306056,0,6
INF2,-0.24986877,-0.1738457,0,6
SDR39U1,-0.17189793,-0.17606811,0,6
VPS28,-0.21169776,-0.20909281,0,6
LTA4H,-0.22970743,-0.22126181,0,6
SOD2,-0.34220424,-0.28824124,0,6
BTG1,-0.48768783,-0.43035102,0,6
